ISO-10303-21;
HEADER;
/* Generated by software containing ST-Developer
 * from STEP Tools, Inc. (www.steptools.com) 
 */

FILE_DESCRIPTION(
/* description */ (''),
/* implementation_level */ '2;1');

FILE_NAME(
/* name */ 'CL70_EDU_TopCase.step',
/* time_stamp */ '2026-02-11T23:20:40+09:00',
/* author */ (''),
/* organization */ (''),
/* preprocessor_version */ 'ST-DEVELOPER v20.1',
/* originating_system */ 'Autodesk Translation Framework v14.24.0.0',
/* authorisation */ '');

FILE_SCHEMA (('AUTOMOTIVE_DESIGN { 1 0 10303 214 3 1 1 }'));
ENDSEC;

DATA;
#10=MECHANICAL_DESIGN_GEOMETRIC_PRESENTATION_REPRESENTATION('',(#13),#9600);
#11=SHAPE_REPRESENTATION_RELATIONSHIP('SRR','None',#9607,#12);
#12=ADVANCED_BREP_SHAPE_REPRESENTATION('',(#14),#9599);
#13=STYLED_ITEM('',(#9618),#14);
#14=MANIFOLD_SOLID_BREP('TopCase',#5591);
#15=FACE_BOUND('',#881,.T.);
#16=FACE_BOUND('',#882,.T.);
#17=FACE_BOUND('',#883,.T.);
#18=FACE_BOUND('',#884,.T.);
#19=FACE_BOUND('',#885,.T.);
#20=FACE_BOUND('',#886,.T.);
#21=FACE_BOUND('',#887,.T.);
#22=FACE_BOUND('',#888,.T.);
#23=FACE_BOUND('',#889,.T.);
#24=FACE_BOUND('',#890,.T.);
#25=FACE_BOUND('',#891,.T.);
#26=FACE_BOUND('',#892,.T.);
#27=FACE_BOUND('',#893,.T.);
#28=FACE_BOUND('',#894,.T.);
#29=FACE_BOUND('',#895,.T.);
#30=FACE_BOUND('',#945,.T.);
#31=FACE_BOUND('',#946,.T.);
#32=FACE_BOUND('',#947,.T.);
#33=FACE_BOUND('',#948,.T.);
#34=FACE_BOUND('',#949,.T.);
#35=FACE_BOUND('',#950,.T.);
#36=FACE_BOUND('',#951,.T.);
#37=FACE_BOUND('',#1035,.T.);
#38=FACE_BOUND('',#1036,.T.);
#39=FACE_BOUND('',#1037,.T.);
#40=FACE_BOUND('',#1038,.T.);
#41=FACE_BOUND('',#1039,.T.);
#42=FACE_BOUND('',#1040,.T.);
#43=FACE_BOUND('',#1041,.T.);
#44=FACE_BOUND('',#1042,.T.);
#45=FACE_BOUND('',#1043,.T.);
#46=FACE_BOUND('',#1044,.T.);
#47=FACE_BOUND('',#1045,.T.);
#48=FACE_BOUND('',#1180,.T.);
#49=FACE_BOUND('',#1190,.T.);
#50=FACE_BOUND('',#1200,.T.);
#51=CONICAL_SURFACE('',#5665,1.75,0.785398163397447);
#52=CONICAL_SURFACE('',#5773,1.25,0.785398163397446);
#53=CONICAL_SURFACE('',#5776,1.75000000000001,0.785398163397455);
#54=CONICAL_SURFACE('',#5780,1.25,0.785398163397455);
#55=CONICAL_SURFACE('',#5783,1.74999999999999,0.785398163397455);
#56=CONICAL_SURFACE('',#5787,1.24999999999998,0.785398163397455);
#57=CONICAL_SURFACE('',#5790,1.74999999999999,0.785398163397455);
#58=CONICAL_SURFACE('',#5794,1.24999999999998,0.785398163397455);
#59=CONICAL_SURFACE('',#5797,1.75,0.785398163397447);
#60=CONICAL_SURFACE('',#5801,1.25,0.785398163397446);
#61=CONICAL_SURFACE('',#5804,1.75000000000001,0.785398163397455);
#62=CONICAL_SURFACE('',#5808,1.25,0.785398163397455);
#63=CONICAL_SURFACE('',#5811,1.74999999999999,0.785398163397455);
#64=CONICAL_SURFACE('',#5815,1.24999999999998,0.785398163397455);
#65=CONICAL_SURFACE('',#5818,1.74999999999999,0.785398163397455);
#66=CONICAL_SURFACE('',#5822,1.24999999999998,0.785398163397455);
#67=CONICAL_SURFACE('',#5825,14.,0.785398163397455);
#68=CONICAL_SURFACE('',#5829,2.,0.785398163397448);
#69=CONICAL_SURFACE('',#5833,2.,0.785398163397448);
#70=CONICAL_SURFACE('',#5837,1.99999999999998,0.785398163397465);
#71=CONICAL_SURFACE('',#5842,1.99999999999998,0.785398163397466);
#72=CONICAL_SURFACE('',#5845,0.999999999999998,0.785398163397447);
#73=CONICAL_SURFACE('',#5847,0.999999999999995,0.785398163397446);
#74=CONICAL_SURFACE('',#5883,1.75000000000001,0.785398163397459);
#75=CONICAL_SURFACE('',#5886,1.75000000000002,0.785398163397478);
#76=CONICAL_SURFACE('',#5889,1.75000000000001,0.785398163397459);
#77=CONICAL_SURFACE('',#5892,1.75000000000001,0.785398163397472);
#78=CONICAL_SURFACE('',#5898,1.85,0.785398163397448);
#79=CONICAL_SURFACE('',#5902,1.85,0.785398163397448);
#80=CONICAL_SURFACE('',#5906,1.85,0.785398163397448);
#81=CONICAL_SURFACE('',#5911,1.75,0.785398163397447);
#82=CONICAL_SURFACE('',#5914,1.75,0.785398163397447);
#83=CONICAL_SURFACE('',#5917,1.75,0.785398163397447);
#84=CONICAL_SURFACE('',#5920,1.75000000000001,0.785398163397469);
#85=CONICAL_SURFACE('',#5928,1.75000000000001,0.785398163397459);
#86=CONICAL_SURFACE('',#5931,1.75000000000002,0.785398163397478);
#87=CONICAL_SURFACE('',#5934,1.75000000000001,0.785398163397461);
#88=CONICAL_SURFACE('',#5938,1.75000000000001,0.785398163397459);
#89=CONICAL_SURFACE('',#5942,1.75000000000001,0.785398163397459);
#90=CONICAL_SURFACE('',#5946,1.75000000000001,0.785398163397461);
#91=CONICAL_SURFACE('',#5949,1.75,0.785398163397448);
#92=CONICAL_SURFACE('',#5952,1.75,0.785398163397457);
#93=CONICAL_SURFACE('',#5954,0.500000000000018,0.785398163397466);
#94=CONICAL_SURFACE('',#5956,0.500000000000018,0.785398163397466);
#95=CONICAL_SURFACE('',#5958,0.500000000000005,0.785398163397453);
#96=CONICAL_SURFACE('',#5960,0.49999999999999,0.785398163397437);
#97=CONICAL_SURFACE('',#5975,1.75,0.785398163397447);
#98=CONICAL_SURFACE('',#5978,1.75,0.785398163397447);
#99=CONICAL_SURFACE('',#5981,1.75,0.785398163397446);
#100=CONICAL_SURFACE('',#5984,1.75000000000001,0.785398163397469);
#101=CIRCLE('',#5607,0.95);
#102=CIRCLE('',#5608,0.95);
#103=CIRCLE('',#5610,0.95);
#104=CIRCLE('',#5611,0.95);
#105=CIRCLE('',#5615,0.95);
#106=CIRCLE('',#5616,0.95);
#107=CIRCLE('',#5619,0.95);
#108=CIRCLE('',#5620,0.95);
#109=CIRCLE('',#5623,0.95);
#110=CIRCLE('',#5624,0.95);
#111=CIRCLE('',#5627,0.95);
#112=CIRCLE('',#5628,0.95);
#113=CIRCLE('',#5630,0.95);
#114=CIRCLE('',#5631,0.95);
#115=CIRCLE('',#5633,0.95);
#116=CIRCLE('',#5636,0.95);
#117=CIRCLE('',#5642,0.799999999999983);
#118=CIRCLE('',#5643,0.799999999999983);
#119=CIRCLE('',#5646,0.799999999999983);
#120=CIRCLE('',#5647,0.799999999999983);
#121=CIRCLE('',#5650,0.799999999999983);
#122=CIRCLE('',#5651,0.799999999999983);
#123=CIRCLE('',#5654,0.799999999999996);
#124=CIRCLE('',#5655,0.799999999999996);
#125=CIRCLE('',#5658,0.799999999999983);
#126=CIRCLE('',#5659,0.799999999999983);
#127=CIRCLE('',#5662,0.800000000000001);
#128=CIRCLE('',#5663,0.800000000000001);
#129=CIRCLE('',#5666,2.);
#130=CIRCLE('',#5667,1.5);
#131=CIRCLE('',#5669,1.5);
#132=CIRCLE('',#5671,1.49999999999983);
#133=CIRCLE('',#5672,3.5000000000001);
#134=CIRCLE('',#5673,0.499999999999932);
#135=CIRCLE('',#5674,2.50000000000007);
#136=CIRCLE('',#5675,1.50000000000003);
#137=CIRCLE('',#5676,15.5);
#138=CIRCLE('',#5677,1.49999999999999);
#139=CIRCLE('',#5678,2.49999999999995);
#140=CIRCLE('',#5679,0.499999999999764);
#141=CIRCLE('',#5680,1.50000000000058);
#142=CIRCLE('',#5681,1.5);
#143=CIRCLE('',#5682,3.49999999999996);
#144=CIRCLE('',#5683,1.49999999999988);
#145=CIRCLE('',#5684,1.49999999999999);
#146=CIRCLE('',#5685,0.500000000000267);
#147=CIRCLE('',#5686,0.49999999999997);
#148=CIRCLE('',#5687,1.50000000000002);
#149=CIRCLE('',#5688,1.49999999999998);
#150=CIRCLE('',#5689,3.5);
#151=CIRCLE('',#5690,1.49999999999998);
#152=CIRCLE('',#5691,1.5000000000001);
#153=CIRCLE('',#5692,0.499999999999895);
#154=CIRCLE('',#5693,0.500000000000036);
#155=CIRCLE('',#5694,1.49999999999987);
#156=CIRCLE('',#5695,1.50000000000002);
#157=CIRCLE('',#5696,3.49999999999997);
#158=CIRCLE('',#5697,1.49999999999998);
#159=CIRCLE('',#5698,1.50000000000005);
#160=CIRCLE('',#5699,0.500000000000008);
#161=CIRCLE('',#5700,0.49999999999995);
#162=CIRCLE('',#5701,1.50000000000003);
#163=CIRCLE('',#5702,1.5);
#164=CIRCLE('',#5703,3.5);
#165=CIRCLE('',#5704,1.49999999999998);
#166=CIRCLE('',#5705,1.50000000000001);
#167=CIRCLE('',#5706,0.499999999999998);
#168=CIRCLE('',#5707,2.5);
#169=CIRCLE('',#5708,2.49999999999998);
#170=CIRCLE('',#5709,0.499999999999972);
#171=CIRCLE('',#5710,3.50000000000001);
#172=CIRCLE('',#5711,1.49999999999997);
#173=CIRCLE('',#5712,1.50000000000005);
#174=CIRCLE('',#5713,0.500000000000175);
#175=CIRCLE('',#5714,0.500000000000185);
#176=CIRCLE('',#5715,1.49999999999972);
#177=CIRCLE('',#5716,1.49999999999993);
#178=CIRCLE('',#5717,3.49999999999992);
#179=CIRCLE('',#5718,1.50000000000005);
#180=CIRCLE('',#5719,1.49999999999998);
#181=CIRCLE('',#5720,0.500000000000049);
#182=CIRCLE('',#5721,0.500000000000043);
#183=CIRCLE('',#5722,1.49999999999995);
#184=CIRCLE('',#5723,1.50000000000016);
#185=CIRCLE('',#5724,3.49999999999995);
#186=CIRCLE('',#5725,1.49999999999985);
#187=CIRCLE('',#5726,1.49999999999998);
#188=CIRCLE('',#5727,0.500000000000313);
#189=CIRCLE('',#5728,0.500000000000362);
#190=CIRCLE('',#5729,1.50000000000022);
#191=CIRCLE('',#5730,2.00000000000001);
#192=CIRCLE('',#5731,1.99999999999999);
#193=CIRCLE('',#5732,2.00000000000001);
#194=CIRCLE('',#5733,1.99999999999999);
#195=CIRCLE('',#5734,0.5);
#196=CIRCLE('',#5735,0.5);
#197=CIRCLE('',#5736,1.5);
#198=CIRCLE('',#5737,1.5);
#199=CIRCLE('',#5738,1.5);
#200=CIRCLE('',#5739,0.5);
#201=CIRCLE('',#5740,1.5);
#202=CIRCLE('',#5741,0.5);
#203=CIRCLE('',#5742,1.5);
#204=CIRCLE('',#5743,1.5);
#205=CIRCLE('',#5744,1.5);
#206=CIRCLE('',#5745,1.5);
#207=CIRCLE('',#5746,0.750000000000002);
#208=CIRCLE('',#5747,0.750000000000002);
#209=CIRCLE('',#5748,0.749999999999988);
#210=CIRCLE('',#5749,0.750000000000006);
#211=CIRCLE('',#5750,0.749999999999988);
#212=CIRCLE('',#5751,0.749999999999993);
#213=CIRCLE('',#5752,0.750000000000002);
#214=CIRCLE('',#5753,0.749999999999997);
#215=CIRCLE('',#5754,0.750000000000004);
#216=CIRCLE('',#5755,0.749999999999993);
#217=CIRCLE('',#5756,0.750000000000002);
#218=CIRCLE('',#5757,0.749999999999997);
#219=CIRCLE('',#5758,1.5);
#220=CIRCLE('',#5759,1.5);
#221=CIRCLE('',#5760,1.5);
#222=CIRCLE('',#5761,1.5);
#223=CIRCLE('',#5762,1.5);
#224=CIRCLE('',#5763,1.5);
#225=CIRCLE('',#5764,1.5);
#226=CIRCLE('',#5765,1.5);
#227=CIRCLE('',#5766,1.5);
#228=CIRCLE('',#5767,1.5);
#229=CIRCLE('',#5768,1.5);
#230=CIRCLE('',#5769,1.5);
#231=CIRCLE('',#5770,1.99999999999999);
#232=CIRCLE('',#5771,2.);
#233=CIRCLE('',#5772,1.99999999999999);
#234=CIRCLE('',#5774,1.00000000000001);
#235=CIRCLE('',#5777,1.5);
#236=CIRCLE('',#5779,1.5);
#237=CIRCLE('',#5781,0.999999999999996);
#238=CIRCLE('',#5784,1.49999999999999);
#239=CIRCLE('',#5786,1.49999999999999);
#240=CIRCLE('',#5788,0.999999999999979);
#241=CIRCLE('',#5791,1.49999999999999);
#242=CIRCLE('',#5793,1.49999999999999);
#243=CIRCLE('',#5795,0.999999999999979);
#244=CIRCLE('',#5798,1.5);
#245=CIRCLE('',#5800,1.5);
#246=CIRCLE('',#5802,1.00000000000001);
#247=CIRCLE('',#5805,1.5);
#248=CIRCLE('',#5807,1.5);
#249=CIRCLE('',#5809,0.999999999999996);
#250=CIRCLE('',#5812,1.49999999999999);
#251=CIRCLE('',#5814,1.49999999999999);
#252=CIRCLE('',#5816,0.999999999999979);
#253=CIRCLE('',#5819,1.49999999999999);
#254=CIRCLE('',#5821,1.49999999999999);
#255=CIRCLE('',#5823,0.999999999999979);
#256=CIRCLE('',#5826,14.5);
#257=CIRCLE('',#5827,13.5);
#258=CIRCLE('',#5830,2.5);
#259=CIRCLE('',#5831,1.5);
#260=CIRCLE('',#5834,2.5);
#261=CIRCLE('',#5835,1.5);
#262=CIRCLE('',#5838,2.5);
#263=CIRCLE('',#5839,1.49999999999997);
#264=CIRCLE('',#5843,2.5);
#265=CIRCLE('',#5844,1.49999999999996);
#266=CIRCLE('',#5846,0.999999999999998);
#267=CIRCLE('',#5848,0.999999999999995);
#268=CIRCLE('',#5850,2.5);
#269=CIRCLE('',#5853,2.5);
#270=CIRCLE('',#5856,2.5);
#271=CIRCLE('',#5859,2.00000000000001);
#272=CIRCLE('',#5860,2.00000000000003);
#273=CIRCLE('',#5861,2.00000000000001);
#274=CIRCLE('',#5862,2.00000000000002);
#275=CIRCLE('',#5863,2.1);
#276=CIRCLE('',#5864,2.);
#277=CIRCLE('',#5865,2.);
#278=CIRCLE('',#5866,2.);
#279=CIRCLE('',#5867,2.00000000000002);
#280=CIRCLE('',#5868,2.);
#281=CIRCLE('',#5869,2.);
#282=CIRCLE('',#5870,2.);
#283=CIRCLE('',#5871,2.00000000000002);
#284=CIRCLE('',#5872,2.00000000000001);
#285=CIRCLE('',#5873,2.00000000000001);
#286=CIRCLE('',#5874,2.00000000000001);
#287=CIRCLE('',#5875,2.00000000000003);
#288=CIRCLE('',#5876,2.00000000000001);
#289=CIRCLE('',#5877,2.00000000000001);
#290=CIRCLE('',#5878,2.);
#291=CIRCLE('',#5879,2.00000000000001);
#292=CIRCLE('',#5880,2.1);
#293=CIRCLE('',#5881,2.1);
#294=CIRCLE('',#5884,1.5);
#295=CIRCLE('',#5887,1.5);
#296=CIRCLE('',#5890,1.5);
#297=CIRCLE('',#5893,1.5);
#298=CIRCLE('',#5899,1.6);
#299=CIRCLE('',#5901,1.6);
#300=CIRCLE('',#5903,1.6);
#301=CIRCLE('',#5905,1.6);
#302=CIRCLE('',#5907,1.6);
#303=CIRCLE('',#5909,1.6);
#304=CIRCLE('',#5912,1.5);
#305=CIRCLE('',#5915,1.5);
#306=CIRCLE('',#5918,1.5);
#307=CIRCLE('',#5921,1.5);
#308=CIRCLE('',#5929,1.5);
#309=CIRCLE('',#5932,1.5);
#310=CIRCLE('',#5935,1.5);
#311=CIRCLE('',#5939,1.5);
#312=CIRCLE('',#5943,1.5);
#313=CIRCLE('',#5947,1.5);
#314=CIRCLE('',#5950,1.5);
#315=CIRCLE('',#5953,1.5);
#316=CIRCLE('',#5955,0.500000000000018);
#317=CIRCLE('',#5957,0.500000000000018);
#318=CIRCLE('',#5959,0.500000000000005);
#319=CIRCLE('',#5961,0.49999999999999);
#320=CIRCLE('',#5976,1.5);
#321=CIRCLE('',#5979,1.5);
#322=CIRCLE('',#5982,1.5);
#323=CIRCLE('',#5985,1.5);
#324=CIRCLE('',#5991,1.);
#325=CIRCLE('',#5993,13.5);
#326=CIRCLE('',#5995,1.);
#327=CIRCLE('',#5998,2.5);
#328=CIRCLE('',#5999,1.50000000000022);
#329=CIRCLE('',#6000,0.500000000000362);
#330=CIRCLE('',#6001,0.500000000000313);
#331=CIRCLE('',#6002,1.49999999999998);
#332=CIRCLE('',#6003,1.49999999999985);
#333=CIRCLE('',#6004,3.49999999999995);
#334=CIRCLE('',#6005,1.50000000000016);
#335=CIRCLE('',#6006,1.49999999999995);
#336=CIRCLE('',#6007,0.500000000000043);
#337=CIRCLE('',#6008,0.500000000000049);
#338=CIRCLE('',#6009,1.49999999999998);
#339=CIRCLE('',#6010,1.50000000000005);
#340=CIRCLE('',#6011,3.49999999999992);
#341=CIRCLE('',#6012,1.49999999999993);
#342=CIRCLE('',#6013,1.49999999999972);
#343=CIRCLE('',#6014,0.500000000000185);
#344=CIRCLE('',#6015,0.500000000000175);
#345=CIRCLE('',#6016,1.50000000000005);
#346=CIRCLE('',#6017,1.49999999999997);
#347=CIRCLE('',#6018,3.50000000000001);
#348=CIRCLE('',#6019,0.499999999999972);
#349=CIRCLE('',#6020,2.49999999999998);
#350=CIRCLE('',#6021,2.5);
#351=CIRCLE('',#6022,0.499999999999998);
#352=CIRCLE('',#6023,1.50000000000001);
#353=CIRCLE('',#6024,1.49999999999998);
#354=CIRCLE('',#6025,3.5);
#355=CIRCLE('',#6026,1.5);
#356=CIRCLE('',#6027,1.50000000000003);
#357=CIRCLE('',#6028,0.49999999999995);
#358=CIRCLE('',#6029,0.500000000000008);
#359=CIRCLE('',#6030,1.50000000000005);
#360=CIRCLE('',#6031,1.49999999999998);
#361=CIRCLE('',#6032,3.49999999999997);
#362=CIRCLE('',#6033,1.50000000000002);
#363=CIRCLE('',#6034,1.49999999999987);
#364=CIRCLE('',#6035,0.500000000000036);
#365=CIRCLE('',#6036,0.499999999999895);
#366=CIRCLE('',#6037,1.5000000000001);
#367=CIRCLE('',#6038,1.49999999999998);
#368=CIRCLE('',#6039,3.5);
#369=CIRCLE('',#6040,1.49999999999998);
#370=CIRCLE('',#6041,1.50000000000002);
#371=CIRCLE('',#6042,0.49999999999997);
#372=CIRCLE('',#6043,0.500000000000267);
#373=CIRCLE('',#6044,1.49999999999999);
#374=CIRCLE('',#6045,1.49999999999988);
#375=CIRCLE('',#6046,3.49999999999996);
#376=CIRCLE('',#6047,1.5);
#377=CIRCLE('',#6048,1.50000000000058);
#378=CIRCLE('',#6049,0.499999999999764);
#379=CIRCLE('',#6050,2.49999999999995);
#380=CIRCLE('',#6051,1.49999999999999);
#381=CIRCLE('',#6052,15.5);
#382=CIRCLE('',#6053,1.50000000000003);
#383=CIRCLE('',#6054,2.50000000000007);
#384=CIRCLE('',#6055,0.499999999999932);
#385=CIRCLE('',#6056,3.5000000000001);
#386=CIRCLE('',#6057,1.49999999999983);
#387=CIRCLE('',#6185,0.750000000000006);
#388=CIRCLE('',#6188,0.749999999999988);
#389=CIRCLE('',#6191,0.750000000000002);
#390=CIRCLE('',#6194,0.750000000000002);
#391=CIRCLE('',#6198,0.749999999999997);
#392=CIRCLE('',#6201,0.750000000000002);
#393=CIRCLE('',#6204,0.749999999999993);
#394=CIRCLE('',#6207,0.749999999999988);
#395=CIRCLE('',#6211,0.749999999999997);
#396=CIRCLE('',#6214,0.750000000000002);
#397=CIRCLE('',#6217,0.749999999999993);
#398=CIRCLE('',#6220,0.750000000000004);
#399=CYLINDRICAL_SURFACE('',#5606,0.95);
#400=CYLINDRICAL_SURFACE('',#5609,0.95);
#401=CYLINDRICAL_SURFACE('',#5614,0.95);
#402=CYLINDRICAL_SURFACE('',#5618,0.95);
#403=CYLINDRICAL_SURFACE('',#5622,0.95);
#404=CYLINDRICAL_SURFACE('',#5626,0.95);
#405=CYLINDRICAL_SURFACE('',#5632,0.95);
#406=CYLINDRICAL_SURFACE('',#5635,0.95);
#407=CYLINDRICAL_SURFACE('',#5641,0.799999999999983);
#408=CYLINDRICAL_SURFACE('',#5645,0.799999999999983);
#409=CYLINDRICAL_SURFACE('',#5649,0.799999999999983);
#410=CYLINDRICAL_SURFACE('',#5653,0.799999999999996);
#411=CYLINDRICAL_SURFACE('',#5657,0.799999999999983);
#412=CYLINDRICAL_SURFACE('',#5661,0.800000000000001);
#413=CYLINDRICAL_SURFACE('',#5668,1.5);
#414=CYLINDRICAL_SURFACE('',#5778,1.5);
#415=CYLINDRICAL_SURFACE('',#5785,1.49999999999999);
#416=CYLINDRICAL_SURFACE('',#5792,1.49999999999999);
#417=CYLINDRICAL_SURFACE('',#5799,1.5);
#418=CYLINDRICAL_SURFACE('',#5806,1.5);
#419=CYLINDRICAL_SURFACE('',#5813,1.49999999999999);
#420=CYLINDRICAL_SURFACE('',#5820,1.49999999999999);
#421=CYLINDRICAL_SURFACE('',#5849,2.5);
#422=CYLINDRICAL_SURFACE('',#5852,2.5);
#423=CYLINDRICAL_SURFACE('',#5855,2.5);
#424=CYLINDRICAL_SURFACE('',#5894,1.5);
#425=CYLINDRICAL_SURFACE('',#5896,1.5);
#426=CYLINDRICAL_SURFACE('',#5900,1.6);
#427=CYLINDRICAL_SURFACE('',#5904,1.6);
#428=CYLINDRICAL_SURFACE('',#5908,1.6);
#429=CYLINDRICAL_SURFACE('',#5922,1.5);
#430=CYLINDRICAL_SURFACE('',#5924,1.5);
#431=CYLINDRICAL_SURFACE('',#5962,1.5);
#432=CYLINDRICAL_SURFACE('',#5964,0.5);
#433=CYLINDRICAL_SURFACE('',#5966,1.5);
#434=CYLINDRICAL_SURFACE('',#5968,1.5);
#435=CYLINDRICAL_SURFACE('',#5970,1.5);
#436=CYLINDRICAL_SURFACE('',#5972,1.5);
#437=CYLINDRICAL_SURFACE('',#5986,1.5);
#438=CYLINDRICAL_SURFACE('',#5988,1.5);
#439=CYLINDRICAL_SURFACE('',#5990,1.);
#440=CYLINDRICAL_SURFACE('',#5992,13.5);
#441=CYLINDRICAL_SURFACE('',#5994,1.);
#442=CYLINDRICAL_SURFACE('',#6058,2.5);
#443=CYLINDRICAL_SURFACE('',#6059,0.5);
#444=CYLINDRICAL_SURFACE('',#6061,0.5);
#445=CYLINDRICAL_SURFACE('',#6062,0.5);
#446=CYLINDRICAL_SURFACE('',#6065,1.5);
#447=CYLINDRICAL_SURFACE('',#6067,1.5);
#448=CYLINDRICAL_SURFACE('',#6068,1.5);
#449=CYLINDRICAL_SURFACE('',#6070,1.5);
#450=CYLINDRICAL_SURFACE('',#6072,1.5);
#451=CYLINDRICAL_SURFACE('',#6075,1.5);
#452=CYLINDRICAL_SURFACE('',#6078,1.5);
#453=CYLINDRICAL_SURFACE('',#6080,1.5);
#454=CYLINDRICAL_SURFACE('',#6082,1.5);
#455=CYLINDRICAL_SURFACE('',#6083,1.49999999999983);
#456=CYLINDRICAL_SURFACE('',#6084,3.5000000000001);
#457=CYLINDRICAL_SURFACE('',#6085,0.499999999999932);
#458=CYLINDRICAL_SURFACE('',#6087,2.50000000000007);
#459=CYLINDRICAL_SURFACE('',#6089,1.50000000000003);
#460=CYLINDRICAL_SURFACE('',#6090,15.5);
#461=CYLINDRICAL_SURFACE('',#6091,1.49999999999999);
#462=CYLINDRICAL_SURFACE('',#6093,2.49999999999995);
#463=CYLINDRICAL_SURFACE('',#6095,0.499999999999764);
#464=CYLINDRICAL_SURFACE('',#6097,1.50000000000058);
#465=CYLINDRICAL_SURFACE('',#6099,1.5);
#466=CYLINDRICAL_SURFACE('',#6100,3.49999999999996);
#467=CYLINDRICAL_SURFACE('',#6101,1.49999999999988);
#468=CYLINDRICAL_SURFACE('',#6103,1.49999999999999);
#469=CYLINDRICAL_SURFACE('',#6105,0.500000000000267);
#470=CYLINDRICAL_SURFACE('',#6107,0.49999999999997);
#471=CYLINDRICAL_SURFACE('',#6109,1.50000000000002);
#472=CYLINDRICAL_SURFACE('',#6111,1.49999999999998);
#473=CYLINDRICAL_SURFACE('',#6112,3.5);
#474=CYLINDRICAL_SURFACE('',#6113,1.49999999999998);
#475=CYLINDRICAL_SURFACE('',#6115,1.5000000000001);
#476=CYLINDRICAL_SURFACE('',#6117,0.499999999999895);
#477=CYLINDRICAL_SURFACE('',#6119,0.500000000000036);
#478=CYLINDRICAL_SURFACE('',#6121,1.49999999999987);
#479=CYLINDRICAL_SURFACE('',#6123,1.50000000000002);
#480=CYLINDRICAL_SURFACE('',#6124,3.49999999999997);
#481=CYLINDRICAL_SURFACE('',#6125,1.49999999999998);
#482=CYLINDRICAL_SURFACE('',#6127,1.50000000000005);
#483=CYLINDRICAL_SURFACE('',#6129,0.500000000000008);
#484=CYLINDRICAL_SURFACE('',#6131,0.49999999999995);
#485=CYLINDRICAL_SURFACE('',#6133,1.50000000000003);
#486=CYLINDRICAL_SURFACE('',#6135,1.5);
#487=CYLINDRICAL_SURFACE('',#6136,3.5);
#488=CYLINDRICAL_SURFACE('',#6137,1.49999999999998);
#489=CYLINDRICAL_SURFACE('',#6139,1.50000000000001);
#490=CYLINDRICAL_SURFACE('',#6141,0.499999999999998);
#491=CYLINDRICAL_SURFACE('',#6143,2.5);
#492=CYLINDRICAL_SURFACE('',#6145,2.49999999999998);
#493=CYLINDRICAL_SURFACE('',#6147,0.499999999999972);
#494=CYLINDRICAL_SURFACE('',#6148,3.50000000000001);
#495=CYLINDRICAL_SURFACE('',#6149,1.49999999999997);
#496=CYLINDRICAL_SURFACE('',#6151,1.50000000000005);
#497=CYLINDRICAL_SURFACE('',#6153,0.500000000000175);
#498=CYLINDRICAL_SURFACE('',#6155,0.500000000000185);
#499=CYLINDRICAL_SURFACE('',#6157,1.49999999999972);
#500=CYLINDRICAL_SURFACE('',#6159,1.49999999999993);
#501=CYLINDRICAL_SURFACE('',#6160,3.49999999999992);
#502=CYLINDRICAL_SURFACE('',#6161,1.50000000000005);
#503=CYLINDRICAL_SURFACE('',#6163,1.49999999999998);
#504=CYLINDRICAL_SURFACE('',#6165,0.500000000000049);
#505=CYLINDRICAL_SURFACE('',#6167,0.500000000000043);
#506=CYLINDRICAL_SURFACE('',#6169,1.49999999999995);
#507=CYLINDRICAL_SURFACE('',#6171,1.50000000000016);
#508=CYLINDRICAL_SURFACE('',#6172,3.49999999999995);
#509=CYLINDRICAL_SURFACE('',#6173,1.49999999999985);
#510=CYLINDRICAL_SURFACE('',#6175,1.49999999999998);
#511=CYLINDRICAL_SURFACE('',#6177,0.500000000000313);
#512=CYLINDRICAL_SURFACE('',#6179,0.500000000000362);
#513=CYLINDRICAL_SURFACE('',#6181,1.50000000000022);
#514=CYLINDRICAL_SURFACE('',#6184,0.750000000000006);
#515=CYLINDRICAL_SURFACE('',#6187,0.749999999999988);
#516=CYLINDRICAL_SURFACE('',#6190,0.750000000000002);
#517=CYLINDRICAL_SURFACE('',#6193,0.750000000000002);
#518=CYLINDRICAL_SURFACE('',#6197,0.749999999999997);
#519=CYLINDRICAL_SURFACE('',#6200,0.750000000000002);
#520=CYLINDRICAL_SURFACE('',#6203,0.749999999999993);
#521=CYLINDRICAL_SURFACE('',#6206,0.749999999999988);
#522=CYLINDRICAL_SURFACE('',#6210,0.749999999999997);
#523=CYLINDRICAL_SURFACE('',#6213,0.750000000000002);
#524=CYLINDRICAL_SURFACE('',#6216,0.749999999999993);
#525=CYLINDRICAL_SURFACE('',#6219,0.750000000000004);
#526=FACE_OUTER_BOUND('',#846,.T.);
#527=FACE_OUTER_BOUND('',#847,.T.);
#528=FACE_OUTER_BOUND('',#848,.T.);
#529=FACE_OUTER_BOUND('',#849,.T.);
#530=FACE_OUTER_BOUND('',#850,.T.);
#531=FACE_OUTER_BOUND('',#851,.T.);
#532=FACE_OUTER_BOUND('',#852,.T.);
#533=FACE_OUTER_BOUND('',#853,.T.);
#534=FACE_OUTER_BOUND('',#854,.T.);
#535=FACE_OUTER_BOUND('',#855,.T.);
#536=FACE_OUTER_BOUND('',#856,.T.);
#537=FACE_OUTER_BOUND('',#857,.T.);
#538=FACE_OUTER_BOUND('',#858,.T.);
#539=FACE_OUTER_BOUND('',#859,.T.);
#540=FACE_OUTER_BOUND('',#860,.T.);
#541=FACE_OUTER_BOUND('',#861,.T.);
#542=FACE_OUTER_BOUND('',#862,.T.);
#543=FACE_OUTER_BOUND('',#863,.T.);
#544=FACE_OUTER_BOUND('',#864,.T.);
#545=FACE_OUTER_BOUND('',#865,.T.);
#546=FACE_OUTER_BOUND('',#866,.T.);
#547=FACE_OUTER_BOUND('',#867,.T.);
#548=FACE_OUTER_BOUND('',#868,.T.);
#549=FACE_OUTER_BOUND('',#869,.T.);
#550=FACE_OUTER_BOUND('',#870,.T.);
#551=FACE_OUTER_BOUND('',#871,.T.);
#552=FACE_OUTER_BOUND('',#872,.T.);
#553=FACE_OUTER_BOUND('',#873,.T.);
#554=FACE_OUTER_BOUND('',#874,.T.);
#555=FACE_OUTER_BOUND('',#875,.T.);
#556=FACE_OUTER_BOUND('',#876,.T.);
#557=FACE_OUTER_BOUND('',#877,.T.);
#558=FACE_OUTER_BOUND('',#878,.T.);
#559=FACE_OUTER_BOUND('',#879,.T.);
#560=FACE_OUTER_BOUND('',#880,.T.);
#561=FACE_OUTER_BOUND('',#896,.T.);
#562=FACE_OUTER_BOUND('',#897,.T.);
#563=FACE_OUTER_BOUND('',#898,.T.);
#564=FACE_OUTER_BOUND('',#899,.T.);
#565=FACE_OUTER_BOUND('',#900,.T.);
#566=FACE_OUTER_BOUND('',#901,.T.);
#567=FACE_OUTER_BOUND('',#902,.T.);
#568=FACE_OUTER_BOUND('',#903,.T.);
#569=FACE_OUTER_BOUND('',#904,.T.);
#570=FACE_OUTER_BOUND('',#905,.T.);
#571=FACE_OUTER_BOUND('',#906,.T.);
#572=FACE_OUTER_BOUND('',#907,.T.);
#573=FACE_OUTER_BOUND('',#908,.T.);
#574=FACE_OUTER_BOUND('',#909,.T.);
#575=FACE_OUTER_BOUND('',#910,.T.);
#576=FACE_OUTER_BOUND('',#911,.T.);
#577=FACE_OUTER_BOUND('',#912,.T.);
#578=FACE_OUTER_BOUND('',#913,.T.);
#579=FACE_OUTER_BOUND('',#914,.T.);
#580=FACE_OUTER_BOUND('',#915,.T.);
#581=FACE_OUTER_BOUND('',#916,.T.);
#582=FACE_OUTER_BOUND('',#917,.T.);
#583=FACE_OUTER_BOUND('',#918,.T.);
#584=FACE_OUTER_BOUND('',#919,.T.);
#585=FACE_OUTER_BOUND('',#920,.T.);
#586=FACE_OUTER_BOUND('',#921,.T.);
#587=FACE_OUTER_BOUND('',#922,.T.);
#588=FACE_OUTER_BOUND('',#923,.T.);
#589=FACE_OUTER_BOUND('',#924,.T.);
#590=FACE_OUTER_BOUND('',#925,.T.);
#591=FACE_OUTER_BOUND('',#926,.T.);
#592=FACE_OUTER_BOUND('',#927,.T.);
#593=FACE_OUTER_BOUND('',#928,.T.);
#594=FACE_OUTER_BOUND('',#929,.T.);
#595=FACE_OUTER_BOUND('',#930,.T.);
#596=FACE_OUTER_BOUND('',#931,.T.);
#597=FACE_OUTER_BOUND('',#932,.T.);
#598=FACE_OUTER_BOUND('',#933,.T.);
#599=FACE_OUTER_BOUND('',#934,.T.);
#600=FACE_OUTER_BOUND('',#935,.T.);
#601=FACE_OUTER_BOUND('',#936,.T.);
#602=FACE_OUTER_BOUND('',#937,.T.);
#603=FACE_OUTER_BOUND('',#938,.T.);
#604=FACE_OUTER_BOUND('',#939,.T.);
#605=FACE_OUTER_BOUND('',#940,.T.);
#606=FACE_OUTER_BOUND('',#941,.T.);
#607=FACE_OUTER_BOUND('',#942,.T.);
#608=FACE_OUTER_BOUND('',#943,.T.);
#609=FACE_OUTER_BOUND('',#944,.T.);
#610=FACE_OUTER_BOUND('',#952,.T.);
#611=FACE_OUTER_BOUND('',#953,.T.);
#612=FACE_OUTER_BOUND('',#954,.T.);
#613=FACE_OUTER_BOUND('',#955,.T.);
#614=FACE_OUTER_BOUND('',#956,.T.);
#615=FACE_OUTER_BOUND('',#957,.T.);
#616=FACE_OUTER_BOUND('',#958,.T.);
#617=FACE_OUTER_BOUND('',#959,.T.);
#618=FACE_OUTER_BOUND('',#960,.T.);
#619=FACE_OUTER_BOUND('',#961,.T.);
#620=FACE_OUTER_BOUND('',#962,.T.);
#621=FACE_OUTER_BOUND('',#963,.T.);
#622=FACE_OUTER_BOUND('',#964,.T.);
#623=FACE_OUTER_BOUND('',#965,.T.);
#624=FACE_OUTER_BOUND('',#966,.T.);
#625=FACE_OUTER_BOUND('',#967,.T.);
#626=FACE_OUTER_BOUND('',#968,.T.);
#627=FACE_OUTER_BOUND('',#969,.T.);
#628=FACE_OUTER_BOUND('',#970,.T.);
#629=FACE_OUTER_BOUND('',#971,.T.);
#630=FACE_OUTER_BOUND('',#972,.T.);
#631=FACE_OUTER_BOUND('',#973,.T.);
#632=FACE_OUTER_BOUND('',#974,.T.);
#633=FACE_OUTER_BOUND('',#975,.T.);
#634=FACE_OUTER_BOUND('',#976,.T.);
#635=FACE_OUTER_BOUND('',#977,.T.);
#636=FACE_OUTER_BOUND('',#978,.T.);
#637=FACE_OUTER_BOUND('',#979,.T.);
#638=FACE_OUTER_BOUND('',#980,.T.);
#639=FACE_OUTER_BOUND('',#981,.T.);
#640=FACE_OUTER_BOUND('',#982,.T.);
#641=FACE_OUTER_BOUND('',#983,.T.);
#642=FACE_OUTER_BOUND('',#984,.T.);
#643=FACE_OUTER_BOUND('',#985,.T.);
#644=FACE_OUTER_BOUND('',#986,.T.);
#645=FACE_OUTER_BOUND('',#987,.T.);
#646=FACE_OUTER_BOUND('',#988,.T.);
#647=FACE_OUTER_BOUND('',#989,.T.);
#648=FACE_OUTER_BOUND('',#990,.T.);
#649=FACE_OUTER_BOUND('',#991,.T.);
#650=FACE_OUTER_BOUND('',#992,.T.);
#651=FACE_OUTER_BOUND('',#993,.T.);
#652=FACE_OUTER_BOUND('',#994,.T.);
#653=FACE_OUTER_BOUND('',#995,.T.);
#654=FACE_OUTER_BOUND('',#996,.T.);
#655=FACE_OUTER_BOUND('',#997,.T.);
#656=FACE_OUTER_BOUND('',#998,.T.);
#657=FACE_OUTER_BOUND('',#999,.T.);
#658=FACE_OUTER_BOUND('',#1000,.T.);
#659=FACE_OUTER_BOUND('',#1001,.T.);
#660=FACE_OUTER_BOUND('',#1002,.T.);
#661=FACE_OUTER_BOUND('',#1003,.T.);
#662=FACE_OUTER_BOUND('',#1004,.T.);
#663=FACE_OUTER_BOUND('',#1005,.T.);
#664=FACE_OUTER_BOUND('',#1006,.T.);
#665=FACE_OUTER_BOUND('',#1007,.T.);
#666=FACE_OUTER_BOUND('',#1008,.T.);
#667=FACE_OUTER_BOUND('',#1009,.T.);
#668=FACE_OUTER_BOUND('',#1010,.T.);
#669=FACE_OUTER_BOUND('',#1011,.T.);
#670=FACE_OUTER_BOUND('',#1012,.T.);
#671=FACE_OUTER_BOUND('',#1013,.T.);
#672=FACE_OUTER_BOUND('',#1014,.T.);
#673=FACE_OUTER_BOUND('',#1015,.T.);
#674=FACE_OUTER_BOUND('',#1016,.T.);
#675=FACE_OUTER_BOUND('',#1017,.T.);
#676=FACE_OUTER_BOUND('',#1018,.T.);
#677=FACE_OUTER_BOUND('',#1019,.T.);
#678=FACE_OUTER_BOUND('',#1020,.T.);
#679=FACE_OUTER_BOUND('',#1021,.T.);
#680=FACE_OUTER_BOUND('',#1022,.T.);
#681=FACE_OUTER_BOUND('',#1023,.T.);
#682=FACE_OUTER_BOUND('',#1024,.T.);
#683=FACE_OUTER_BOUND('',#1025,.T.);
#684=FACE_OUTER_BOUND('',#1026,.T.);
#685=FACE_OUTER_BOUND('',#1027,.T.);
#686=FACE_OUTER_BOUND('',#1028,.T.);
#687=FACE_OUTER_BOUND('',#1029,.T.);
#688=FACE_OUTER_BOUND('',#1030,.T.);
#689=FACE_OUTER_BOUND('',#1031,.T.);
#690=FACE_OUTER_BOUND('',#1032,.T.);
#691=FACE_OUTER_BOUND('',#1033,.T.);
#692=FACE_OUTER_BOUND('',#1034,.T.);
#693=FACE_OUTER_BOUND('',#1046,.T.);
#694=FACE_OUTER_BOUND('',#1047,.T.);
#695=FACE_OUTER_BOUND('',#1048,.T.);
#696=FACE_OUTER_BOUND('',#1049,.T.);
#697=FACE_OUTER_BOUND('',#1050,.T.);
#698=FACE_OUTER_BOUND('',#1051,.T.);
#699=FACE_OUTER_BOUND('',#1052,.T.);
#700=FACE_OUTER_BOUND('',#1053,.T.);
#701=FACE_OUTER_BOUND('',#1054,.T.);
#702=FACE_OUTER_BOUND('',#1055,.T.);
#703=FACE_OUTER_BOUND('',#1056,.T.);
#704=FACE_OUTER_BOUND('',#1057,.T.);
#705=FACE_OUTER_BOUND('',#1058,.T.);
#706=FACE_OUTER_BOUND('',#1059,.T.);
#707=FACE_OUTER_BOUND('',#1060,.T.);
#708=FACE_OUTER_BOUND('',#1061,.T.);
#709=FACE_OUTER_BOUND('',#1062,.T.);
#710=FACE_OUTER_BOUND('',#1063,.T.);
#711=FACE_OUTER_BOUND('',#1064,.T.);
#712=FACE_OUTER_BOUND('',#1065,.T.);
#713=FACE_OUTER_BOUND('',#1066,.T.);
#714=FACE_OUTER_BOUND('',#1067,.T.);
#715=FACE_OUTER_BOUND('',#1068,.T.);
#716=FACE_OUTER_BOUND('',#1069,.T.);
#717=FACE_OUTER_BOUND('',#1070,.T.);
#718=FACE_OUTER_BOUND('',#1071,.T.);
#719=FACE_OUTER_BOUND('',#1072,.T.);
#720=FACE_OUTER_BOUND('',#1073,.T.);
#721=FACE_OUTER_BOUND('',#1074,.T.);
#722=FACE_OUTER_BOUND('',#1075,.T.);
#723=FACE_OUTER_BOUND('',#1076,.T.);
#724=FACE_OUTER_BOUND('',#1077,.T.);
#725=FACE_OUTER_BOUND('',#1078,.T.);
#726=FACE_OUTER_BOUND('',#1079,.T.);
#727=FACE_OUTER_BOUND('',#1080,.T.);
#728=FACE_OUTER_BOUND('',#1081,.T.);
#729=FACE_OUTER_BOUND('',#1082,.T.);
#730=FACE_OUTER_BOUND('',#1083,.T.);
#731=FACE_OUTER_BOUND('',#1084,.T.);
#732=FACE_OUTER_BOUND('',#1085,.T.);
#733=FACE_OUTER_BOUND('',#1086,.T.);
#734=FACE_OUTER_BOUND('',#1087,.T.);
#735=FACE_OUTER_BOUND('',#1088,.T.);
#736=FACE_OUTER_BOUND('',#1089,.T.);
#737=FACE_OUTER_BOUND('',#1090,.T.);
#738=FACE_OUTER_BOUND('',#1091,.T.);
#739=FACE_OUTER_BOUND('',#1092,.T.);
#740=FACE_OUTER_BOUND('',#1093,.T.);
#741=FACE_OUTER_BOUND('',#1094,.T.);
#742=FACE_OUTER_BOUND('',#1095,.T.);
#743=FACE_OUTER_BOUND('',#1096,.T.);
#744=FACE_OUTER_BOUND('',#1097,.T.);
#745=FACE_OUTER_BOUND('',#1098,.T.);
#746=FACE_OUTER_BOUND('',#1099,.T.);
#747=FACE_OUTER_BOUND('',#1100,.T.);
#748=FACE_OUTER_BOUND('',#1101,.T.);
#749=FACE_OUTER_BOUND('',#1102,.T.);
#750=FACE_OUTER_BOUND('',#1103,.T.);
#751=FACE_OUTER_BOUND('',#1104,.T.);
#752=FACE_OUTER_BOUND('',#1105,.T.);
#753=FACE_OUTER_BOUND('',#1106,.T.);
#754=FACE_OUTER_BOUND('',#1107,.T.);
#755=FACE_OUTER_BOUND('',#1108,.T.);
#756=FACE_OUTER_BOUND('',#1109,.T.);
#757=FACE_OUTER_BOUND('',#1110,.T.);
#758=FACE_OUTER_BOUND('',#1111,.T.);
#759=FACE_OUTER_BOUND('',#1112,.T.);
#760=FACE_OUTER_BOUND('',#1113,.T.);
#761=FACE_OUTER_BOUND('',#1114,.T.);
#762=FACE_OUTER_BOUND('',#1115,.T.);
#763=FACE_OUTER_BOUND('',#1116,.T.);
#764=FACE_OUTER_BOUND('',#1117,.T.);
#765=FACE_OUTER_BOUND('',#1118,.T.);
#766=FACE_OUTER_BOUND('',#1119,.T.);
#767=FACE_OUTER_BOUND('',#1120,.T.);
#768=FACE_OUTER_BOUND('',#1121,.T.);
#769=FACE_OUTER_BOUND('',#1122,.T.);
#770=FACE_OUTER_BOUND('',#1123,.T.);
#771=FACE_OUTER_BOUND('',#1124,.T.);
#772=FACE_OUTER_BOUND('',#1125,.T.);
#773=FACE_OUTER_BOUND('',#1126,.T.);
#774=FACE_OUTER_BOUND('',#1127,.T.);
#775=FACE_OUTER_BOUND('',#1128,.T.);
#776=FACE_OUTER_BOUND('',#1129,.T.);
#777=FACE_OUTER_BOUND('',#1130,.T.);
#778=FACE_OUTER_BOUND('',#1131,.T.);
#779=FACE_OUTER_BOUND('',#1132,.T.);
#780=FACE_OUTER_BOUND('',#1133,.T.);
#781=FACE_OUTER_BOUND('',#1134,.T.);
#782=FACE_OUTER_BOUND('',#1135,.T.);
#783=FACE_OUTER_BOUND('',#1136,.T.);
#784=FACE_OUTER_BOUND('',#1137,.T.);
#785=FACE_OUTER_BOUND('',#1138,.T.);
#786=FACE_OUTER_BOUND('',#1139,.T.);
#787=FACE_OUTER_BOUND('',#1140,.T.);
#788=FACE_OUTER_BOUND('',#1141,.T.);
#789=FACE_OUTER_BOUND('',#1142,.T.);
#790=FACE_OUTER_BOUND('',#1143,.T.);
#791=FACE_OUTER_BOUND('',#1144,.T.);
#792=FACE_OUTER_BOUND('',#1145,.T.);
#793=FACE_OUTER_BOUND('',#1146,.T.);
#794=FACE_OUTER_BOUND('',#1147,.T.);
#795=FACE_OUTER_BOUND('',#1148,.T.);
#796=FACE_OUTER_BOUND('',#1149,.T.);
#797=FACE_OUTER_BOUND('',#1150,.T.);
#798=FACE_OUTER_BOUND('',#1151,.T.);
#799=FACE_OUTER_BOUND('',#1152,.T.);
#800=FACE_OUTER_BOUND('',#1153,.T.);
#801=FACE_OUTER_BOUND('',#1154,.T.);
#802=FACE_OUTER_BOUND('',#1155,.T.);
#803=FACE_OUTER_BOUND('',#1156,.T.);
#804=FACE_OUTER_BOUND('',#1157,.T.);
#805=FACE_OUTER_BOUND('',#1158,.T.);
#806=FACE_OUTER_BOUND('',#1159,.T.);
#807=FACE_OUTER_BOUND('',#1160,.T.);
#808=FACE_OUTER_BOUND('',#1161,.T.);
#809=FACE_OUTER_BOUND('',#1162,.T.);
#810=FACE_OUTER_BOUND('',#1163,.T.);
#811=FACE_OUTER_BOUND('',#1164,.T.);
#812=FACE_OUTER_BOUND('',#1165,.T.);
#813=FACE_OUTER_BOUND('',#1166,.T.);
#814=FACE_OUTER_BOUND('',#1167,.T.);
#815=FACE_OUTER_BOUND('',#1168,.T.);
#816=FACE_OUTER_BOUND('',#1169,.T.);
#817=FACE_OUTER_BOUND('',#1170,.T.);
#818=FACE_OUTER_BOUND('',#1171,.T.);
#819=FACE_OUTER_BOUND('',#1172,.T.);
#820=FACE_OUTER_BOUND('',#1173,.T.);
#821=FACE_OUTER_BOUND('',#1174,.T.);
#822=FACE_OUTER_BOUND('',#1175,.T.);
#823=FACE_OUTER_BOUND('',#1176,.T.);
#824=FACE_OUTER_BOUND('',#1177,.T.);
#825=FACE_OUTER_BOUND('',#1178,.T.);
#826=FACE_OUTER_BOUND('',#1179,.T.);
#827=FACE_OUTER_BOUND('',#1181,.T.);
#828=FACE_OUTER_BOUND('',#1182,.T.);
#829=FACE_OUTER_BOUND('',#1183,.T.);
#830=FACE_OUTER_BOUND('',#1184,.T.);
#831=FACE_OUTER_BOUND('',#1185,.T.);
#832=FACE_OUTER_BOUND('',#1186,.T.);
#833=FACE_OUTER_BOUND('',#1187,.T.);
#834=FACE_OUTER_BOUND('',#1188,.T.);
#835=FACE_OUTER_BOUND('',#1189,.T.);
#836=FACE_OUTER_BOUND('',#1191,.T.);
#837=FACE_OUTER_BOUND('',#1192,.T.);
#838=FACE_OUTER_BOUND('',#1193,.T.);
#839=FACE_OUTER_BOUND('',#1194,.T.);
#840=FACE_OUTER_BOUND('',#1195,.T.);
#841=FACE_OUTER_BOUND('',#1196,.T.);
#842=FACE_OUTER_BOUND('',#1197,.T.);
#843=FACE_OUTER_BOUND('',#1198,.T.);
#844=FACE_OUTER_BOUND('',#1199,.T.);
#845=FACE_OUTER_BOUND('',#1201,.T.);
#846=EDGE_LOOP('',(#3522,#3523,#3524,#3525));
#847=EDGE_LOOP('',(#3526,#3527,#3528,#3529));
#848=EDGE_LOOP('',(#3530,#3531,#3532,#3533));
#849=EDGE_LOOP('',(#3534,#3535,#3536,#3537));
#850=EDGE_LOOP('',(#3538,#3539,#3540,#3541));
#851=EDGE_LOOP('',(#3542,#3543,#3544,#3545));
#852=EDGE_LOOP('',(#3546,#3547,#3548,#3549));
#853=EDGE_LOOP('',(#3550,#3551,#3552,#3553));
#854=EDGE_LOOP('',(#3554,#3555,#3556,#3557));
#855=EDGE_LOOP('',(#3558,#3559,#3560,#3561));
#856=EDGE_LOOP('',(#3562,#3563,#3564,#3565));
#857=EDGE_LOOP('',(#3566,#3567,#3568,#3569));
#858=EDGE_LOOP('',(#3570,#3571,#3572,#3573));
#859=EDGE_LOOP('',(#3574,#3575,#3576,#3577));
#860=EDGE_LOOP('',(#3578,#3579,#3580,#3581));
#861=EDGE_LOOP('',(#3582,#3583,#3584,#3585));
#862=EDGE_LOOP('',(#3586,#3587,#3588,#3589));
#863=EDGE_LOOP('',(#3590,#3591,#3592,#3593));
#864=EDGE_LOOP('',(#3594,#3595,#3596,#3597));
#865=EDGE_LOOP('',(#3598,#3599,#3600,#3601));
#866=EDGE_LOOP('',(#3602,#3603,#3604,#3605));
#867=EDGE_LOOP('',(#3606));
#868=EDGE_LOOP('',(#3607,#3608,#3609,#3610));
#869=EDGE_LOOP('',(#3611));
#870=EDGE_LOOP('',(#3612,#3613,#3614,#3615));
#871=EDGE_LOOP('',(#3616));
#872=EDGE_LOOP('',(#3617,#3618,#3619,#3620));
#873=EDGE_LOOP('',(#3621));
#874=EDGE_LOOP('',(#3622,#3623,#3624,#3625));
#875=EDGE_LOOP('',(#3626));
#876=EDGE_LOOP('',(#3627,#3628,#3629,#3630));
#877=EDGE_LOOP('',(#3631));
#878=EDGE_LOOP('',(#3632,#3633,#3634,#3635));
#879=EDGE_LOOP('',(#3636,#3637,#3638,#3639));
#880=EDGE_LOOP('',(#3640,#3641,#3642,#3643,#3644,#3645,#3646,#3647,#3648,
#3649,#3650,#3651,#3652,#3653,#3654,#3655,#3656,#3657,#3658,#3659,#3660,
#3661,#3662,#3663,#3664,#3665,#3666,#3667,#3668,#3669,#3670,#3671,#3672,
#3673,#3674,#3675,#3676,#3677,#3678,#3679,#3680,#3681,#3682,#3683,#3684,
#3685,#3686,#3687,#3688,#3689,#3690,#3691,#3692,#3693,#3694,#3695,#3696,
#3697,#3698,#3699,#3700,#3701,#3702,#3703,#3704,#3705,#3706,#3707,#3708,
#3709,#3710,#3711,#3712,#3713,#3714,#3715,#3716,#3717,#3718,#3719,#3720,
#3721,#3722,#3723,#3724,#3725,#3726,#3727,#3728,#3729,#3730,#3731,#3732,
#3733,#3734,#3735,#3736,#3737,#3738,#3739));
#881=EDGE_LOOP('',(#3740));
#882=EDGE_LOOP('',(#3741));
#883=EDGE_LOOP('',(#3742));
#884=EDGE_LOOP('',(#3743));
#885=EDGE_LOOP('',(#3744,#3745,#3746,#3747,#3748,#3749,#3750,#3751,#3752,
#3753,#3754,#3755,#3756,#3757,#3758,#3759,#3760,#3761,#3762,#3763,#3764,
#3765,#3766,#3767));
#886=EDGE_LOOP('',(#3768,#3769,#3770,#3771,#3772,#3773,#3774,#3775));
#887=EDGE_LOOP('',(#3776,#3777,#3778,#3779,#3780,#3781,#3782,#3783));
#888=EDGE_LOOP('',(#3784,#3785,#3786,#3787,#3788,#3789,#3790,#3791));
#889=EDGE_LOOP('',(#3792,#3793,#3794,#3795,#3796,#3797,#3798,#3799));
#890=EDGE_LOOP('',(#3800,#3801,#3802,#3803,#3804,#3805,#3806,#3807));
#891=EDGE_LOOP('',(#3808,#3809,#3810,#3811,#3812,#3813,#3814,#3815));
#892=EDGE_LOOP('',(#3816));
#893=EDGE_LOOP('',(#3817));
#894=EDGE_LOOP('',(#3818));
#895=EDGE_LOOP('',(#3819));
#896=EDGE_LOOP('',(#3820,#3821,#3822,#3823));
#897=EDGE_LOOP('',(#3824));
#898=EDGE_LOOP('',(#3825,#3826,#3827,#3828));
#899=EDGE_LOOP('',(#3829,#3830,#3831,#3832));
#900=EDGE_LOOP('',(#3833,#3834,#3835,#3836));
#901=EDGE_LOOP('',(#3837));
#902=EDGE_LOOP('',(#3838,#3839,#3840,#3841));
#903=EDGE_LOOP('',(#3842,#3843,#3844,#3845));
#904=EDGE_LOOP('',(#3846,#3847,#3848,#3849));
#905=EDGE_LOOP('',(#3850));
#906=EDGE_LOOP('',(#3851,#3852,#3853,#3854));
#907=EDGE_LOOP('',(#3855,#3856,#3857,#3858));
#908=EDGE_LOOP('',(#3859,#3860,#3861,#3862));
#909=EDGE_LOOP('',(#3863));
#910=EDGE_LOOP('',(#3864,#3865,#3866,#3867));
#911=EDGE_LOOP('',(#3868,#3869,#3870,#3871));
#912=EDGE_LOOP('',(#3872,#3873,#3874,#3875));
#913=EDGE_LOOP('',(#3876));
#914=EDGE_LOOP('',(#3877,#3878,#3879,#3880));
#915=EDGE_LOOP('',(#3881,#3882,#3883,#3884));
#916=EDGE_LOOP('',(#3885,#3886,#3887,#3888));
#917=EDGE_LOOP('',(#3889));
#918=EDGE_LOOP('',(#3890,#3891,#3892,#3893));
#919=EDGE_LOOP('',(#3894,#3895,#3896,#3897));
#920=EDGE_LOOP('',(#3898,#3899,#3900,#3901));
#921=EDGE_LOOP('',(#3902));
#922=EDGE_LOOP('',(#3903,#3904,#3905,#3906));
#923=EDGE_LOOP('',(#3907,#3908,#3909,#3910));
#924=EDGE_LOOP('',(#3911,#3912,#3913,#3914));
#925=EDGE_LOOP('',(#3915));
#926=EDGE_LOOP('',(#3916,#3917,#3918,#3919));
#927=EDGE_LOOP('',(#3920,#3921,#3922,#3923));
#928=EDGE_LOOP('',(#3924,#3925,#3926,#3927));
#929=EDGE_LOOP('',(#3928,#3929,#3930,#3931));
#930=EDGE_LOOP('',(#3932,#3933,#3934,#3935));
#931=EDGE_LOOP('',(#3936,#3937,#3938,#3939));
#932=EDGE_LOOP('',(#3940,#3941,#3942,#3943));
#933=EDGE_LOOP('',(#3944,#3945,#3946,#3947));
#934=EDGE_LOOP('',(#3948,#3949,#3950,#3951));
#935=EDGE_LOOP('',(#3952,#3953,#3954,#3955));
#936=EDGE_LOOP('',(#3956,#3957,#3958));
#937=EDGE_LOOP('',(#3959,#3960,#3961));
#938=EDGE_LOOP('',(#3962,#3963,#3964,#3965));
#939=EDGE_LOOP('',(#3966,#3967,#3968,#3969));
#940=EDGE_LOOP('',(#3970,#3971,#3972,#3973));
#941=EDGE_LOOP('',(#3974,#3975,#3976,#3977));
#942=EDGE_LOOP('',(#3978,#3979,#3980,#3981));
#943=EDGE_LOOP('',(#3982,#3983,#3984,#3985));
#944=EDGE_LOOP('',(#3986,#3987,#3988,#3989,#3990,#3991,#3992,#3993,#3994,
#3995));
#945=EDGE_LOOP('',(#3996,#3997,#3998,#3999,#4000,#4001,#4002,#4003));
#946=EDGE_LOOP('',(#4004));
#947=EDGE_LOOP('',(#4005,#4006,#4007,#4008,#4009,#4010,#4011,#4012));
#948=EDGE_LOOP('',(#4013,#4014,#4015,#4016,#4017,#4018,#4019,#4020));
#949=EDGE_LOOP('',(#4021,#4022,#4023,#4024,#4025,#4026,#4027,#4028,#4029,
#4030,#4031,#4032,#4033,#4034,#4035,#4036,#4037,#4038,#4039,#4040));
#950=EDGE_LOOP('',(#4041));
#951=EDGE_LOOP('',(#4042));
#952=EDGE_LOOP('',(#4043,#4044,#4045,#4046));
#953=EDGE_LOOP('',(#4047,#4048,#4049,#4050));
#954=EDGE_LOOP('',(#4051,#4052,#4053,#4054));
#955=EDGE_LOOP('',(#4055,#4056,#4057,#4058));
#956=EDGE_LOOP('',(#4059,#4060,#4061,#4062));
#957=EDGE_LOOP('',(#4063,#4064,#4065,#4066));
#958=EDGE_LOOP('',(#4067,#4068,#4069,#4070));
#959=EDGE_LOOP('',(#4071,#4072,#4073,#4074));
#960=EDGE_LOOP('',(#4075,#4076,#4077,#4078));
#961=EDGE_LOOP('',(#4079,#4080,#4081,#4082));
#962=EDGE_LOOP('',(#4083,#4084,#4085,#4086));
#963=EDGE_LOOP('',(#4087,#4088,#4089,#4090));
#964=EDGE_LOOP('',(#4091,#4092,#4093,#4094));
#965=EDGE_LOOP('',(#4095,#4096,#4097,#4098));
#966=EDGE_LOOP('',(#4099,#4100,#4101,#4102));
#967=EDGE_LOOP('',(#4103,#4104,#4105,#4106));
#968=EDGE_LOOP('',(#4107,#4108,#4109,#4110));
#969=EDGE_LOOP('',(#4111,#4112,#4113,#4114));
#970=EDGE_LOOP('',(#4115,#4116,#4117,#4118));
#971=EDGE_LOOP('',(#4119,#4120,#4121,#4122));
#972=EDGE_LOOP('',(#4123,#4124,#4125,#4126));
#973=EDGE_LOOP('',(#4127,#4128,#4129,#4130));
#974=EDGE_LOOP('',(#4131,#4132,#4133,#4134));
#975=EDGE_LOOP('',(#4135,#4136,#4137,#4138));
#976=EDGE_LOOP('',(#4139,#4140,#4141,#4142));
#977=EDGE_LOOP('',(#4143,#4144,#4145,#4146));
#978=EDGE_LOOP('',(#4147,#4148,#4149,#4150));
#979=EDGE_LOOP('',(#4151,#4152,#4153,#4154));
#980=EDGE_LOOP('',(#4155,#4156,#4157,#4158));
#981=EDGE_LOOP('',(#4159,#4160,#4161,#4162));
#982=EDGE_LOOP('',(#4163,#4164,#4165,#4166));
#983=EDGE_LOOP('',(#4167,#4168,#4169,#4170));
#984=EDGE_LOOP('',(#4171,#4172,#4173,#4174));
#985=EDGE_LOOP('',(#4175,#4176,#4177,#4178));
#986=EDGE_LOOP('',(#4179,#4180,#4181,#4182));
#987=EDGE_LOOP('',(#4183,#4184,#4185,#4186));
#988=EDGE_LOOP('',(#4187,#4188,#4189,#4190));
#989=EDGE_LOOP('',(#4191,#4192,#4193,#4194));
#990=EDGE_LOOP('',(#4195,#4196,#4197,#4198));
#991=EDGE_LOOP('',(#4199,#4200,#4201,#4202));
#992=EDGE_LOOP('',(#4203,#4204,#4205,#4206));
#993=EDGE_LOOP('',(#4207,#4208,#4209,#4210));
#994=EDGE_LOOP('',(#4211,#4212,#4213,#4214));
#995=EDGE_LOOP('',(#4215,#4216,#4217,#4218));
#996=EDGE_LOOP('',(#4219,#4220,#4221,#4222));
#997=EDGE_LOOP('',(#4223,#4224,#4225,#4226));
#998=EDGE_LOOP('',(#4227,#4228,#4229,#4230));
#999=EDGE_LOOP('',(#4231,#4232,#4233,#4234));
#1000=EDGE_LOOP('',(#4235,#4236,#4237,#4238));
#1001=EDGE_LOOP('',(#4239,#4240,#4241,#4242));
#1002=EDGE_LOOP('',(#4243,#4244,#4245));
#1003=EDGE_LOOP('',(#4246,#4247,#4248));
#1004=EDGE_LOOP('',(#4249,#4250,#4251));
#1005=EDGE_LOOP('',(#4252,#4253,#4254));
#1006=EDGE_LOOP('',(#4255,#4256,#4257,#4258));
#1007=EDGE_LOOP('',(#4259,#4260,#4261,#4262));
#1008=EDGE_LOOP('',(#4263,#4264,#4265,#4266));
#1009=EDGE_LOOP('',(#4267,#4268,#4269,#4270));
#1010=EDGE_LOOP('',(#4271,#4272,#4273,#4274));
#1011=EDGE_LOOP('',(#4275,#4276,#4277,#4278));
#1012=EDGE_LOOP('',(#4279,#4280,#4281,#4282));
#1013=EDGE_LOOP('',(#4283,#4284,#4285,#4286));
#1014=EDGE_LOOP('',(#4287,#4288,#4289,#4290));
#1015=EDGE_LOOP('',(#4291,#4292,#4293,#4294));
#1016=EDGE_LOOP('',(#4295,#4296,#4297,#4298));
#1017=EDGE_LOOP('',(#4299,#4300,#4301,#4302));
#1018=EDGE_LOOP('',(#4303,#4304,#4305,#4306));
#1019=EDGE_LOOP('',(#4307,#4308,#4309,#4310));
#1020=EDGE_LOOP('',(#4311,#4312,#4313,#4314));
#1021=EDGE_LOOP('',(#4315,#4316,#4317,#4318));
#1022=EDGE_LOOP('',(#4319,#4320,#4321,#4322));
#1023=EDGE_LOOP('',(#4323,#4324,#4325,#4326));
#1024=EDGE_LOOP('',(#4327,#4328,#4329,#4330));
#1025=EDGE_LOOP('',(#4331,#4332,#4333,#4334));
#1026=EDGE_LOOP('',(#4335,#4336,#4337,#4338));
#1027=EDGE_LOOP('',(#4339,#4340,#4341,#4342));
#1028=EDGE_LOOP('',(#4343,#4344,#4345,#4346));
#1029=EDGE_LOOP('',(#4347,#4348,#4349,#4350));
#1030=EDGE_LOOP('',(#4351,#4352,#4353,#4354));
#1031=EDGE_LOOP('',(#4355,#4356,#4357,#4358));
#1032=EDGE_LOOP('',(#4359,#4360,#4361,#4362));
#1033=EDGE_LOOP('',(#4363,#4364,#4365,#4366));
#1034=EDGE_LOOP('',(#4367,#4368,#4369,#4370,#4371,#4372,#4373,#4374,#4375,
#4376,#4377,#4378));
#1035=EDGE_LOOP('',(#4379,#4380,#4381,#4382));
#1036=EDGE_LOOP('',(#4383,#4384,#4385,#4386));
#1037=EDGE_LOOP('',(#4387,#4388,#4389,#4390));
#1038=EDGE_LOOP('',(#4391,#4392,#4393,#4394));
#1039=EDGE_LOOP('',(#4395));
#1040=EDGE_LOOP('',(#4396));
#1041=EDGE_LOOP('',(#4397));
#1042=EDGE_LOOP('',(#4398));
#1043=EDGE_LOOP('',(#4399));
#1044=EDGE_LOOP('',(#4400));
#1045=EDGE_LOOP('',(#4401,#4402,#4403,#4404,#4405,#4406,#4407,#4408,#4409,
#4410,#4411,#4412,#4413,#4414,#4415,#4416,#4417,#4418,#4419,#4420,#4421,
#4422,#4423,#4424,#4425,#4426,#4427,#4428,#4429,#4430,#4431,#4432,#4433,
#4434,#4435,#4436,#4437,#4438,#4439,#4440,#4441,#4442,#4443,#4444,#4445,
#4446,#4447,#4448,#4449,#4450,#4451,#4452,#4453,#4454,#4455,#4456,#4457,
#4458,#4459,#4460,#4461,#4462,#4463,#4464,#4465,#4466,#4467,#4468,#4469,
#4470,#4471,#4472,#4473,#4474,#4475,#4476,#4477,#4478,#4479,#4480,#4481,
#4482,#4483,#4484,#4485,#4486,#4487,#4488,#4489,#4490,#4491,#4492,#4493,
#4494,#4495,#4496,#4497,#4498,#4499,#4500));
#1046=EDGE_LOOP('',(#4501,#4502,#4503,#4504));
#1047=EDGE_LOOP('',(#4505,#4506,#4507,#4508));
#1048=EDGE_LOOP('',(#4509,#4510,#4511,#4512));
#1049=EDGE_LOOP('',(#4513,#4514,#4515,#4516));
#1050=EDGE_LOOP('',(#4517,#4518,#4519,#4520));
#1051=EDGE_LOOP('',(#4521,#4522,#4523,#4524));
#1052=EDGE_LOOP('',(#4525,#4526,#4527,#4528));
#1053=EDGE_LOOP('',(#4529,#4530,#4531,#4532));
#1054=EDGE_LOOP('',(#4533,#4534,#4535,#4536));
#1055=EDGE_LOOP('',(#4537,#4538,#4539,#4540));
#1056=EDGE_LOOP('',(#4541,#4542,#4543,#4544));
#1057=EDGE_LOOP('',(#4545,#4546,#4547,#4548));
#1058=EDGE_LOOP('',(#4549,#4550,#4551,#4552));
#1059=EDGE_LOOP('',(#4553,#4554,#4555,#4556));
#1060=EDGE_LOOP('',(#4557,#4558,#4559,#4560));
#1061=EDGE_LOOP('',(#4561,#4562,#4563,#4564));
#1062=EDGE_LOOP('',(#4565,#4566,#4567,#4568));
#1063=EDGE_LOOP('',(#4569,#4570,#4571,#4572));
#1064=EDGE_LOOP('',(#4573,#4574,#4575,#4576));
#1065=EDGE_LOOP('',(#4577,#4578,#4579,#4580));
#1066=EDGE_LOOP('',(#4581,#4582,#4583,#4584));
#1067=EDGE_LOOP('',(#4585,#4586,#4587,#4588));
#1068=EDGE_LOOP('',(#4589,#4590,#4591,#4592));
#1069=EDGE_LOOP('',(#4593,#4594,#4595,#4596));
#1070=EDGE_LOOP('',(#4597,#4598,#4599,#4600));
#1071=EDGE_LOOP('',(#4601,#4602,#4603,#4604));
#1072=EDGE_LOOP('',(#4605,#4606,#4607,#4608));
#1073=EDGE_LOOP('',(#4609,#4610,#4611,#4612));
#1074=EDGE_LOOP('',(#4613,#4614,#4615,#4616));
#1075=EDGE_LOOP('',(#4617,#4618,#4619,#4620));
#1076=EDGE_LOOP('',(#4621,#4622,#4623,#4624));
#1077=EDGE_LOOP('',(#4625,#4626,#4627,#4628));
#1078=EDGE_LOOP('',(#4629,#4630,#4631,#4632));
#1079=EDGE_LOOP('',(#4633,#4634,#4635,#4636));
#1080=EDGE_LOOP('',(#4637,#4638,#4639,#4640));
#1081=EDGE_LOOP('',(#4641,#4642,#4643,#4644));
#1082=EDGE_LOOP('',(#4645,#4646,#4647,#4648));
#1083=EDGE_LOOP('',(#4649,#4650,#4651,#4652));
#1084=EDGE_LOOP('',(#4653,#4654,#4655,#4656));
#1085=EDGE_LOOP('',(#4657,#4658,#4659,#4660));
#1086=EDGE_LOOP('',(#4661,#4662,#4663,#4664));
#1087=EDGE_LOOP('',(#4665,#4666,#4667,#4668));
#1088=EDGE_LOOP('',(#4669,#4670,#4671,#4672));
#1089=EDGE_LOOP('',(#4673,#4674,#4675,#4676));
#1090=EDGE_LOOP('',(#4677,#4678,#4679,#4680));
#1091=EDGE_LOOP('',(#4681,#4682,#4683,#4684));
#1092=EDGE_LOOP('',(#4685,#4686,#4687,#4688));
#1093=EDGE_LOOP('',(#4689,#4690,#4691,#4692));
#1094=EDGE_LOOP('',(#4693,#4694,#4695,#4696));
#1095=EDGE_LOOP('',(#4697,#4698,#4699,#4700));
#1096=EDGE_LOOP('',(#4701,#4702,#4703,#4704));
#1097=EDGE_LOOP('',(#4705,#4706,#4707,#4708));
#1098=EDGE_LOOP('',(#4709,#4710,#4711,#4712));
#1099=EDGE_LOOP('',(#4713,#4714,#4715,#4716));
#1100=EDGE_LOOP('',(#4717,#4718,#4719,#4720));
#1101=EDGE_LOOP('',(#4721,#4722,#4723,#4724));
#1102=EDGE_LOOP('',(#4725,#4726,#4727,#4728));
#1103=EDGE_LOOP('',(#4729,#4730,#4731,#4732));
#1104=EDGE_LOOP('',(#4733,#4734,#4735,#4736));
#1105=EDGE_LOOP('',(#4737,#4738,#4739,#4740));
#1106=EDGE_LOOP('',(#4741,#4742,#4743,#4744));
#1107=EDGE_LOOP('',(#4745,#4746,#4747,#4748));
#1108=EDGE_LOOP('',(#4749,#4750,#4751,#4752));
#1109=EDGE_LOOP('',(#4753,#4754,#4755,#4756));
#1110=EDGE_LOOP('',(#4757,#4758,#4759,#4760));
#1111=EDGE_LOOP('',(#4761,#4762,#4763,#4764));
#1112=EDGE_LOOP('',(#4765,#4766,#4767,#4768));
#1113=EDGE_LOOP('',(#4769,#4770,#4771,#4772));
#1114=EDGE_LOOP('',(#4773,#4774,#4775,#4776));
#1115=EDGE_LOOP('',(#4777,#4778,#4779,#4780));
#1116=EDGE_LOOP('',(#4781,#4782,#4783,#4784));
#1117=EDGE_LOOP('',(#4785,#4786,#4787,#4788));
#1118=EDGE_LOOP('',(#4789,#4790,#4791,#4792));
#1119=EDGE_LOOP('',(#4793,#4794,#4795,#4796));
#1120=EDGE_LOOP('',(#4797,#4798,#4799,#4800));
#1121=EDGE_LOOP('',(#4801,#4802,#4803,#4804));
#1122=EDGE_LOOP('',(#4805,#4806,#4807,#4808));
#1123=EDGE_LOOP('',(#4809,#4810,#4811,#4812));
#1124=EDGE_LOOP('',(#4813,#4814,#4815,#4816));
#1125=EDGE_LOOP('',(#4817,#4818,#4819,#4820));
#1126=EDGE_LOOP('',(#4821,#4822,#4823,#4824));
#1127=EDGE_LOOP('',(#4825,#4826,#4827,#4828));
#1128=EDGE_LOOP('',(#4829,#4830,#4831,#4832));
#1129=EDGE_LOOP('',(#4833,#4834,#4835,#4836));
#1130=EDGE_LOOP('',(#4837,#4838,#4839,#4840));
#1131=EDGE_LOOP('',(#4841,#4842,#4843,#4844));
#1132=EDGE_LOOP('',(#4845,#4846,#4847,#4848));
#1133=EDGE_LOOP('',(#4849,#4850,#4851,#4852));
#1134=EDGE_LOOP('',(#4853,#4854,#4855,#4856));
#1135=EDGE_LOOP('',(#4857,#4858,#4859,#4860));
#1136=EDGE_LOOP('',(#4861,#4862,#4863,#4864));
#1137=EDGE_LOOP('',(#4865,#4866,#4867,#4868));
#1138=EDGE_LOOP('',(#4869,#4870,#4871,#4872));
#1139=EDGE_LOOP('',(#4873,#4874,#4875,#4876));
#1140=EDGE_LOOP('',(#4877,#4878,#4879,#4880));
#1141=EDGE_LOOP('',(#4881,#4882,#4883,#4884));
#1142=EDGE_LOOP('',(#4885,#4886,#4887,#4888));
#1143=EDGE_LOOP('',(#4889,#4890,#4891,#4892));
#1144=EDGE_LOOP('',(#4893,#4894,#4895,#4896));
#1145=EDGE_LOOP('',(#4897,#4898,#4899,#4900));
#1146=EDGE_LOOP('',(#4901,#4902,#4903,#4904));
#1147=EDGE_LOOP('',(#4905,#4906,#4907,#4908));
#1148=EDGE_LOOP('',(#4909,#4910,#4911,#4912));
#1149=EDGE_LOOP('',(#4913,#4914,#4915,#4916));
#1150=EDGE_LOOP('',(#4917,#4918,#4919,#4920));
#1151=EDGE_LOOP('',(#4921,#4922,#4923,#4924));
#1152=EDGE_LOOP('',(#4925,#4926,#4927,#4928));
#1153=EDGE_LOOP('',(#4929,#4930,#4931,#4932));
#1154=EDGE_LOOP('',(#4933,#4934,#4935,#4936));
#1155=EDGE_LOOP('',(#4937,#4938,#4939,#4940));
#1156=EDGE_LOOP('',(#4941,#4942,#4943,#4944));
#1157=EDGE_LOOP('',(#4945,#4946,#4947,#4948));
#1158=EDGE_LOOP('',(#4949,#4950,#4951,#4952));
#1159=EDGE_LOOP('',(#4953,#4954,#4955,#4956));
#1160=EDGE_LOOP('',(#4957,#4958,#4959,#4960));
#1161=EDGE_LOOP('',(#4961,#4962,#4963,#4964));
#1162=EDGE_LOOP('',(#4965,#4966,#4967,#4968));
#1163=EDGE_LOOP('',(#4969,#4970,#4971,#4972));
#1164=EDGE_LOOP('',(#4973,#4974,#4975,#4976));
#1165=EDGE_LOOP('',(#4977,#4978,#4979,#4980));
#1166=EDGE_LOOP('',(#4981,#4982,#4983,#4984));
#1167=EDGE_LOOP('',(#4985,#4986,#4987,#4988));
#1168=EDGE_LOOP('',(#4989,#4990,#4991,#4992));
#1169=EDGE_LOOP('',(#4993,#4994,#4995,#4996));
#1170=EDGE_LOOP('',(#4997,#4998,#4999,#5000));
#1171=EDGE_LOOP('',(#5001,#5002,#5003,#5004));
#1172=EDGE_LOOP('',(#5005,#5006,#5007,#5008));
#1173=EDGE_LOOP('',(#5009,#5010,#5011,#5012));
#1174=EDGE_LOOP('',(#5013,#5014,#5015,#5016));
#1175=EDGE_LOOP('',(#5017,#5018,#5019,#5020));
#1176=EDGE_LOOP('',(#5021,#5022,#5023,#5024));
#1177=EDGE_LOOP('',(#5025,#5026,#5027,#5028));
#1178=EDGE_LOOP('',(#5029,#5030,#5031,#5032));
#1179=EDGE_LOOP('',(#5033,#5034,#5035,#5036,#5037,#5038,#5039,#5040));
#1180=EDGE_LOOP('',(#5041));
#1181=EDGE_LOOP('',(#5042,#5043,#5044,#5045));
#1182=EDGE_LOOP('',(#5046,#5047,#5048,#5049));
#1183=EDGE_LOOP('',(#5050,#5051,#5052,#5053));
#1184=EDGE_LOOP('',(#5054,#5055,#5056,#5057));
#1185=EDGE_LOOP('',(#5058,#5059,#5060,#5061));
#1186=EDGE_LOOP('',(#5062,#5063,#5064,#5065));
#1187=EDGE_LOOP('',(#5066,#5067,#5068,#5069));
#1188=EDGE_LOOP('',(#5070,#5071,#5072,#5073));
#1189=EDGE_LOOP('',(#5074,#5075,#5076,#5077,#5078,#5079,#5080,#5081));
#1190=EDGE_LOOP('',(#5082));
#1191=EDGE_LOOP('',(#5083,#5084,#5085,#5086));
#1192=EDGE_LOOP('',(#5087,#5088,#5089,#5090));
#1193=EDGE_LOOP('',(#5091,#5092,#5093,#5094));
#1194=EDGE_LOOP('',(#5095,#5096,#5097,#5098));
#1195=EDGE_LOOP('',(#5099,#5100,#5101,#5102));
#1196=EDGE_LOOP('',(#5103,#5104,#5105,#5106));
#1197=EDGE_LOOP('',(#5107,#5108,#5109,#5110));
#1198=EDGE_LOOP('',(#5111,#5112,#5113,#5114));
#1199=EDGE_LOOP('',(#5115,#5116,#5117,#5118,#5119,#5120,#5121,#5122));
#1200=EDGE_LOOP('',(#5123));
#1201=EDGE_LOOP('',(#5124,#5125,#5126,#5127));
#1202=LINE('',#7970,#1707);
#1203=LINE('',#7972,#1708);
#1204=LINE('',#7974,#1709);
#1205=LINE('',#7975,#1710);
#1206=LINE('',#7980,#1711);
#1207=LINE('',#7987,#1712);
#1208=LINE('',#7989,#1713);
#1209=LINE('',#7990,#1714);
#1210=LINE('',#7994,#1715);
#1211=LINE('',#7996,#1716);
#1212=LINE('',#7998,#1717);
#1213=LINE('',#7999,#1718);
#1214=LINE('',#8005,#1719);
#1215=LINE('',#8008,#1720);
#1216=LINE('',#8010,#1721);
#1217=LINE('',#8011,#1722);
#1218=LINE('',#8018,#1723);
#1219=LINE('',#8020,#1724);
#1220=LINE('',#8022,#1725);
#1221=LINE('',#8023,#1726);
#1222=LINE('',#8029,#1727);
#1223=LINE('',#8032,#1728);
#1224=LINE('',#8034,#1729);
#1225=LINE('',#8035,#1730);
#1226=LINE('',#8044,#1731);
#1227=LINE('',#8047,#1732);
#1228=LINE('',#8050,#1733);
#1229=LINE('',#8053,#1734);
#1230=LINE('',#8056,#1735);
#1231=LINE('',#8057,#1736);
#1232=LINE('',#8060,#1737);
#1233=LINE('',#8065,#1738);
#1234=LINE('',#8071,#1739);
#1235=LINE('',#8078,#1740);
#1236=LINE('',#8085,#1741);
#1237=LINE('',#8092,#1742);
#1238=LINE('',#8099,#1743);
#1239=LINE('',#8106,#1744);
#1240=LINE('',#8113,#1745);
#1241=LINE('',#8117,#1746);
#1242=LINE('',#8128,#1747);
#1243=LINE('',#8132,#1748);
#1244=LINE('',#8140,#1749);
#1245=LINE('',#8144,#1750);
#1246=LINE('',#8148,#1751);
#1247=LINE('',#8152,#1752);
#1248=LINE('',#8160,#1753);
#1249=LINE('',#8164,#1754);
#1250=LINE('',#8168,#1755);
#1251=LINE('',#8172,#1756);
#1252=LINE('',#8176,#1757);
#1253=LINE('',#8184,#1758);
#1254=LINE('',#8188,#1759);
#1255=LINE('',#8192,#1760);
#1256=LINE('',#8196,#1761);
#1257=LINE('',#8200,#1762);
#1258=LINE('',#8208,#1763);
#1259=LINE('',#8212,#1764);
#1260=LINE('',#8216,#1765);
#1261=LINE('',#8220,#1766);
#1262=LINE('',#8224,#1767);
#1263=LINE('',#8232,#1768);
#1264=LINE('',#8236,#1769);
#1265=LINE('',#8240,#1770);
#1266=LINE('',#8244,#1771);
#1267=LINE('',#8248,#1772);
#1268=LINE('',#8256,#1773);
#1269=LINE('',#8260,#1774);
#1270=LINE('',#8264,#1775);
#1271=LINE('',#8268,#1776);
#1272=LINE('',#8272,#1777);
#1273=LINE('',#8280,#1778);
#1274=LINE('',#8284,#1779);
#1275=LINE('',#8288,#1780);
#1276=LINE('',#8292,#1781);
#1277=LINE('',#8296,#1782);
#1278=LINE('',#8304,#1783);
#1279=LINE('',#8308,#1784);
#1280=LINE('',#8312,#1785);
#1281=LINE('',#8316,#1786);
#1282=LINE('',#8319,#1787);
#1283=LINE('',#8332,#1788);
#1284=LINE('',#8336,#1789);
#1285=LINE('',#8340,#1790);
#1286=LINE('',#8344,#1791);
#1287=LINE('',#8348,#1792);
#1288=LINE('',#8352,#1793);
#1289=LINE('',#8356,#1794);
#1290=LINE('',#8360,#1795);
#1291=LINE('',#8364,#1796);
#1292=LINE('',#8368,#1797);
#1293=LINE('',#8372,#1798);
#1294=LINE('',#8375,#1799);
#1295=LINE('',#8378,#1800);
#1296=LINE('',#8382,#1801);
#1297=LINE('',#8386,#1802);
#1298=LINE('',#8390,#1803);
#1299=LINE('',#8394,#1804);
#1300=LINE('',#8398,#1805);
#1301=LINE('',#8402,#1806);
#1302=LINE('',#8406,#1807);
#1303=LINE('',#8410,#1808);
#1304=LINE('',#8414,#1809);
#1305=LINE('',#8418,#1810);
#1306=LINE('',#8422,#1811);
#1307=LINE('',#8428,#1812);
#1308=LINE('',#8432,#1813);
#1309=LINE('',#8436,#1814);
#1310=LINE('',#8439,#1815);
#1311=LINE('',#8444,#1816);
#1312=LINE('',#8448,#1817);
#1313=LINE('',#8452,#1818);
#1314=LINE('',#8455,#1819);
#1315=LINE('',#8460,#1820);
#1316=LINE('',#8464,#1821);
#1317=LINE('',#8468,#1822);
#1318=LINE('',#8471,#1823);
#1319=LINE('',#8480,#1824);
#1320=LINE('',#8485,#1825);
#1321=LINE('',#8489,#1826);
#1322=LINE('',#8493,#1827);
#1323=LINE('',#8498,#1828);
#1324=LINE('',#8502,#1829);
#1325=LINE('',#8506,#1830);
#1326=LINE('',#8511,#1831);
#1327=LINE('',#8515,#1832);
#1328=LINE('',#8519,#1833);
#1329=LINE('',#8524,#1834);
#1330=LINE('',#8528,#1835);
#1331=LINE('',#8532,#1836);
#1332=LINE('',#8537,#1837);
#1333=LINE('',#8541,#1838);
#1334=LINE('',#8545,#1839);
#1335=LINE('',#8550,#1840);
#1336=LINE('',#8554,#1841);
#1337=LINE('',#8558,#1842);
#1338=LINE('',#8563,#1843);
#1339=LINE('',#8567,#1844);
#1340=LINE('',#8571,#1845);
#1341=LINE('',#8577,#1846);
#1342=LINE('',#8581,#1847);
#1343=LINE('',#8586,#1848);
#1344=LINE('',#8588,#1849);
#1345=LINE('',#8590,#1850);
#1346=LINE('',#8591,#1851);
#1347=LINE('',#8596,#1852);
#1348=LINE('',#8601,#1853);
#1349=LINE('',#8602,#1854);
#1350=LINE('',#8603,#1855);
#1351=LINE('',#8608,#1856);
#1352=LINE('',#8613,#1857);
#1353=LINE('',#8614,#1858);
#1354=LINE('',#8615,#1859);
#1355=LINE('',#8620,#1860);
#1356=LINE('',#8624,#1861);
#1357=LINE('',#8625,#1862);
#1358=LINE('',#8626,#1863);
#1359=LINE('',#8630,#1864);
#1360=LINE('',#8631,#1865);
#1361=LINE('',#8633,#1866);
#1362=LINE('',#8634,#1867);
#1363=LINE('',#8644,#1868);
#1364=LINE('',#8647,#1869);
#1365=LINE('',#8650,#1870);
#1366=LINE('',#8651,#1871);
#1367=LINE('',#8654,#1872);
#1368=LINE('',#8658,#1873);
#1369=LINE('',#8659,#1874);
#1370=LINE('',#8662,#1875);
#1371=LINE('',#8666,#1876);
#1372=LINE('',#8667,#1877);
#1373=LINE('',#8671,#1878);
#1374=LINE('',#8675,#1879);
#1375=LINE('',#8679,#1880);
#1376=LINE('',#8683,#1881);
#1377=LINE('',#8689,#1882);
#1378=LINE('',#8693,#1883);
#1379=LINE('',#8697,#1884);
#1380=LINE('',#8701,#1885);
#1381=LINE('',#8705,#1886);
#1382=LINE('',#8709,#1887);
#1383=LINE('',#8713,#1888);
#1384=LINE('',#8717,#1889);
#1385=LINE('',#8721,#1890);
#1386=LINE('',#8725,#1891);
#1387=LINE('',#8727,#1892);
#1388=LINE('',#8731,#1893);
#1389=LINE('',#8733,#1894);
#1390=LINE('',#8737,#1895);
#1391=LINE('',#8741,#1896);
#1392=LINE('',#8745,#1897);
#1393=LINE('',#8747,#1898);
#1394=LINE('',#8749,#1899);
#1395=LINE('',#8753,#1900);
#1396=LINE('',#8757,#1901);
#1397=LINE('',#8765,#1902);
#1398=LINE('',#8767,#1903);
#1399=LINE('',#8768,#1904);
#1400=LINE('',#8772,#1905);
#1401=LINE('',#8775,#1906);
#1402=LINE('',#8776,#1907);
#1403=LINE('',#8780,#1908);
#1404=LINE('',#8783,#1909);
#1405=LINE('',#8784,#1910);
#1406=LINE('',#8788,#1911);
#1407=LINE('',#8791,#1912);
#1408=LINE('',#8792,#1913);
#1409=LINE('',#8796,#1914);
#1410=LINE('',#8797,#1915);
#1411=LINE('',#8799,#1916);
#1412=LINE('',#8801,#1917);
#1413=LINE('',#8803,#1918);
#1414=LINE('',#8806,#1919);
#1415=LINE('',#8810,#1920);
#1416=LINE('',#8814,#1921);
#1417=LINE('',#8818,#1922);
#1418=LINE('',#8822,#1923);
#1419=LINE('',#8826,#1924);
#1420=LINE('',#8830,#1925);
#1421=LINE('',#8832,#1926);
#1422=LINE('',#8833,#1927);
#1423=LINE('',#8837,#1928);
#1424=LINE('',#8840,#1929);
#1425=LINE('',#8841,#1930);
#1426=LINE('',#8845,#1931);
#1427=LINE('',#8848,#1932);
#1428=LINE('',#8849,#1933);
#1429=LINE('',#8853,#1934);
#1430=LINE('',#8856,#1935);
#1431=LINE('',#8857,#1936);
#1432=LINE('',#8861,#1937);
#1433=LINE('',#8862,#1938);
#1434=LINE('',#8864,#1939);
#1435=LINE('',#8866,#1940);
#1436=LINE('',#8868,#1941);
#1437=LINE('',#8871,#1942);
#1438=LINE('',#8873,#1943);
#1439=LINE('',#8874,#1944);
#1440=LINE('',#8877,#1945);
#1441=LINE('',#8879,#1946);
#1442=LINE('',#8880,#1947);
#1443=LINE('',#8884,#1948);
#1444=LINE('',#8887,#1949);
#1445=LINE('',#8888,#1950);
#1446=LINE('',#8892,#1951);
#1447=LINE('',#8895,#1952);
#1448=LINE('',#8896,#1953);
#1449=LINE('',#8900,#1954);
#1450=LINE('',#8903,#1955);
#1451=LINE('',#8904,#1956);
#1452=LINE('',#8907,#1957);
#1453=LINE('',#8909,#1958);
#1454=LINE('',#8910,#1959);
#1455=LINE('',#8914,#1960);
#1456=LINE('',#8917,#1961);
#1457=LINE('',#8918,#1962);
#1458=LINE('',#8921,#1963);
#1459=LINE('',#8923,#1964);
#1460=LINE('',#8924,#1965);
#1461=LINE('',#8928,#1966);
#1462=LINE('',#8931,#1967);
#1463=LINE('',#8932,#1968);
#1464=LINE('',#8935,#1969);
#1465=LINE('',#8937,#1970);
#1466=LINE('',#8938,#1971);
#1467=LINE('',#8942,#1972);
#1468=LINE('',#8945,#1973);
#1469=LINE('',#8946,#1974);
#1470=LINE('',#8950,#1975);
#1471=LINE('',#8953,#1976);
#1472=LINE('',#8954,#1977);
#1473=LINE('',#8966,#1978);
#1474=LINE('',#8967,#1979);
#1475=LINE('',#8969,#1980);
#1476=LINE('',#8971,#1981);
#1477=LINE('',#8973,#1982);
#1478=LINE('',#8975,#1983);
#1479=LINE('',#8977,#1984);
#1480=LINE('',#8979,#1985);
#1481=LINE('',#8981,#1986);
#1482=LINE('',#8983,#1987);
#1483=LINE('',#8985,#1988);
#1484=LINE('',#8987,#1989);
#1485=LINE('',#8989,#1990);
#1486=LINE('',#8992,#1991);
#1487=LINE('',#8994,#1992);
#1488=LINE('',#8995,#1993);
#1489=LINE('',#8999,#1994);
#1490=LINE('',#9002,#1995);
#1491=LINE('',#9003,#1996);
#1492=LINE('',#9007,#1997);
#1493=LINE('',#9010,#1998);
#1494=LINE('',#9011,#1999);
#1495=LINE('',#9015,#2000);
#1496=LINE('',#9018,#2001);
#1497=LINE('',#9019,#2002);
#1498=LINE('',#9023,#2003);
#1499=LINE('',#9024,#2004);
#1500=LINE('',#9026,#2005);
#1501=LINE('',#9028,#2006);
#1502=LINE('',#9030,#2007);
#1503=LINE('',#9033,#2008);
#1504=LINE('',#9036,#2009);
#1505=LINE('',#9040,#2010);
#1506=LINE('',#9045,#2011);
#1507=LINE('',#9046,#2012);
#1508=LINE('',#9049,#2013);
#1509=LINE('',#9053,#2014);
#1510=LINE('',#9057,#2015);
#1511=LINE('',#9061,#2016);
#1512=LINE('',#9065,#2017);
#1513=LINE('',#9069,#2018);
#1514=LINE('',#9077,#2019);
#1515=LINE('',#9081,#2020);
#1516=LINE('',#9085,#2021);
#1517=LINE('',#9089,#2022);
#1518=LINE('',#9093,#2023);
#1519=LINE('',#9101,#2024);
#1520=LINE('',#9105,#2025);
#1521=LINE('',#9109,#2026);
#1522=LINE('',#9113,#2027);
#1523=LINE('',#9117,#2028);
#1524=LINE('',#9125,#2029);
#1525=LINE('',#9129,#2030);
#1526=LINE('',#9133,#2031);
#1527=LINE('',#9137,#2032);
#1528=LINE('',#9141,#2033);
#1529=LINE('',#9149,#2034);
#1530=LINE('',#9153,#2035);
#1531=LINE('',#9157,#2036);
#1532=LINE('',#9161,#2037);
#1533=LINE('',#9165,#2038);
#1534=LINE('',#9173,#2039);
#1535=LINE('',#9177,#2040);
#1536=LINE('',#9181,#2041);
#1537=LINE('',#9185,#2042);
#1538=LINE('',#9189,#2043);
#1539=LINE('',#9197,#2044);
#1540=LINE('',#9201,#2045);
#1541=LINE('',#9205,#2046);
#1542=LINE('',#9209,#2047);
#1543=LINE('',#9213,#2048);
#1544=LINE('',#9221,#2049);
#1545=LINE('',#9225,#2050);
#1546=LINE('',#9229,#2051);
#1547=LINE('',#9233,#2052);
#1548=LINE('',#9241,#2053);
#1549=LINE('',#9245,#2054);
#1550=LINE('',#9252,#2055);
#1551=LINE('',#9254,#2056);
#1552=LINE('',#9256,#2057);
#1553=LINE('',#9258,#2058);
#1554=LINE('',#9260,#2059);
#1555=LINE('',#9261,#2060);
#1556=LINE('',#9263,#2061);
#1557=LINE('',#9265,#2062);
#1558=LINE('',#9267,#2063);
#1559=LINE('',#9269,#2064);
#1560=LINE('',#9272,#2065);
#1561=LINE('',#9273,#2066);
#1562=LINE('',#9275,#2067);
#1563=LINE('',#9277,#2068);
#1564=LINE('',#9280,#2069);
#1565=LINE('',#9284,#2070);
#1566=LINE('',#9285,#2071);
#1567=LINE('',#9287,#2072);
#1568=LINE('',#9291,#2073);
#1569=LINE('',#9293,#2074);
#1570=LINE('',#9295,#2075);
#1571=LINE('',#9298,#2076);
#1572=LINE('',#9299,#2077);
#1573=LINE('',#9301,#2078);
#1574=LINE('',#9303,#2079);
#1575=LINE('',#9305,#2080);
#1576=LINE('',#9307,#2081);
#1577=LINE('',#9309,#2082);
#1578=LINE('',#9311,#2083);
#1579=LINE('',#9313,#2084);
#1580=LINE('',#9315,#2085);
#1581=LINE('',#9317,#2086);
#1582=LINE('',#9319,#2087);
#1583=LINE('',#9321,#2088);
#1584=LINE('',#9323,#2089);
#1585=LINE('',#9325,#2090);
#1586=LINE('',#9327,#2091);
#1587=LINE('',#9329,#2092);
#1588=LINE('',#9331,#2093);
#1589=LINE('',#9333,#2094);
#1590=LINE('',#9335,#2095);
#1591=LINE('',#9337,#2096);
#1592=LINE('',#9339,#2097);
#1593=LINE('',#9341,#2098);
#1594=LINE('',#9343,#2099);
#1595=LINE('',#9345,#2100);
#1596=LINE('',#9347,#2101);
#1597=LINE('',#9349,#2102);
#1598=LINE('',#9351,#2103);
#1599=LINE('',#9353,#2104);
#1600=LINE('',#9355,#2105);
#1601=LINE('',#9357,#2106);
#1602=LINE('',#9359,#2107);
#1603=LINE('',#9361,#2108);
#1604=LINE('',#9363,#2109);
#1605=LINE('',#9365,#2110);
#1606=LINE('',#9367,#2111);
#1607=LINE('',#9369,#2112);
#1608=LINE('',#9371,#2113);
#1609=LINE('',#9373,#2114);
#1610=LINE('',#9375,#2115);
#1611=LINE('',#9377,#2116);
#1612=LINE('',#9379,#2117);
#1613=LINE('',#9381,#2118);
#1614=LINE('',#9383,#2119);
#1615=LINE('',#9385,#2120);
#1616=LINE('',#9387,#2121);
#1617=LINE('',#9389,#2122);
#1618=LINE('',#9391,#2123);
#1619=LINE('',#9393,#2124);
#1620=LINE('',#9395,#2125);
#1621=LINE('',#9397,#2126);
#1622=LINE('',#9399,#2127);
#1623=LINE('',#9401,#2128);
#1624=LINE('',#9403,#2129);
#1625=LINE('',#9405,#2130);
#1626=LINE('',#9407,#2131);
#1627=LINE('',#9409,#2132);
#1628=LINE('',#9411,#2133);
#1629=LINE('',#9413,#2134);
#1630=LINE('',#9415,#2135);
#1631=LINE('',#9417,#2136);
#1632=LINE('',#9419,#2137);
#1633=LINE('',#9421,#2138);
#1634=LINE('',#9423,#2139);
#1635=LINE('',#9425,#2140);
#1636=LINE('',#9427,#2141);
#1637=LINE('',#9429,#2142);
#1638=LINE('',#9431,#2143);
#1639=LINE('',#9433,#2144);
#1640=LINE('',#9435,#2145);
#1641=LINE('',#9437,#2146);
#1642=LINE('',#9439,#2147);
#1643=LINE('',#9441,#2148);
#1644=LINE('',#9443,#2149);
#1645=LINE('',#9445,#2150);
#1646=LINE('',#9447,#2151);
#1647=LINE('',#9449,#2152);
#1648=LINE('',#9451,#2153);
#1649=LINE('',#9453,#2154);
#1650=LINE('',#9455,#2155);
#1651=LINE('',#9457,#2156);
#1652=LINE('',#9459,#2157);
#1653=LINE('',#9461,#2158);
#1654=LINE('',#9463,#2159);
#1655=LINE('',#9465,#2160);
#1656=LINE('',#9467,#2161);
#1657=LINE('',#9469,#2162);
#1658=LINE('',#9471,#2163);
#1659=LINE('',#9473,#2164);
#1660=LINE('',#9475,#2165);
#1661=LINE('',#9477,#2166);
#1662=LINE('',#9479,#2167);
#1663=LINE('',#9481,#2168);
#1664=LINE('',#9483,#2169);
#1665=LINE('',#9485,#2170);
#1666=LINE('',#9487,#2171);
#1667=LINE('',#9489,#2172);
#1668=LINE('',#9491,#2173);
#1669=LINE('',#9493,#2174);
#1670=LINE('',#9495,#2175);
#1671=LINE('',#9499,#2176);
#1672=LINE('',#9501,#2177);
#1673=LINE('',#9502,#2178);
#1674=LINE('',#9505,#2179);
#1675=LINE('',#9509,#2180);
#1676=LINE('',#9510,#2181);
#1677=LINE('',#9513,#2182);
#1678=LINE('',#9517,#2183);
#1679=LINE('',#9518,#2184);
#1680=LINE('',#9521,#2185);
#1681=LINE('',#9525,#2186);
#1682=LINE('',#9526,#2187);
#1683=LINE('',#9532,#2188);
#1684=LINE('',#9534,#2189);
#1685=LINE('',#9535,#2190);
#1686=LINE('',#9538,#2191);
#1687=LINE('',#9542,#2192);
#1688=LINE('',#9543,#2193);
#1689=LINE('',#9546,#2194);
#1690=LINE('',#9550,#2195);
#1691=LINE('',#9551,#2196);
#1692=LINE('',#9554,#2197);
#1693=LINE('',#9558,#2198);
#1694=LINE('',#9559,#2199);
#1695=LINE('',#9565,#2200);
#1696=LINE('',#9567,#2201);
#1697=LINE('',#9568,#2202);
#1698=LINE('',#9571,#2203);
#1699=LINE('',#9575,#2204);
#1700=LINE('',#9576,#2205);
#1701=LINE('',#9579,#2206);
#1702=LINE('',#9583,#2207);
#1703=LINE('',#9584,#2208);
#1704=LINE('',#9587,#2209);
#1705=LINE('',#9591,#2210);
#1706=LINE('',#9592,#2211);
#1707=VECTOR('',#6227,10.);
#1708=VECTOR('',#6228,10.);
#1709=VECTOR('',#6229,10.);
#1710=VECTOR('',#6230,10.);
#1711=VECTOR('',#6235,10.);
#1712=VECTOR('',#6244,10.);
#1713=VECTOR('',#6247,10.);
#1714=VECTOR('',#6248,10.);
#1715=VECTOR('',#6251,10.);
#1716=VECTOR('',#6252,10.);
#1717=VECTOR('',#6253,10.);
#1718=VECTOR('',#6254,10.);
#1719=VECTOR('',#6261,10.);
#1720=VECTOR('',#6264,10.);
#1721=VECTOR('',#6265,10.);
#1722=VECTOR('',#6266,10.);
#1723=VECTOR('',#6275,10.);
#1724=VECTOR('',#6276,10.);
#1725=VECTOR('',#6277,10.);
#1726=VECTOR('',#6278,10.);
#1727=VECTOR('',#6285,10.);
#1728=VECTOR('',#6288,10.);
#1729=VECTOR('',#6289,10.);
#1730=VECTOR('',#6290,10.);
#1731=VECTOR('',#6301,10.);
#1732=VECTOR('',#6304,10.);
#1733=VECTOR('',#6307,10.);
#1734=VECTOR('',#6310,10.);
#1735=VECTOR('',#6313,10.);
#1736=VECTOR('',#6314,10.);
#1737=VECTOR('',#6317,10.);
#1738=VECTOR('',#6326,10.);
#1739=VECTOR('',#6333,0.799999999999983);
#1740=VECTOR('',#6342,0.799999999999983);
#1741=VECTOR('',#6351,0.799999999999983);
#1742=VECTOR('',#6360,0.799999999999996);
#1743=VECTOR('',#6369,0.799999999999983);
#1744=VECTOR('',#6378,0.800000000000001);
#1745=VECTOR('',#6387,1.75);
#1746=VECTOR('',#6392,1.5);
#1747=VECTOR('',#6403,10.);
#1748=VECTOR('',#6406,10.);
#1749=VECTOR('',#6413,10.);
#1750=VECTOR('',#6416,10.);
#1751=VECTOR('',#6419,10.);
#1752=VECTOR('',#6422,10.);
#1753=VECTOR('',#6429,10.);
#1754=VECTOR('',#6432,10.);
#1755=VECTOR('',#6435,10.);
#1756=VECTOR('',#6438,10.);
#1757=VECTOR('',#6441,10.);
#1758=VECTOR('',#6448,10.);
#1759=VECTOR('',#6451,10.);
#1760=VECTOR('',#6454,10.);
#1761=VECTOR('',#6457,10.);
#1762=VECTOR('',#6460,10.);
#1763=VECTOR('',#6467,10.);
#1764=VECTOR('',#6470,10.);
#1765=VECTOR('',#6473,10.);
#1766=VECTOR('',#6476,10.);
#1767=VECTOR('',#6479,10.);
#1768=VECTOR('',#6486,10.);
#1769=VECTOR('',#6489,10.);
#1770=VECTOR('',#6492,10.);
#1771=VECTOR('',#6495,10.);
#1772=VECTOR('',#6498,10.);
#1773=VECTOR('',#6505,10.);
#1774=VECTOR('',#6508,10.);
#1775=VECTOR('',#6511,10.);
#1776=VECTOR('',#6514,10.);
#1777=VECTOR('',#6517,10.);
#1778=VECTOR('',#6524,10.);
#1779=VECTOR('',#6527,10.);
#1780=VECTOR('',#6530,10.);
#1781=VECTOR('',#6533,10.);
#1782=VECTOR('',#6536,10.);
#1783=VECTOR('',#6543,10.);
#1784=VECTOR('',#6546,10.);
#1785=VECTOR('',#6549,10.);
#1786=VECTOR('',#6552,10.);
#1787=VECTOR('',#6555,10.);
#1788=VECTOR('',#6566,10.);
#1789=VECTOR('',#6569,10.);
#1790=VECTOR('',#6572,10.);
#1791=VECTOR('',#6575,10.);
#1792=VECTOR('',#6578,10.);
#1793=VECTOR('',#6581,10.);
#1794=VECTOR('',#6584,10.);
#1795=VECTOR('',#6587,10.);
#1796=VECTOR('',#6590,10.);
#1797=VECTOR('',#6593,10.);
#1798=VECTOR('',#6596,10.);
#1799=VECTOR('',#6599,10.);
#1800=VECTOR('',#6600,10.);
#1801=VECTOR('',#6603,10.);
#1802=VECTOR('',#6606,10.);
#1803=VECTOR('',#6609,10.);
#1804=VECTOR('',#6612,10.);
#1805=VECTOR('',#6615,10.);
#1806=VECTOR('',#6618,10.);
#1807=VECTOR('',#6621,10.);
#1808=VECTOR('',#6624,10.);
#1809=VECTOR('',#6627,10.);
#1810=VECTOR('',#6630,10.);
#1811=VECTOR('',#6633,10.);
#1812=VECTOR('',#6638,10.);
#1813=VECTOR('',#6641,10.);
#1814=VECTOR('',#6644,10.);
#1815=VECTOR('',#6647,10.);
#1816=VECTOR('',#6650,10.);
#1817=VECTOR('',#6653,10.);
#1818=VECTOR('',#6656,10.);
#1819=VECTOR('',#6659,10.);
#1820=VECTOR('',#6662,10.);
#1821=VECTOR('',#6665,10.);
#1822=VECTOR('',#6668,10.);
#1823=VECTOR('',#6671,10.);
#1824=VECTOR('',#6680,1.25);
#1825=VECTOR('',#6687,1.75000000000001);
#1826=VECTOR('',#6692,1.5);
#1827=VECTOR('',#6697,1.25);
#1828=VECTOR('',#6704,1.74999999999999);
#1829=VECTOR('',#6709,1.49999999999999);
#1830=VECTOR('',#6714,1.24999999999998);
#1831=VECTOR('',#6721,1.74999999999999);
#1832=VECTOR('',#6726,1.49999999999999);
#1833=VECTOR('',#6731,1.24999999999998);
#1834=VECTOR('',#6738,1.75);
#1835=VECTOR('',#6743,1.5);
#1836=VECTOR('',#6748,1.25);
#1837=VECTOR('',#6755,1.75000000000001);
#1838=VECTOR('',#6760,1.5);
#1839=VECTOR('',#6765,1.25);
#1840=VECTOR('',#6772,1.74999999999999);
#1841=VECTOR('',#6777,1.49999999999999);
#1842=VECTOR('',#6782,1.24999999999998);
#1843=VECTOR('',#6789,1.74999999999999);
#1844=VECTOR('',#6794,1.49999999999999);
#1845=VECTOR('',#6799,1.24999999999998);
#1846=VECTOR('',#6806,10.);
#1847=VECTOR('',#6809,10.);
#1848=VECTOR('',#6814,10.);
#1849=VECTOR('',#6815,10.);
#1850=VECTOR('',#6816,10.);
#1851=VECTOR('',#6817,10.);
#1852=VECTOR('',#6822,10.);
#1853=VECTOR('',#6827,10.);
#1854=VECTOR('',#6828,10.);
#1855=VECTOR('',#6829,10.);
#1856=VECTOR('',#6834,10.);
#1857=VECTOR('',#6839,10.);
#1858=VECTOR('',#6840,10.);
#1859=VECTOR('',#6841,10.);
#1860=VECTOR('',#6846,10.);
#1861=VECTOR('',#6851,10.);
#1862=VECTOR('',#6852,10.);
#1863=VECTOR('',#6853,10.);
#1864=VECTOR('',#6856,10.);
#1865=VECTOR('',#6857,10.);
#1866=VECTOR('',#6858,10.);
#1867=VECTOR('',#6859,10.);
#1868=VECTOR('',#6876,10.);
#1869=VECTOR('',#6879,10.);
#1870=VECTOR('',#6882,10.);
#1871=VECTOR('',#6883,10.);
#1872=VECTOR('',#6886,10.);
#1873=VECTOR('',#6891,10.);
#1874=VECTOR('',#6892,10.);
#1875=VECTOR('',#6895,10.);
#1876=VECTOR('',#6900,10.);
#1877=VECTOR('',#6901,10.);
#1878=VECTOR('',#6904,10.);
#1879=VECTOR('',#6907,10.);
#1880=VECTOR('',#6910,10.);
#1881=VECTOR('',#6913,10.);
#1882=VECTOR('',#6918,10.);
#1883=VECTOR('',#6921,10.);
#1884=VECTOR('',#6924,10.);
#1885=VECTOR('',#6927,10.);
#1886=VECTOR('',#6930,10.);
#1887=VECTOR('',#6933,10.);
#1888=VECTOR('',#6936,10.);
#1889=VECTOR('',#6939,10.);
#1890=VECTOR('',#6942,10.);
#1891=VECTOR('',#6945,10.);
#1892=VECTOR('',#6946,10.);
#1893=VECTOR('',#6949,10.);
#1894=VECTOR('',#6950,10.);
#1895=VECTOR('',#6953,10.);
#1896=VECTOR('',#6956,10.);
#1897=VECTOR('',#6959,10.);
#1898=VECTOR('',#6960,10.);
#1899=VECTOR('',#6961,10.);
#1900=VECTOR('',#6964,10.);
#1901=VECTOR('',#6967,10.);
#1902=VECTOR('',#6976,10.);
#1903=VECTOR('',#6977,10.);
#1904=VECTOR('',#6978,10.);
#1905=VECTOR('',#6983,10.);
#1906=VECTOR('',#6986,10.);
#1907=VECTOR('',#6987,10.);
#1908=VECTOR('',#6992,10.);
#1909=VECTOR('',#6995,10.);
#1910=VECTOR('',#6996,10.);
#1911=VECTOR('',#7001,10.);
#1912=VECTOR('',#7004,10.);
#1913=VECTOR('',#7005,10.);
#1914=VECTOR('',#7012,10.);
#1915=VECTOR('',#7013,10.);
#1916=VECTOR('',#7016,10.);
#1917=VECTOR('',#7019,10.);
#1918=VECTOR('',#7022,10.);
#1919=VECTOR('',#7025,1.85);
#1920=VECTOR('',#7030,1.6);
#1921=VECTOR('',#7035,1.85);
#1922=VECTOR('',#7040,1.6);
#1923=VECTOR('',#7045,1.85);
#1924=VECTOR('',#7050,1.6);
#1925=VECTOR('',#7055,10.);
#1926=VECTOR('',#7056,10.);
#1927=VECTOR('',#7057,10.);
#1928=VECTOR('',#7062,10.);
#1929=VECTOR('',#7065,10.);
#1930=VECTOR('',#7066,10.);
#1931=VECTOR('',#7071,10.);
#1932=VECTOR('',#7074,10.);
#1933=VECTOR('',#7075,10.);
#1934=VECTOR('',#7080,10.);
#1935=VECTOR('',#7083,10.);
#1936=VECTOR('',#7084,10.);
#1937=VECTOR('',#7091,10.);
#1938=VECTOR('',#7092,10.);
#1939=VECTOR('',#7095,10.);
#1940=VECTOR('',#7098,10.);
#1941=VECTOR('',#7101,10.);
#1942=VECTOR('',#7104,10.);
#1943=VECTOR('',#7105,10.);
#1944=VECTOR('',#7106,10.);
#1945=VECTOR('',#7109,10.);
#1946=VECTOR('',#7110,10.);
#1947=VECTOR('',#7111,10.);
#1948=VECTOR('',#7116,10.);
#1949=VECTOR('',#7119,10.);
#1950=VECTOR('',#7120,10.);
#1951=VECTOR('',#7125,10.);
#1952=VECTOR('',#7128,10.);
#1953=VECTOR('',#7129,10.);
#1954=VECTOR('',#7134,10.);
#1955=VECTOR('',#7137,10.);
#1956=VECTOR('',#7138,10.);
#1957=VECTOR('',#7141,10.);
#1958=VECTOR('',#7142,10.);
#1959=VECTOR('',#7143,10.);
#1960=VECTOR('',#7148,10.);
#1961=VECTOR('',#7151,10.);
#1962=VECTOR('',#7152,10.);
#1963=VECTOR('',#7155,10.);
#1964=VECTOR('',#7156,10.);
#1965=VECTOR('',#7157,10.);
#1966=VECTOR('',#7162,10.);
#1967=VECTOR('',#7165,10.);
#1968=VECTOR('',#7166,10.);
#1969=VECTOR('',#7169,10.);
#1970=VECTOR('',#7170,10.);
#1971=VECTOR('',#7171,10.);
#1972=VECTOR('',#7176,10.);
#1973=VECTOR('',#7179,10.);
#1974=VECTOR('',#7180,10.);
#1975=VECTOR('',#7185,10.);
#1976=VECTOR('',#7188,10.);
#1977=VECTOR('',#7189,10.);
#1978=VECTOR('',#7212,10.);
#1979=VECTOR('',#7213,10.);
#1980=VECTOR('',#7216,10.);
#1981=VECTOR('',#7219,10.);
#1982=VECTOR('',#7222,10.);
#1983=VECTOR('',#7225,10.);
#1984=VECTOR('',#7228,10.);
#1985=VECTOR('',#7231,10.);
#1986=VECTOR('',#7234,10.);
#1987=VECTOR('',#7237,10.);
#1988=VECTOR('',#7240,10.);
#1989=VECTOR('',#7243,10.);
#1990=VECTOR('',#7246,10.);
#1991=VECTOR('',#7249,10.);
#1992=VECTOR('',#7250,10.);
#1993=VECTOR('',#7251,10.);
#1994=VECTOR('',#7256,10.);
#1995=VECTOR('',#7259,10.);
#1996=VECTOR('',#7260,10.);
#1997=VECTOR('',#7265,10.);
#1998=VECTOR('',#7268,10.);
#1999=VECTOR('',#7269,10.);
#2000=VECTOR('',#7274,10.);
#2001=VECTOR('',#7277,10.);
#2002=VECTOR('',#7278,10.);
#2003=VECTOR('',#7285,10.);
#2004=VECTOR('',#7286,10.);
#2005=VECTOR('',#7289,10.);
#2006=VECTOR('',#7292,10.);
#2007=VECTOR('',#7295,10.);
#2008=VECTOR('',#7298,10.);
#2009=VECTOR('',#7301,10.);
#2010=VECTOR('',#7306,10.);
#2011=VECTOR('',#7313,10.);
#2012=VECTOR('',#7314,10.);
#2013=VECTOR('',#7317,10.);
#2014=VECTOR('',#7320,10.);
#2015=VECTOR('',#7323,10.);
#2016=VECTOR('',#7326,10.);
#2017=VECTOR('',#7329,10.);
#2018=VECTOR('',#7332,10.);
#2019=VECTOR('',#7339,10.);
#2020=VECTOR('',#7342,10.);
#2021=VECTOR('',#7345,10.);
#2022=VECTOR('',#7348,10.);
#2023=VECTOR('',#7351,10.);
#2024=VECTOR('',#7358,10.);
#2025=VECTOR('',#7361,10.);
#2026=VECTOR('',#7364,10.);
#2027=VECTOR('',#7367,10.);
#2028=VECTOR('',#7370,10.);
#2029=VECTOR('',#7377,10.);
#2030=VECTOR('',#7380,10.);
#2031=VECTOR('',#7383,10.);
#2032=VECTOR('',#7386,10.);
#2033=VECTOR('',#7389,10.);
#2034=VECTOR('',#7396,10.);
#2035=VECTOR('',#7399,10.);
#2036=VECTOR('',#7402,10.);
#2037=VECTOR('',#7405,10.);
#2038=VECTOR('',#7408,10.);
#2039=VECTOR('',#7415,10.);
#2040=VECTOR('',#7418,10.);
#2041=VECTOR('',#7421,10.);
#2042=VECTOR('',#7424,10.);
#2043=VECTOR('',#7427,10.);
#2044=VECTOR('',#7434,10.);
#2045=VECTOR('',#7437,10.);
#2046=VECTOR('',#7440,10.);
#2047=VECTOR('',#7443,10.);
#2048=VECTOR('',#7446,10.);
#2049=VECTOR('',#7453,10.);
#2050=VECTOR('',#7456,10.);
#2051=VECTOR('',#7459,10.);
#2052=VECTOR('',#7462,10.);
#2053=VECTOR('',#7469,10.);
#2054=VECTOR('',#7472,10.);
#2055=VECTOR('',#7481,10.);
#2056=VECTOR('',#7484,10.);
#2057=VECTOR('',#7487,10.);
#2058=VECTOR('',#7490,10.);
#2059=VECTOR('',#7493,10.);
#2060=VECTOR('',#7494,10.);
#2061=VECTOR('',#7497,10.);
#2062=VECTOR('',#7500,10.);
#2063=VECTOR('',#7503,10.);
#2064=VECTOR('',#7506,10.);
#2065=VECTOR('',#7511,10.);
#2066=VECTOR('',#7512,10.);
#2067=VECTOR('',#7515,10.);
#2068=VECTOR('',#7518,10.);
#2069=VECTOR('',#7523,10.);
#2070=VECTOR('',#7530,10.);
#2071=VECTOR('',#7531,10.);
#2072=VECTOR('',#7534,10.);
#2073=VECTOR('',#7541,10.);
#2074=VECTOR('',#7544,10.);
#2075=VECTOR('',#7547,10.);
#2076=VECTOR('',#7552,10.);
#2077=VECTOR('',#7553,10.);
#2078=VECTOR('',#7556,10.);
#2079=VECTOR('',#7559,10.);
#2080=VECTOR('',#7562,10.);
#2081=VECTOR('',#7565,10.);
#2082=VECTOR('',#7568,10.);
#2083=VECTOR('',#7571,10.);
#2084=VECTOR('',#7574,10.);
#2085=VECTOR('',#7577,10.);
#2086=VECTOR('',#7580,10.);
#2087=VECTOR('',#7583,10.);
#2088=VECTOR('',#7586,10.);
#2089=VECTOR('',#7589,10.);
#2090=VECTOR('',#7592,10.);
#2091=VECTOR('',#7595,10.);
#2092=VECTOR('',#7598,10.);
#2093=VECTOR('',#7601,10.);
#2094=VECTOR('',#7604,10.);
#2095=VECTOR('',#7607,10.);
#2096=VECTOR('',#7610,10.);
#2097=VECTOR('',#7613,10.);
#2098=VECTOR('',#7616,10.);
#2099=VECTOR('',#7619,10.);
#2100=VECTOR('',#7622,10.);
#2101=VECTOR('',#7625,10.);
#2102=VECTOR('',#7628,10.);
#2103=VECTOR('',#7631,10.);
#2104=VECTOR('',#7634,10.);
#2105=VECTOR('',#7637,10.);
#2106=VECTOR('',#7640,10.);
#2107=VECTOR('',#7643,10.);
#2108=VECTOR('',#7646,10.);
#2109=VECTOR('',#7649,10.);
#2110=VECTOR('',#7652,10.);
#2111=VECTOR('',#7655,10.);
#2112=VECTOR('',#7658,10.);
#2113=VECTOR('',#7661,10.);
#2114=VECTOR('',#7664,10.);
#2115=VECTOR('',#7667,10.);
#2116=VECTOR('',#7670,10.);
#2117=VECTOR('',#7673,10.);
#2118=VECTOR('',#7676,10.);
#2119=VECTOR('',#7679,10.);
#2120=VECTOR('',#7682,10.);
#2121=VECTOR('',#7685,10.);
#2122=VECTOR('',#7688,10.);
#2123=VECTOR('',#7691,10.);
#2124=VECTOR('',#7694,10.);
#2125=VECTOR('',#7697,10.);
#2126=VECTOR('',#7700,10.);
#2127=VECTOR('',#7703,10.);
#2128=VECTOR('',#7706,10.);
#2129=VECTOR('',#7709,10.);
#2130=VECTOR('',#7712,10.);
#2131=VECTOR('',#7715,10.);
#2132=VECTOR('',#7718,10.);
#2133=VECTOR('',#7721,10.);
#2134=VECTOR('',#7724,10.);
#2135=VECTOR('',#7727,10.);
#2136=VECTOR('',#7730,10.);
#2137=VECTOR('',#7733,10.);
#2138=VECTOR('',#7736,10.);
#2139=VECTOR('',#7739,10.);
#2140=VECTOR('',#7742,10.);
#2141=VECTOR('',#7745,10.);
#2142=VECTOR('',#7748,10.);
#2143=VECTOR('',#7751,10.);
#2144=VECTOR('',#7754,10.);
#2145=VECTOR('',#7757,10.);
#2146=VECTOR('',#7760,10.);
#2147=VECTOR('',#7763,10.);
#2148=VECTOR('',#7766,10.);
#2149=VECTOR('',#7769,10.);
#2150=VECTOR('',#7772,10.);
#2151=VECTOR('',#7775,10.);
#2152=VECTOR('',#7778,10.);
#2153=VECTOR('',#7781,10.);
#2154=VECTOR('',#7784,10.);
#2155=VECTOR('',#7787,10.);
#2156=VECTOR('',#7790,10.);
#2157=VECTOR('',#7793,10.);
#2158=VECTOR('',#7796,10.);
#2159=VECTOR('',#7799,10.);
#2160=VECTOR('',#7802,10.);
#2161=VECTOR('',#7805,10.);
#2162=VECTOR('',#7808,10.);
#2163=VECTOR('',#7811,10.);
#2164=VECTOR('',#7814,10.);
#2165=VECTOR('',#7817,10.);
#2166=VECTOR('',#7820,10.);
#2167=VECTOR('',#7823,10.);
#2168=VECTOR('',#7826,10.);
#2169=VECTOR('',#7829,10.);
#2170=VECTOR('',#7832,10.);
#2171=VECTOR('',#7835,10.);
#2172=VECTOR('',#7838,10.);
#2173=VECTOR('',#7841,10.);
#2174=VECTOR('',#7844,10.);
#2175=VECTOR('',#7847,10.);
#2176=VECTOR('',#7852,10.);
#2177=VECTOR('',#7853,10.);
#2178=VECTOR('',#7854,10.);
#2179=VECTOR('',#7857,10.);
#2180=VECTOR('',#7862,10.);
#2181=VECTOR('',#7863,10.);
#2182=VECTOR('',#7866,10.);
#2183=VECTOR('',#7871,10.);
#2184=VECTOR('',#7872,10.);
#2185=VECTOR('',#7875,10.);
#2186=VECTOR('',#7880,10.);
#2187=VECTOR('',#7881,10.);
#2188=VECTOR('',#7890,10.);
#2189=VECTOR('',#7891,10.);
#2190=VECTOR('',#7892,10.);
#2191=VECTOR('',#7895,10.);
#2192=VECTOR('',#7900,10.);
#2193=VECTOR('',#7901,10.);
#2194=VECTOR('',#7904,10.);
#2195=VECTOR('',#7909,10.);
#2196=VECTOR('',#7910,10.);
#2197=VECTOR('',#7913,10.);
#2198=VECTOR('',#7918,10.);
#2199=VECTOR('',#7919,10.);
#2200=VECTOR('',#7928,10.);
#2201=VECTOR('',#7929,10.);
#2202=VECTOR('',#7930,10.);
#2203=VECTOR('',#7933,10.);
#2204=VECTOR('',#7938,10.);
#2205=VECTOR('',#7939,10.);
#2206=VECTOR('',#7942,10.);
#2207=VECTOR('',#7947,10.);
#2208=VECTOR('',#7948,10.);
#2209=VECTOR('',#7951,10.);
#2210=VECTOR('',#7956,10.);
#2211=VECTOR('',#7957,10.);
#2212=VERTEX_POINT('',#7968);
#2213=VERTEX_POINT('',#7969);
#2214=VERTEX_POINT('',#7971);
#2215=VERTEX_POINT('',#7973);
#2216=VERTEX_POINT('',#7977);
#2217=VERTEX_POINT('',#7979);
#2218=VERTEX_POINT('',#7983);
#2219=VERTEX_POINT('',#7985);
#2220=VERTEX_POINT('',#7992);
#2221=VERTEX_POINT('',#7993);
#2222=VERTEX_POINT('',#7995);
#2223=VERTEX_POINT('',#7997);
#2224=VERTEX_POINT('',#8001);
#2225=VERTEX_POINT('',#8003);
#2226=VERTEX_POINT('',#8007);
#2227=VERTEX_POINT('',#8009);
#2228=VERTEX_POINT('',#8016);
#2229=VERTEX_POINT('',#8017);
#2230=VERTEX_POINT('',#8019);
#2231=VERTEX_POINT('',#8021);
#2232=VERTEX_POINT('',#8025);
#2233=VERTEX_POINT('',#8027);
#2234=VERTEX_POINT('',#8031);
#2235=VERTEX_POINT('',#8033);
#2236=VERTEX_POINT('',#8040);
#2237=VERTEX_POINT('',#8041);
#2238=VERTEX_POINT('',#8043);
#2239=VERTEX_POINT('',#8045);
#2240=VERTEX_POINT('',#8049);
#2241=VERTEX_POINT('',#8051);
#2242=VERTEX_POINT('',#8055);
#2243=VERTEX_POINT('',#8059);
#2244=VERTEX_POINT('',#8068);
#2245=VERTEX_POINT('',#8070);
#2246=VERTEX_POINT('',#8075);
#2247=VERTEX_POINT('',#8077);
#2248=VERTEX_POINT('',#8082);
#2249=VERTEX_POINT('',#8084);
#2250=VERTEX_POINT('',#8089);
#2251=VERTEX_POINT('',#8091);
#2252=VERTEX_POINT('',#8096);
#2253=VERTEX_POINT('',#8098);
#2254=VERTEX_POINT('',#8103);
#2255=VERTEX_POINT('',#8105);
#2256=VERTEX_POINT('',#8110);
#2257=VERTEX_POINT('',#8112);
#2258=VERTEX_POINT('',#8116);
#2259=VERTEX_POINT('',#8120);
#2260=VERTEX_POINT('',#8121);
#2261=VERTEX_POINT('',#8123);
#2262=VERTEX_POINT('',#8125);
#2263=VERTEX_POINT('',#8127);
#2264=VERTEX_POINT('',#8129);
#2265=VERTEX_POINT('',#8131);
#2266=VERTEX_POINT('',#8133);
#2267=VERTEX_POINT('',#8135);
#2268=VERTEX_POINT('',#8137);
#2269=VERTEX_POINT('',#8139);
#2270=VERTEX_POINT('',#8141);
#2271=VERTEX_POINT('',#8143);
#2272=VERTEX_POINT('',#8145);
#2273=VERTEX_POINT('',#8147);
#2274=VERTEX_POINT('',#8149);
#2275=VERTEX_POINT('',#8151);
#2276=VERTEX_POINT('',#8153);
#2277=VERTEX_POINT('',#8155);
#2278=VERTEX_POINT('',#8157);
#2279=VERTEX_POINT('',#8159);
#2280=VERTEX_POINT('',#8161);
#2281=VERTEX_POINT('',#8163);
#2282=VERTEX_POINT('',#8165);
#2283=VERTEX_POINT('',#8167);
#2284=VERTEX_POINT('',#8169);
#2285=VERTEX_POINT('',#8171);
#2286=VERTEX_POINT('',#8173);
#2287=VERTEX_POINT('',#8175);
#2288=VERTEX_POINT('',#8177);
#2289=VERTEX_POINT('',#8179);
#2290=VERTEX_POINT('',#8181);
#2291=VERTEX_POINT('',#8183);
#2292=VERTEX_POINT('',#8185);
#2293=VERTEX_POINT('',#8187);
#2294=VERTEX_POINT('',#8189);
#2295=VERTEX_POINT('',#8191);
#2296=VERTEX_POINT('',#8193);
#2297=VERTEX_POINT('',#8195);
#2298=VERTEX_POINT('',#8197);
#2299=VERTEX_POINT('',#8199);
#2300=VERTEX_POINT('',#8201);
#2301=VERTEX_POINT('',#8203);
#2302=VERTEX_POINT('',#8205);
#2303=VERTEX_POINT('',#8207);
#2304=VERTEX_POINT('',#8209);
#2305=VERTEX_POINT('',#8211);
#2306=VERTEX_POINT('',#8213);
#2307=VERTEX_POINT('',#8215);
#2308=VERTEX_POINT('',#8217);
#2309=VERTEX_POINT('',#8219);
#2310=VERTEX_POINT('',#8221);
#2311=VERTEX_POINT('',#8223);
#2312=VERTEX_POINT('',#8225);
#2313=VERTEX_POINT('',#8227);
#2314=VERTEX_POINT('',#8229);
#2315=VERTEX_POINT('',#8231);
#2316=VERTEX_POINT('',#8233);
#2317=VERTEX_POINT('',#8235);
#2318=VERTEX_POINT('',#8237);
#2319=VERTEX_POINT('',#8239);
#2320=VERTEX_POINT('',#8241);
#2321=VERTEX_POINT('',#8243);
#2322=VERTEX_POINT('',#8245);
#2323=VERTEX_POINT('',#8247);
#2324=VERTEX_POINT('',#8249);
#2325=VERTEX_POINT('',#8251);
#2326=VERTEX_POINT('',#8253);
#2327=VERTEX_POINT('',#8255);
#2328=VERTEX_POINT('',#8257);
#2329=VERTEX_POINT('',#8259);
#2330=VERTEX_POINT('',#8261);
#2331=VERTEX_POINT('',#8263);
#2332=VERTEX_POINT('',#8265);
#2333=VERTEX_POINT('',#8267);
#2334=VERTEX_POINT('',#8269);
#2335=VERTEX_POINT('',#8271);
#2336=VERTEX_POINT('',#8273);
#2337=VERTEX_POINT('',#8275);
#2338=VERTEX_POINT('',#8277);
#2339=VERTEX_POINT('',#8279);
#2340=VERTEX_POINT('',#8281);
#2341=VERTEX_POINT('',#8283);
#2342=VERTEX_POINT('',#8285);
#2343=VERTEX_POINT('',#8287);
#2344=VERTEX_POINT('',#8289);
#2345=VERTEX_POINT('',#8291);
#2346=VERTEX_POINT('',#8293);
#2347=VERTEX_POINT('',#8295);
#2348=VERTEX_POINT('',#8297);
#2349=VERTEX_POINT('',#8299);
#2350=VERTEX_POINT('',#8301);
#2351=VERTEX_POINT('',#8303);
#2352=VERTEX_POINT('',#8305);
#2353=VERTEX_POINT('',#8307);
#2354=VERTEX_POINT('',#8309);
#2355=VERTEX_POINT('',#8311);
#2356=VERTEX_POINT('',#8313);
#2357=VERTEX_POINT('',#8315);
#2358=VERTEX_POINT('',#8317);
#2359=VERTEX_POINT('',#8320);
#2360=VERTEX_POINT('',#8322);
#2361=VERTEX_POINT('',#8324);
#2362=VERTEX_POINT('',#8326);
#2363=VERTEX_POINT('',#8328);
#2364=VERTEX_POINT('',#8329);
#2365=VERTEX_POINT('',#8331);
#2366=VERTEX_POINT('',#8333);
#2367=VERTEX_POINT('',#8335);
#2368=VERTEX_POINT('',#8337);
#2369=VERTEX_POINT('',#8339);
#2370=VERTEX_POINT('',#8341);
#2371=VERTEX_POINT('',#8343);
#2372=VERTEX_POINT('',#8345);
#2373=VERTEX_POINT('',#8347);
#2374=VERTEX_POINT('',#8349);
#2375=VERTEX_POINT('',#8351);
#2376=VERTEX_POINT('',#8353);
#2377=VERTEX_POINT('',#8355);
#2378=VERTEX_POINT('',#8357);
#2379=VERTEX_POINT('',#8359);
#2380=VERTEX_POINT('',#8361);
#2381=VERTEX_POINT('',#8363);
#2382=VERTEX_POINT('',#8365);
#2383=VERTEX_POINT('',#8367);
#2384=VERTEX_POINT('',#8369);
#2385=VERTEX_POINT('',#8371);
#2386=VERTEX_POINT('',#8373);
#2387=VERTEX_POINT('',#8376);
#2388=VERTEX_POINT('',#8377);
#2389=VERTEX_POINT('',#8379);
#2390=VERTEX_POINT('',#8381);
#2391=VERTEX_POINT('',#8383);
#2392=VERTEX_POINT('',#8385);
#2393=VERTEX_POINT('',#8387);
#2394=VERTEX_POINT('',#8389);
#2395=VERTEX_POINT('',#8392);
#2396=VERTEX_POINT('',#8393);
#2397=VERTEX_POINT('',#8395);
#2398=VERTEX_POINT('',#8397);
#2399=VERTEX_POINT('',#8399);
#2400=VERTEX_POINT('',#8401);
#2401=VERTEX_POINT('',#8403);
#2402=VERTEX_POINT('',#8405);
#2403=VERTEX_POINT('',#8408);
#2404=VERTEX_POINT('',#8409);
#2405=VERTEX_POINT('',#8411);
#2406=VERTEX_POINT('',#8413);
#2407=VERTEX_POINT('',#8415);
#2408=VERTEX_POINT('',#8417);
#2409=VERTEX_POINT('',#8419);
#2410=VERTEX_POINT('',#8421);
#2411=VERTEX_POINT('',#8424);
#2412=VERTEX_POINT('',#8425);
#2413=VERTEX_POINT('',#8427);
#2414=VERTEX_POINT('',#8429);
#2415=VERTEX_POINT('',#8431);
#2416=VERTEX_POINT('',#8433);
#2417=VERTEX_POINT('',#8435);
#2418=VERTEX_POINT('',#8437);
#2419=VERTEX_POINT('',#8440);
#2420=VERTEX_POINT('',#8441);
#2421=VERTEX_POINT('',#8443);
#2422=VERTEX_POINT('',#8445);
#2423=VERTEX_POINT('',#8447);
#2424=VERTEX_POINT('',#8449);
#2425=VERTEX_POINT('',#8451);
#2426=VERTEX_POINT('',#8453);
#2427=VERTEX_POINT('',#8456);
#2428=VERTEX_POINT('',#8457);
#2429=VERTEX_POINT('',#8459);
#2430=VERTEX_POINT('',#8461);
#2431=VERTEX_POINT('',#8463);
#2432=VERTEX_POINT('',#8465);
#2433=VERTEX_POINT('',#8467);
#2434=VERTEX_POINT('',#8469);
#2435=VERTEX_POINT('',#8472);
#2436=VERTEX_POINT('',#8474);
#2437=VERTEX_POINT('',#8476);
#2438=VERTEX_POINT('',#8479);
#2439=VERTEX_POINT('',#8484);
#2440=VERTEX_POINT('',#8488);
#2441=VERTEX_POINT('',#8492);
#2442=VERTEX_POINT('',#8497);
#2443=VERTEX_POINT('',#8501);
#2444=VERTEX_POINT('',#8505);
#2445=VERTEX_POINT('',#8510);
#2446=VERTEX_POINT('',#8514);
#2447=VERTEX_POINT('',#8518);
#2448=VERTEX_POINT('',#8523);
#2449=VERTEX_POINT('',#8527);
#2450=VERTEX_POINT('',#8531);
#2451=VERTEX_POINT('',#8536);
#2452=VERTEX_POINT('',#8540);
#2453=VERTEX_POINT('',#8544);
#2454=VERTEX_POINT('',#8549);
#2455=VERTEX_POINT('',#8553);
#2456=VERTEX_POINT('',#8557);
#2457=VERTEX_POINT('',#8562);
#2458=VERTEX_POINT('',#8566);
#2459=VERTEX_POINT('',#8570);
#2460=VERTEX_POINT('',#8575);
#2461=VERTEX_POINT('',#8576);
#2462=VERTEX_POINT('',#8578);
#2463=VERTEX_POINT('',#8580);
#2464=VERTEX_POINT('',#8584);
#2465=VERTEX_POINT('',#8585);
#2466=VERTEX_POINT('',#8587);
#2467=VERTEX_POINT('',#8589);
#2468=VERTEX_POINT('',#8593);
#2469=VERTEX_POINT('',#8595);
#2470=VERTEX_POINT('',#8599);
#2471=VERTEX_POINT('',#8600);
#2472=VERTEX_POINT('',#8605);
#2473=VERTEX_POINT('',#8607);
#2474=VERTEX_POINT('',#8611);
#2475=VERTEX_POINT('',#8612);
#2476=VERTEX_POINT('',#8617);
#2477=VERTEX_POINT('',#8619);
#2478=VERTEX_POINT('',#8623);
#2479=VERTEX_POINT('',#8628);
#2480=VERTEX_POINT('',#8629);
#2481=VERTEX_POINT('',#8632);
#2482=VERTEX_POINT('',#8643);
#2483=VERTEX_POINT('',#8645);
#2484=VERTEX_POINT('',#8649);
#2485=VERTEX_POINT('',#8653);
#2486=VERTEX_POINT('',#8657);
#2487=VERTEX_POINT('',#8661);
#2488=VERTEX_POINT('',#8665);
#2489=VERTEX_POINT('',#8669);
#2490=VERTEX_POINT('',#8670);
#2491=VERTEX_POINT('',#8672);
#2492=VERTEX_POINT('',#8674);
#2493=VERTEX_POINT('',#8676);
#2494=VERTEX_POINT('',#8678);
#2495=VERTEX_POINT('',#8680);
#2496=VERTEX_POINT('',#8682);
#2497=VERTEX_POINT('',#8685);
#2498=VERTEX_POINT('',#8687);
#2499=VERTEX_POINT('',#8688);
#2500=VERTEX_POINT('',#8690);
#2501=VERTEX_POINT('',#8692);
#2502=VERTEX_POINT('',#8694);
#2503=VERTEX_POINT('',#8696);
#2504=VERTEX_POINT('',#8698);
#2505=VERTEX_POINT('',#8700);
#2506=VERTEX_POINT('',#8703);
#2507=VERTEX_POINT('',#8704);
#2508=VERTEX_POINT('',#8706);
#2509=VERTEX_POINT('',#8708);
#2510=VERTEX_POINT('',#8710);
#2511=VERTEX_POINT('',#8712);
#2512=VERTEX_POINT('',#8714);
#2513=VERTEX_POINT('',#8716);
#2514=VERTEX_POINT('',#8719);
#2515=VERTEX_POINT('',#8720);
#2516=VERTEX_POINT('',#8722);
#2517=VERTEX_POINT('',#8724);
#2518=VERTEX_POINT('',#8726);
#2519=VERTEX_POINT('',#8728);
#2520=VERTEX_POINT('',#8730);
#2521=VERTEX_POINT('',#8732);
#2522=VERTEX_POINT('',#8734);
#2523=VERTEX_POINT('',#8736);
#2524=VERTEX_POINT('',#8738);
#2525=VERTEX_POINT('',#8740);
#2526=VERTEX_POINT('',#8742);
#2527=VERTEX_POINT('',#8744);
#2528=VERTEX_POINT('',#8746);
#2529=VERTEX_POINT('',#8748);
#2530=VERTEX_POINT('',#8750);
#2531=VERTEX_POINT('',#8752);
#2532=VERTEX_POINT('',#8754);
#2533=VERTEX_POINT('',#8756);
#2534=VERTEX_POINT('',#8759);
#2535=VERTEX_POINT('',#8761);
#2536=VERTEX_POINT('',#8764);
#2537=VERTEX_POINT('',#8766);
#2538=VERTEX_POINT('',#8770);
#2539=VERTEX_POINT('',#8774);
#2540=VERTEX_POINT('',#8778);
#2541=VERTEX_POINT('',#8782);
#2542=VERTEX_POINT('',#8786);
#2543=VERTEX_POINT('',#8790);
#2544=VERTEX_POINT('',#8805);
#2545=VERTEX_POINT('',#8809);
#2546=VERTEX_POINT('',#8813);
#2547=VERTEX_POINT('',#8817);
#2548=VERTEX_POINT('',#8821);
#2549=VERTEX_POINT('',#8825);
#2550=VERTEX_POINT('',#8829);
#2551=VERTEX_POINT('',#8831);
#2552=VERTEX_POINT('',#8835);
#2553=VERTEX_POINT('',#8839);
#2554=VERTEX_POINT('',#8843);
#2555=VERTEX_POINT('',#8847);
#2556=VERTEX_POINT('',#8851);
#2557=VERTEX_POINT('',#8855);
#2558=VERTEX_POINT('',#8870);
#2559=VERTEX_POINT('',#8872);
#2560=VERTEX_POINT('',#8876);
#2561=VERTEX_POINT('',#8878);
#2562=VERTEX_POINT('',#8882);
#2563=VERTEX_POINT('',#8886);
#2564=VERTEX_POINT('',#8890);
#2565=VERTEX_POINT('',#8894);
#2566=VERTEX_POINT('',#8898);
#2567=VERTEX_POINT('',#8902);
#2568=VERTEX_POINT('',#8906);
#2569=VERTEX_POINT('',#8908);
#2570=VERTEX_POINT('',#8912);
#2571=VERTEX_POINT('',#8916);
#2572=VERTEX_POINT('',#8920);
#2573=VERTEX_POINT('',#8922);
#2574=VERTEX_POINT('',#8926);
#2575=VERTEX_POINT('',#8930);
#2576=VERTEX_POINT('',#8934);
#2577=VERTEX_POINT('',#8936);
#2578=VERTEX_POINT('',#8940);
#2579=VERTEX_POINT('',#8944);
#2580=VERTEX_POINT('',#8948);
#2581=VERTEX_POINT('',#8952);
#2582=VERTEX_POINT('',#8991);
#2583=VERTEX_POINT('',#8993);
#2584=VERTEX_POINT('',#8997);
#2585=VERTEX_POINT('',#9001);
#2586=VERTEX_POINT('',#9005);
#2587=VERTEX_POINT('',#9009);
#2588=VERTEX_POINT('',#9013);
#2589=VERTEX_POINT('',#9017);
#2590=VERTEX_POINT('',#9032);
#2591=VERTEX_POINT('',#9034);
#2592=VERTEX_POINT('',#9038);
#2593=VERTEX_POINT('',#9044);
#2594=VERTEX_POINT('',#9048);
#2595=VERTEX_POINT('',#9051);
#2596=VERTEX_POINT('',#9052);
#2597=VERTEX_POINT('',#9054);
#2598=VERTEX_POINT('',#9056);
#2599=VERTEX_POINT('',#9058);
#2600=VERTEX_POINT('',#9060);
#2601=VERTEX_POINT('',#9062);
#2602=VERTEX_POINT('',#9064);
#2603=VERTEX_POINT('',#9066);
#2604=VERTEX_POINT('',#9068);
#2605=VERTEX_POINT('',#9070);
#2606=VERTEX_POINT('',#9072);
#2607=VERTEX_POINT('',#9074);
#2608=VERTEX_POINT('',#9076);
#2609=VERTEX_POINT('',#9078);
#2610=VERTEX_POINT('',#9080);
#2611=VERTEX_POINT('',#9082);
#2612=VERTEX_POINT('',#9084);
#2613=VERTEX_POINT('',#9086);
#2614=VERTEX_POINT('',#9088);
#2615=VERTEX_POINT('',#9090);
#2616=VERTEX_POINT('',#9092);
#2617=VERTEX_POINT('',#9094);
#2618=VERTEX_POINT('',#9096);
#2619=VERTEX_POINT('',#9098);
#2620=VERTEX_POINT('',#9100);
#2621=VERTEX_POINT('',#9102);
#2622=VERTEX_POINT('',#9104);
#2623=VERTEX_POINT('',#9106);
#2624=VERTEX_POINT('',#9108);
#2625=VERTEX_POINT('',#9110);
#2626=VERTEX_POINT('',#9112);
#2627=VERTEX_POINT('',#9114);
#2628=VERTEX_POINT('',#9116);
#2629=VERTEX_POINT('',#9118);
#2630=VERTEX_POINT('',#9120);
#2631=VERTEX_POINT('',#9122);
#2632=VERTEX_POINT('',#9124);
#2633=VERTEX_POINT('',#9126);
#2634=VERTEX_POINT('',#9128);
#2635=VERTEX_POINT('',#9130);
#2636=VERTEX_POINT('',#9132);
#2637=VERTEX_POINT('',#9134);
#2638=VERTEX_POINT('',#9136);
#2639=VERTEX_POINT('',#9138);
#2640=VERTEX_POINT('',#9140);
#2641=VERTEX_POINT('',#9142);
#2642=VERTEX_POINT('',#9144);
#2643=VERTEX_POINT('',#9146);
#2644=VERTEX_POINT('',#9148);
#2645=VERTEX_POINT('',#9150);
#2646=VERTEX_POINT('',#9152);
#2647=VERTEX_POINT('',#9154);
#2648=VERTEX_POINT('',#9156);
#2649=VERTEX_POINT('',#9158);
#2650=VERTEX_POINT('',#9160);
#2651=VERTEX_POINT('',#9162);
#2652=VERTEX_POINT('',#9164);
#2653=VERTEX_POINT('',#9166);
#2654=VERTEX_POINT('',#9168);
#2655=VERTEX_POINT('',#9170);
#2656=VERTEX_POINT('',#9172);
#2657=VERTEX_POINT('',#9174);
#2658=VERTEX_POINT('',#9176);
#2659=VERTEX_POINT('',#9178);
#2660=VERTEX_POINT('',#9180);
#2661=VERTEX_POINT('',#9182);
#2662=VERTEX_POINT('',#9184);
#2663=VERTEX_POINT('',#9186);
#2664=VERTEX_POINT('',#9188);
#2665=VERTEX_POINT('',#9190);
#2666=VERTEX_POINT('',#9192);
#2667=VERTEX_POINT('',#9194);
#2668=VERTEX_POINT('',#9196);
#2669=VERTEX_POINT('',#9198);
#2670=VERTEX_POINT('',#9200);
#2671=VERTEX_POINT('',#9202);
#2672=VERTEX_POINT('',#9204);
#2673=VERTEX_POINT('',#9206);
#2674=VERTEX_POINT('',#9208);
#2675=VERTEX_POINT('',#9210);
#2676=VERTEX_POINT('',#9212);
#2677=VERTEX_POINT('',#9214);
#2678=VERTEX_POINT('',#9216);
#2679=VERTEX_POINT('',#9218);
#2680=VERTEX_POINT('',#9220);
#2681=VERTEX_POINT('',#9222);
#2682=VERTEX_POINT('',#9224);
#2683=VERTEX_POINT('',#9226);
#2684=VERTEX_POINT('',#9228);
#2685=VERTEX_POINT('',#9230);
#2686=VERTEX_POINT('',#9232);
#2687=VERTEX_POINT('',#9234);
#2688=VERTEX_POINT('',#9236);
#2689=VERTEX_POINT('',#9238);
#2690=VERTEX_POINT('',#9240);
#2691=VERTEX_POINT('',#9242);
#2692=VERTEX_POINT('',#9244);
#2693=VERTEX_POINT('',#9246);
#2694=VERTEX_POINT('',#9248);
#2695=VERTEX_POINT('',#9498);
#2696=VERTEX_POINT('',#9500);
#2697=VERTEX_POINT('',#9504);
#2698=VERTEX_POINT('',#9508);
#2699=VERTEX_POINT('',#9512);
#2700=VERTEX_POINT('',#9516);
#2701=VERTEX_POINT('',#9520);
#2702=VERTEX_POINT('',#9524);
#2703=VERTEX_POINT('',#9531);
#2704=VERTEX_POINT('',#9533);
#2705=VERTEX_POINT('',#9537);
#2706=VERTEX_POINT('',#9541);
#2707=VERTEX_POINT('',#9545);
#2708=VERTEX_POINT('',#9549);
#2709=VERTEX_POINT('',#9553);
#2710=VERTEX_POINT('',#9557);
#2711=VERTEX_POINT('',#9564);
#2712=VERTEX_POINT('',#9566);
#2713=VERTEX_POINT('',#9570);
#2714=VERTEX_POINT('',#9574);
#2715=VERTEX_POINT('',#9578);
#2716=VERTEX_POINT('',#9582);
#2717=VERTEX_POINT('',#9586);
#2718=VERTEX_POINT('',#9590);
#2719=EDGE_CURVE('',#2212,#2213,#1202,.T.);
#2720=EDGE_CURVE('',#2214,#2212,#1203,.F.);
#2721=EDGE_CURVE('',#2215,#2214,#1204,.T.);
#2722=EDGE_CURVE('',#2215,#2213,#1205,.F.);
#2723=EDGE_CURVE('',#2216,#2213,#101,.T.);
#2724=EDGE_CURVE('',#2216,#2217,#1206,.T.);
#2725=EDGE_CURVE('',#2217,#2212,#102,.T.);
#2726=EDGE_CURVE('',#2215,#2218,#103,.T.);
#2727=EDGE_CURVE('',#2214,#2219,#104,.T.);
#2728=EDGE_CURVE('',#2219,#2218,#1207,.T.);
#2729=EDGE_CURVE('',#2216,#2218,#1208,.F.);
#2730=EDGE_CURVE('',#2217,#2219,#1209,.F.);
#2731=EDGE_CURVE('',#2220,#2221,#1210,.T.);
#2732=EDGE_CURVE('',#2220,#2222,#1211,.F.);
#2733=EDGE_CURVE('',#2223,#2222,#1212,.T.);
#2734=EDGE_CURVE('',#2221,#2223,#1213,.F.);
#2735=EDGE_CURVE('',#2220,#2224,#105,.T.);
#2736=EDGE_CURVE('',#2221,#2225,#106,.T.);
#2737=EDGE_CURVE('',#2225,#2224,#1214,.T.);
#2738=EDGE_CURVE('',#2226,#2225,#1215,.F.);
#2739=EDGE_CURVE('',#2227,#2226,#1216,.T.);
#2740=EDGE_CURVE('',#2227,#2224,#1217,.F.);
#2741=EDGE_CURVE('',#2227,#2222,#107,.T.);
#2742=EDGE_CURVE('',#2226,#2223,#108,.T.);
#2743=EDGE_CURVE('',#2228,#2229,#1218,.T.);
#2744=EDGE_CURVE('',#2230,#2228,#1219,.F.);
#2745=EDGE_CURVE('',#2231,#2230,#1220,.T.);
#2746=EDGE_CURVE('',#2231,#2229,#1221,.F.);
#2747=EDGE_CURVE('',#2231,#2232,#109,.T.);
#2748=EDGE_CURVE('',#2230,#2233,#110,.T.);
#2749=EDGE_CURVE('',#2233,#2232,#1222,.T.);
#2750=EDGE_CURVE('',#2234,#2233,#1223,.F.);
#2751=EDGE_CURVE('',#2235,#2234,#1224,.T.);
#2752=EDGE_CURVE('',#2235,#2232,#1225,.F.);
#2753=EDGE_CURVE('',#2235,#2229,#111,.T.);
#2754=EDGE_CURVE('',#2234,#2228,#112,.T.);
#2755=EDGE_CURVE('',#2236,#2237,#113,.T.);
#2756=EDGE_CURVE('',#2238,#2237,#1226,.F.);
#2757=EDGE_CURVE('',#2238,#2239,#114,.T.);
#2758=EDGE_CURVE('',#2236,#2239,#1227,.F.);
#2759=EDGE_CURVE('',#2236,#2240,#1228,.T.);
#2760=EDGE_CURVE('',#2240,#2241,#115,.T.);
#2761=EDGE_CURVE('',#2241,#2237,#1229,.T.);
#2762=EDGE_CURVE('',#2242,#2239,#1230,.T.);
#2763=EDGE_CURVE('',#2240,#2242,#1231,.F.);
#2764=EDGE_CURVE('',#2238,#2243,#1232,.T.);
#2765=EDGE_CURVE('',#2243,#2242,#116,.T.);
#2766=EDGE_CURVE('',#2243,#2241,#1233,.F.);
#2767=EDGE_CURVE('',#2244,#2244,#117,.T.);
#2768=EDGE_CURVE('',#2244,#2245,#1234,.T.);
#2769=EDGE_CURVE('',#2245,#2245,#118,.T.);
#2770=EDGE_CURVE('',#2246,#2246,#119,.T.);
#2771=EDGE_CURVE('',#2246,#2247,#1235,.T.);
#2772=EDGE_CURVE('',#2247,#2247,#120,.T.);
#2773=EDGE_CURVE('',#2248,#2248,#121,.T.);
#2774=EDGE_CURVE('',#2248,#2249,#1236,.T.);
#2775=EDGE_CURVE('',#2249,#2249,#122,.T.);
#2776=EDGE_CURVE('',#2250,#2250,#123,.T.);
#2777=EDGE_CURVE('',#2250,#2251,#1237,.T.);
#2778=EDGE_CURVE('',#2251,#2251,#124,.T.);
#2779=EDGE_CURVE('',#2252,#2252,#125,.T.);
#2780=EDGE_CURVE('',#2252,#2253,#1238,.T.);
#2781=EDGE_CURVE('',#2253,#2253,#126,.T.);
#2782=EDGE_CURVE('',#2254,#2254,#127,.T.);
#2783=EDGE_CURVE('',#2254,#2255,#1239,.T.);
#2784=EDGE_CURVE('',#2255,#2255,#128,.T.);
#2785=EDGE_CURVE('',#2256,#2256,#129,.T.);
#2786=EDGE_CURVE('',#2256,#2257,#1240,.T.);
#2787=EDGE_CURVE('',#2257,#2257,#130,.T.);
#2788=EDGE_CURVE('',#2257,#2258,#1241,.T.);
#2789=EDGE_CURVE('',#2258,#2258,#131,.T.);
#2790=EDGE_CURVE('',#2259,#2260,#132,.T.);
#2791=EDGE_CURVE('',#2260,#2261,#133,.T.);
#2792=EDGE_CURVE('',#2261,#2262,#134,.T.);
#2793=EDGE_CURVE('',#2262,#2263,#1242,.T.);
#2794=EDGE_CURVE('',#2263,#2264,#135,.T.);
#2795=EDGE_CURVE('',#2264,#2265,#1243,.T.);
#2796=EDGE_CURVE('',#2265,#2266,#136,.T.);
#2797=EDGE_CURVE('',#2266,#2267,#137,.T.);
#2798=EDGE_CURVE('',#2267,#2268,#138,.T.);
#2799=EDGE_CURVE('',#2268,#2269,#1244,.T.);
#2800=EDGE_CURVE('',#2269,#2270,#139,.T.);
#2801=EDGE_CURVE('',#2270,#2271,#1245,.T.);
#2802=EDGE_CURVE('',#2271,#2272,#140,.T.);
#2803=EDGE_CURVE('',#2272,#2273,#1246,.T.);
#2804=EDGE_CURVE('',#2273,#2274,#141,.T.);
#2805=EDGE_CURVE('',#2274,#2275,#1247,.T.);
#2806=EDGE_CURVE('',#2275,#2276,#142,.T.);
#2807=EDGE_CURVE('',#2276,#2277,#143,.T.);
#2808=EDGE_CURVE('',#2277,#2278,#144,.T.);
#2809=EDGE_CURVE('',#2278,#2279,#1248,.T.);
#2810=EDGE_CURVE('',#2279,#2280,#145,.T.);
#2811=EDGE_CURVE('',#2280,#2281,#1249,.T.);
#2812=EDGE_CURVE('',#2281,#2282,#146,.T.);
#2813=EDGE_CURVE('',#2282,#2283,#1250,.T.);
#2814=EDGE_CURVE('',#2283,#2284,#147,.T.);
#2815=EDGE_CURVE('',#2284,#2285,#1251,.T.);
#2816=EDGE_CURVE('',#2285,#2286,#148,.T.);
#2817=EDGE_CURVE('',#2286,#2287,#1252,.T.);
#2818=EDGE_CURVE('',#2287,#2288,#149,.T.);
#2819=EDGE_CURVE('',#2288,#2289,#150,.T.);
#2820=EDGE_CURVE('',#2289,#2290,#151,.T.);
#2821=EDGE_CURVE('',#2290,#2291,#1253,.T.);
#2822=EDGE_CURVE('',#2291,#2292,#152,.T.);
#2823=EDGE_CURVE('',#2292,#2293,#1254,.T.);
#2824=EDGE_CURVE('',#2293,#2294,#153,.T.);
#2825=EDGE_CURVE('',#2294,#2295,#1255,.T.);
#2826=EDGE_CURVE('',#2295,#2296,#154,.T.);
#2827=EDGE_CURVE('',#2296,#2297,#1256,.T.);
#2828=EDGE_CURVE('',#2297,#2298,#155,.T.);
#2829=EDGE_CURVE('',#2298,#2299,#1257,.T.);
#2830=EDGE_CURVE('',#2299,#2300,#156,.T.);
#2831=EDGE_CURVE('',#2300,#2301,#157,.T.);
#2832=EDGE_CURVE('',#2301,#2302,#158,.T.);
#2833=EDGE_CURVE('',#2302,#2303,#1258,.T.);
#2834=EDGE_CURVE('',#2303,#2304,#159,.T.);
#2835=EDGE_CURVE('',#2304,#2305,#1259,.T.);
#2836=EDGE_CURVE('',#2305,#2306,#160,.T.);
#2837=EDGE_CURVE('',#2306,#2307,#1260,.T.);
#2838=EDGE_CURVE('',#2307,#2308,#161,.T.);
#2839=EDGE_CURVE('',#2308,#2309,#1261,.T.);
#2840=EDGE_CURVE('',#2309,#2310,#162,.T.);
#2841=EDGE_CURVE('',#2310,#2311,#1262,.T.);
#2842=EDGE_CURVE('',#2311,#2312,#163,.T.);
#2843=EDGE_CURVE('',#2312,#2313,#164,.T.);
#2844=EDGE_CURVE('',#2313,#2314,#165,.T.);
#2845=EDGE_CURVE('',#2314,#2315,#1263,.T.);
#2846=EDGE_CURVE('',#2315,#2316,#166,.T.);
#2847=EDGE_CURVE('',#2316,#2317,#1264,.T.);
#2848=EDGE_CURVE('',#2317,#2318,#167,.T.);
#2849=EDGE_CURVE('',#2318,#2319,#1265,.T.);
#2850=EDGE_CURVE('',#2319,#2320,#168,.T.);
#2851=EDGE_CURVE('',#2320,#2321,#1266,.T.);
#2852=EDGE_CURVE('',#2321,#2322,#169,.T.);
#2853=EDGE_CURVE('',#2322,#2323,#1267,.T.);
#2854=EDGE_CURVE('',#2323,#2324,#170,.T.);
#2855=EDGE_CURVE('',#2324,#2325,#171,.T.);
#2856=EDGE_CURVE('',#2325,#2326,#172,.T.);
#2857=EDGE_CURVE('',#2326,#2327,#1268,.T.);
#2858=EDGE_CURVE('',#2327,#2328,#173,.T.);
#2859=EDGE_CURVE('',#2328,#2329,#1269,.T.);
#2860=EDGE_CURVE('',#2329,#2330,#174,.T.);
#2861=EDGE_CURVE('',#2330,#2331,#1270,.T.);
#2862=EDGE_CURVE('',#2331,#2332,#175,.T.);
#2863=EDGE_CURVE('',#2332,#2333,#1271,.T.);
#2864=EDGE_CURVE('',#2333,#2334,#176,.T.);
#2865=EDGE_CURVE('',#2334,#2335,#1272,.T.);
#2866=EDGE_CURVE('',#2335,#2336,#177,.T.);
#2867=EDGE_CURVE('',#2336,#2337,#178,.T.);
#2868=EDGE_CURVE('',#2337,#2338,#179,.T.);
#2869=EDGE_CURVE('',#2338,#2339,#1273,.T.);
#2870=EDGE_CURVE('',#2339,#2340,#180,.T.);
#2871=EDGE_CURVE('',#2340,#2341,#1274,.T.);
#2872=EDGE_CURVE('',#2341,#2342,#181,.T.);
#2873=EDGE_CURVE('',#2342,#2343,#1275,.T.);
#2874=EDGE_CURVE('',#2343,#2344,#182,.T.);
#2875=EDGE_CURVE('',#2344,#2345,#1276,.T.);
#2876=EDGE_CURVE('',#2345,#2346,#183,.T.);
#2877=EDGE_CURVE('',#2346,#2347,#1277,.T.);
#2878=EDGE_CURVE('',#2347,#2348,#184,.T.);
#2879=EDGE_CURVE('',#2348,#2349,#185,.T.);
#2880=EDGE_CURVE('',#2349,#2350,#186,.T.);
#2881=EDGE_CURVE('',#2350,#2351,#1278,.T.);
#2882=EDGE_CURVE('',#2351,#2352,#187,.T.);
#2883=EDGE_CURVE('',#2352,#2353,#1279,.T.);
#2884=EDGE_CURVE('',#2353,#2354,#188,.T.);
#2885=EDGE_CURVE('',#2354,#2355,#1280,.T.);
#2886=EDGE_CURVE('',#2355,#2356,#189,.T.);
#2887=EDGE_CURVE('',#2356,#2357,#1281,.T.);
#2888=EDGE_CURVE('',#2357,#2358,#190,.T.);
#2889=EDGE_CURVE('',#2358,#2259,#1282,.T.);
#2890=EDGE_CURVE('',#2359,#2359,#191,.T.);
#2891=EDGE_CURVE('',#2360,#2360,#192,.T.);
#2892=EDGE_CURVE('',#2361,#2361,#193,.T.);
#2893=EDGE_CURVE('',#2362,#2362,#194,.T.);
#2894=EDGE_CURVE('',#2363,#2364,#195,.T.);
#2895=EDGE_CURVE('',#2363,#2365,#1283,.T.);
#2896=EDGE_CURVE('',#2366,#2365,#196,.T.);
#2897=EDGE_CURVE('',#2367,#2366,#1284,.T.);
#2898=EDGE_CURVE('',#2368,#2367,#197,.T.);
#2899=EDGE_CURVE('',#2369,#2368,#1285,.T.);
#2900=EDGE_CURVE('',#2370,#2369,#198,.T.);
#2901=EDGE_CURVE('',#2371,#2370,#1286,.T.);
#2902=EDGE_CURVE('',#2372,#2371,#199,.T.);
#2903=EDGE_CURVE('',#2373,#2372,#1287,.T.);
#2904=EDGE_CURVE('',#2374,#2373,#200,.T.);
#2905=EDGE_CURVE('',#2375,#2374,#1288,.T.);
#2906=EDGE_CURVE('',#2376,#2375,#201,.T.);
#2907=EDGE_CURVE('',#2377,#2376,#1289,.T.);
#2908=EDGE_CURVE('',#2378,#2377,#202,.T.);
#2909=EDGE_CURVE('',#2379,#2378,#1290,.T.);
#2910=EDGE_CURVE('',#2380,#2379,#203,.T.);
#2911=EDGE_CURVE('',#2381,#2380,#1291,.T.);
#2912=EDGE_CURVE('',#2382,#2381,#204,.T.);
#2913=EDGE_CURVE('',#2383,#2382,#1292,.T.);
#2914=EDGE_CURVE('',#2384,#2383,#205,.T.);
#2915=EDGE_CURVE('',#2385,#2384,#1293,.T.);
#2916=EDGE_CURVE('',#2386,#2385,#206,.T.);
#2917=EDGE_CURVE('',#2364,#2386,#1294,.T.);
#2918=EDGE_CURVE('',#2387,#2388,#1295,.T.);
#2919=EDGE_CURVE('',#2388,#2389,#207,.T.);
#2920=EDGE_CURVE('',#2389,#2390,#1296,.T.);
#2921=EDGE_CURVE('',#2390,#2391,#208,.T.);
#2922=EDGE_CURVE('',#2391,#2392,#1297,.T.);
#2923=EDGE_CURVE('',#2392,#2393,#209,.T.);
#2924=EDGE_CURVE('',#2393,#2394,#1298,.T.);
#2925=EDGE_CURVE('',#2394,#2387,#210,.T.);
#2926=EDGE_CURVE('',#2395,#2396,#1299,.T.);
#2927=EDGE_CURVE('',#2396,#2397,#211,.T.);
#2928=EDGE_CURVE('',#2397,#2398,#1300,.T.);
#2929=EDGE_CURVE('',#2398,#2399,#212,.T.);
#2930=EDGE_CURVE('',#2399,#2400,#1301,.T.);
#2931=EDGE_CURVE('',#2400,#2401,#213,.T.);
#2932=EDGE_CURVE('',#2401,#2402,#1302,.T.);
#2933=EDGE_CURVE('',#2402,#2395,#214,.T.);
#2934=EDGE_CURVE('',#2403,#2404,#1303,.T.);
#2935=EDGE_CURVE('',#2404,#2405,#215,.T.);
#2936=EDGE_CURVE('',#2405,#2406,#1304,.T.);
#2937=EDGE_CURVE('',#2406,#2407,#216,.T.);
#2938=EDGE_CURVE('',#2407,#2408,#1305,.T.);
#2939=EDGE_CURVE('',#2408,#2409,#217,.T.);
#2940=EDGE_CURVE('',#2409,#2410,#1306,.T.);
#2941=EDGE_CURVE('',#2410,#2403,#218,.T.);
#2942=EDGE_CURVE('',#2411,#2412,#219,.T.);
#2943=EDGE_CURVE('',#2413,#2411,#1307,.T.);
#2944=EDGE_CURVE('',#2414,#2413,#220,.T.);
#2945=EDGE_CURVE('',#2415,#2414,#1308,.T.);
#2946=EDGE_CURVE('',#2416,#2415,#221,.T.);
#2947=EDGE_CURVE('',#2417,#2416,#1309,.T.);
#2948=EDGE_CURVE('',#2418,#2417,#222,.T.);
#2949=EDGE_CURVE('',#2412,#2418,#1310,.T.);
#2950=EDGE_CURVE('',#2419,#2420,#223,.T.);
#2951=EDGE_CURVE('',#2421,#2419,#1311,.T.);
#2952=EDGE_CURVE('',#2422,#2421,#224,.T.);
#2953=EDGE_CURVE('',#2423,#2422,#1312,.T.);
#2954=EDGE_CURVE('',#2424,#2423,#225,.T.);
#2955=EDGE_CURVE('',#2425,#2424,#1313,.T.);
#2956=EDGE_CURVE('',#2426,#2425,#226,.T.);
#2957=EDGE_CURVE('',#2420,#2426,#1314,.T.);
#2958=EDGE_CURVE('',#2427,#2428,#227,.T.);
#2959=EDGE_CURVE('',#2429,#2427,#1315,.T.);
#2960=EDGE_CURVE('',#2430,#2429,#228,.T.);
#2961=EDGE_CURVE('',#2431,#2430,#1316,.T.);
#2962=EDGE_CURVE('',#2432,#2431,#229,.T.);
#2963=EDGE_CURVE('',#2433,#2432,#1317,.T.);
#2964=EDGE_CURVE('',#2434,#2433,#230,.T.);
#2965=EDGE_CURVE('',#2428,#2434,#1318,.T.);
#2966=EDGE_CURVE('',#2435,#2435,#231,.T.);
#2967=EDGE_CURVE('',#2436,#2436,#232,.T.);
#2968=EDGE_CURVE('',#2437,#2437,#233,.T.);
#2969=EDGE_CURVE('',#2258,#2438,#1319,.T.);
#2970=EDGE_CURVE('',#2438,#2438,#234,.T.);
#2971=EDGE_CURVE('',#2359,#2439,#1320,.T.);
#2972=EDGE_CURVE('',#2439,#2439,#235,.T.);
#2973=EDGE_CURVE('',#2439,#2440,#1321,.T.);
#2974=EDGE_CURVE('',#2440,#2440,#236,.T.);
#2975=EDGE_CURVE('',#2440,#2441,#1322,.T.);
#2976=EDGE_CURVE('',#2441,#2441,#237,.T.);
#2977=EDGE_CURVE('',#2437,#2442,#1323,.T.);
#2978=EDGE_CURVE('',#2442,#2442,#238,.T.);
#2979=EDGE_CURVE('',#2442,#2443,#1324,.T.);
#2980=EDGE_CURVE('',#2443,#2443,#239,.T.);
#2981=EDGE_CURVE('',#2443,#2444,#1325,.T.);
#2982=EDGE_CURVE('',#2444,#2444,#240,.T.);
#2983=EDGE_CURVE('',#2360,#2445,#1326,.T.);
#2984=EDGE_CURVE('',#2445,#2445,#241,.T.);
#2985=EDGE_CURVE('',#2445,#2446,#1327,.T.);
#2986=EDGE_CURVE('',#2446,#2446,#242,.T.);
#2987=EDGE_CURVE('',#2446,#2447,#1328,.T.);
#2988=EDGE_CURVE('',#2447,#2447,#243,.T.);
#2989=EDGE_CURVE('',#2436,#2448,#1329,.T.);
#2990=EDGE_CURVE('',#2448,#2448,#244,.T.);
#2991=EDGE_CURVE('',#2448,#2449,#1330,.T.);
#2992=EDGE_CURVE('',#2449,#2449,#245,.T.);
#2993=EDGE_CURVE('',#2449,#2450,#1331,.T.);
#2994=EDGE_CURVE('',#2450,#2450,#246,.T.);
#2995=EDGE_CURVE('',#2361,#2451,#1332,.T.);
#2996=EDGE_CURVE('',#2451,#2451,#247,.T.);
#2997=EDGE_CURVE('',#2451,#2452,#1333,.T.);
#2998=EDGE_CURVE('',#2452,#2452,#248,.T.);
#2999=EDGE_CURVE('',#2452,#2453,#1334,.T.);
#3000=EDGE_CURVE('',#2453,#2453,#249,.T.);
#3001=EDGE_CURVE('',#2435,#2454,#1335,.T.);
#3002=EDGE_CURVE('',#2454,#2454,#250,.T.);
#3003=EDGE_CURVE('',#2454,#2455,#1336,.T.);
#3004=EDGE_CURVE('',#2455,#2455,#251,.T.);
#3005=EDGE_CURVE('',#2455,#2456,#1337,.T.);
#3006=EDGE_CURVE('',#2456,#2456,#252,.T.);
#3007=EDGE_CURVE('',#2362,#2457,#1338,.T.);
#3008=EDGE_CURVE('',#2457,#2457,#253,.T.);
#3009=EDGE_CURVE('',#2457,#2458,#1339,.T.);
#3010=EDGE_CURVE('',#2458,#2458,#254,.T.);
#3011=EDGE_CURVE('',#2458,#2459,#1340,.T.);
#3012=EDGE_CURVE('',#2459,#2459,#255,.T.);
#3013=EDGE_CURVE('',#2460,#2461,#1341,.T.);
#3014=EDGE_CURVE('',#2461,#2462,#256,.T.);
#3015=EDGE_CURVE('',#2462,#2463,#1342,.T.);
#3016=EDGE_CURVE('',#2463,#2460,#257,.T.);
#3017=EDGE_CURVE('',#2464,#2465,#1343,.T.);
#3018=EDGE_CURVE('',#2465,#2466,#1344,.T.);
#3019=EDGE_CURVE('',#2466,#2467,#1345,.T.);
#3020=EDGE_CURVE('',#2467,#2464,#1346,.T.);
#3021=EDGE_CURVE('',#2464,#2468,#258,.T.);
#3022=EDGE_CURVE('',#2468,#2469,#1347,.T.);
#3023=EDGE_CURVE('',#2469,#2465,#259,.T.);
#3024=EDGE_CURVE('',#2470,#2471,#1348,.T.);
#3025=EDGE_CURVE('',#2471,#2469,#1349,.T.);
#3026=EDGE_CURVE('',#2468,#2470,#1350,.T.);
#3027=EDGE_CURVE('',#2470,#2472,#260,.T.);
#3028=EDGE_CURVE('',#2472,#2473,#1351,.T.);
#3029=EDGE_CURVE('',#2473,#2471,#261,.T.);
#3030=EDGE_CURVE('',#2474,#2475,#1352,.T.);
#3031=EDGE_CURVE('',#2475,#2473,#1353,.T.);
#3032=EDGE_CURVE('',#2472,#2474,#1354,.T.);
#3033=EDGE_CURVE('',#2474,#2476,#262,.T.);
#3034=EDGE_CURVE('',#2476,#2477,#1355,.T.);
#3035=EDGE_CURVE('',#2477,#2475,#263,.T.);
#3036=EDGE_CURVE('',#2478,#2462,#1356,.T.);
#3037=EDGE_CURVE('',#2462,#2477,#1357,.T.);
#3038=EDGE_CURVE('',#2476,#2478,#1358,.T.);
#3039=EDGE_CURVE('',#2479,#2480,#1359,.T.);
#3040=EDGE_CURVE('',#2480,#2461,#1360,.T.);
#3041=EDGE_CURVE('',#2461,#2481,#1361,.T.);
#3042=EDGE_CURVE('',#2481,#2479,#1362,.T.);
#3043=EDGE_CURVE('',#2479,#2467,#264,.T.);
#3044=EDGE_CURVE('',#2466,#2480,#265,.T.);
#3045=EDGE_CURVE('',#2478,#2463,#266,.T.);
#3046=EDGE_CURVE('',#2460,#2481,#267,.T.);
#3047=EDGE_CURVE('',#2470,#2482,#1363,.T.);
#3048=EDGE_CURVE('',#2482,#2483,#268,.T.);
#3049=EDGE_CURVE('',#2483,#2472,#1364,.T.);
#3050=EDGE_CURVE('',#2484,#2468,#1365,.T.);
#3051=EDGE_CURVE('',#2482,#2484,#1366,.T.);
#3052=EDGE_CURVE('',#2464,#2485,#1367,.T.);
#3053=EDGE_CURVE('',#2485,#2484,#269,.T.);
#3054=EDGE_CURVE('',#2486,#2467,#1368,.T.);
#3055=EDGE_CURVE('',#2485,#2486,#1369,.T.);
#3056=EDGE_CURVE('',#2479,#2487,#1370,.T.);
#3057=EDGE_CURVE('',#2487,#2486,#270,.T.);
#3058=EDGE_CURVE('',#2488,#2481,#1371,.T.);
#3059=EDGE_CURVE('',#2487,#2488,#1372,.T.);
#3060=EDGE_CURVE('',#2489,#2490,#1373,.T.);
#3061=EDGE_CURVE('',#2491,#2489,#271,.T.);
#3062=EDGE_CURVE('',#2492,#2491,#1374,.T.);
#3063=EDGE_CURVE('',#2493,#2492,#272,.T.);
#3064=EDGE_CURVE('',#2494,#2493,#1375,.T.);
#3065=EDGE_CURVE('',#2495,#2494,#273,.T.);
#3066=EDGE_CURVE('',#2496,#2495,#1376,.T.);
#3067=EDGE_CURVE('',#2490,#2496,#274,.T.);
#3068=EDGE_CURVE('',#2497,#2497,#275,.T.);
#3069=EDGE_CURVE('',#2498,#2499,#1377,.T.);
#3070=EDGE_CURVE('',#2500,#2498,#276,.T.);
#3071=EDGE_CURVE('',#2501,#2500,#1378,.T.);
#3072=EDGE_CURVE('',#2502,#2501,#277,.T.);
#3073=EDGE_CURVE('',#2503,#2502,#1379,.T.);
#3074=EDGE_CURVE('',#2504,#2503,#278,.T.);
#3075=EDGE_CURVE('',#2505,#2504,#1380,.T.);
#3076=EDGE_CURVE('',#2499,#2505,#279,.T.);
#3077=EDGE_CURVE('',#2506,#2507,#1381,.T.);
#3078=EDGE_CURVE('',#2508,#2506,#280,.T.);
#3079=EDGE_CURVE('',#2509,#2508,#1382,.T.);
#3080=EDGE_CURVE('',#2510,#2509,#281,.T.);
#3081=EDGE_CURVE('',#2511,#2510,#1383,.T.);
#3082=EDGE_CURVE('',#2512,#2511,#282,.T.);
#3083=EDGE_CURVE('',#2513,#2512,#1384,.T.);
#3084=EDGE_CURVE('',#2507,#2513,#283,.T.);
#3085=EDGE_CURVE('',#2514,#2515,#1385,.T.);
#3086=EDGE_CURVE('',#2516,#2514,#284,.T.);
#3087=EDGE_CURVE('',#2517,#2516,#1386,.T.);
#3088=EDGE_CURVE('',#2518,#2517,#1387,.T.);
#3089=EDGE_CURVE('',#2519,#2518,#285,.T.);
#3090=EDGE_CURVE('',#2520,#2519,#1388,.T.);
#3091=EDGE_CURVE('',#2521,#2520,#1389,.T.);
#3092=EDGE_CURVE('',#2522,#2521,#286,.T.);
#3093=EDGE_CURVE('',#2523,#2522,#1390,.T.);
#3094=EDGE_CURVE('',#2524,#2523,#287,.T.);
#3095=EDGE_CURVE('',#2525,#2524,#1391,.T.);
#3096=EDGE_CURVE('',#2526,#2525,#288,.T.);
#3097=EDGE_CURVE('',#2527,#2526,#1392,.T.);
#3098=EDGE_CURVE('',#2528,#2527,#1393,.T.);
#3099=EDGE_CURVE('',#2529,#2528,#1394,.T.);
#3100=EDGE_CURVE('',#2530,#2529,#289,.T.);
#3101=EDGE_CURVE('',#2531,#2530,#1395,.T.);
#3102=EDGE_CURVE('',#2532,#2531,#290,.T.);
#3103=EDGE_CURVE('',#2533,#2532,#1396,.T.);
#3104=EDGE_CURVE('',#2515,#2533,#291,.T.);
#3105=EDGE_CURVE('',#2534,#2534,#292,.T.);
#3106=EDGE_CURVE('',#2535,#2535,#293,.T.);
#3107=EDGE_CURVE('',#2536,#2489,#1397,.T.);
#3108=EDGE_CURVE('',#2490,#2537,#1398,.T.);
#3109=EDGE_CURVE('',#2537,#2536,#1399,.T.);
#3110=EDGE_CURVE('',#2536,#2538,#294,.T.);
#3111=EDGE_CURVE('',#2538,#2491,#1400,.T.);
#3112=EDGE_CURVE('',#2539,#2492,#1401,.T.);
#3113=EDGE_CURVE('',#2538,#2539,#1402,.T.);
#3114=EDGE_CURVE('',#2539,#2540,#295,.T.);
#3115=EDGE_CURVE('',#2540,#2493,#1403,.T.);
#3116=EDGE_CURVE('',#2541,#2494,#1404,.T.);
#3117=EDGE_CURVE('',#2540,#2541,#1405,.T.);
#3118=EDGE_CURVE('',#2541,#2542,#296,.T.);
#3119=EDGE_CURVE('',#2542,#2495,#1406,.T.);
#3120=EDGE_CURVE('',#2543,#2496,#1407,.T.);
#3121=EDGE_CURVE('',#2542,#2543,#1408,.T.);
#3122=EDGE_CURVE('',#2543,#2537,#297,.T.);
#3123=EDGE_CURVE('',#2539,#2419,#1409,.T.);
#3124=EDGE_CURVE('',#2420,#2540,#1410,.T.);
#3125=EDGE_CURVE('',#2421,#2538,#1411,.T.);
#3126=EDGE_CURVE('',#2536,#2422,#1412,.T.);
#3127=EDGE_CURVE('',#2423,#2537,#1413,.T.);
#3128=EDGE_CURVE('',#2535,#2544,#1414,.T.);
#3129=EDGE_CURVE('',#2544,#2544,#298,.T.);
#3130=EDGE_CURVE('',#2544,#2545,#1415,.T.);
#3131=EDGE_CURVE('',#2545,#2545,#299,.T.);
#3132=EDGE_CURVE('',#2497,#2546,#1416,.T.);
#3133=EDGE_CURVE('',#2546,#2546,#300,.T.);
#3134=EDGE_CURVE('',#2546,#2547,#1417,.T.);
#3135=EDGE_CURVE('',#2547,#2547,#301,.T.);
#3136=EDGE_CURVE('',#2534,#2548,#1418,.T.);
#3137=EDGE_CURVE('',#2548,#2548,#302,.T.);
#3138=EDGE_CURVE('',#2548,#2549,#1419,.T.);
#3139=EDGE_CURVE('',#2549,#2549,#303,.T.);
#3140=EDGE_CURVE('',#2550,#2498,#1420,.T.);
#3141=EDGE_CURVE('',#2499,#2551,#1421,.T.);
#3142=EDGE_CURVE('',#2551,#2550,#1422,.T.);
#3143=EDGE_CURVE('',#2550,#2552,#304,.T.);
#3144=EDGE_CURVE('',#2552,#2500,#1423,.T.);
#3145=EDGE_CURVE('',#2553,#2501,#1424,.T.);
#3146=EDGE_CURVE('',#2552,#2553,#1425,.T.);
#3147=EDGE_CURVE('',#2553,#2554,#305,.T.);
#3148=EDGE_CURVE('',#2554,#2502,#1426,.T.);
#3149=EDGE_CURVE('',#2555,#2503,#1427,.T.);
#3150=EDGE_CURVE('',#2554,#2555,#1428,.T.);
#3151=EDGE_CURVE('',#2555,#2556,#306,.T.);
#3152=EDGE_CURVE('',#2556,#2504,#1429,.T.);
#3153=EDGE_CURVE('',#2557,#2505,#1430,.T.);
#3154=EDGE_CURVE('',#2556,#2557,#1431,.T.);
#3155=EDGE_CURVE('',#2557,#2551,#307,.T.);
#3156=EDGE_CURVE('',#2553,#2427,#1432,.T.);
#3157=EDGE_CURVE('',#2428,#2554,#1433,.T.);
#3158=EDGE_CURVE('',#2429,#2552,#1434,.T.);
#3159=EDGE_CURVE('',#2550,#2430,#1435,.T.);
#3160=EDGE_CURVE('',#2431,#2551,#1436,.T.);
#3161=EDGE_CURVE('',#2558,#2528,#1437,.T.);
#3162=EDGE_CURVE('',#2527,#2559,#1438,.T.);
#3163=EDGE_CURVE('',#2559,#2558,#1439,.T.);
#3164=EDGE_CURVE('',#2560,#2521,#1440,.T.);
#3165=EDGE_CURVE('',#2520,#2561,#1441,.T.);
#3166=EDGE_CURVE('',#2561,#2560,#1442,.T.);
#3167=EDGE_CURVE('',#2560,#2562,#308,.T.);
#3168=EDGE_CURVE('',#2562,#2522,#1443,.T.);
#3169=EDGE_CURVE('',#2563,#2523,#1444,.T.);
#3170=EDGE_CURVE('',#2562,#2563,#1445,.T.);
#3171=EDGE_CURVE('',#2563,#2564,#309,.T.);
#3172=EDGE_CURVE('',#2564,#2524,#1446,.T.);
#3173=EDGE_CURVE('',#2565,#2525,#1447,.T.);
#3174=EDGE_CURVE('',#2564,#2565,#1448,.T.);
#3175=EDGE_CURVE('',#2565,#2566,#310,.T.);
#3176=EDGE_CURVE('',#2566,#2526,#1449,.T.);
#3177=EDGE_CURVE('',#2567,#2527,#1450,.T.);
#3178=EDGE_CURVE('',#2566,#2567,#1451,.T.);
#3179=EDGE_CURVE('',#2568,#2518,#1452,.T.);
#3180=EDGE_CURVE('',#2517,#2569,#1453,.T.);
#3181=EDGE_CURVE('',#2569,#2568,#1454,.T.);
#3182=EDGE_CURVE('',#2568,#2570,#311,.T.);
#3183=EDGE_CURVE('',#2570,#2519,#1455,.T.);
#3184=EDGE_CURVE('',#2571,#2520,#1456,.T.);
#3185=EDGE_CURVE('',#2570,#2571,#1457,.T.);
#3186=EDGE_CURVE('',#2572,#2514,#1458,.T.);
#3187=EDGE_CURVE('',#2515,#2573,#1459,.T.);
#3188=EDGE_CURVE('',#2573,#2572,#1460,.T.);
#3189=EDGE_CURVE('',#2572,#2574,#312,.T.);
#3190=EDGE_CURVE('',#2574,#2516,#1461,.T.);
#3191=EDGE_CURVE('',#2575,#2517,#1462,.T.);
#3192=EDGE_CURVE('',#2574,#2575,#1463,.T.);
#3193=EDGE_CURVE('',#2576,#2529,#1464,.T.);
#3194=EDGE_CURVE('',#2528,#2577,#1465,.T.);
#3195=EDGE_CURVE('',#2577,#2576,#1466,.T.);
#3196=EDGE_CURVE('',#2576,#2578,#313,.T.);
#3197=EDGE_CURVE('',#2578,#2530,#1467,.T.);
#3198=EDGE_CURVE('',#2579,#2531,#1468,.T.);
#3199=EDGE_CURVE('',#2578,#2579,#1469,.T.);
#3200=EDGE_CURVE('',#2579,#2580,#314,.T.);
#3201=EDGE_CURVE('',#2580,#2532,#1470,.T.);
#3202=EDGE_CURVE('',#2581,#2533,#1471,.T.);
#3203=EDGE_CURVE('',#2580,#2581,#1472,.T.);
#3204=EDGE_CURVE('',#2581,#2573,#315,.T.);
#3205=EDGE_CURVE('',#2575,#2569,#316,.T.);
#3206=EDGE_CURVE('',#2571,#2561,#317,.T.);
#3207=EDGE_CURVE('',#2567,#2559,#318,.T.);
#3208=EDGE_CURVE('',#2558,#2577,#319,.T.);
#3209=EDGE_CURVE('',#2568,#2376,#1473,.T.);
#3210=EDGE_CURVE('',#2375,#2570,#1474,.T.);
#3211=EDGE_CURVE('',#2377,#2569,#1475,.T.);
#3212=EDGE_CURVE('',#2575,#2378,#1476,.T.);
#3213=EDGE_CURVE('',#2379,#2574,#1477,.T.);
#3214=EDGE_CURVE('',#2572,#2380,#1478,.T.);
#3215=EDGE_CURVE('',#2381,#2573,#1479,.T.);
#3216=EDGE_CURVE('',#2581,#2382,#1480,.T.);
#3217=EDGE_CURVE('',#2383,#2580,#1481,.T.);
#3218=EDGE_CURVE('',#2579,#2384,#1482,.T.);
#3219=EDGE_CURVE('',#2385,#2578,#1483,.T.);
#3220=EDGE_CURVE('',#2576,#2386,#1484,.T.);
#3221=EDGE_CURVE('',#2364,#2577,#1485,.T.);
#3222=EDGE_CURVE('',#2582,#2506,#1486,.T.);
#3223=EDGE_CURVE('',#2507,#2583,#1487,.T.);
#3224=EDGE_CURVE('',#2583,#2582,#1488,.T.);
#3225=EDGE_CURVE('',#2582,#2584,#320,.T.);
#3226=EDGE_CURVE('',#2584,#2508,#1489,.T.);
#3227=EDGE_CURVE('',#2585,#2509,#1490,.T.);
#3228=EDGE_CURVE('',#2584,#2585,#1491,.T.);
#3229=EDGE_CURVE('',#2585,#2586,#321,.T.);
#3230=EDGE_CURVE('',#2586,#2510,#1492,.T.);
#3231=EDGE_CURVE('',#2587,#2511,#1493,.T.);
#3232=EDGE_CURVE('',#2586,#2587,#1494,.T.);
#3233=EDGE_CURVE('',#2587,#2588,#322,.T.);
#3234=EDGE_CURVE('',#2588,#2512,#1495,.T.);
#3235=EDGE_CURVE('',#2589,#2513,#1496,.T.);
#3236=EDGE_CURVE('',#2588,#2589,#1497,.T.);
#3237=EDGE_CURVE('',#2589,#2583,#323,.T.);
#3238=EDGE_CURVE('',#2585,#2414,#1498,.T.);
#3239=EDGE_CURVE('',#2413,#2586,#1499,.T.);
#3240=EDGE_CURVE('',#2415,#2584,#1500,.T.);
#3241=EDGE_CURVE('',#2582,#2416,#1501,.T.);
#3242=EDGE_CURVE('',#2417,#2583,#1502,.T.);
#3243=EDGE_CURVE('',#2478,#2590,#1503,.T.);
#3244=EDGE_CURVE('',#2590,#2591,#324,.T.);
#3245=EDGE_CURVE('',#2591,#2463,#1504,.T.);
#3246=EDGE_CURVE('',#2592,#2591,#325,.T.);
#3247=EDGE_CURVE('',#2460,#2592,#1505,.T.);
#3248=EDGE_CURVE('',#2592,#2488,#326,.T.);
#3249=EDGE_CURVE('',#2593,#2483,#1506,.T.);
#3250=EDGE_CURVE('',#2474,#2593,#1507,.T.);
#3251=EDGE_CURVE('',#2590,#2594,#1508,.T.);
#3252=EDGE_CURVE('',#2593,#2594,#327,.T.);
#3253=EDGE_CURVE('',#2595,#2596,#1509,.T.);
#3254=EDGE_CURVE('',#2596,#2597,#328,.T.);
#3255=EDGE_CURVE('',#2597,#2598,#1510,.T.);
#3256=EDGE_CURVE('',#2598,#2599,#329,.T.);
#3257=EDGE_CURVE('',#2599,#2600,#1511,.T.);
#3258=EDGE_CURVE('',#2600,#2601,#330,.T.);
#3259=EDGE_CURVE('',#2601,#2602,#1512,.T.);
#3260=EDGE_CURVE('',#2602,#2603,#331,.T.);
#3261=EDGE_CURVE('',#2603,#2604,#1513,.T.);
#3262=EDGE_CURVE('',#2604,#2605,#332,.T.);
#3263=EDGE_CURVE('',#2605,#2606,#333,.T.);
#3264=EDGE_CURVE('',#2606,#2607,#334,.T.);
#3265=EDGE_CURVE('',#2607,#2608,#1514,.T.);
#3266=EDGE_CURVE('',#2608,#2609,#335,.T.);
#3267=EDGE_CURVE('',#2609,#2610,#1515,.T.);
#3268=EDGE_CURVE('',#2610,#2611,#336,.T.);
#3269=EDGE_CURVE('',#2611,#2612,#1516,.T.);
#3270=EDGE_CURVE('',#2612,#2613,#337,.T.);
#3271=EDGE_CURVE('',#2613,#2614,#1517,.T.);
#3272=EDGE_CURVE('',#2614,#2615,#338,.T.);
#3273=EDGE_CURVE('',#2615,#2616,#1518,.T.);
#3274=EDGE_CURVE('',#2616,#2617,#339,.T.);
#3275=EDGE_CURVE('',#2617,#2618,#340,.T.);
#3276=EDGE_CURVE('',#2618,#2619,#341,.T.);
#3277=EDGE_CURVE('',#2619,#2620,#1519,.T.);
#3278=EDGE_CURVE('',#2620,#2621,#342,.T.);
#3279=EDGE_CURVE('',#2621,#2622,#1520,.T.);
#3280=EDGE_CURVE('',#2622,#2623,#343,.T.);
#3281=EDGE_CURVE('',#2623,#2624,#1521,.T.);
#3282=EDGE_CURVE('',#2624,#2625,#344,.T.);
#3283=EDGE_CURVE('',#2625,#2626,#1522,.T.);
#3284=EDGE_CURVE('',#2626,#2627,#345,.T.);
#3285=EDGE_CURVE('',#2627,#2628,#1523,.T.);
#3286=EDGE_CURVE('',#2628,#2629,#346,.T.);
#3287=EDGE_CURVE('',#2629,#2630,#347,.T.);
#3288=EDGE_CURVE('',#2630,#2631,#348,.T.);
#3289=EDGE_CURVE('',#2631,#2632,#1524,.T.);
#3290=EDGE_CURVE('',#2632,#2633,#349,.T.);
#3291=EDGE_CURVE('',#2633,#2634,#1525,.T.);
#3292=EDGE_CURVE('',#2634,#2635,#350,.T.);
#3293=EDGE_CURVE('',#2635,#2636,#1526,.T.);
#3294=EDGE_CURVE('',#2636,#2637,#351,.T.);
#3295=EDGE_CURVE('',#2637,#2638,#1527,.T.);
#3296=EDGE_CURVE('',#2638,#2639,#352,.T.);
#3297=EDGE_CURVE('',#2639,#2640,#1528,.T.);
#3298=EDGE_CURVE('',#2640,#2641,#353,.T.);
#3299=EDGE_CURVE('',#2641,#2642,#354,.T.);
#3300=EDGE_CURVE('',#2642,#2643,#355,.T.);
#3301=EDGE_CURVE('',#2643,#2644,#1529,.T.);
#3302=EDGE_CURVE('',#2644,#2645,#356,.T.);
#3303=EDGE_CURVE('',#2645,#2646,#1530,.T.);
#3304=EDGE_CURVE('',#2646,#2647,#357,.T.);
#3305=EDGE_CURVE('',#2647,#2648,#1531,.T.);
#3306=EDGE_CURVE('',#2648,#2649,#358,.T.);
#3307=EDGE_CURVE('',#2649,#2650,#1532,.T.);
#3308=EDGE_CURVE('',#2650,#2651,#359,.T.);
#3309=EDGE_CURVE('',#2651,#2652,#1533,.T.);
#3310=EDGE_CURVE('',#2652,#2653,#360,.T.);
#3311=EDGE_CURVE('',#2653,#2654,#361,.T.);
#3312=EDGE_CURVE('',#2654,#2655,#362,.T.);
#3313=EDGE_CURVE('',#2655,#2656,#1534,.T.);
#3314=EDGE_CURVE('',#2656,#2657,#363,.T.);
#3315=EDGE_CURVE('',#2657,#2658,#1535,.T.);
#3316=EDGE_CURVE('',#2658,#2659,#364,.T.);
#3317=EDGE_CURVE('',#2659,#2660,#1536,.T.);
#3318=EDGE_CURVE('',#2660,#2661,#365,.T.);
#3319=EDGE_CURVE('',#2661,#2662,#1537,.T.);
#3320=EDGE_CURVE('',#2662,#2663,#366,.T.);
#3321=EDGE_CURVE('',#2663,#2664,#1538,.T.);
#3322=EDGE_CURVE('',#2664,#2665,#367,.T.);
#3323=EDGE_CURVE('',#2665,#2666,#368,.T.);
#3324=EDGE_CURVE('',#2666,#2667,#369,.T.);
#3325=EDGE_CURVE('',#2667,#2668,#1539,.T.);
#3326=EDGE_CURVE('',#2668,#2669,#370,.T.);
#3327=EDGE_CURVE('',#2669,#2670,#1540,.T.);
#3328=EDGE_CURVE('',#2670,#2671,#371,.T.);
#3329=EDGE_CURVE('',#2671,#2672,#1541,.T.);
#3330=EDGE_CURVE('',#2672,#2673,#372,.T.);
#3331=EDGE_CURVE('',#2673,#2674,#1542,.T.);
#3332=EDGE_CURVE('',#2674,#2675,#373,.T.);
#3333=EDGE_CURVE('',#2675,#2676,#1543,.T.);
#3334=EDGE_CURVE('',#2676,#2677,#374,.T.);
#3335=EDGE_CURVE('',#2677,#2678,#375,.T.);
#3336=EDGE_CURVE('',#2678,#2679,#376,.T.);
#3337=EDGE_CURVE('',#2679,#2680,#1544,.T.);
#3338=EDGE_CURVE('',#2680,#2681,#377,.T.);
#3339=EDGE_CURVE('',#2681,#2682,#1545,.T.);
#3340=EDGE_CURVE('',#2682,#2683,#378,.T.);
#3341=EDGE_CURVE('',#2683,#2684,#1546,.T.);
#3342=EDGE_CURVE('',#2684,#2685,#379,.T.);
#3343=EDGE_CURVE('',#2685,#2686,#1547,.T.);
#3344=EDGE_CURVE('',#2686,#2687,#380,.T.);
#3345=EDGE_CURVE('',#2687,#2688,#381,.T.);
#3346=EDGE_CURVE('',#2688,#2689,#382,.T.);
#3347=EDGE_CURVE('',#2689,#2690,#1548,.T.);
#3348=EDGE_CURVE('',#2690,#2691,#383,.T.);
#3349=EDGE_CURVE('',#2691,#2692,#1549,.T.);
#3350=EDGE_CURVE('',#2692,#2693,#384,.T.);
#3351=EDGE_CURVE('',#2693,#2694,#385,.T.);
#3352=EDGE_CURVE('',#2694,#2595,#386,.T.);
#3353=EDGE_CURVE('',#2594,#2476,#1550,.T.);
#3354=EDGE_CURVE('',#2558,#2363,#1551,.T.);
#3355=EDGE_CURVE('',#2365,#2559,#1552,.T.);
#3356=EDGE_CURVE('',#2567,#2366,#1553,.T.);
#3357=EDGE_CURVE('',#2571,#2374,#1554,.T.);
#3358=EDGE_CURVE('',#2373,#2561,#1555,.T.);
#3359=EDGE_CURVE('',#2560,#2372,#1556,.T.);
#3360=EDGE_CURVE('',#2541,#2426,#1557,.T.);
#3361=EDGE_CURVE('',#2425,#2542,#1558,.T.);
#3362=EDGE_CURVE('',#2543,#2424,#1559,.T.);
#3363=EDGE_CURVE('',#2563,#2370,#1560,.T.);
#3364=EDGE_CURVE('',#2369,#2564,#1561,.T.);
#3365=EDGE_CURVE('',#2565,#2368,#1562,.T.);
#3366=EDGE_CURVE('',#2367,#2566,#1563,.T.);
#3367=EDGE_CURVE('',#2371,#2562,#1564,.T.);
#3368=EDGE_CURVE('',#2555,#2434,#1565,.T.);
#3369=EDGE_CURVE('',#2433,#2556,#1566,.T.);
#3370=EDGE_CURVE('',#2557,#2432,#1567,.T.);
#3371=EDGE_CURVE('',#2587,#2411,#1568,.T.);
#3372=EDGE_CURVE('',#2412,#2588,#1569,.T.);
#3373=EDGE_CURVE('',#2589,#2418,#1570,.T.);
#3374=EDGE_CURVE('',#2259,#2595,#1571,.T.);
#3375=EDGE_CURVE('',#2260,#2694,#1572,.T.);
#3376=EDGE_CURVE('',#2261,#2693,#1573,.T.);
#3377=EDGE_CURVE('',#2262,#2692,#1574,.T.);
#3378=EDGE_CURVE('',#2263,#2691,#1575,.T.);
#3379=EDGE_CURVE('',#2264,#2690,#1576,.T.);
#3380=EDGE_CURVE('',#2265,#2689,#1577,.T.);
#3381=EDGE_CURVE('',#2266,#2688,#1578,.T.);
#3382=EDGE_CURVE('',#2267,#2687,#1579,.T.);
#3383=EDGE_CURVE('',#2268,#2686,#1580,.T.);
#3384=EDGE_CURVE('',#2269,#2685,#1581,.T.);
#3385=EDGE_CURVE('',#2270,#2684,#1582,.T.);
#3386=EDGE_CURVE('',#2271,#2683,#1583,.T.);
#3387=EDGE_CURVE('',#2272,#2682,#1584,.T.);
#3388=EDGE_CURVE('',#2273,#2681,#1585,.T.);
#3389=EDGE_CURVE('',#2274,#2680,#1586,.T.);
#3390=EDGE_CURVE('',#2275,#2679,#1587,.T.);
#3391=EDGE_CURVE('',#2276,#2678,#1588,.T.);
#3392=EDGE_CURVE('',#2277,#2677,#1589,.T.);
#3393=EDGE_CURVE('',#2278,#2676,#1590,.T.);
#3394=EDGE_CURVE('',#2279,#2675,#1591,.T.);
#3395=EDGE_CURVE('',#2280,#2674,#1592,.T.);
#3396=EDGE_CURVE('',#2281,#2673,#1593,.T.);
#3397=EDGE_CURVE('',#2282,#2672,#1594,.T.);
#3398=EDGE_CURVE('',#2283,#2671,#1595,.T.);
#3399=EDGE_CURVE('',#2284,#2670,#1596,.T.);
#3400=EDGE_CURVE('',#2285,#2669,#1597,.T.);
#3401=EDGE_CURVE('',#2286,#2668,#1598,.T.);
#3402=EDGE_CURVE('',#2287,#2667,#1599,.T.);
#3403=EDGE_CURVE('',#2288,#2666,#1600,.T.);
#3404=EDGE_CURVE('',#2289,#2665,#1601,.T.);
#3405=EDGE_CURVE('',#2290,#2664,#1602,.T.);
#3406=EDGE_CURVE('',#2291,#2663,#1603,.T.);
#3407=EDGE_CURVE('',#2292,#2662,#1604,.T.);
#3408=EDGE_CURVE('',#2293,#2661,#1605,.T.);
#3409=EDGE_CURVE('',#2294,#2660,#1606,.T.);
#3410=EDGE_CURVE('',#2295,#2659,#1607,.T.);
#3411=EDGE_CURVE('',#2296,#2658,#1608,.T.);
#3412=EDGE_CURVE('',#2297,#2657,#1609,.T.);
#3413=EDGE_CURVE('',#2298,#2656,#1610,.T.);
#3414=EDGE_CURVE('',#2299,#2655,#1611,.T.);
#3415=EDGE_CURVE('',#2300,#2654,#1612,.T.);
#3416=EDGE_CURVE('',#2301,#2653,#1613,.T.);
#3417=EDGE_CURVE('',#2302,#2652,#1614,.T.);
#3418=EDGE_CURVE('',#2303,#2651,#1615,.T.);
#3419=EDGE_CURVE('',#2304,#2650,#1616,.T.);
#3420=EDGE_CURVE('',#2305,#2649,#1617,.T.);
#3421=EDGE_CURVE('',#2306,#2648,#1618,.T.);
#3422=EDGE_CURVE('',#2307,#2647,#1619,.T.);
#3423=EDGE_CURVE('',#2308,#2646,#1620,.T.);
#3424=EDGE_CURVE('',#2309,#2645,#1621,.T.);
#3425=EDGE_CURVE('',#2310,#2644,#1622,.T.);
#3426=EDGE_CURVE('',#2311,#2643,#1623,.T.);
#3427=EDGE_CURVE('',#2312,#2642,#1624,.T.);
#3428=EDGE_CURVE('',#2313,#2641,#1625,.T.);
#3429=EDGE_CURVE('',#2314,#2640,#1626,.T.);
#3430=EDGE_CURVE('',#2315,#2639,#1627,.T.);
#3431=EDGE_CURVE('',#2316,#2638,#1628,.T.);
#3432=EDGE_CURVE('',#2317,#2637,#1629,.T.);
#3433=EDGE_CURVE('',#2318,#2636,#1630,.T.);
#3434=EDGE_CURVE('',#2319,#2635,#1631,.T.);
#3435=EDGE_CURVE('',#2320,#2634,#1632,.T.);
#3436=EDGE_CURVE('',#2321,#2633,#1633,.T.);
#3437=EDGE_CURVE('',#2322,#2632,#1634,.T.);
#3438=EDGE_CURVE('',#2323,#2631,#1635,.T.);
#3439=EDGE_CURVE('',#2324,#2630,#1636,.T.);
#3440=EDGE_CURVE('',#2325,#2629,#1637,.T.);
#3441=EDGE_CURVE('',#2326,#2628,#1638,.T.);
#3442=EDGE_CURVE('',#2327,#2627,#1639,.T.);
#3443=EDGE_CURVE('',#2328,#2626,#1640,.T.);
#3444=EDGE_CURVE('',#2329,#2625,#1641,.T.);
#3445=EDGE_CURVE('',#2330,#2624,#1642,.T.);
#3446=EDGE_CURVE('',#2331,#2623,#1643,.T.);
#3447=EDGE_CURVE('',#2332,#2622,#1644,.T.);
#3448=EDGE_CURVE('',#2333,#2621,#1645,.T.);
#3449=EDGE_CURVE('',#2334,#2620,#1646,.T.);
#3450=EDGE_CURVE('',#2335,#2619,#1647,.T.);
#3451=EDGE_CURVE('',#2336,#2618,#1648,.T.);
#3452=EDGE_CURVE('',#2337,#2617,#1649,.T.);
#3453=EDGE_CURVE('',#2338,#2616,#1650,.T.);
#3454=EDGE_CURVE('',#2339,#2615,#1651,.T.);
#3455=EDGE_CURVE('',#2340,#2614,#1652,.T.);
#3456=EDGE_CURVE('',#2341,#2613,#1653,.T.);
#3457=EDGE_CURVE('',#2342,#2612,#1654,.T.);
#3458=EDGE_CURVE('',#2343,#2611,#1655,.T.);
#3459=EDGE_CURVE('',#2344,#2610,#1656,.T.);
#3460=EDGE_CURVE('',#2345,#2609,#1657,.T.);
#3461=EDGE_CURVE('',#2346,#2608,#1658,.T.);
#3462=EDGE_CURVE('',#2347,#2607,#1659,.T.);
#3463=EDGE_CURVE('',#2348,#2606,#1660,.T.);
#3464=EDGE_CURVE('',#2349,#2605,#1661,.T.);
#3465=EDGE_CURVE('',#2350,#2604,#1662,.T.);
#3466=EDGE_CURVE('',#2351,#2603,#1663,.T.);
#3467=EDGE_CURVE('',#2352,#2602,#1664,.T.);
#3468=EDGE_CURVE('',#2353,#2601,#1665,.T.);
#3469=EDGE_CURVE('',#2354,#2600,#1666,.T.);
#3470=EDGE_CURVE('',#2355,#2599,#1667,.T.);
#3471=EDGE_CURVE('',#2356,#2598,#1668,.T.);
#3472=EDGE_CURVE('',#2357,#2597,#1669,.T.);
#3473=EDGE_CURVE('',#2358,#2596,#1670,.T.);
#3474=EDGE_CURVE('',#2387,#2695,#1671,.T.);
#3475=EDGE_CURVE('',#2695,#2696,#1672,.T.);
#3476=EDGE_CURVE('',#2388,#2696,#1673,.T.);
#3477=EDGE_CURVE('',#2394,#2697,#1674,.T.);
#3478=EDGE_CURVE('',#2697,#2695,#387,.T.);
#3479=EDGE_CURVE('',#2393,#2698,#1675,.T.);
#3480=EDGE_CURVE('',#2698,#2697,#1676,.T.);
#3481=EDGE_CURVE('',#2392,#2699,#1677,.T.);
#3482=EDGE_CURVE('',#2699,#2698,#388,.T.);
#3483=EDGE_CURVE('',#2391,#2700,#1678,.T.);
#3484=EDGE_CURVE('',#2700,#2699,#1679,.T.);
#3485=EDGE_CURVE('',#2390,#2701,#1680,.T.);
#3486=EDGE_CURVE('',#2701,#2700,#389,.T.);
#3487=EDGE_CURVE('',#2389,#2702,#1681,.T.);
#3488=EDGE_CURVE('',#2702,#2701,#1682,.T.);
#3489=EDGE_CURVE('',#2696,#2702,#390,.T.);
#3490=EDGE_CURVE('',#2395,#2703,#1683,.T.);
#3491=EDGE_CURVE('',#2703,#2704,#1684,.T.);
#3492=EDGE_CURVE('',#2396,#2704,#1685,.T.);
#3493=EDGE_CURVE('',#2402,#2705,#1686,.T.);
#3494=EDGE_CURVE('',#2705,#2703,#391,.T.);
#3495=EDGE_CURVE('',#2401,#2706,#1687,.T.);
#3496=EDGE_CURVE('',#2706,#2705,#1688,.T.);
#3497=EDGE_CURVE('',#2400,#2707,#1689,.T.);
#3498=EDGE_CURVE('',#2707,#2706,#392,.T.);
#3499=EDGE_CURVE('',#2399,#2708,#1690,.T.);
#3500=EDGE_CURVE('',#2708,#2707,#1691,.T.);
#3501=EDGE_CURVE('',#2398,#2709,#1692,.T.);
#3502=EDGE_CURVE('',#2709,#2708,#393,.T.);
#3503=EDGE_CURVE('',#2397,#2710,#1693,.T.);
#3504=EDGE_CURVE('',#2710,#2709,#1694,.T.);
#3505=EDGE_CURVE('',#2704,#2710,#394,.T.);
#3506=EDGE_CURVE('',#2403,#2711,#1695,.T.);
#3507=EDGE_CURVE('',#2711,#2712,#1696,.T.);
#3508=EDGE_CURVE('',#2404,#2712,#1697,.T.);
#3509=EDGE_CURVE('',#2410,#2713,#1698,.T.);
#3510=EDGE_CURVE('',#2713,#2711,#395,.T.);
#3511=EDGE_CURVE('',#2409,#2714,#1699,.T.);
#3512=EDGE_CURVE('',#2714,#2713,#1700,.T.);
#3513=EDGE_CURVE('',#2408,#2715,#1701,.T.);
#3514=EDGE_CURVE('',#2715,#2714,#396,.T.);
#3515=EDGE_CURVE('',#2407,#2716,#1702,.T.);
#3516=EDGE_CURVE('',#2716,#2715,#1703,.T.);
#3517=EDGE_CURVE('',#2406,#2717,#1704,.T.);
#3518=EDGE_CURVE('',#2717,#2716,#397,.T.);
#3519=EDGE_CURVE('',#2405,#2718,#1705,.T.);
#3520=EDGE_CURVE('',#2718,#2717,#1706,.T.);
#3521=EDGE_CURVE('',#2712,#2718,#398,.T.);
#3522=ORIENTED_EDGE('',*,*,#2719,.F.);
#3523=ORIENTED_EDGE('',*,*,#2720,.F.);
#3524=ORIENTED_EDGE('',*,*,#2721,.F.);
#3525=ORIENTED_EDGE('',*,*,#2722,.T.);
#3526=ORIENTED_EDGE('',*,*,#2723,.F.);
#3527=ORIENTED_EDGE('',*,*,#2724,.T.);
#3528=ORIENTED_EDGE('',*,*,#2725,.T.);
#3529=ORIENTED_EDGE('',*,*,#2719,.T.);
#3530=ORIENTED_EDGE('',*,*,#2726,.F.);
#3531=ORIENTED_EDGE('',*,*,#2721,.T.);
#3532=ORIENTED_EDGE('',*,*,#2727,.T.);
#3533=ORIENTED_EDGE('',*,*,#2728,.T.);
#3534=ORIENTED_EDGE('',*,*,#2724,.F.);
#3535=ORIENTED_EDGE('',*,*,#2729,.T.);
#3536=ORIENTED_EDGE('',*,*,#2728,.F.);
#3537=ORIENTED_EDGE('',*,*,#2730,.F.);
#3538=ORIENTED_EDGE('',*,*,#2731,.F.);
#3539=ORIENTED_EDGE('',*,*,#2732,.T.);
#3540=ORIENTED_EDGE('',*,*,#2733,.F.);
#3541=ORIENTED_EDGE('',*,*,#2734,.F.);
#3542=ORIENTED_EDGE('',*,*,#2735,.F.);
#3543=ORIENTED_EDGE('',*,*,#2731,.T.);
#3544=ORIENTED_EDGE('',*,*,#2736,.T.);
#3545=ORIENTED_EDGE('',*,*,#2737,.T.);
#3546=ORIENTED_EDGE('',*,*,#2737,.F.);
#3547=ORIENTED_EDGE('',*,*,#2738,.F.);
#3548=ORIENTED_EDGE('',*,*,#2739,.F.);
#3549=ORIENTED_EDGE('',*,*,#2740,.T.);
#3550=ORIENTED_EDGE('',*,*,#2741,.F.);
#3551=ORIENTED_EDGE('',*,*,#2739,.T.);
#3552=ORIENTED_EDGE('',*,*,#2742,.T.);
#3553=ORIENTED_EDGE('',*,*,#2733,.T.);
#3554=ORIENTED_EDGE('',*,*,#2743,.F.);
#3555=ORIENTED_EDGE('',*,*,#2744,.F.);
#3556=ORIENTED_EDGE('',*,*,#2745,.F.);
#3557=ORIENTED_EDGE('',*,*,#2746,.T.);
#3558=ORIENTED_EDGE('',*,*,#2747,.F.);
#3559=ORIENTED_EDGE('',*,*,#2745,.T.);
#3560=ORIENTED_EDGE('',*,*,#2748,.T.);
#3561=ORIENTED_EDGE('',*,*,#2749,.T.);
#3562=ORIENTED_EDGE('',*,*,#2749,.F.);
#3563=ORIENTED_EDGE('',*,*,#2750,.F.);
#3564=ORIENTED_EDGE('',*,*,#2751,.F.);
#3565=ORIENTED_EDGE('',*,*,#2752,.T.);
#3566=ORIENTED_EDGE('',*,*,#2753,.F.);
#3567=ORIENTED_EDGE('',*,*,#2751,.T.);
#3568=ORIENTED_EDGE('',*,*,#2754,.T.);
#3569=ORIENTED_EDGE('',*,*,#2743,.T.);
#3570=ORIENTED_EDGE('',*,*,#2755,.T.);
#3571=ORIENTED_EDGE('',*,*,#2756,.F.);
#3572=ORIENTED_EDGE('',*,*,#2757,.T.);
#3573=ORIENTED_EDGE('',*,*,#2758,.F.);
#3574=ORIENTED_EDGE('',*,*,#2755,.F.);
#3575=ORIENTED_EDGE('',*,*,#2759,.T.);
#3576=ORIENTED_EDGE('',*,*,#2760,.T.);
#3577=ORIENTED_EDGE('',*,*,#2761,.T.);
#3578=ORIENTED_EDGE('',*,*,#2759,.F.);
#3579=ORIENTED_EDGE('',*,*,#2758,.T.);
#3580=ORIENTED_EDGE('',*,*,#2762,.F.);
#3581=ORIENTED_EDGE('',*,*,#2763,.F.);
#3582=ORIENTED_EDGE('',*,*,#2757,.F.);
#3583=ORIENTED_EDGE('',*,*,#2764,.T.);
#3584=ORIENTED_EDGE('',*,*,#2765,.T.);
#3585=ORIENTED_EDGE('',*,*,#2762,.T.);
#3586=ORIENTED_EDGE('',*,*,#2753,.T.);
#3587=ORIENTED_EDGE('',*,*,#2746,.F.);
#3588=ORIENTED_EDGE('',*,*,#2747,.T.);
#3589=ORIENTED_EDGE('',*,*,#2752,.F.);
#3590=ORIENTED_EDGE('',*,*,#2735,.T.);
#3591=ORIENTED_EDGE('',*,*,#2740,.F.);
#3592=ORIENTED_EDGE('',*,*,#2741,.T.);
#3593=ORIENTED_EDGE('',*,*,#2732,.F.);
#3594=ORIENTED_EDGE('',*,*,#2761,.F.);
#3595=ORIENTED_EDGE('',*,*,#2766,.F.);
#3596=ORIENTED_EDGE('',*,*,#2764,.F.);
#3597=ORIENTED_EDGE('',*,*,#2756,.T.);
#3598=ORIENTED_EDGE('',*,*,#2723,.T.);
#3599=ORIENTED_EDGE('',*,*,#2722,.F.);
#3600=ORIENTED_EDGE('',*,*,#2726,.T.);
#3601=ORIENTED_EDGE('',*,*,#2729,.F.);
#3602=ORIENTED_EDGE('',*,*,#2767,.F.);
#3603=ORIENTED_EDGE('',*,*,#2768,.T.);
#3604=ORIENTED_EDGE('',*,*,#2769,.T.);
#3605=ORIENTED_EDGE('',*,*,#2768,.F.);
#3606=ORIENTED_EDGE('',*,*,#2769,.F.);
#3607=ORIENTED_EDGE('',*,*,#2770,.F.);
#3608=ORIENTED_EDGE('',*,*,#2771,.T.);
#3609=ORIENTED_EDGE('',*,*,#2772,.T.);
#3610=ORIENTED_EDGE('',*,*,#2771,.F.);
#3611=ORIENTED_EDGE('',*,*,#2772,.F.);
#3612=ORIENTED_EDGE('',*,*,#2773,.F.);
#3613=ORIENTED_EDGE('',*,*,#2774,.T.);
#3614=ORIENTED_EDGE('',*,*,#2775,.T.);
#3615=ORIENTED_EDGE('',*,*,#2774,.F.);
#3616=ORIENTED_EDGE('',*,*,#2775,.F.);
#3617=ORIENTED_EDGE('',*,*,#2776,.F.);
#3618=ORIENTED_EDGE('',*,*,#2777,.T.);
#3619=ORIENTED_EDGE('',*,*,#2778,.T.);
#3620=ORIENTED_EDGE('',*,*,#2777,.F.);
#3621=ORIENTED_EDGE('',*,*,#2778,.F.);
#3622=ORIENTED_EDGE('',*,*,#2779,.F.);
#3623=ORIENTED_EDGE('',*,*,#2780,.T.);
#3624=ORIENTED_EDGE('',*,*,#2781,.T.);
#3625=ORIENTED_EDGE('',*,*,#2780,.F.);
#3626=ORIENTED_EDGE('',*,*,#2781,.F.);
#3627=ORIENTED_EDGE('',*,*,#2782,.F.);
#3628=ORIENTED_EDGE('',*,*,#2783,.T.);
#3629=ORIENTED_EDGE('',*,*,#2784,.T.);
#3630=ORIENTED_EDGE('',*,*,#2783,.F.);
#3631=ORIENTED_EDGE('',*,*,#2784,.F.);
#3632=ORIENTED_EDGE('',*,*,#2785,.T.);
#3633=ORIENTED_EDGE('',*,*,#2786,.T.);
#3634=ORIENTED_EDGE('',*,*,#2787,.T.);
#3635=ORIENTED_EDGE('',*,*,#2786,.F.);
#3636=ORIENTED_EDGE('',*,*,#2787,.F.);
#3637=ORIENTED_EDGE('',*,*,#2788,.T.);
#3638=ORIENTED_EDGE('',*,*,#2789,.F.);
#3639=ORIENTED_EDGE('',*,*,#2788,.F.);
#3640=ORIENTED_EDGE('',*,*,#2790,.T.);
#3641=ORIENTED_EDGE('',*,*,#2791,.T.);
#3642=ORIENTED_EDGE('',*,*,#2792,.T.);
#3643=ORIENTED_EDGE('',*,*,#2793,.T.);
#3644=ORIENTED_EDGE('',*,*,#2794,.T.);
#3645=ORIENTED_EDGE('',*,*,#2795,.T.);
#3646=ORIENTED_EDGE('',*,*,#2796,.T.);
#3647=ORIENTED_EDGE('',*,*,#2797,.T.);
#3648=ORIENTED_EDGE('',*,*,#2798,.T.);
#3649=ORIENTED_EDGE('',*,*,#2799,.T.);
#3650=ORIENTED_EDGE('',*,*,#2800,.T.);
#3651=ORIENTED_EDGE('',*,*,#2801,.T.);
#3652=ORIENTED_EDGE('',*,*,#2802,.T.);
#3653=ORIENTED_EDGE('',*,*,#2803,.T.);
#3654=ORIENTED_EDGE('',*,*,#2804,.T.);
#3655=ORIENTED_EDGE('',*,*,#2805,.T.);
#3656=ORIENTED_EDGE('',*,*,#2806,.T.);
#3657=ORIENTED_EDGE('',*,*,#2807,.T.);
#3658=ORIENTED_EDGE('',*,*,#2808,.T.);
#3659=ORIENTED_EDGE('',*,*,#2809,.T.);
#3660=ORIENTED_EDGE('',*,*,#2810,.T.);
#3661=ORIENTED_EDGE('',*,*,#2811,.T.);
#3662=ORIENTED_EDGE('',*,*,#2812,.T.);
#3663=ORIENTED_EDGE('',*,*,#2813,.T.);
#3664=ORIENTED_EDGE('',*,*,#2814,.T.);
#3665=ORIENTED_EDGE('',*,*,#2815,.T.);
#3666=ORIENTED_EDGE('',*,*,#2816,.T.);
#3667=ORIENTED_EDGE('',*,*,#2817,.T.);
#3668=ORIENTED_EDGE('',*,*,#2818,.T.);
#3669=ORIENTED_EDGE('',*,*,#2819,.T.);
#3670=ORIENTED_EDGE('',*,*,#2820,.T.);
#3671=ORIENTED_EDGE('',*,*,#2821,.T.);
#3672=ORIENTED_EDGE('',*,*,#2822,.T.);
#3673=ORIENTED_EDGE('',*,*,#2823,.T.);
#3674=ORIENTED_EDGE('',*,*,#2824,.T.);
#3675=ORIENTED_EDGE('',*,*,#2825,.T.);
#3676=ORIENTED_EDGE('',*,*,#2826,.T.);
#3677=ORIENTED_EDGE('',*,*,#2827,.T.);
#3678=ORIENTED_EDGE('',*,*,#2828,.T.);
#3679=ORIENTED_EDGE('',*,*,#2829,.T.);
#3680=ORIENTED_EDGE('',*,*,#2830,.T.);
#3681=ORIENTED_EDGE('',*,*,#2831,.T.);
#3682=ORIENTED_EDGE('',*,*,#2832,.T.);
#3683=ORIENTED_EDGE('',*,*,#2833,.T.);
#3684=ORIENTED_EDGE('',*,*,#2834,.T.);
#3685=ORIENTED_EDGE('',*,*,#2835,.T.);
#3686=ORIENTED_EDGE('',*,*,#2836,.T.);
#3687=ORIENTED_EDGE('',*,*,#2837,.T.);
#3688=ORIENTED_EDGE('',*,*,#2838,.T.);
#3689=ORIENTED_EDGE('',*,*,#2839,.T.);
#3690=ORIENTED_EDGE('',*,*,#2840,.T.);
#3691=ORIENTED_EDGE('',*,*,#2841,.T.);
#3692=ORIENTED_EDGE('',*,*,#2842,.T.);
#3693=ORIENTED_EDGE('',*,*,#2843,.T.);
#3694=ORIENTED_EDGE('',*,*,#2844,.T.);
#3695=ORIENTED_EDGE('',*,*,#2845,.T.);
#3696=ORIENTED_EDGE('',*,*,#2846,.T.);
#3697=ORIENTED_EDGE('',*,*,#2847,.T.);
#3698=ORIENTED_EDGE('',*,*,#2848,.T.);
#3699=ORIENTED_EDGE('',*,*,#2849,.T.);
#3700=ORIENTED_EDGE('',*,*,#2850,.T.);
#3701=ORIENTED_EDGE('',*,*,#2851,.T.);
#3702=ORIENTED_EDGE('',*,*,#2852,.T.);
#3703=ORIENTED_EDGE('',*,*,#2853,.T.);
#3704=ORIENTED_EDGE('',*,*,#2854,.T.);
#3705=ORIENTED_EDGE('',*,*,#2855,.T.);
#3706=ORIENTED_EDGE('',*,*,#2856,.T.);
#3707=ORIENTED_EDGE('',*,*,#2857,.T.);
#3708=ORIENTED_EDGE('',*,*,#2858,.T.);
#3709=ORIENTED_EDGE('',*,*,#2859,.T.);
#3710=ORIENTED_EDGE('',*,*,#2860,.T.);
#3711=ORIENTED_EDGE('',*,*,#2861,.T.);
#3712=ORIENTED_EDGE('',*,*,#2862,.T.);
#3713=ORIENTED_EDGE('',*,*,#2863,.T.);
#3714=ORIENTED_EDGE('',*,*,#2864,.T.);
#3715=ORIENTED_EDGE('',*,*,#2865,.T.);
#3716=ORIENTED_EDGE('',*,*,#2866,.T.);
#3717=ORIENTED_EDGE('',*,*,#2867,.T.);
#3718=ORIENTED_EDGE('',*,*,#2868,.T.);
#3719=ORIENTED_EDGE('',*,*,#2869,.T.);
#3720=ORIENTED_EDGE('',*,*,#2870,.T.);
#3721=ORIENTED_EDGE('',*,*,#2871,.T.);
#3722=ORIENTED_EDGE('',*,*,#2872,.T.);
#3723=ORIENTED_EDGE('',*,*,#2873,.T.);
#3724=ORIENTED_EDGE('',*,*,#2874,.T.);
#3725=ORIENTED_EDGE('',*,*,#2875,.T.);
#3726=ORIENTED_EDGE('',*,*,#2876,.T.);
#3727=ORIENTED_EDGE('',*,*,#2877,.T.);
#3728=ORIENTED_EDGE('',*,*,#2878,.T.);
#3729=ORIENTED_EDGE('',*,*,#2879,.T.);
#3730=ORIENTED_EDGE('',*,*,#2880,.T.);
#3731=ORIENTED_EDGE('',*,*,#2881,.T.);
#3732=ORIENTED_EDGE('',*,*,#2882,.T.);
#3733=ORIENTED_EDGE('',*,*,#2883,.T.);
#3734=ORIENTED_EDGE('',*,*,#2884,.T.);
#3735=ORIENTED_EDGE('',*,*,#2885,.T.);
#3736=ORIENTED_EDGE('',*,*,#2886,.T.);
#3737=ORIENTED_EDGE('',*,*,#2887,.T.);
#3738=ORIENTED_EDGE('',*,*,#2888,.T.);
#3739=ORIENTED_EDGE('',*,*,#2889,.T.);
#3740=ORIENTED_EDGE('',*,*,#2890,.F.);
#3741=ORIENTED_EDGE('',*,*,#2891,.F.);
#3742=ORIENTED_EDGE('',*,*,#2892,.F.);
#3743=ORIENTED_EDGE('',*,*,#2893,.F.);
#3744=ORIENTED_EDGE('',*,*,#2894,.F.);
#3745=ORIENTED_EDGE('',*,*,#2895,.T.);
#3746=ORIENTED_EDGE('',*,*,#2896,.F.);
#3747=ORIENTED_EDGE('',*,*,#2897,.F.);
#3748=ORIENTED_EDGE('',*,*,#2898,.F.);
#3749=ORIENTED_EDGE('',*,*,#2899,.F.);
#3750=ORIENTED_EDGE('',*,*,#2900,.F.);
#3751=ORIENTED_EDGE('',*,*,#2901,.F.);
#3752=ORIENTED_EDGE('',*,*,#2902,.F.);
#3753=ORIENTED_EDGE('',*,*,#2903,.F.);
#3754=ORIENTED_EDGE('',*,*,#2904,.F.);
#3755=ORIENTED_EDGE('',*,*,#2905,.F.);
#3756=ORIENTED_EDGE('',*,*,#2906,.F.);
#3757=ORIENTED_EDGE('',*,*,#2907,.F.);
#3758=ORIENTED_EDGE('',*,*,#2908,.F.);
#3759=ORIENTED_EDGE('',*,*,#2909,.F.);
#3760=ORIENTED_EDGE('',*,*,#2910,.F.);
#3761=ORIENTED_EDGE('',*,*,#2911,.F.);
#3762=ORIENTED_EDGE('',*,*,#2912,.F.);
#3763=ORIENTED_EDGE('',*,*,#2913,.F.);
#3764=ORIENTED_EDGE('',*,*,#2914,.F.);
#3765=ORIENTED_EDGE('',*,*,#2915,.F.);
#3766=ORIENTED_EDGE('',*,*,#2916,.F.);
#3767=ORIENTED_EDGE('',*,*,#2917,.F.);
#3768=ORIENTED_EDGE('',*,*,#2918,.T.);
#3769=ORIENTED_EDGE('',*,*,#2919,.T.);
#3770=ORIENTED_EDGE('',*,*,#2920,.T.);
#3771=ORIENTED_EDGE('',*,*,#2921,.T.);
#3772=ORIENTED_EDGE('',*,*,#2922,.T.);
#3773=ORIENTED_EDGE('',*,*,#2923,.T.);
#3774=ORIENTED_EDGE('',*,*,#2924,.T.);
#3775=ORIENTED_EDGE('',*,*,#2925,.T.);
#3776=ORIENTED_EDGE('',*,*,#2926,.T.);
#3777=ORIENTED_EDGE('',*,*,#2927,.T.);
#3778=ORIENTED_EDGE('',*,*,#2928,.T.);
#3779=ORIENTED_EDGE('',*,*,#2929,.T.);
#3780=ORIENTED_EDGE('',*,*,#2930,.T.);
#3781=ORIENTED_EDGE('',*,*,#2931,.T.);
#3782=ORIENTED_EDGE('',*,*,#2932,.T.);
#3783=ORIENTED_EDGE('',*,*,#2933,.T.);
#3784=ORIENTED_EDGE('',*,*,#2934,.T.);
#3785=ORIENTED_EDGE('',*,*,#2935,.T.);
#3786=ORIENTED_EDGE('',*,*,#2936,.T.);
#3787=ORIENTED_EDGE('',*,*,#2937,.T.);
#3788=ORIENTED_EDGE('',*,*,#2938,.T.);
#3789=ORIENTED_EDGE('',*,*,#2939,.T.);
#3790=ORIENTED_EDGE('',*,*,#2940,.T.);
#3791=ORIENTED_EDGE('',*,*,#2941,.T.);
#3792=ORIENTED_EDGE('',*,*,#2942,.F.);
#3793=ORIENTED_EDGE('',*,*,#2943,.F.);
#3794=ORIENTED_EDGE('',*,*,#2944,.F.);
#3795=ORIENTED_EDGE('',*,*,#2945,.F.);
#3796=ORIENTED_EDGE('',*,*,#2946,.F.);
#3797=ORIENTED_EDGE('',*,*,#2947,.F.);
#3798=ORIENTED_EDGE('',*,*,#2948,.F.);
#3799=ORIENTED_EDGE('',*,*,#2949,.F.);
#3800=ORIENTED_EDGE('',*,*,#2950,.F.);
#3801=ORIENTED_EDGE('',*,*,#2951,.F.);
#3802=ORIENTED_EDGE('',*,*,#2952,.F.);
#3803=ORIENTED_EDGE('',*,*,#2953,.F.);
#3804=ORIENTED_EDGE('',*,*,#2954,.F.);
#3805=ORIENTED_EDGE('',*,*,#2955,.F.);
#3806=ORIENTED_EDGE('',*,*,#2956,.F.);
#3807=ORIENTED_EDGE('',*,*,#2957,.F.);
#3808=ORIENTED_EDGE('',*,*,#2958,.F.);
#3809=ORIENTED_EDGE('',*,*,#2959,.F.);
#3810=ORIENTED_EDGE('',*,*,#2960,.F.);
#3811=ORIENTED_EDGE('',*,*,#2961,.F.);
#3812=ORIENTED_EDGE('',*,*,#2962,.F.);
#3813=ORIENTED_EDGE('',*,*,#2963,.F.);
#3814=ORIENTED_EDGE('',*,*,#2964,.F.);
#3815=ORIENTED_EDGE('',*,*,#2965,.F.);
#3816=ORIENTED_EDGE('',*,*,#2966,.F.);
#3817=ORIENTED_EDGE('',*,*,#2967,.F.);
#3818=ORIENTED_EDGE('',*,*,#2968,.F.);
#3819=ORIENTED_EDGE('',*,*,#2785,.F.);
#3820=ORIENTED_EDGE('',*,*,#2789,.T.);
#3821=ORIENTED_EDGE('',*,*,#2969,.T.);
#3822=ORIENTED_EDGE('',*,*,#2970,.T.);
#3823=ORIENTED_EDGE('',*,*,#2969,.F.);
#3824=ORIENTED_EDGE('',*,*,#2970,.F.);
#3825=ORIENTED_EDGE('',*,*,#2890,.T.);
#3826=ORIENTED_EDGE('',*,*,#2971,.T.);
#3827=ORIENTED_EDGE('',*,*,#2972,.T.);
#3828=ORIENTED_EDGE('',*,*,#2971,.F.);
#3829=ORIENTED_EDGE('',*,*,#2972,.F.);
#3830=ORIENTED_EDGE('',*,*,#2973,.T.);
#3831=ORIENTED_EDGE('',*,*,#2974,.F.);
#3832=ORIENTED_EDGE('',*,*,#2973,.F.);
#3833=ORIENTED_EDGE('',*,*,#2974,.T.);
#3834=ORIENTED_EDGE('',*,*,#2975,.T.);
#3835=ORIENTED_EDGE('',*,*,#2976,.T.);
#3836=ORIENTED_EDGE('',*,*,#2975,.F.);
#3837=ORIENTED_EDGE('',*,*,#2976,.F.);
#3838=ORIENTED_EDGE('',*,*,#2968,.T.);
#3839=ORIENTED_EDGE('',*,*,#2977,.T.);
#3840=ORIENTED_EDGE('',*,*,#2978,.T.);
#3841=ORIENTED_EDGE('',*,*,#2977,.F.);
#3842=ORIENTED_EDGE('',*,*,#2978,.F.);
#3843=ORIENTED_EDGE('',*,*,#2979,.T.);
#3844=ORIENTED_EDGE('',*,*,#2980,.F.);
#3845=ORIENTED_EDGE('',*,*,#2979,.F.);
#3846=ORIENTED_EDGE('',*,*,#2980,.T.);
#3847=ORIENTED_EDGE('',*,*,#2981,.T.);
#3848=ORIENTED_EDGE('',*,*,#2982,.T.);
#3849=ORIENTED_EDGE('',*,*,#2981,.F.);
#3850=ORIENTED_EDGE('',*,*,#2982,.F.);
#3851=ORIENTED_EDGE('',*,*,#2891,.T.);
#3852=ORIENTED_EDGE('',*,*,#2983,.T.);
#3853=ORIENTED_EDGE('',*,*,#2984,.T.);
#3854=ORIENTED_EDGE('',*,*,#2983,.F.);
#3855=ORIENTED_EDGE('',*,*,#2984,.F.);
#3856=ORIENTED_EDGE('',*,*,#2985,.T.);
#3857=ORIENTED_EDGE('',*,*,#2986,.F.);
#3858=ORIENTED_EDGE('',*,*,#2985,.F.);
#3859=ORIENTED_EDGE('',*,*,#2986,.T.);
#3860=ORIENTED_EDGE('',*,*,#2987,.T.);
#3861=ORIENTED_EDGE('',*,*,#2988,.T.);
#3862=ORIENTED_EDGE('',*,*,#2987,.F.);
#3863=ORIENTED_EDGE('',*,*,#2988,.F.);
#3864=ORIENTED_EDGE('',*,*,#2967,.T.);
#3865=ORIENTED_EDGE('',*,*,#2989,.T.);
#3866=ORIENTED_EDGE('',*,*,#2990,.T.);
#3867=ORIENTED_EDGE('',*,*,#2989,.F.);
#3868=ORIENTED_EDGE('',*,*,#2990,.F.);
#3869=ORIENTED_EDGE('',*,*,#2991,.T.);
#3870=ORIENTED_EDGE('',*,*,#2992,.F.);
#3871=ORIENTED_EDGE('',*,*,#2991,.F.);
#3872=ORIENTED_EDGE('',*,*,#2992,.T.);
#3873=ORIENTED_EDGE('',*,*,#2993,.T.);
#3874=ORIENTED_EDGE('',*,*,#2994,.T.);
#3875=ORIENTED_EDGE('',*,*,#2993,.F.);
#3876=ORIENTED_EDGE('',*,*,#2994,.F.);
#3877=ORIENTED_EDGE('',*,*,#2892,.T.);
#3878=ORIENTED_EDGE('',*,*,#2995,.T.);
#3879=ORIENTED_EDGE('',*,*,#2996,.T.);
#3880=ORIENTED_EDGE('',*,*,#2995,.F.);
#3881=ORIENTED_EDGE('',*,*,#2996,.F.);
#3882=ORIENTED_EDGE('',*,*,#2997,.T.);
#3883=ORIENTED_EDGE('',*,*,#2998,.F.);
#3884=ORIENTED_EDGE('',*,*,#2997,.F.);
#3885=ORIENTED_EDGE('',*,*,#2998,.T.);
#3886=ORIENTED_EDGE('',*,*,#2999,.T.);
#3887=ORIENTED_EDGE('',*,*,#3000,.T.);
#3888=ORIENTED_EDGE('',*,*,#2999,.F.);
#3889=ORIENTED_EDGE('',*,*,#3000,.F.);
#3890=ORIENTED_EDGE('',*,*,#2966,.T.);
#3891=ORIENTED_EDGE('',*,*,#3001,.T.);
#3892=ORIENTED_EDGE('',*,*,#3002,.T.);
#3893=ORIENTED_EDGE('',*,*,#3001,.F.);
#3894=ORIENTED_EDGE('',*,*,#3002,.F.);
#3895=ORIENTED_EDGE('',*,*,#3003,.T.);
#3896=ORIENTED_EDGE('',*,*,#3004,.F.);
#3897=ORIENTED_EDGE('',*,*,#3003,.F.);
#3898=ORIENTED_EDGE('',*,*,#3004,.T.);
#3899=ORIENTED_EDGE('',*,*,#3005,.T.);
#3900=ORIENTED_EDGE('',*,*,#3006,.T.);
#3901=ORIENTED_EDGE('',*,*,#3005,.F.);
#3902=ORIENTED_EDGE('',*,*,#3006,.F.);
#3903=ORIENTED_EDGE('',*,*,#2893,.T.);
#3904=ORIENTED_EDGE('',*,*,#3007,.T.);
#3905=ORIENTED_EDGE('',*,*,#3008,.T.);
#3906=ORIENTED_EDGE('',*,*,#3007,.F.);
#3907=ORIENTED_EDGE('',*,*,#3008,.F.);
#3908=ORIENTED_EDGE('',*,*,#3009,.T.);
#3909=ORIENTED_EDGE('',*,*,#3010,.F.);
#3910=ORIENTED_EDGE('',*,*,#3009,.F.);
#3911=ORIENTED_EDGE('',*,*,#3010,.T.);
#3912=ORIENTED_EDGE('',*,*,#3011,.T.);
#3913=ORIENTED_EDGE('',*,*,#3012,.T.);
#3914=ORIENTED_EDGE('',*,*,#3011,.F.);
#3915=ORIENTED_EDGE('',*,*,#3012,.F.);
#3916=ORIENTED_EDGE('',*,*,#3013,.T.);
#3917=ORIENTED_EDGE('',*,*,#3014,.T.);
#3918=ORIENTED_EDGE('',*,*,#3015,.T.);
#3919=ORIENTED_EDGE('',*,*,#3016,.T.);
#3920=ORIENTED_EDGE('',*,*,#3017,.T.);
#3921=ORIENTED_EDGE('',*,*,#3018,.T.);
#3922=ORIENTED_EDGE('',*,*,#3019,.T.);
#3923=ORIENTED_EDGE('',*,*,#3020,.T.);
#3924=ORIENTED_EDGE('',*,*,#3017,.F.);
#3925=ORIENTED_EDGE('',*,*,#3021,.T.);
#3926=ORIENTED_EDGE('',*,*,#3022,.T.);
#3927=ORIENTED_EDGE('',*,*,#3023,.T.);
#3928=ORIENTED_EDGE('',*,*,#3024,.T.);
#3929=ORIENTED_EDGE('',*,*,#3025,.T.);
#3930=ORIENTED_EDGE('',*,*,#3022,.F.);
#3931=ORIENTED_EDGE('',*,*,#3026,.T.);
#3932=ORIENTED_EDGE('',*,*,#3024,.F.);
#3933=ORIENTED_EDGE('',*,*,#3027,.T.);
#3934=ORIENTED_EDGE('',*,*,#3028,.T.);
#3935=ORIENTED_EDGE('',*,*,#3029,.T.);
#3936=ORIENTED_EDGE('',*,*,#3030,.T.);
#3937=ORIENTED_EDGE('',*,*,#3031,.T.);
#3938=ORIENTED_EDGE('',*,*,#3028,.F.);
#3939=ORIENTED_EDGE('',*,*,#3032,.T.);
#3940=ORIENTED_EDGE('',*,*,#3030,.F.);
#3941=ORIENTED_EDGE('',*,*,#3033,.T.);
#3942=ORIENTED_EDGE('',*,*,#3034,.T.);
#3943=ORIENTED_EDGE('',*,*,#3035,.T.);
#3944=ORIENTED_EDGE('',*,*,#3036,.T.);
#3945=ORIENTED_EDGE('',*,*,#3037,.T.);
#3946=ORIENTED_EDGE('',*,*,#3034,.F.);
#3947=ORIENTED_EDGE('',*,*,#3038,.T.);
#3948=ORIENTED_EDGE('',*,*,#3039,.T.);
#3949=ORIENTED_EDGE('',*,*,#3040,.T.);
#3950=ORIENTED_EDGE('',*,*,#3041,.T.);
#3951=ORIENTED_EDGE('',*,*,#3042,.T.);
#3952=ORIENTED_EDGE('',*,*,#3039,.F.);
#3953=ORIENTED_EDGE('',*,*,#3043,.T.);
#3954=ORIENTED_EDGE('',*,*,#3019,.F.);
#3955=ORIENTED_EDGE('',*,*,#3044,.T.);
#3956=ORIENTED_EDGE('',*,*,#3036,.F.);
#3957=ORIENTED_EDGE('',*,*,#3045,.T.);
#3958=ORIENTED_EDGE('',*,*,#3015,.F.);
#3959=ORIENTED_EDGE('',*,*,#3013,.F.);
#3960=ORIENTED_EDGE('',*,*,#3046,.T.);
#3961=ORIENTED_EDGE('',*,*,#3041,.F.);
#3962=ORIENTED_EDGE('',*,*,#3027,.F.);
#3963=ORIENTED_EDGE('',*,*,#3047,.T.);
#3964=ORIENTED_EDGE('',*,*,#3048,.T.);
#3965=ORIENTED_EDGE('',*,*,#3049,.T.);
#3966=ORIENTED_EDGE('',*,*,#3026,.F.);
#3967=ORIENTED_EDGE('',*,*,#3050,.F.);
#3968=ORIENTED_EDGE('',*,*,#3051,.F.);
#3969=ORIENTED_EDGE('',*,*,#3047,.F.);
#3970=ORIENTED_EDGE('',*,*,#3021,.F.);
#3971=ORIENTED_EDGE('',*,*,#3052,.T.);
#3972=ORIENTED_EDGE('',*,*,#3053,.T.);
#3973=ORIENTED_EDGE('',*,*,#3050,.T.);
#3974=ORIENTED_EDGE('',*,*,#3020,.F.);
#3975=ORIENTED_EDGE('',*,*,#3054,.F.);
#3976=ORIENTED_EDGE('',*,*,#3055,.F.);
#3977=ORIENTED_EDGE('',*,*,#3052,.F.);
#3978=ORIENTED_EDGE('',*,*,#3043,.F.);
#3979=ORIENTED_EDGE('',*,*,#3056,.T.);
#3980=ORIENTED_EDGE('',*,*,#3057,.T.);
#3981=ORIENTED_EDGE('',*,*,#3054,.T.);
#3982=ORIENTED_EDGE('',*,*,#3042,.F.);
#3983=ORIENTED_EDGE('',*,*,#3058,.F.);
#3984=ORIENTED_EDGE('',*,*,#3059,.F.);
#3985=ORIENTED_EDGE('',*,*,#3056,.F.);
#3986=ORIENTED_EDGE('',*,*,#3018,.F.);
#3987=ORIENTED_EDGE('',*,*,#3023,.F.);
#3988=ORIENTED_EDGE('',*,*,#3025,.F.);
#3989=ORIENTED_EDGE('',*,*,#3029,.F.);
#3990=ORIENTED_EDGE('',*,*,#3031,.F.);
#3991=ORIENTED_EDGE('',*,*,#3035,.F.);
#3992=ORIENTED_EDGE('',*,*,#3037,.F.);
#3993=ORIENTED_EDGE('',*,*,#3014,.F.);
#3994=ORIENTED_EDGE('',*,*,#3040,.F.);
#3995=ORIENTED_EDGE('',*,*,#3044,.F.);
#3996=ORIENTED_EDGE('',*,*,#3060,.F.);
#3997=ORIENTED_EDGE('',*,*,#3061,.F.);
#3998=ORIENTED_EDGE('',*,*,#3062,.F.);
#3999=ORIENTED_EDGE('',*,*,#3063,.F.);
#4000=ORIENTED_EDGE('',*,*,#3064,.F.);
#4001=ORIENTED_EDGE('',*,*,#3065,.F.);
#4002=ORIENTED_EDGE('',*,*,#3066,.F.);
#4003=ORIENTED_EDGE('',*,*,#3067,.F.);
#4004=ORIENTED_EDGE('',*,*,#3068,.F.);
#4005=ORIENTED_EDGE('',*,*,#3069,.F.);
#4006=ORIENTED_EDGE('',*,*,#3070,.F.);
#4007=ORIENTED_EDGE('',*,*,#3071,.F.);
#4008=ORIENTED_EDGE('',*,*,#3072,.F.);
#4009=ORIENTED_EDGE('',*,*,#3073,.F.);
#4010=ORIENTED_EDGE('',*,*,#3074,.F.);
#4011=ORIENTED_EDGE('',*,*,#3075,.F.);
#4012=ORIENTED_EDGE('',*,*,#3076,.F.);
#4013=ORIENTED_EDGE('',*,*,#3077,.F.);
#4014=ORIENTED_EDGE('',*,*,#3078,.F.);
#4015=ORIENTED_EDGE('',*,*,#3079,.F.);
#4016=ORIENTED_EDGE('',*,*,#3080,.F.);
#4017=ORIENTED_EDGE('',*,*,#3081,.F.);
#4018=ORIENTED_EDGE('',*,*,#3082,.F.);
#4019=ORIENTED_EDGE('',*,*,#3083,.F.);
#4020=ORIENTED_EDGE('',*,*,#3084,.F.);
#4021=ORIENTED_EDGE('',*,*,#3085,.F.);
#4022=ORIENTED_EDGE('',*,*,#3086,.F.);
#4023=ORIENTED_EDGE('',*,*,#3087,.F.);
#4024=ORIENTED_EDGE('',*,*,#3088,.F.);
#4025=ORIENTED_EDGE('',*,*,#3089,.F.);
#4026=ORIENTED_EDGE('',*,*,#3090,.F.);
#4027=ORIENTED_EDGE('',*,*,#3091,.F.);
#4028=ORIENTED_EDGE('',*,*,#3092,.F.);
#4029=ORIENTED_EDGE('',*,*,#3093,.F.);
#4030=ORIENTED_EDGE('',*,*,#3094,.F.);
#4031=ORIENTED_EDGE('',*,*,#3095,.F.);
#4032=ORIENTED_EDGE('',*,*,#3096,.F.);
#4033=ORIENTED_EDGE('',*,*,#3097,.F.);
#4034=ORIENTED_EDGE('',*,*,#3098,.F.);
#4035=ORIENTED_EDGE('',*,*,#3099,.F.);
#4036=ORIENTED_EDGE('',*,*,#3100,.F.);
#4037=ORIENTED_EDGE('',*,*,#3101,.F.);
#4038=ORIENTED_EDGE('',*,*,#3102,.F.);
#4039=ORIENTED_EDGE('',*,*,#3103,.F.);
#4040=ORIENTED_EDGE('',*,*,#3104,.F.);
#4041=ORIENTED_EDGE('',*,*,#3105,.F.);
#4042=ORIENTED_EDGE('',*,*,#3106,.F.);
#4043=ORIENTED_EDGE('',*,*,#3107,.T.);
#4044=ORIENTED_EDGE('',*,*,#3060,.T.);
#4045=ORIENTED_EDGE('',*,*,#3108,.T.);
#4046=ORIENTED_EDGE('',*,*,#3109,.T.);
#4047=ORIENTED_EDGE('',*,*,#3107,.F.);
#4048=ORIENTED_EDGE('',*,*,#3110,.T.);
#4049=ORIENTED_EDGE('',*,*,#3111,.T.);
#4050=ORIENTED_EDGE('',*,*,#3061,.T.);
#4051=ORIENTED_EDGE('',*,*,#3112,.T.);
#4052=ORIENTED_EDGE('',*,*,#3062,.T.);
#4053=ORIENTED_EDGE('',*,*,#3111,.F.);
#4054=ORIENTED_EDGE('',*,*,#3113,.T.);
#4055=ORIENTED_EDGE('',*,*,#3112,.F.);
#4056=ORIENTED_EDGE('',*,*,#3114,.T.);
#4057=ORIENTED_EDGE('',*,*,#3115,.T.);
#4058=ORIENTED_EDGE('',*,*,#3063,.T.);
#4059=ORIENTED_EDGE('',*,*,#3116,.T.);
#4060=ORIENTED_EDGE('',*,*,#3064,.T.);
#4061=ORIENTED_EDGE('',*,*,#3115,.F.);
#4062=ORIENTED_EDGE('',*,*,#3117,.T.);
#4063=ORIENTED_EDGE('',*,*,#3116,.F.);
#4064=ORIENTED_EDGE('',*,*,#3118,.T.);
#4065=ORIENTED_EDGE('',*,*,#3119,.T.);
#4066=ORIENTED_EDGE('',*,*,#3065,.T.);
#4067=ORIENTED_EDGE('',*,*,#3120,.T.);
#4068=ORIENTED_EDGE('',*,*,#3066,.T.);
#4069=ORIENTED_EDGE('',*,*,#3119,.F.);
#4070=ORIENTED_EDGE('',*,*,#3121,.T.);
#4071=ORIENTED_EDGE('',*,*,#3120,.F.);
#4072=ORIENTED_EDGE('',*,*,#3122,.T.);
#4073=ORIENTED_EDGE('',*,*,#3108,.F.);
#4074=ORIENTED_EDGE('',*,*,#3067,.T.);
#4075=ORIENTED_EDGE('',*,*,#3114,.F.);
#4076=ORIENTED_EDGE('',*,*,#3123,.T.);
#4077=ORIENTED_EDGE('',*,*,#2950,.T.);
#4078=ORIENTED_EDGE('',*,*,#3124,.T.);
#4079=ORIENTED_EDGE('',*,*,#3113,.F.);
#4080=ORIENTED_EDGE('',*,*,#3125,.F.);
#4081=ORIENTED_EDGE('',*,*,#2951,.T.);
#4082=ORIENTED_EDGE('',*,*,#3123,.F.);
#4083=ORIENTED_EDGE('',*,*,#3110,.F.);
#4084=ORIENTED_EDGE('',*,*,#3126,.T.);
#4085=ORIENTED_EDGE('',*,*,#2952,.T.);
#4086=ORIENTED_EDGE('',*,*,#3125,.T.);
#4087=ORIENTED_EDGE('',*,*,#3109,.F.);
#4088=ORIENTED_EDGE('',*,*,#3127,.F.);
#4089=ORIENTED_EDGE('',*,*,#2953,.T.);
#4090=ORIENTED_EDGE('',*,*,#3126,.F.);
#4091=ORIENTED_EDGE('',*,*,#3106,.T.);
#4092=ORIENTED_EDGE('',*,*,#3128,.T.);
#4093=ORIENTED_EDGE('',*,*,#3129,.T.);
#4094=ORIENTED_EDGE('',*,*,#3128,.F.);
#4095=ORIENTED_EDGE('',*,*,#3129,.F.);
#4096=ORIENTED_EDGE('',*,*,#3130,.T.);
#4097=ORIENTED_EDGE('',*,*,#3131,.T.);
#4098=ORIENTED_EDGE('',*,*,#3130,.F.);
#4099=ORIENTED_EDGE('',*,*,#3068,.T.);
#4100=ORIENTED_EDGE('',*,*,#3132,.T.);
#4101=ORIENTED_EDGE('',*,*,#3133,.T.);
#4102=ORIENTED_EDGE('',*,*,#3132,.F.);
#4103=ORIENTED_EDGE('',*,*,#3133,.F.);
#4104=ORIENTED_EDGE('',*,*,#3134,.T.);
#4105=ORIENTED_EDGE('',*,*,#3135,.T.);
#4106=ORIENTED_EDGE('',*,*,#3134,.F.);
#4107=ORIENTED_EDGE('',*,*,#3105,.T.);
#4108=ORIENTED_EDGE('',*,*,#3136,.T.);
#4109=ORIENTED_EDGE('',*,*,#3137,.T.);
#4110=ORIENTED_EDGE('',*,*,#3136,.F.);
#4111=ORIENTED_EDGE('',*,*,#3137,.F.);
#4112=ORIENTED_EDGE('',*,*,#3138,.T.);
#4113=ORIENTED_EDGE('',*,*,#3139,.T.);
#4114=ORIENTED_EDGE('',*,*,#3138,.F.);
#4115=ORIENTED_EDGE('',*,*,#3140,.T.);
#4116=ORIENTED_EDGE('',*,*,#3069,.T.);
#4117=ORIENTED_EDGE('',*,*,#3141,.T.);
#4118=ORIENTED_EDGE('',*,*,#3142,.T.);
#4119=ORIENTED_EDGE('',*,*,#3140,.F.);
#4120=ORIENTED_EDGE('',*,*,#3143,.T.);
#4121=ORIENTED_EDGE('',*,*,#3144,.T.);
#4122=ORIENTED_EDGE('',*,*,#3070,.T.);
#4123=ORIENTED_EDGE('',*,*,#3145,.T.);
#4124=ORIENTED_EDGE('',*,*,#3071,.T.);
#4125=ORIENTED_EDGE('',*,*,#3144,.F.);
#4126=ORIENTED_EDGE('',*,*,#3146,.T.);
#4127=ORIENTED_EDGE('',*,*,#3145,.F.);
#4128=ORIENTED_EDGE('',*,*,#3147,.T.);
#4129=ORIENTED_EDGE('',*,*,#3148,.T.);
#4130=ORIENTED_EDGE('',*,*,#3072,.T.);
#4131=ORIENTED_EDGE('',*,*,#3149,.T.);
#4132=ORIENTED_EDGE('',*,*,#3073,.T.);
#4133=ORIENTED_EDGE('',*,*,#3148,.F.);
#4134=ORIENTED_EDGE('',*,*,#3150,.T.);
#4135=ORIENTED_EDGE('',*,*,#3149,.F.);
#4136=ORIENTED_EDGE('',*,*,#3151,.T.);
#4137=ORIENTED_EDGE('',*,*,#3152,.T.);
#4138=ORIENTED_EDGE('',*,*,#3074,.T.);
#4139=ORIENTED_EDGE('',*,*,#3153,.T.);
#4140=ORIENTED_EDGE('',*,*,#3075,.T.);
#4141=ORIENTED_EDGE('',*,*,#3152,.F.);
#4142=ORIENTED_EDGE('',*,*,#3154,.T.);
#4143=ORIENTED_EDGE('',*,*,#3153,.F.);
#4144=ORIENTED_EDGE('',*,*,#3155,.T.);
#4145=ORIENTED_EDGE('',*,*,#3141,.F.);
#4146=ORIENTED_EDGE('',*,*,#3076,.T.);
#4147=ORIENTED_EDGE('',*,*,#3147,.F.);
#4148=ORIENTED_EDGE('',*,*,#3156,.T.);
#4149=ORIENTED_EDGE('',*,*,#2958,.T.);
#4150=ORIENTED_EDGE('',*,*,#3157,.T.);
#4151=ORIENTED_EDGE('',*,*,#3146,.F.);
#4152=ORIENTED_EDGE('',*,*,#3158,.F.);
#4153=ORIENTED_EDGE('',*,*,#2959,.T.);
#4154=ORIENTED_EDGE('',*,*,#3156,.F.);
#4155=ORIENTED_EDGE('',*,*,#3143,.F.);
#4156=ORIENTED_EDGE('',*,*,#3159,.T.);
#4157=ORIENTED_EDGE('',*,*,#2960,.T.);
#4158=ORIENTED_EDGE('',*,*,#3158,.T.);
#4159=ORIENTED_EDGE('',*,*,#3142,.F.);
#4160=ORIENTED_EDGE('',*,*,#3160,.F.);
#4161=ORIENTED_EDGE('',*,*,#2961,.T.);
#4162=ORIENTED_EDGE('',*,*,#3159,.F.);
#4163=ORIENTED_EDGE('',*,*,#3161,.T.);
#4164=ORIENTED_EDGE('',*,*,#3098,.T.);
#4165=ORIENTED_EDGE('',*,*,#3162,.T.);
#4166=ORIENTED_EDGE('',*,*,#3163,.T.);
#4167=ORIENTED_EDGE('',*,*,#3164,.T.);
#4168=ORIENTED_EDGE('',*,*,#3091,.T.);
#4169=ORIENTED_EDGE('',*,*,#3165,.T.);
#4170=ORIENTED_EDGE('',*,*,#3166,.T.);
#4171=ORIENTED_EDGE('',*,*,#3164,.F.);
#4172=ORIENTED_EDGE('',*,*,#3167,.T.);
#4173=ORIENTED_EDGE('',*,*,#3168,.T.);
#4174=ORIENTED_EDGE('',*,*,#3092,.T.);
#4175=ORIENTED_EDGE('',*,*,#3169,.T.);
#4176=ORIENTED_EDGE('',*,*,#3093,.T.);
#4177=ORIENTED_EDGE('',*,*,#3168,.F.);
#4178=ORIENTED_EDGE('',*,*,#3170,.T.);
#4179=ORIENTED_EDGE('',*,*,#3169,.F.);
#4180=ORIENTED_EDGE('',*,*,#3171,.T.);
#4181=ORIENTED_EDGE('',*,*,#3172,.T.);
#4182=ORIENTED_EDGE('',*,*,#3094,.T.);
#4183=ORIENTED_EDGE('',*,*,#3173,.T.);
#4184=ORIENTED_EDGE('',*,*,#3095,.T.);
#4185=ORIENTED_EDGE('',*,*,#3172,.F.);
#4186=ORIENTED_EDGE('',*,*,#3174,.T.);
#4187=ORIENTED_EDGE('',*,*,#3173,.F.);
#4188=ORIENTED_EDGE('',*,*,#3175,.T.);
#4189=ORIENTED_EDGE('',*,*,#3176,.T.);
#4190=ORIENTED_EDGE('',*,*,#3096,.T.);
#4191=ORIENTED_EDGE('',*,*,#3177,.T.);
#4192=ORIENTED_EDGE('',*,*,#3097,.T.);
#4193=ORIENTED_EDGE('',*,*,#3176,.F.);
#4194=ORIENTED_EDGE('',*,*,#3178,.T.);
#4195=ORIENTED_EDGE('',*,*,#3179,.T.);
#4196=ORIENTED_EDGE('',*,*,#3088,.T.);
#4197=ORIENTED_EDGE('',*,*,#3180,.T.);
#4198=ORIENTED_EDGE('',*,*,#3181,.T.);
#4199=ORIENTED_EDGE('',*,*,#3179,.F.);
#4200=ORIENTED_EDGE('',*,*,#3182,.T.);
#4201=ORIENTED_EDGE('',*,*,#3183,.T.);
#4202=ORIENTED_EDGE('',*,*,#3089,.T.);
#4203=ORIENTED_EDGE('',*,*,#3184,.T.);
#4204=ORIENTED_EDGE('',*,*,#3090,.T.);
#4205=ORIENTED_EDGE('',*,*,#3183,.F.);
#4206=ORIENTED_EDGE('',*,*,#3185,.T.);
#4207=ORIENTED_EDGE('',*,*,#3186,.T.);
#4208=ORIENTED_EDGE('',*,*,#3085,.T.);
#4209=ORIENTED_EDGE('',*,*,#3187,.T.);
#4210=ORIENTED_EDGE('',*,*,#3188,.T.);
#4211=ORIENTED_EDGE('',*,*,#3186,.F.);
#4212=ORIENTED_EDGE('',*,*,#3189,.T.);
#4213=ORIENTED_EDGE('',*,*,#3190,.T.);
#4214=ORIENTED_EDGE('',*,*,#3086,.T.);
#4215=ORIENTED_EDGE('',*,*,#3191,.T.);
#4216=ORIENTED_EDGE('',*,*,#3087,.T.);
#4217=ORIENTED_EDGE('',*,*,#3190,.F.);
#4218=ORIENTED_EDGE('',*,*,#3192,.T.);
#4219=ORIENTED_EDGE('',*,*,#3193,.T.);
#4220=ORIENTED_EDGE('',*,*,#3099,.T.);
#4221=ORIENTED_EDGE('',*,*,#3194,.T.);
#4222=ORIENTED_EDGE('',*,*,#3195,.T.);
#4223=ORIENTED_EDGE('',*,*,#3193,.F.);
#4224=ORIENTED_EDGE('',*,*,#3196,.T.);
#4225=ORIENTED_EDGE('',*,*,#3197,.T.);
#4226=ORIENTED_EDGE('',*,*,#3100,.T.);
#4227=ORIENTED_EDGE('',*,*,#3198,.T.);
#4228=ORIENTED_EDGE('',*,*,#3101,.T.);
#4229=ORIENTED_EDGE('',*,*,#3197,.F.);
#4230=ORIENTED_EDGE('',*,*,#3199,.T.);
#4231=ORIENTED_EDGE('',*,*,#3198,.F.);
#4232=ORIENTED_EDGE('',*,*,#3200,.T.);
#4233=ORIENTED_EDGE('',*,*,#3201,.T.);
#4234=ORIENTED_EDGE('',*,*,#3102,.T.);
#4235=ORIENTED_EDGE('',*,*,#3202,.T.);
#4236=ORIENTED_EDGE('',*,*,#3103,.T.);
#4237=ORIENTED_EDGE('',*,*,#3201,.F.);
#4238=ORIENTED_EDGE('',*,*,#3203,.T.);
#4239=ORIENTED_EDGE('',*,*,#3202,.F.);
#4240=ORIENTED_EDGE('',*,*,#3204,.T.);
#4241=ORIENTED_EDGE('',*,*,#3187,.F.);
#4242=ORIENTED_EDGE('',*,*,#3104,.T.);
#4243=ORIENTED_EDGE('',*,*,#3191,.F.);
#4244=ORIENTED_EDGE('',*,*,#3205,.T.);
#4245=ORIENTED_EDGE('',*,*,#3180,.F.);
#4246=ORIENTED_EDGE('',*,*,#3184,.F.);
#4247=ORIENTED_EDGE('',*,*,#3206,.T.);
#4248=ORIENTED_EDGE('',*,*,#3165,.F.);
#4249=ORIENTED_EDGE('',*,*,#3177,.F.);
#4250=ORIENTED_EDGE('',*,*,#3207,.T.);
#4251=ORIENTED_EDGE('',*,*,#3162,.F.);
#4252=ORIENTED_EDGE('',*,*,#3161,.F.);
#4253=ORIENTED_EDGE('',*,*,#3208,.T.);
#4254=ORIENTED_EDGE('',*,*,#3194,.F.);
#4255=ORIENTED_EDGE('',*,*,#3182,.F.);
#4256=ORIENTED_EDGE('',*,*,#3209,.T.);
#4257=ORIENTED_EDGE('',*,*,#2906,.T.);
#4258=ORIENTED_EDGE('',*,*,#3210,.T.);
#4259=ORIENTED_EDGE('',*,*,#3181,.F.);
#4260=ORIENTED_EDGE('',*,*,#3211,.F.);
#4261=ORIENTED_EDGE('',*,*,#2907,.T.);
#4262=ORIENTED_EDGE('',*,*,#3209,.F.);
#4263=ORIENTED_EDGE('',*,*,#3205,.F.);
#4264=ORIENTED_EDGE('',*,*,#3212,.T.);
#4265=ORIENTED_EDGE('',*,*,#2908,.T.);
#4266=ORIENTED_EDGE('',*,*,#3211,.T.);
#4267=ORIENTED_EDGE('',*,*,#3192,.F.);
#4268=ORIENTED_EDGE('',*,*,#3213,.F.);
#4269=ORIENTED_EDGE('',*,*,#2909,.T.);
#4270=ORIENTED_EDGE('',*,*,#3212,.F.);
#4271=ORIENTED_EDGE('',*,*,#3189,.F.);
#4272=ORIENTED_EDGE('',*,*,#3214,.T.);
#4273=ORIENTED_EDGE('',*,*,#2910,.T.);
#4274=ORIENTED_EDGE('',*,*,#3213,.T.);
#4275=ORIENTED_EDGE('',*,*,#3188,.F.);
#4276=ORIENTED_EDGE('',*,*,#3215,.F.);
#4277=ORIENTED_EDGE('',*,*,#2911,.T.);
#4278=ORIENTED_EDGE('',*,*,#3214,.F.);
#4279=ORIENTED_EDGE('',*,*,#3204,.F.);
#4280=ORIENTED_EDGE('',*,*,#3216,.T.);
#4281=ORIENTED_EDGE('',*,*,#2912,.T.);
#4282=ORIENTED_EDGE('',*,*,#3215,.T.);
#4283=ORIENTED_EDGE('',*,*,#3203,.F.);
#4284=ORIENTED_EDGE('',*,*,#3217,.F.);
#4285=ORIENTED_EDGE('',*,*,#2913,.T.);
#4286=ORIENTED_EDGE('',*,*,#3216,.F.);
#4287=ORIENTED_EDGE('',*,*,#3200,.F.);
#4288=ORIENTED_EDGE('',*,*,#3218,.T.);
#4289=ORIENTED_EDGE('',*,*,#2914,.T.);
#4290=ORIENTED_EDGE('',*,*,#3217,.T.);
#4291=ORIENTED_EDGE('',*,*,#3199,.F.);
#4292=ORIENTED_EDGE('',*,*,#3219,.F.);
#4293=ORIENTED_EDGE('',*,*,#2915,.T.);
#4294=ORIENTED_EDGE('',*,*,#3218,.F.);
#4295=ORIENTED_EDGE('',*,*,#3196,.F.);
#4296=ORIENTED_EDGE('',*,*,#3220,.T.);
#4297=ORIENTED_EDGE('',*,*,#2916,.T.);
#4298=ORIENTED_EDGE('',*,*,#3219,.T.);
#4299=ORIENTED_EDGE('',*,*,#3195,.F.);
#4300=ORIENTED_EDGE('',*,*,#3221,.F.);
#4301=ORIENTED_EDGE('',*,*,#2917,.T.);
#4302=ORIENTED_EDGE('',*,*,#3220,.F.);
#4303=ORIENTED_EDGE('',*,*,#3222,.T.);
#4304=ORIENTED_EDGE('',*,*,#3077,.T.);
#4305=ORIENTED_EDGE('',*,*,#3223,.T.);
#4306=ORIENTED_EDGE('',*,*,#3224,.T.);
#4307=ORIENTED_EDGE('',*,*,#3222,.F.);
#4308=ORIENTED_EDGE('',*,*,#3225,.T.);
#4309=ORIENTED_EDGE('',*,*,#3226,.T.);
#4310=ORIENTED_EDGE('',*,*,#3078,.T.);
#4311=ORIENTED_EDGE('',*,*,#3227,.T.);
#4312=ORIENTED_EDGE('',*,*,#3079,.T.);
#4313=ORIENTED_EDGE('',*,*,#3226,.F.);
#4314=ORIENTED_EDGE('',*,*,#3228,.T.);
#4315=ORIENTED_EDGE('',*,*,#3227,.F.);
#4316=ORIENTED_EDGE('',*,*,#3229,.T.);
#4317=ORIENTED_EDGE('',*,*,#3230,.T.);
#4318=ORIENTED_EDGE('',*,*,#3080,.T.);
#4319=ORIENTED_EDGE('',*,*,#3231,.T.);
#4320=ORIENTED_EDGE('',*,*,#3081,.T.);
#4321=ORIENTED_EDGE('',*,*,#3230,.F.);
#4322=ORIENTED_EDGE('',*,*,#3232,.T.);
#4323=ORIENTED_EDGE('',*,*,#3231,.F.);
#4324=ORIENTED_EDGE('',*,*,#3233,.T.);
#4325=ORIENTED_EDGE('',*,*,#3234,.T.);
#4326=ORIENTED_EDGE('',*,*,#3082,.T.);
#4327=ORIENTED_EDGE('',*,*,#3235,.T.);
#4328=ORIENTED_EDGE('',*,*,#3083,.T.);
#4329=ORIENTED_EDGE('',*,*,#3234,.F.);
#4330=ORIENTED_EDGE('',*,*,#3236,.T.);
#4331=ORIENTED_EDGE('',*,*,#3235,.F.);
#4332=ORIENTED_EDGE('',*,*,#3237,.T.);
#4333=ORIENTED_EDGE('',*,*,#3223,.F.);
#4334=ORIENTED_EDGE('',*,*,#3084,.T.);
#4335=ORIENTED_EDGE('',*,*,#3229,.F.);
#4336=ORIENTED_EDGE('',*,*,#3238,.T.);
#4337=ORIENTED_EDGE('',*,*,#2944,.T.);
#4338=ORIENTED_EDGE('',*,*,#3239,.T.);
#4339=ORIENTED_EDGE('',*,*,#3228,.F.);
#4340=ORIENTED_EDGE('',*,*,#3240,.F.);
#4341=ORIENTED_EDGE('',*,*,#2945,.T.);
#4342=ORIENTED_EDGE('',*,*,#3238,.F.);
#4343=ORIENTED_EDGE('',*,*,#3225,.F.);
#4344=ORIENTED_EDGE('',*,*,#3241,.T.);
#4345=ORIENTED_EDGE('',*,*,#2946,.T.);
#4346=ORIENTED_EDGE('',*,*,#3240,.T.);
#4347=ORIENTED_EDGE('',*,*,#3224,.F.);
#4348=ORIENTED_EDGE('',*,*,#3242,.F.);
#4349=ORIENTED_EDGE('',*,*,#2947,.T.);
#4350=ORIENTED_EDGE('',*,*,#3241,.F.);
#4351=ORIENTED_EDGE('',*,*,#3045,.F.);
#4352=ORIENTED_EDGE('',*,*,#3243,.T.);
#4353=ORIENTED_EDGE('',*,*,#3244,.T.);
#4354=ORIENTED_EDGE('',*,*,#3245,.T.);
#4355=ORIENTED_EDGE('',*,*,#3016,.F.);
#4356=ORIENTED_EDGE('',*,*,#3245,.F.);
#4357=ORIENTED_EDGE('',*,*,#3246,.F.);
#4358=ORIENTED_EDGE('',*,*,#3247,.F.);
#4359=ORIENTED_EDGE('',*,*,#3046,.F.);
#4360=ORIENTED_EDGE('',*,*,#3247,.T.);
#4361=ORIENTED_EDGE('',*,*,#3248,.T.);
#4362=ORIENTED_EDGE('',*,*,#3058,.T.);
#4363=ORIENTED_EDGE('',*,*,#3032,.F.);
#4364=ORIENTED_EDGE('',*,*,#3049,.F.);
#4365=ORIENTED_EDGE('',*,*,#3249,.F.);
#4366=ORIENTED_EDGE('',*,*,#3250,.F.);
#4367=ORIENTED_EDGE('',*,*,#3244,.F.);
#4368=ORIENTED_EDGE('',*,*,#3251,.T.);
#4369=ORIENTED_EDGE('',*,*,#3252,.F.);
#4370=ORIENTED_EDGE('',*,*,#3249,.T.);
#4371=ORIENTED_EDGE('',*,*,#3048,.F.);
#4372=ORIENTED_EDGE('',*,*,#3051,.T.);
#4373=ORIENTED_EDGE('',*,*,#3053,.F.);
#4374=ORIENTED_EDGE('',*,*,#3055,.T.);
#4375=ORIENTED_EDGE('',*,*,#3057,.F.);
#4376=ORIENTED_EDGE('',*,*,#3059,.T.);
#4377=ORIENTED_EDGE('',*,*,#3248,.F.);
#4378=ORIENTED_EDGE('',*,*,#3246,.T.);
#4379=ORIENTED_EDGE('',*,*,#2744,.T.);
#4380=ORIENTED_EDGE('',*,*,#2754,.F.);
#4381=ORIENTED_EDGE('',*,*,#2750,.T.);
#4382=ORIENTED_EDGE('',*,*,#2748,.F.);
#4383=ORIENTED_EDGE('',*,*,#2736,.F.);
#4384=ORIENTED_EDGE('',*,*,#2734,.T.);
#4385=ORIENTED_EDGE('',*,*,#2742,.F.);
#4386=ORIENTED_EDGE('',*,*,#2738,.T.);
#4387=ORIENTED_EDGE('',*,*,#2765,.F.);
#4388=ORIENTED_EDGE('',*,*,#2766,.T.);
#4389=ORIENTED_EDGE('',*,*,#2760,.F.);
#4390=ORIENTED_EDGE('',*,*,#2763,.T.);
#4391=ORIENTED_EDGE('',*,*,#2725,.F.);
#4392=ORIENTED_EDGE('',*,*,#2730,.T.);
#4393=ORIENTED_EDGE('',*,*,#2727,.F.);
#4394=ORIENTED_EDGE('',*,*,#2720,.T.);
#4395=ORIENTED_EDGE('',*,*,#2767,.T.);
#4396=ORIENTED_EDGE('',*,*,#2770,.T.);
#4397=ORIENTED_EDGE('',*,*,#2773,.T.);
#4398=ORIENTED_EDGE('',*,*,#2776,.T.);
#4399=ORIENTED_EDGE('',*,*,#2779,.T.);
#4400=ORIENTED_EDGE('',*,*,#2782,.T.);
#4401=ORIENTED_EDGE('',*,*,#3253,.T.);
#4402=ORIENTED_EDGE('',*,*,#3254,.T.);
#4403=ORIENTED_EDGE('',*,*,#3255,.T.);
#4404=ORIENTED_EDGE('',*,*,#3256,.T.);
#4405=ORIENTED_EDGE('',*,*,#3257,.T.);
#4406=ORIENTED_EDGE('',*,*,#3258,.T.);
#4407=ORIENTED_EDGE('',*,*,#3259,.T.);
#4408=ORIENTED_EDGE('',*,*,#3260,.T.);
#4409=ORIENTED_EDGE('',*,*,#3261,.T.);
#4410=ORIENTED_EDGE('',*,*,#3262,.T.);
#4411=ORIENTED_EDGE('',*,*,#3263,.T.);
#4412=ORIENTED_EDGE('',*,*,#3264,.T.);
#4413=ORIENTED_EDGE('',*,*,#3265,.T.);
#4414=ORIENTED_EDGE('',*,*,#3266,.T.);
#4415=ORIENTED_EDGE('',*,*,#3267,.T.);
#4416=ORIENTED_EDGE('',*,*,#3268,.T.);
#4417=ORIENTED_EDGE('',*,*,#3269,.T.);
#4418=ORIENTED_EDGE('',*,*,#3270,.T.);
#4419=ORIENTED_EDGE('',*,*,#3271,.T.);
#4420=ORIENTED_EDGE('',*,*,#3272,.T.);
#4421=ORIENTED_EDGE('',*,*,#3273,.T.);
#4422=ORIENTED_EDGE('',*,*,#3274,.T.);
#4423=ORIENTED_EDGE('',*,*,#3275,.T.);
#4424=ORIENTED_EDGE('',*,*,#3276,.T.);
#4425=ORIENTED_EDGE('',*,*,#3277,.T.);
#4426=ORIENTED_EDGE('',*,*,#3278,.T.);
#4427=ORIENTED_EDGE('',*,*,#3279,.T.);
#4428=ORIENTED_EDGE('',*,*,#3280,.T.);
#4429=ORIENTED_EDGE('',*,*,#3281,.T.);
#4430=ORIENTED_EDGE('',*,*,#3282,.T.);
#4431=ORIENTED_EDGE('',*,*,#3283,.T.);
#4432=ORIENTED_EDGE('',*,*,#3284,.T.);
#4433=ORIENTED_EDGE('',*,*,#3285,.T.);
#4434=ORIENTED_EDGE('',*,*,#3286,.T.);
#4435=ORIENTED_EDGE('',*,*,#3287,.T.);
#4436=ORIENTED_EDGE('',*,*,#3288,.T.);
#4437=ORIENTED_EDGE('',*,*,#3289,.T.);
#4438=ORIENTED_EDGE('',*,*,#3290,.T.);
#4439=ORIENTED_EDGE('',*,*,#3291,.T.);
#4440=ORIENTED_EDGE('',*,*,#3292,.T.);
#4441=ORIENTED_EDGE('',*,*,#3293,.T.);
#4442=ORIENTED_EDGE('',*,*,#3294,.T.);
#4443=ORIENTED_EDGE('',*,*,#3295,.T.);
#4444=ORIENTED_EDGE('',*,*,#3296,.T.);
#4445=ORIENTED_EDGE('',*,*,#3297,.T.);
#4446=ORIENTED_EDGE('',*,*,#3298,.T.);
#4447=ORIENTED_EDGE('',*,*,#3299,.T.);
#4448=ORIENTED_EDGE('',*,*,#3300,.T.);
#4449=ORIENTED_EDGE('',*,*,#3301,.T.);
#4450=ORIENTED_EDGE('',*,*,#3302,.T.);
#4451=ORIENTED_EDGE('',*,*,#3303,.T.);
#4452=ORIENTED_EDGE('',*,*,#3304,.T.);
#4453=ORIENTED_EDGE('',*,*,#3305,.T.);
#4454=ORIENTED_EDGE('',*,*,#3306,.T.);
#4455=ORIENTED_EDGE('',*,*,#3307,.T.);
#4456=ORIENTED_EDGE('',*,*,#3308,.T.);
#4457=ORIENTED_EDGE('',*,*,#3309,.T.);
#4458=ORIENTED_EDGE('',*,*,#3310,.T.);
#4459=ORIENTED_EDGE('',*,*,#3311,.T.);
#4460=ORIENTED_EDGE('',*,*,#3312,.T.);
#4461=ORIENTED_EDGE('',*,*,#3313,.T.);
#4462=ORIENTED_EDGE('',*,*,#3314,.T.);
#4463=ORIENTED_EDGE('',*,*,#3315,.T.);
#4464=ORIENTED_EDGE('',*,*,#3316,.T.);
#4465=ORIENTED_EDGE('',*,*,#3317,.T.);
#4466=ORIENTED_EDGE('',*,*,#3318,.T.);
#4467=ORIENTED_EDGE('',*,*,#3319,.T.);
#4468=ORIENTED_EDGE('',*,*,#3320,.T.);
#4469=ORIENTED_EDGE('',*,*,#3321,.T.);
#4470=ORIENTED_EDGE('',*,*,#3322,.T.);
#4471=ORIENTED_EDGE('',*,*,#3323,.T.);
#4472=ORIENTED_EDGE('',*,*,#3324,.T.);
#4473=ORIENTED_EDGE('',*,*,#3325,.T.);
#4474=ORIENTED_EDGE('',*,*,#3326,.T.);
#4475=ORIENTED_EDGE('',*,*,#3327,.T.);
#4476=ORIENTED_EDGE('',*,*,#3328,.T.);
#4477=ORIENTED_EDGE('',*,*,#3329,.T.);
#4478=ORIENTED_EDGE('',*,*,#3330,.T.);
#4479=ORIENTED_EDGE('',*,*,#3331,.T.);
#4480=ORIENTED_EDGE('',*,*,#3332,.T.);
#4481=ORIENTED_EDGE('',*,*,#3333,.T.);
#4482=ORIENTED_EDGE('',*,*,#3334,.T.);
#4483=ORIENTED_EDGE('',*,*,#3335,.T.);
#4484=ORIENTED_EDGE('',*,*,#3336,.T.);
#4485=ORIENTED_EDGE('',*,*,#3337,.T.);
#4486=ORIENTED_EDGE('',*,*,#3338,.T.);
#4487=ORIENTED_EDGE('',*,*,#3339,.T.);
#4488=ORIENTED_EDGE('',*,*,#3340,.T.);
#4489=ORIENTED_EDGE('',*,*,#3341,.T.);
#4490=ORIENTED_EDGE('',*,*,#3342,.T.);
#4491=ORIENTED_EDGE('',*,*,#3343,.T.);
#4492=ORIENTED_EDGE('',*,*,#3344,.T.);
#4493=ORIENTED_EDGE('',*,*,#3345,.T.);
#4494=ORIENTED_EDGE('',*,*,#3346,.T.);
#4495=ORIENTED_EDGE('',*,*,#3347,.T.);
#4496=ORIENTED_EDGE('',*,*,#3348,.T.);
#4497=ORIENTED_EDGE('',*,*,#3349,.T.);
#4498=ORIENTED_EDGE('',*,*,#3350,.T.);
#4499=ORIENTED_EDGE('',*,*,#3351,.T.);
#4500=ORIENTED_EDGE('',*,*,#3352,.T.);
#4501=ORIENTED_EDGE('',*,*,#3033,.F.);
#4502=ORIENTED_EDGE('',*,*,#3250,.T.);
#4503=ORIENTED_EDGE('',*,*,#3252,.T.);
#4504=ORIENTED_EDGE('',*,*,#3353,.T.);
#4505=ORIENTED_EDGE('',*,*,#3208,.F.);
#4506=ORIENTED_EDGE('',*,*,#3354,.T.);
#4507=ORIENTED_EDGE('',*,*,#2894,.T.);
#4508=ORIENTED_EDGE('',*,*,#3221,.T.);
#4509=ORIENTED_EDGE('',*,*,#3163,.F.);
#4510=ORIENTED_EDGE('',*,*,#3355,.F.);
#4511=ORIENTED_EDGE('',*,*,#2895,.F.);
#4512=ORIENTED_EDGE('',*,*,#3354,.F.);
#4513=ORIENTED_EDGE('',*,*,#3207,.F.);
#4514=ORIENTED_EDGE('',*,*,#3356,.T.);
#4515=ORIENTED_EDGE('',*,*,#2896,.T.);
#4516=ORIENTED_EDGE('',*,*,#3355,.T.);
#4517=ORIENTED_EDGE('',*,*,#3206,.F.);
#4518=ORIENTED_EDGE('',*,*,#3357,.T.);
#4519=ORIENTED_EDGE('',*,*,#2904,.T.);
#4520=ORIENTED_EDGE('',*,*,#3358,.T.);
#4521=ORIENTED_EDGE('',*,*,#3166,.F.);
#4522=ORIENTED_EDGE('',*,*,#3358,.F.);
#4523=ORIENTED_EDGE('',*,*,#2903,.T.);
#4524=ORIENTED_EDGE('',*,*,#3359,.F.);
#4525=ORIENTED_EDGE('',*,*,#3117,.F.);
#4526=ORIENTED_EDGE('',*,*,#3124,.F.);
#4527=ORIENTED_EDGE('',*,*,#2957,.T.);
#4528=ORIENTED_EDGE('',*,*,#3360,.F.);
#4529=ORIENTED_EDGE('',*,*,#3118,.F.);
#4530=ORIENTED_EDGE('',*,*,#3360,.T.);
#4531=ORIENTED_EDGE('',*,*,#2956,.T.);
#4532=ORIENTED_EDGE('',*,*,#3361,.T.);
#4533=ORIENTED_EDGE('',*,*,#3121,.F.);
#4534=ORIENTED_EDGE('',*,*,#3361,.F.);
#4535=ORIENTED_EDGE('',*,*,#2955,.T.);
#4536=ORIENTED_EDGE('',*,*,#3362,.F.);
#4537=ORIENTED_EDGE('',*,*,#3122,.F.);
#4538=ORIENTED_EDGE('',*,*,#3362,.T.);
#4539=ORIENTED_EDGE('',*,*,#2954,.T.);
#4540=ORIENTED_EDGE('',*,*,#3127,.T.);
#4541=ORIENTED_EDGE('',*,*,#3171,.F.);
#4542=ORIENTED_EDGE('',*,*,#3363,.T.);
#4543=ORIENTED_EDGE('',*,*,#2900,.T.);
#4544=ORIENTED_EDGE('',*,*,#3364,.T.);
#4545=ORIENTED_EDGE('',*,*,#3174,.F.);
#4546=ORIENTED_EDGE('',*,*,#3364,.F.);
#4547=ORIENTED_EDGE('',*,*,#2899,.T.);
#4548=ORIENTED_EDGE('',*,*,#3365,.F.);
#4549=ORIENTED_EDGE('',*,*,#3175,.F.);
#4550=ORIENTED_EDGE('',*,*,#3365,.T.);
#4551=ORIENTED_EDGE('',*,*,#2898,.T.);
#4552=ORIENTED_EDGE('',*,*,#3366,.T.);
#4553=ORIENTED_EDGE('',*,*,#3178,.F.);
#4554=ORIENTED_EDGE('',*,*,#3366,.F.);
#4555=ORIENTED_EDGE('',*,*,#2897,.T.);
#4556=ORIENTED_EDGE('',*,*,#3356,.F.);
#4557=ORIENTED_EDGE('',*,*,#3167,.F.);
#4558=ORIENTED_EDGE('',*,*,#3359,.T.);
#4559=ORIENTED_EDGE('',*,*,#2902,.T.);
#4560=ORIENTED_EDGE('',*,*,#3367,.T.);
#4561=ORIENTED_EDGE('',*,*,#3170,.F.);
#4562=ORIENTED_EDGE('',*,*,#3367,.F.);
#4563=ORIENTED_EDGE('',*,*,#2901,.T.);
#4564=ORIENTED_EDGE('',*,*,#3363,.F.);
#4565=ORIENTED_EDGE('',*,*,#3185,.F.);
#4566=ORIENTED_EDGE('',*,*,#3210,.F.);
#4567=ORIENTED_EDGE('',*,*,#2905,.T.);
#4568=ORIENTED_EDGE('',*,*,#3357,.F.);
#4569=ORIENTED_EDGE('',*,*,#3151,.F.);
#4570=ORIENTED_EDGE('',*,*,#3368,.T.);
#4571=ORIENTED_EDGE('',*,*,#2964,.T.);
#4572=ORIENTED_EDGE('',*,*,#3369,.T.);
#4573=ORIENTED_EDGE('',*,*,#3154,.F.);
#4574=ORIENTED_EDGE('',*,*,#3369,.F.);
#4575=ORIENTED_EDGE('',*,*,#2963,.T.);
#4576=ORIENTED_EDGE('',*,*,#3370,.F.);
#4577=ORIENTED_EDGE('',*,*,#3150,.F.);
#4578=ORIENTED_EDGE('',*,*,#3157,.F.);
#4579=ORIENTED_EDGE('',*,*,#2965,.T.);
#4580=ORIENTED_EDGE('',*,*,#3368,.F.);
#4581=ORIENTED_EDGE('',*,*,#3155,.F.);
#4582=ORIENTED_EDGE('',*,*,#3370,.T.);
#4583=ORIENTED_EDGE('',*,*,#2962,.T.);
#4584=ORIENTED_EDGE('',*,*,#3160,.T.);
#4585=ORIENTED_EDGE('',*,*,#3232,.F.);
#4586=ORIENTED_EDGE('',*,*,#3239,.F.);
#4587=ORIENTED_EDGE('',*,*,#2943,.T.);
#4588=ORIENTED_EDGE('',*,*,#3371,.F.);
#4589=ORIENTED_EDGE('',*,*,#3233,.F.);
#4590=ORIENTED_EDGE('',*,*,#3371,.T.);
#4591=ORIENTED_EDGE('',*,*,#2942,.T.);
#4592=ORIENTED_EDGE('',*,*,#3372,.T.);
#4593=ORIENTED_EDGE('',*,*,#3236,.F.);
#4594=ORIENTED_EDGE('',*,*,#3372,.F.);
#4595=ORIENTED_EDGE('',*,*,#2949,.T.);
#4596=ORIENTED_EDGE('',*,*,#3373,.F.);
#4597=ORIENTED_EDGE('',*,*,#3237,.F.);
#4598=ORIENTED_EDGE('',*,*,#3373,.T.);
#4599=ORIENTED_EDGE('',*,*,#2948,.T.);
#4600=ORIENTED_EDGE('',*,*,#3242,.T.);
#4601=ORIENTED_EDGE('',*,*,#2790,.F.);
#4602=ORIENTED_EDGE('',*,*,#3374,.T.);
#4603=ORIENTED_EDGE('',*,*,#3352,.F.);
#4604=ORIENTED_EDGE('',*,*,#3375,.F.);
#4605=ORIENTED_EDGE('',*,*,#2791,.F.);
#4606=ORIENTED_EDGE('',*,*,#3375,.T.);
#4607=ORIENTED_EDGE('',*,*,#3351,.F.);
#4608=ORIENTED_EDGE('',*,*,#3376,.F.);
#4609=ORIENTED_EDGE('',*,*,#2792,.F.);
#4610=ORIENTED_EDGE('',*,*,#3376,.T.);
#4611=ORIENTED_EDGE('',*,*,#3350,.F.);
#4612=ORIENTED_EDGE('',*,*,#3377,.F.);
#4613=ORIENTED_EDGE('',*,*,#2793,.F.);
#4614=ORIENTED_EDGE('',*,*,#3377,.T.);
#4615=ORIENTED_EDGE('',*,*,#3349,.F.);
#4616=ORIENTED_EDGE('',*,*,#3378,.F.);
#4617=ORIENTED_EDGE('',*,*,#2794,.F.);
#4618=ORIENTED_EDGE('',*,*,#3378,.T.);
#4619=ORIENTED_EDGE('',*,*,#3348,.F.);
#4620=ORIENTED_EDGE('',*,*,#3379,.F.);
#4621=ORIENTED_EDGE('',*,*,#2795,.F.);
#4622=ORIENTED_EDGE('',*,*,#3379,.T.);
#4623=ORIENTED_EDGE('',*,*,#3347,.F.);
#4624=ORIENTED_EDGE('',*,*,#3380,.F.);
#4625=ORIENTED_EDGE('',*,*,#2796,.F.);
#4626=ORIENTED_EDGE('',*,*,#3380,.T.);
#4627=ORIENTED_EDGE('',*,*,#3346,.F.);
#4628=ORIENTED_EDGE('',*,*,#3381,.F.);
#4629=ORIENTED_EDGE('',*,*,#2797,.F.);
#4630=ORIENTED_EDGE('',*,*,#3381,.T.);
#4631=ORIENTED_EDGE('',*,*,#3345,.F.);
#4632=ORIENTED_EDGE('',*,*,#3382,.F.);
#4633=ORIENTED_EDGE('',*,*,#2798,.F.);
#4634=ORIENTED_EDGE('',*,*,#3382,.T.);
#4635=ORIENTED_EDGE('',*,*,#3344,.F.);
#4636=ORIENTED_EDGE('',*,*,#3383,.F.);
#4637=ORIENTED_EDGE('',*,*,#2799,.F.);
#4638=ORIENTED_EDGE('',*,*,#3383,.T.);
#4639=ORIENTED_EDGE('',*,*,#3343,.F.);
#4640=ORIENTED_EDGE('',*,*,#3384,.F.);
#4641=ORIENTED_EDGE('',*,*,#2800,.F.);
#4642=ORIENTED_EDGE('',*,*,#3384,.T.);
#4643=ORIENTED_EDGE('',*,*,#3342,.F.);
#4644=ORIENTED_EDGE('',*,*,#3385,.F.);
#4645=ORIENTED_EDGE('',*,*,#2801,.F.);
#4646=ORIENTED_EDGE('',*,*,#3385,.T.);
#4647=ORIENTED_EDGE('',*,*,#3341,.F.);
#4648=ORIENTED_EDGE('',*,*,#3386,.F.);
#4649=ORIENTED_EDGE('',*,*,#2802,.F.);
#4650=ORIENTED_EDGE('',*,*,#3386,.T.);
#4651=ORIENTED_EDGE('',*,*,#3340,.F.);
#4652=ORIENTED_EDGE('',*,*,#3387,.F.);
#4653=ORIENTED_EDGE('',*,*,#2803,.F.);
#4654=ORIENTED_EDGE('',*,*,#3387,.T.);
#4655=ORIENTED_EDGE('',*,*,#3339,.F.);
#4656=ORIENTED_EDGE('',*,*,#3388,.F.);
#4657=ORIENTED_EDGE('',*,*,#2804,.F.);
#4658=ORIENTED_EDGE('',*,*,#3388,.T.);
#4659=ORIENTED_EDGE('',*,*,#3338,.F.);
#4660=ORIENTED_EDGE('',*,*,#3389,.F.);
#4661=ORIENTED_EDGE('',*,*,#2805,.F.);
#4662=ORIENTED_EDGE('',*,*,#3389,.T.);
#4663=ORIENTED_EDGE('',*,*,#3337,.F.);
#4664=ORIENTED_EDGE('',*,*,#3390,.F.);
#4665=ORIENTED_EDGE('',*,*,#2806,.F.);
#4666=ORIENTED_EDGE('',*,*,#3390,.T.);
#4667=ORIENTED_EDGE('',*,*,#3336,.F.);
#4668=ORIENTED_EDGE('',*,*,#3391,.F.);
#4669=ORIENTED_EDGE('',*,*,#2807,.F.);
#4670=ORIENTED_EDGE('',*,*,#3391,.T.);
#4671=ORIENTED_EDGE('',*,*,#3335,.F.);
#4672=ORIENTED_EDGE('',*,*,#3392,.F.);
#4673=ORIENTED_EDGE('',*,*,#2808,.F.);
#4674=ORIENTED_EDGE('',*,*,#3392,.T.);
#4675=ORIENTED_EDGE('',*,*,#3334,.F.);
#4676=ORIENTED_EDGE('',*,*,#3393,.F.);
#4677=ORIENTED_EDGE('',*,*,#2809,.F.);
#4678=ORIENTED_EDGE('',*,*,#3393,.T.);
#4679=ORIENTED_EDGE('',*,*,#3333,.F.);
#4680=ORIENTED_EDGE('',*,*,#3394,.F.);
#4681=ORIENTED_EDGE('',*,*,#2810,.F.);
#4682=ORIENTED_EDGE('',*,*,#3394,.T.);
#4683=ORIENTED_EDGE('',*,*,#3332,.F.);
#4684=ORIENTED_EDGE('',*,*,#3395,.F.);
#4685=ORIENTED_EDGE('',*,*,#2811,.F.);
#4686=ORIENTED_EDGE('',*,*,#3395,.T.);
#4687=ORIENTED_EDGE('',*,*,#3331,.F.);
#4688=ORIENTED_EDGE('',*,*,#3396,.F.);
#4689=ORIENTED_EDGE('',*,*,#2812,.F.);
#4690=ORIENTED_EDGE('',*,*,#3396,.T.);
#4691=ORIENTED_EDGE('',*,*,#3330,.F.);
#4692=ORIENTED_EDGE('',*,*,#3397,.F.);
#4693=ORIENTED_EDGE('',*,*,#2813,.F.);
#4694=ORIENTED_EDGE('',*,*,#3397,.T.);
#4695=ORIENTED_EDGE('',*,*,#3329,.F.);
#4696=ORIENTED_EDGE('',*,*,#3398,.F.);
#4697=ORIENTED_EDGE('',*,*,#2814,.F.);
#4698=ORIENTED_EDGE('',*,*,#3398,.T.);
#4699=ORIENTED_EDGE('',*,*,#3328,.F.);
#4700=ORIENTED_EDGE('',*,*,#3399,.F.);
#4701=ORIENTED_EDGE('',*,*,#2815,.F.);
#4702=ORIENTED_EDGE('',*,*,#3399,.T.);
#4703=ORIENTED_EDGE('',*,*,#3327,.F.);
#4704=ORIENTED_EDGE('',*,*,#3400,.F.);
#4705=ORIENTED_EDGE('',*,*,#2816,.F.);
#4706=ORIENTED_EDGE('',*,*,#3400,.T.);
#4707=ORIENTED_EDGE('',*,*,#3326,.F.);
#4708=ORIENTED_EDGE('',*,*,#3401,.F.);
#4709=ORIENTED_EDGE('',*,*,#2817,.F.);
#4710=ORIENTED_EDGE('',*,*,#3401,.T.);
#4711=ORIENTED_EDGE('',*,*,#3325,.F.);
#4712=ORIENTED_EDGE('',*,*,#3402,.F.);
#4713=ORIENTED_EDGE('',*,*,#2818,.F.);
#4714=ORIENTED_EDGE('',*,*,#3402,.T.);
#4715=ORIENTED_EDGE('',*,*,#3324,.F.);
#4716=ORIENTED_EDGE('',*,*,#3403,.F.);
#4717=ORIENTED_EDGE('',*,*,#2819,.F.);
#4718=ORIENTED_EDGE('',*,*,#3403,.T.);
#4719=ORIENTED_EDGE('',*,*,#3323,.F.);
#4720=ORIENTED_EDGE('',*,*,#3404,.F.);
#4721=ORIENTED_EDGE('',*,*,#2820,.F.);
#4722=ORIENTED_EDGE('',*,*,#3404,.T.);
#4723=ORIENTED_EDGE('',*,*,#3322,.F.);
#4724=ORIENTED_EDGE('',*,*,#3405,.F.);
#4725=ORIENTED_EDGE('',*,*,#2821,.F.);
#4726=ORIENTED_EDGE('',*,*,#3405,.T.);
#4727=ORIENTED_EDGE('',*,*,#3321,.F.);
#4728=ORIENTED_EDGE('',*,*,#3406,.F.);
#4729=ORIENTED_EDGE('',*,*,#2822,.F.);
#4730=ORIENTED_EDGE('',*,*,#3406,.T.);
#4731=ORIENTED_EDGE('',*,*,#3320,.F.);
#4732=ORIENTED_EDGE('',*,*,#3407,.F.);
#4733=ORIENTED_EDGE('',*,*,#2823,.F.);
#4734=ORIENTED_EDGE('',*,*,#3407,.T.);
#4735=ORIENTED_EDGE('',*,*,#3319,.F.);
#4736=ORIENTED_EDGE('',*,*,#3408,.F.);
#4737=ORIENTED_EDGE('',*,*,#2824,.F.);
#4738=ORIENTED_EDGE('',*,*,#3408,.T.);
#4739=ORIENTED_EDGE('',*,*,#3318,.F.);
#4740=ORIENTED_EDGE('',*,*,#3409,.F.);
#4741=ORIENTED_EDGE('',*,*,#2825,.F.);
#4742=ORIENTED_EDGE('',*,*,#3409,.T.);
#4743=ORIENTED_EDGE('',*,*,#3317,.F.);
#4744=ORIENTED_EDGE('',*,*,#3410,.F.);
#4745=ORIENTED_EDGE('',*,*,#2826,.F.);
#4746=ORIENTED_EDGE('',*,*,#3410,.T.);
#4747=ORIENTED_EDGE('',*,*,#3316,.F.);
#4748=ORIENTED_EDGE('',*,*,#3411,.F.);
#4749=ORIENTED_EDGE('',*,*,#2827,.F.);
#4750=ORIENTED_EDGE('',*,*,#3411,.T.);
#4751=ORIENTED_EDGE('',*,*,#3315,.F.);
#4752=ORIENTED_EDGE('',*,*,#3412,.F.);
#4753=ORIENTED_EDGE('',*,*,#2828,.F.);
#4754=ORIENTED_EDGE('',*,*,#3412,.T.);
#4755=ORIENTED_EDGE('',*,*,#3314,.F.);
#4756=ORIENTED_EDGE('',*,*,#3413,.F.);
#4757=ORIENTED_EDGE('',*,*,#2829,.F.);
#4758=ORIENTED_EDGE('',*,*,#3413,.T.);
#4759=ORIENTED_EDGE('',*,*,#3313,.F.);
#4760=ORIENTED_EDGE('',*,*,#3414,.F.);
#4761=ORIENTED_EDGE('',*,*,#2830,.F.);
#4762=ORIENTED_EDGE('',*,*,#3414,.T.);
#4763=ORIENTED_EDGE('',*,*,#3312,.F.);
#4764=ORIENTED_EDGE('',*,*,#3415,.F.);
#4765=ORIENTED_EDGE('',*,*,#2831,.F.);
#4766=ORIENTED_EDGE('',*,*,#3415,.T.);
#4767=ORIENTED_EDGE('',*,*,#3311,.F.);
#4768=ORIENTED_EDGE('',*,*,#3416,.F.);
#4769=ORIENTED_EDGE('',*,*,#2832,.F.);
#4770=ORIENTED_EDGE('',*,*,#3416,.T.);
#4771=ORIENTED_EDGE('',*,*,#3310,.F.);
#4772=ORIENTED_EDGE('',*,*,#3417,.F.);
#4773=ORIENTED_EDGE('',*,*,#2833,.F.);
#4774=ORIENTED_EDGE('',*,*,#3417,.T.);
#4775=ORIENTED_EDGE('',*,*,#3309,.F.);
#4776=ORIENTED_EDGE('',*,*,#3418,.F.);
#4777=ORIENTED_EDGE('',*,*,#2834,.F.);
#4778=ORIENTED_EDGE('',*,*,#3418,.T.);
#4779=ORIENTED_EDGE('',*,*,#3308,.F.);
#4780=ORIENTED_EDGE('',*,*,#3419,.F.);
#4781=ORIENTED_EDGE('',*,*,#2835,.F.);
#4782=ORIENTED_EDGE('',*,*,#3419,.T.);
#4783=ORIENTED_EDGE('',*,*,#3307,.F.);
#4784=ORIENTED_EDGE('',*,*,#3420,.F.);
#4785=ORIENTED_EDGE('',*,*,#2836,.F.);
#4786=ORIENTED_EDGE('',*,*,#3420,.T.);
#4787=ORIENTED_EDGE('',*,*,#3306,.F.);
#4788=ORIENTED_EDGE('',*,*,#3421,.F.);
#4789=ORIENTED_EDGE('',*,*,#2837,.F.);
#4790=ORIENTED_EDGE('',*,*,#3421,.T.);
#4791=ORIENTED_EDGE('',*,*,#3305,.F.);
#4792=ORIENTED_EDGE('',*,*,#3422,.F.);
#4793=ORIENTED_EDGE('',*,*,#2838,.F.);
#4794=ORIENTED_EDGE('',*,*,#3422,.T.);
#4795=ORIENTED_EDGE('',*,*,#3304,.F.);
#4796=ORIENTED_EDGE('',*,*,#3423,.F.);
#4797=ORIENTED_EDGE('',*,*,#2839,.F.);
#4798=ORIENTED_EDGE('',*,*,#3423,.T.);
#4799=ORIENTED_EDGE('',*,*,#3303,.F.);
#4800=ORIENTED_EDGE('',*,*,#3424,.F.);
#4801=ORIENTED_EDGE('',*,*,#2840,.F.);
#4802=ORIENTED_EDGE('',*,*,#3424,.T.);
#4803=ORIENTED_EDGE('',*,*,#3302,.F.);
#4804=ORIENTED_EDGE('',*,*,#3425,.F.);
#4805=ORIENTED_EDGE('',*,*,#2841,.F.);
#4806=ORIENTED_EDGE('',*,*,#3425,.T.);
#4807=ORIENTED_EDGE('',*,*,#3301,.F.);
#4808=ORIENTED_EDGE('',*,*,#3426,.F.);
#4809=ORIENTED_EDGE('',*,*,#2842,.F.);
#4810=ORIENTED_EDGE('',*,*,#3426,.T.);
#4811=ORIENTED_EDGE('',*,*,#3300,.F.);
#4812=ORIENTED_EDGE('',*,*,#3427,.F.);
#4813=ORIENTED_EDGE('',*,*,#2843,.F.);
#4814=ORIENTED_EDGE('',*,*,#3427,.T.);
#4815=ORIENTED_EDGE('',*,*,#3299,.F.);
#4816=ORIENTED_EDGE('',*,*,#3428,.F.);
#4817=ORIENTED_EDGE('',*,*,#2844,.F.);
#4818=ORIENTED_EDGE('',*,*,#3428,.T.);
#4819=ORIENTED_EDGE('',*,*,#3298,.F.);
#4820=ORIENTED_EDGE('',*,*,#3429,.F.);
#4821=ORIENTED_EDGE('',*,*,#2845,.F.);
#4822=ORIENTED_EDGE('',*,*,#3429,.T.);
#4823=ORIENTED_EDGE('',*,*,#3297,.F.);
#4824=ORIENTED_EDGE('',*,*,#3430,.F.);
#4825=ORIENTED_EDGE('',*,*,#2846,.F.);
#4826=ORIENTED_EDGE('',*,*,#3430,.T.);
#4827=ORIENTED_EDGE('',*,*,#3296,.F.);
#4828=ORIENTED_EDGE('',*,*,#3431,.F.);
#4829=ORIENTED_EDGE('',*,*,#2847,.F.);
#4830=ORIENTED_EDGE('',*,*,#3431,.T.);
#4831=ORIENTED_EDGE('',*,*,#3295,.F.);
#4832=ORIENTED_EDGE('',*,*,#3432,.F.);
#4833=ORIENTED_EDGE('',*,*,#2848,.F.);
#4834=ORIENTED_EDGE('',*,*,#3432,.T.);
#4835=ORIENTED_EDGE('',*,*,#3294,.F.);
#4836=ORIENTED_EDGE('',*,*,#3433,.F.);
#4837=ORIENTED_EDGE('',*,*,#2849,.F.);
#4838=ORIENTED_EDGE('',*,*,#3433,.T.);
#4839=ORIENTED_EDGE('',*,*,#3293,.F.);
#4840=ORIENTED_EDGE('',*,*,#3434,.F.);
#4841=ORIENTED_EDGE('',*,*,#2850,.F.);
#4842=ORIENTED_EDGE('',*,*,#3434,.T.);
#4843=ORIENTED_EDGE('',*,*,#3292,.F.);
#4844=ORIENTED_EDGE('',*,*,#3435,.F.);
#4845=ORIENTED_EDGE('',*,*,#2851,.F.);
#4846=ORIENTED_EDGE('',*,*,#3435,.T.);
#4847=ORIENTED_EDGE('',*,*,#3291,.F.);
#4848=ORIENTED_EDGE('',*,*,#3436,.F.);
#4849=ORIENTED_EDGE('',*,*,#2852,.F.);
#4850=ORIENTED_EDGE('',*,*,#3436,.T.);
#4851=ORIENTED_EDGE('',*,*,#3290,.F.);
#4852=ORIENTED_EDGE('',*,*,#3437,.F.);
#4853=ORIENTED_EDGE('',*,*,#2853,.F.);
#4854=ORIENTED_EDGE('',*,*,#3437,.T.);
#4855=ORIENTED_EDGE('',*,*,#3289,.F.);
#4856=ORIENTED_EDGE('',*,*,#3438,.F.);
#4857=ORIENTED_EDGE('',*,*,#2854,.F.);
#4858=ORIENTED_EDGE('',*,*,#3438,.T.);
#4859=ORIENTED_EDGE('',*,*,#3288,.F.);
#4860=ORIENTED_EDGE('',*,*,#3439,.F.);
#4861=ORIENTED_EDGE('',*,*,#2855,.F.);
#4862=ORIENTED_EDGE('',*,*,#3439,.T.);
#4863=ORIENTED_EDGE('',*,*,#3287,.F.);
#4864=ORIENTED_EDGE('',*,*,#3440,.F.);
#4865=ORIENTED_EDGE('',*,*,#2856,.F.);
#4866=ORIENTED_EDGE('',*,*,#3440,.T.);
#4867=ORIENTED_EDGE('',*,*,#3286,.F.);
#4868=ORIENTED_EDGE('',*,*,#3441,.F.);
#4869=ORIENTED_EDGE('',*,*,#2857,.F.);
#4870=ORIENTED_EDGE('',*,*,#3441,.T.);
#4871=ORIENTED_EDGE('',*,*,#3285,.F.);
#4872=ORIENTED_EDGE('',*,*,#3442,.F.);
#4873=ORIENTED_EDGE('',*,*,#2858,.F.);
#4874=ORIENTED_EDGE('',*,*,#3442,.T.);
#4875=ORIENTED_EDGE('',*,*,#3284,.F.);
#4876=ORIENTED_EDGE('',*,*,#3443,.F.);
#4877=ORIENTED_EDGE('',*,*,#2859,.F.);
#4878=ORIENTED_EDGE('',*,*,#3443,.T.);
#4879=ORIENTED_EDGE('',*,*,#3283,.F.);
#4880=ORIENTED_EDGE('',*,*,#3444,.F.);
#4881=ORIENTED_EDGE('',*,*,#2860,.F.);
#4882=ORIENTED_EDGE('',*,*,#3444,.T.);
#4883=ORIENTED_EDGE('',*,*,#3282,.F.);
#4884=ORIENTED_EDGE('',*,*,#3445,.F.);
#4885=ORIENTED_EDGE('',*,*,#2861,.F.);
#4886=ORIENTED_EDGE('',*,*,#3445,.T.);
#4887=ORIENTED_EDGE('',*,*,#3281,.F.);
#4888=ORIENTED_EDGE('',*,*,#3446,.F.);
#4889=ORIENTED_EDGE('',*,*,#2862,.F.);
#4890=ORIENTED_EDGE('',*,*,#3446,.T.);
#4891=ORIENTED_EDGE('',*,*,#3280,.F.);
#4892=ORIENTED_EDGE('',*,*,#3447,.F.);
#4893=ORIENTED_EDGE('',*,*,#2863,.F.);
#4894=ORIENTED_EDGE('',*,*,#3447,.T.);
#4895=ORIENTED_EDGE('',*,*,#3279,.F.);
#4896=ORIENTED_EDGE('',*,*,#3448,.F.);
#4897=ORIENTED_EDGE('',*,*,#2864,.F.);
#4898=ORIENTED_EDGE('',*,*,#3448,.T.);
#4899=ORIENTED_EDGE('',*,*,#3278,.F.);
#4900=ORIENTED_EDGE('',*,*,#3449,.F.);
#4901=ORIENTED_EDGE('',*,*,#2865,.F.);
#4902=ORIENTED_EDGE('',*,*,#3449,.T.);
#4903=ORIENTED_EDGE('',*,*,#3277,.F.);
#4904=ORIENTED_EDGE('',*,*,#3450,.F.);
#4905=ORIENTED_EDGE('',*,*,#2866,.F.);
#4906=ORIENTED_EDGE('',*,*,#3450,.T.);
#4907=ORIENTED_EDGE('',*,*,#3276,.F.);
#4908=ORIENTED_EDGE('',*,*,#3451,.F.);
#4909=ORIENTED_EDGE('',*,*,#2867,.F.);
#4910=ORIENTED_EDGE('',*,*,#3451,.T.);
#4911=ORIENTED_EDGE('',*,*,#3275,.F.);
#4912=ORIENTED_EDGE('',*,*,#3452,.F.);
#4913=ORIENTED_EDGE('',*,*,#2868,.F.);
#4914=ORIENTED_EDGE('',*,*,#3452,.T.);
#4915=ORIENTED_EDGE('',*,*,#3274,.F.);
#4916=ORIENTED_EDGE('',*,*,#3453,.F.);
#4917=ORIENTED_EDGE('',*,*,#2869,.F.);
#4918=ORIENTED_EDGE('',*,*,#3453,.T.);
#4919=ORIENTED_EDGE('',*,*,#3273,.F.);
#4920=ORIENTED_EDGE('',*,*,#3454,.F.);
#4921=ORIENTED_EDGE('',*,*,#2870,.F.);
#4922=ORIENTED_EDGE('',*,*,#3454,.T.);
#4923=ORIENTED_EDGE('',*,*,#3272,.F.);
#4924=ORIENTED_EDGE('',*,*,#3455,.F.);
#4925=ORIENTED_EDGE('',*,*,#2871,.F.);
#4926=ORIENTED_EDGE('',*,*,#3455,.T.);
#4927=ORIENTED_EDGE('',*,*,#3271,.F.);
#4928=ORIENTED_EDGE('',*,*,#3456,.F.);
#4929=ORIENTED_EDGE('',*,*,#2872,.F.);
#4930=ORIENTED_EDGE('',*,*,#3456,.T.);
#4931=ORIENTED_EDGE('',*,*,#3270,.F.);
#4932=ORIENTED_EDGE('',*,*,#3457,.F.);
#4933=ORIENTED_EDGE('',*,*,#2873,.F.);
#4934=ORIENTED_EDGE('',*,*,#3457,.T.);
#4935=ORIENTED_EDGE('',*,*,#3269,.F.);
#4936=ORIENTED_EDGE('',*,*,#3458,.F.);
#4937=ORIENTED_EDGE('',*,*,#2874,.F.);
#4938=ORIENTED_EDGE('',*,*,#3458,.T.);
#4939=ORIENTED_EDGE('',*,*,#3268,.F.);
#4940=ORIENTED_EDGE('',*,*,#3459,.F.);
#4941=ORIENTED_EDGE('',*,*,#2875,.F.);
#4942=ORIENTED_EDGE('',*,*,#3459,.T.);
#4943=ORIENTED_EDGE('',*,*,#3267,.F.);
#4944=ORIENTED_EDGE('',*,*,#3460,.F.);
#4945=ORIENTED_EDGE('',*,*,#2876,.F.);
#4946=ORIENTED_EDGE('',*,*,#3460,.T.);
#4947=ORIENTED_EDGE('',*,*,#3266,.F.);
#4948=ORIENTED_EDGE('',*,*,#3461,.F.);
#4949=ORIENTED_EDGE('',*,*,#2877,.F.);
#4950=ORIENTED_EDGE('',*,*,#3461,.T.);
#4951=ORIENTED_EDGE('',*,*,#3265,.F.);
#4952=ORIENTED_EDGE('',*,*,#3462,.F.);
#4953=ORIENTED_EDGE('',*,*,#2878,.F.);
#4954=ORIENTED_EDGE('',*,*,#3462,.T.);
#4955=ORIENTED_EDGE('',*,*,#3264,.F.);
#4956=ORIENTED_EDGE('',*,*,#3463,.F.);
#4957=ORIENTED_EDGE('',*,*,#2879,.F.);
#4958=ORIENTED_EDGE('',*,*,#3463,.T.);
#4959=ORIENTED_EDGE('',*,*,#3263,.F.);
#4960=ORIENTED_EDGE('',*,*,#3464,.F.);
#4961=ORIENTED_EDGE('',*,*,#2880,.F.);
#4962=ORIENTED_EDGE('',*,*,#3464,.T.);
#4963=ORIENTED_EDGE('',*,*,#3262,.F.);
#4964=ORIENTED_EDGE('',*,*,#3465,.F.);
#4965=ORIENTED_EDGE('',*,*,#2881,.F.);
#4966=ORIENTED_EDGE('',*,*,#3465,.T.);
#4967=ORIENTED_EDGE('',*,*,#3261,.F.);
#4968=ORIENTED_EDGE('',*,*,#3466,.F.);
#4969=ORIENTED_EDGE('',*,*,#2882,.F.);
#4970=ORIENTED_EDGE('',*,*,#3466,.T.);
#4971=ORIENTED_EDGE('',*,*,#3260,.F.);
#4972=ORIENTED_EDGE('',*,*,#3467,.F.);
#4973=ORIENTED_EDGE('',*,*,#2883,.F.);
#4974=ORIENTED_EDGE('',*,*,#3467,.T.);
#4975=ORIENTED_EDGE('',*,*,#3259,.F.);
#4976=ORIENTED_EDGE('',*,*,#3468,.F.);
#4977=ORIENTED_EDGE('',*,*,#2884,.F.);
#4978=ORIENTED_EDGE('',*,*,#3468,.T.);
#4979=ORIENTED_EDGE('',*,*,#3258,.F.);
#4980=ORIENTED_EDGE('',*,*,#3469,.F.);
#4981=ORIENTED_EDGE('',*,*,#2885,.F.);
#4982=ORIENTED_EDGE('',*,*,#3469,.T.);
#4983=ORIENTED_EDGE('',*,*,#3257,.F.);
#4984=ORIENTED_EDGE('',*,*,#3470,.F.);
#4985=ORIENTED_EDGE('',*,*,#2886,.F.);
#4986=ORIENTED_EDGE('',*,*,#3470,.T.);
#4987=ORIENTED_EDGE('',*,*,#3256,.F.);
#4988=ORIENTED_EDGE('',*,*,#3471,.F.);
#4989=ORIENTED_EDGE('',*,*,#2887,.F.);
#4990=ORIENTED_EDGE('',*,*,#3471,.T.);
#4991=ORIENTED_EDGE('',*,*,#3255,.F.);
#4992=ORIENTED_EDGE('',*,*,#3472,.F.);
#4993=ORIENTED_EDGE('',*,*,#2888,.F.);
#4994=ORIENTED_EDGE('',*,*,#3472,.T.);
#4995=ORIENTED_EDGE('',*,*,#3254,.F.);
#4996=ORIENTED_EDGE('',*,*,#3473,.F.);
#4997=ORIENTED_EDGE('',*,*,#2889,.F.);
#4998=ORIENTED_EDGE('',*,*,#3473,.T.);
#4999=ORIENTED_EDGE('',*,*,#3253,.F.);
#5000=ORIENTED_EDGE('',*,*,#3374,.F.);
#5001=ORIENTED_EDGE('',*,*,#2918,.F.);
#5002=ORIENTED_EDGE('',*,*,#3474,.T.);
#5003=ORIENTED_EDGE('',*,*,#3475,.T.);
#5004=ORIENTED_EDGE('',*,*,#3476,.F.);
#5005=ORIENTED_EDGE('',*,*,#2925,.F.);
#5006=ORIENTED_EDGE('',*,*,#3477,.T.);
#5007=ORIENTED_EDGE('',*,*,#3478,.T.);
#5008=ORIENTED_EDGE('',*,*,#3474,.F.);
#5009=ORIENTED_EDGE('',*,*,#2924,.F.);
#5010=ORIENTED_EDGE('',*,*,#3479,.T.);
#5011=ORIENTED_EDGE('',*,*,#3480,.T.);
#5012=ORIENTED_EDGE('',*,*,#3477,.F.);
#5013=ORIENTED_EDGE('',*,*,#2923,.F.);
#5014=ORIENTED_EDGE('',*,*,#3481,.T.);
#5015=ORIENTED_EDGE('',*,*,#3482,.T.);
#5016=ORIENTED_EDGE('',*,*,#3479,.F.);
#5017=ORIENTED_EDGE('',*,*,#2922,.F.);
#5018=ORIENTED_EDGE('',*,*,#3483,.T.);
#5019=ORIENTED_EDGE('',*,*,#3484,.T.);
#5020=ORIENTED_EDGE('',*,*,#3481,.F.);
#5021=ORIENTED_EDGE('',*,*,#2921,.F.);
#5022=ORIENTED_EDGE('',*,*,#3485,.T.);
#5023=ORIENTED_EDGE('',*,*,#3486,.T.);
#5024=ORIENTED_EDGE('',*,*,#3483,.F.);
#5025=ORIENTED_EDGE('',*,*,#2920,.F.);
#5026=ORIENTED_EDGE('',*,*,#3487,.T.);
#5027=ORIENTED_EDGE('',*,*,#3488,.T.);
#5028=ORIENTED_EDGE('',*,*,#3485,.F.);
#5029=ORIENTED_EDGE('',*,*,#2919,.F.);
#5030=ORIENTED_EDGE('',*,*,#3476,.T.);
#5031=ORIENTED_EDGE('',*,*,#3489,.T.);
#5032=ORIENTED_EDGE('',*,*,#3487,.F.);
#5033=ORIENTED_EDGE('',*,*,#3489,.F.);
#5034=ORIENTED_EDGE('',*,*,#3475,.F.);
#5035=ORIENTED_EDGE('',*,*,#3478,.F.);
#5036=ORIENTED_EDGE('',*,*,#3480,.F.);
#5037=ORIENTED_EDGE('',*,*,#3482,.F.);
#5038=ORIENTED_EDGE('',*,*,#3484,.F.);
#5039=ORIENTED_EDGE('',*,*,#3486,.F.);
#5040=ORIENTED_EDGE('',*,*,#3488,.F.);
#5041=ORIENTED_EDGE('',*,*,#3139,.F.);
#5042=ORIENTED_EDGE('',*,*,#2926,.F.);
#5043=ORIENTED_EDGE('',*,*,#3490,.T.);
#5044=ORIENTED_EDGE('',*,*,#3491,.T.);
#5045=ORIENTED_EDGE('',*,*,#3492,.F.);
#5046=ORIENTED_EDGE('',*,*,#2933,.F.);
#5047=ORIENTED_EDGE('',*,*,#3493,.T.);
#5048=ORIENTED_EDGE('',*,*,#3494,.T.);
#5049=ORIENTED_EDGE('',*,*,#3490,.F.);
#5050=ORIENTED_EDGE('',*,*,#2932,.F.);
#5051=ORIENTED_EDGE('',*,*,#3495,.T.);
#5052=ORIENTED_EDGE('',*,*,#3496,.T.);
#5053=ORIENTED_EDGE('',*,*,#3493,.F.);
#5054=ORIENTED_EDGE('',*,*,#2931,.F.);
#5055=ORIENTED_EDGE('',*,*,#3497,.T.);
#5056=ORIENTED_EDGE('',*,*,#3498,.T.);
#5057=ORIENTED_EDGE('',*,*,#3495,.F.);
#5058=ORIENTED_EDGE('',*,*,#2930,.F.);
#5059=ORIENTED_EDGE('',*,*,#3499,.T.);
#5060=ORIENTED_EDGE('',*,*,#3500,.T.);
#5061=ORIENTED_EDGE('',*,*,#3497,.F.);
#5062=ORIENTED_EDGE('',*,*,#2929,.F.);
#5063=ORIENTED_EDGE('',*,*,#3501,.T.);
#5064=ORIENTED_EDGE('',*,*,#3502,.T.);
#5065=ORIENTED_EDGE('',*,*,#3499,.F.);
#5066=ORIENTED_EDGE('',*,*,#2928,.F.);
#5067=ORIENTED_EDGE('',*,*,#3503,.T.);
#5068=ORIENTED_EDGE('',*,*,#3504,.T.);
#5069=ORIENTED_EDGE('',*,*,#3501,.F.);
#5070=ORIENTED_EDGE('',*,*,#2927,.F.);
#5071=ORIENTED_EDGE('',*,*,#3492,.T.);
#5072=ORIENTED_EDGE('',*,*,#3505,.T.);
#5073=ORIENTED_EDGE('',*,*,#3503,.F.);
#5074=ORIENTED_EDGE('',*,*,#3505,.F.);
#5075=ORIENTED_EDGE('',*,*,#3491,.F.);
#5076=ORIENTED_EDGE('',*,*,#3494,.F.);
#5077=ORIENTED_EDGE('',*,*,#3496,.F.);
#5078=ORIENTED_EDGE('',*,*,#3498,.F.);
#5079=ORIENTED_EDGE('',*,*,#3500,.F.);
#5080=ORIENTED_EDGE('',*,*,#3502,.F.);
#5081=ORIENTED_EDGE('',*,*,#3504,.F.);
#5082=ORIENTED_EDGE('',*,*,#3135,.F.);
#5083=ORIENTED_EDGE('',*,*,#2934,.F.);
#5084=ORIENTED_EDGE('',*,*,#3506,.T.);
#5085=ORIENTED_EDGE('',*,*,#3507,.T.);
#5086=ORIENTED_EDGE('',*,*,#3508,.F.);
#5087=ORIENTED_EDGE('',*,*,#2941,.F.);
#5088=ORIENTED_EDGE('',*,*,#3509,.T.);
#5089=ORIENTED_EDGE('',*,*,#3510,.T.);
#5090=ORIENTED_EDGE('',*,*,#3506,.F.);
#5091=ORIENTED_EDGE('',*,*,#2940,.F.);
#5092=ORIENTED_EDGE('',*,*,#3511,.T.);
#5093=ORIENTED_EDGE('',*,*,#3512,.T.);
#5094=ORIENTED_EDGE('',*,*,#3509,.F.);
#5095=ORIENTED_EDGE('',*,*,#2939,.F.);
#5096=ORIENTED_EDGE('',*,*,#3513,.T.);
#5097=ORIENTED_EDGE('',*,*,#3514,.T.);
#5098=ORIENTED_EDGE('',*,*,#3511,.F.);
#5099=ORIENTED_EDGE('',*,*,#2938,.F.);
#5100=ORIENTED_EDGE('',*,*,#3515,.T.);
#5101=ORIENTED_EDGE('',*,*,#3516,.T.);
#5102=ORIENTED_EDGE('',*,*,#3513,.F.);
#5103=ORIENTED_EDGE('',*,*,#2937,.F.);
#5104=ORIENTED_EDGE('',*,*,#3517,.T.);
#5105=ORIENTED_EDGE('',*,*,#3518,.T.);
#5106=ORIENTED_EDGE('',*,*,#3515,.F.);
#5107=ORIENTED_EDGE('',*,*,#2936,.F.);
#5108=ORIENTED_EDGE('',*,*,#3519,.T.);
#5109=ORIENTED_EDGE('',*,*,#3520,.T.);
#5110=ORIENTED_EDGE('',*,*,#3517,.F.);
#5111=ORIENTED_EDGE('',*,*,#2935,.F.);
#5112=ORIENTED_EDGE('',*,*,#3508,.T.);
#5113=ORIENTED_EDGE('',*,*,#3521,.T.);
#5114=ORIENTED_EDGE('',*,*,#3519,.F.);
#5115=ORIENTED_EDGE('',*,*,#3521,.F.);
#5116=ORIENTED_EDGE('',*,*,#3507,.F.);
#5117=ORIENTED_EDGE('',*,*,#3510,.F.);
#5118=ORIENTED_EDGE('',*,*,#3512,.F.);
#5119=ORIENTED_EDGE('',*,*,#3514,.F.);
#5120=ORIENTED_EDGE('',*,*,#3516,.F.);
#5121=ORIENTED_EDGE('',*,*,#3518,.F.);
#5122=ORIENTED_EDGE('',*,*,#3520,.F.);
#5123=ORIENTED_EDGE('',*,*,#3131,.F.);
#5124=ORIENTED_EDGE('',*,*,#3038,.F.);
#5125=ORIENTED_EDGE('',*,*,#3353,.F.);
#5126=ORIENTED_EDGE('',*,*,#3251,.F.);
#5127=ORIENTED_EDGE('',*,*,#3243,.F.);
#5128=PLANE('',#5605);
#5129=PLANE('',#5612);
#5130=PLANE('',#5613);
#5131=PLANE('',#5617);
#5132=PLANE('',#5621);
#5133=PLANE('',#5625);
#5134=PLANE('',#5629);
#5135=PLANE('',#5634);
#5136=PLANE('',#5637);
#5137=PLANE('',#5638);
#5138=PLANE('',#5639);
#5139=PLANE('',#5640);
#5140=PLANE('',#5644);
#5141=PLANE('',#5648);
#5142=PLANE('',#5652);
#5143=PLANE('',#5656);
#5144=PLANE('',#5660);
#5145=PLANE('',#5664);
#5146=PLANE('',#5670);
#5147=PLANE('',#5775);
#5148=PLANE('',#5782);
#5149=PLANE('',#5789);
#5150=PLANE('',#5796);
#5151=PLANE('',#5803);
#5152=PLANE('',#5810);
#5153=PLANE('',#5817);
#5154=PLANE('',#5824);
#5155=PLANE('',#5828);
#5156=PLANE('',#5832);
#5157=PLANE('',#5836);
#5158=PLANE('',#5840);
#5159=PLANE('',#5841);
#5160=PLANE('',#5851);
#5161=PLANE('',#5854);
#5162=PLANE('',#5857);
#5163=PLANE('',#5858);
#5164=PLANE('',#5882);
#5165=PLANE('',#5885);
#5166=PLANE('',#5888);
#5167=PLANE('',#5891);
#5168=PLANE('',#5895);
#5169=PLANE('',#5897);
#5170=PLANE('',#5910);
#5171=PLANE('',#5913);
#5172=PLANE('',#5916);
#5173=PLANE('',#5919);
#5174=PLANE('',#5923);
#5175=PLANE('',#5925);
#5176=PLANE('',#5926);
#5177=PLANE('',#5927);
#5178=PLANE('',#5930);
#5179=PLANE('',#5933);
#5180=PLANE('',#5936);
#5181=PLANE('',#5937);
#5182=PLANE('',#5940);
#5183=PLANE('',#5941);
#5184=PLANE('',#5944);
#5185=PLANE('',#5945);
#5186=PLANE('',#5948);
#5187=PLANE('',#5951);
#5188=PLANE('',#5963);
#5189=PLANE('',#5965);
#5190=PLANE('',#5967);
#5191=PLANE('',#5969);
#5192=PLANE('',#5971);
#5193=PLANE('',#5973);
#5194=PLANE('',#5974);
#5195=PLANE('',#5977);
#5196=PLANE('',#5980);
#5197=PLANE('',#5983);
#5198=PLANE('',#5987);
#5199=PLANE('',#5989);
#5200=PLANE('',#5996);
#5201=PLANE('',#5997);
#5202=PLANE('',#6060);
#5203=PLANE('',#6063);
#5204=PLANE('',#6064);
#5205=PLANE('',#6066);
#5206=PLANE('',#6069);
#5207=PLANE('',#6071);
#5208=PLANE('',#6073);
#5209=PLANE('',#6074);
#5210=PLANE('',#6076);
#5211=PLANE('',#6077);
#5212=PLANE('',#6079);
#5213=PLANE('',#6081);
#5214=PLANE('',#6086);
#5215=PLANE('',#6088);
#5216=PLANE('',#6092);
#5217=PLANE('',#6094);
#5218=PLANE('',#6096);
#5219=PLANE('',#6098);
#5220=PLANE('',#6102);
#5221=PLANE('',#6104);
#5222=PLANE('',#6106);
#5223=PLANE('',#6108);
#5224=PLANE('',#6110);
#5225=PLANE('',#6114);
#5226=PLANE('',#6116);
#5227=PLANE('',#6118);
#5228=PLANE('',#6120);
#5229=PLANE('',#6122);
#5230=PLANE('',#6126);
#5231=PLANE('',#6128);
#5232=PLANE('',#6130);
#5233=PLANE('',#6132);
#5234=PLANE('',#6134);
#5235=PLANE('',#6138);
#5236=PLANE('',#6140);
#5237=PLANE('',#6142);
#5238=PLANE('',#6144);
#5239=PLANE('',#6146);
#5240=PLANE('',#6150);
#5241=PLANE('',#6152);
#5242=PLANE('',#6154);
#5243=PLANE('',#6156);
#5244=PLANE('',#6158);
#5245=PLANE('',#6162);
#5246=PLANE('',#6164);
#5247=PLANE('',#6166);
#5248=PLANE('',#6168);
#5249=PLANE('',#6170);
#5250=PLANE('',#6174);
#5251=PLANE('',#6176);
#5252=PLANE('',#6178);
#5253=PLANE('',#6180);
#5254=PLANE('',#6182);
#5255=PLANE('',#6183);
#5256=PLANE('',#6186);
#5257=PLANE('',#6189);
#5258=PLANE('',#6192);
#5259=PLANE('',#6195);
#5260=PLANE('',#6196);
#5261=PLANE('',#6199);
#5262=PLANE('',#6202);
#5263=PLANE('',#6205);
#5264=PLANE('',#6208);
#5265=PLANE('',#6209);
#5266=PLANE('',#6212);
#5267=PLANE('',#6215);
#5268=PLANE('',#6218);
#5269=PLANE('',#6221);
#5270=PLANE('',#6222);
#5271=ADVANCED_FACE('',(#526),#5128,.F.);
#5272=ADVANCED_FACE('',(#527),#399,.F.);
#5273=ADVANCED_FACE('',(#528),#400,.F.);
#5274=ADVANCED_FACE('',(#529),#5129,.F.);
#5275=ADVANCED_FACE('',(#530),#5130,.F.);
#5276=ADVANCED_FACE('',(#531),#401,.F.);
#5277=ADVANCED_FACE('',(#532),#5131,.F.);
#5278=ADVANCED_FACE('',(#533),#402,.F.);
#5279=ADVANCED_FACE('',(#534),#5132,.F.);
#5280=ADVANCED_FACE('',(#535),#403,.F.);
#5281=ADVANCED_FACE('',(#536),#5133,.F.);
#5282=ADVANCED_FACE('',(#537),#404,.F.);
#5283=ADVANCED_FACE('',(#538),#5134,.F.);
#5284=ADVANCED_FACE('',(#539),#405,.F.);
#5285=ADVANCED_FACE('',(#540),#5135,.F.);
#5286=ADVANCED_FACE('',(#541),#406,.F.);
#5287=ADVANCED_FACE('',(#542),#5136,.F.);
#5288=ADVANCED_FACE('',(#543),#5137,.F.);
#5289=ADVANCED_FACE('',(#544),#5138,.F.);
#5290=ADVANCED_FACE('',(#545),#5139,.F.);
#5291=ADVANCED_FACE('',(#546),#407,.F.);
#5292=ADVANCED_FACE('',(#547),#5140,.T.);
#5293=ADVANCED_FACE('',(#548),#408,.F.);
#5294=ADVANCED_FACE('',(#549),#5141,.T.);
#5295=ADVANCED_FACE('',(#550),#409,.F.);
#5296=ADVANCED_FACE('',(#551),#5142,.T.);
#5297=ADVANCED_FACE('',(#552),#410,.F.);
#5298=ADVANCED_FACE('',(#553),#5143,.T.);
#5299=ADVANCED_FACE('',(#554),#411,.F.);
#5300=ADVANCED_FACE('',(#555),#5144,.T.);
#5301=ADVANCED_FACE('',(#556),#412,.F.);
#5302=ADVANCED_FACE('',(#557),#5145,.T.);
#5303=ADVANCED_FACE('',(#558),#51,.F.);
#5304=ADVANCED_FACE('',(#559),#413,.F.);
#5305=ADVANCED_FACE('',(#560,#15,#16,#17,#18,#19,#20,#21,#22,#23,#24,#25,
#26,#27,#28,#29),#5146,.F.);
#5306=ADVANCED_FACE('',(#561),#52,.F.);
#5307=ADVANCED_FACE('',(#562),#5147,.F.);
#5308=ADVANCED_FACE('',(#563),#53,.F.);
#5309=ADVANCED_FACE('',(#564),#414,.F.);
#5310=ADVANCED_FACE('',(#565),#54,.F.);
#5311=ADVANCED_FACE('',(#566),#5148,.F.);
#5312=ADVANCED_FACE('',(#567),#55,.F.);
#5313=ADVANCED_FACE('',(#568),#415,.F.);
#5314=ADVANCED_FACE('',(#569),#56,.F.);
#5315=ADVANCED_FACE('',(#570),#5149,.F.);
#5316=ADVANCED_FACE('',(#571),#57,.F.);
#5317=ADVANCED_FACE('',(#572),#416,.F.);
#5318=ADVANCED_FACE('',(#573),#58,.F.);
#5319=ADVANCED_FACE('',(#574),#5150,.F.);
#5320=ADVANCED_FACE('',(#575),#59,.F.);
#5321=ADVANCED_FACE('',(#576),#417,.F.);
#5322=ADVANCED_FACE('',(#577),#60,.F.);
#5323=ADVANCED_FACE('',(#578),#5151,.F.);
#5324=ADVANCED_FACE('',(#579),#61,.F.);
#5325=ADVANCED_FACE('',(#580),#418,.F.);
#5326=ADVANCED_FACE('',(#581),#62,.F.);
#5327=ADVANCED_FACE('',(#582),#5152,.F.);
#5328=ADVANCED_FACE('',(#583),#63,.F.);
#5329=ADVANCED_FACE('',(#584),#419,.F.);
#5330=ADVANCED_FACE('',(#585),#64,.F.);
#5331=ADVANCED_FACE('',(#586),#5153,.F.);
#5332=ADVANCED_FACE('',(#587),#65,.F.);
#5333=ADVANCED_FACE('',(#588),#420,.F.);
#5334=ADVANCED_FACE('',(#589),#66,.F.);
#5335=ADVANCED_FACE('',(#590),#5154,.F.);
#5336=ADVANCED_FACE('',(#591),#67,.F.);
#5337=ADVANCED_FACE('',(#592),#5155,.T.);
#5338=ADVANCED_FACE('',(#593),#68,.T.);
#5339=ADVANCED_FACE('',(#594),#5156,.T.);
#5340=ADVANCED_FACE('',(#595),#69,.T.);
#5341=ADVANCED_FACE('',(#596),#5157,.T.);
#5342=ADVANCED_FACE('',(#597),#70,.T.);
#5343=ADVANCED_FACE('',(#598),#5158,.T.);
#5344=ADVANCED_FACE('',(#599),#5159,.T.);
#5345=ADVANCED_FACE('',(#600),#71,.T.);
#5346=ADVANCED_FACE('',(#601),#72,.T.);
#5347=ADVANCED_FACE('',(#602),#73,.T.);
#5348=ADVANCED_FACE('',(#603),#421,.T.);
#5349=ADVANCED_FACE('',(#604),#5160,.T.);
#5350=ADVANCED_FACE('',(#605),#422,.T.);
#5351=ADVANCED_FACE('',(#606),#5161,.T.);
#5352=ADVANCED_FACE('',(#607),#423,.T.);
#5353=ADVANCED_FACE('',(#608),#5162,.T.);
#5354=ADVANCED_FACE('',(#609,#30,#31,#32,#33,#34,#35,#36),#5163,.T.);
#5355=ADVANCED_FACE('',(#610),#5164,.T.);
#5356=ADVANCED_FACE('',(#611),#74,.F.);
#5357=ADVANCED_FACE('',(#612),#5165,.T.);
#5358=ADVANCED_FACE('',(#613),#75,.F.);
#5359=ADVANCED_FACE('',(#614),#5166,.T.);
#5360=ADVANCED_FACE('',(#615),#76,.F.);
#5361=ADVANCED_FACE('',(#616),#5167,.T.);
#5362=ADVANCED_FACE('',(#617),#77,.F.);
#5363=ADVANCED_FACE('',(#618),#424,.F.);
#5364=ADVANCED_FACE('',(#619),#5168,.T.);
#5365=ADVANCED_FACE('',(#620),#425,.F.);
#5366=ADVANCED_FACE('',(#621),#5169,.T.);
#5367=ADVANCED_FACE('',(#622),#78,.F.);
#5368=ADVANCED_FACE('',(#623),#426,.F.);
#5369=ADVANCED_FACE('',(#624),#79,.F.);
#5370=ADVANCED_FACE('',(#625),#427,.F.);
#5371=ADVANCED_FACE('',(#626),#80,.F.);
#5372=ADVANCED_FACE('',(#627),#428,.F.);
#5373=ADVANCED_FACE('',(#628),#5170,.T.);
#5374=ADVANCED_FACE('',(#629),#81,.F.);
#5375=ADVANCED_FACE('',(#630),#5171,.T.);
#5376=ADVANCED_FACE('',(#631),#82,.F.);
#5377=ADVANCED_FACE('',(#632),#5172,.T.);
#5378=ADVANCED_FACE('',(#633),#83,.F.);
#5379=ADVANCED_FACE('',(#634),#5173,.T.);
#5380=ADVANCED_FACE('',(#635),#84,.F.);
#5381=ADVANCED_FACE('',(#636),#429,.F.);
#5382=ADVANCED_FACE('',(#637),#5174,.T.);
#5383=ADVANCED_FACE('',(#638),#430,.F.);
#5384=ADVANCED_FACE('',(#639),#5175,.T.);
#5385=ADVANCED_FACE('',(#640),#5176,.T.);
#5386=ADVANCED_FACE('',(#641),#5177,.T.);
#5387=ADVANCED_FACE('',(#642),#85,.F.);
#5388=ADVANCED_FACE('',(#643),#5178,.T.);
#5389=ADVANCED_FACE('',(#644),#86,.F.);
#5390=ADVANCED_FACE('',(#645),#5179,.T.);
#5391=ADVANCED_FACE('',(#646),#87,.F.);
#5392=ADVANCED_FACE('',(#647),#5180,.T.);
#5393=ADVANCED_FACE('',(#648),#5181,.T.);
#5394=ADVANCED_FACE('',(#649),#88,.F.);
#5395=ADVANCED_FACE('',(#650),#5182,.T.);
#5396=ADVANCED_FACE('',(#651),#5183,.T.);
#5397=ADVANCED_FACE('',(#652),#89,.F.);
#5398=ADVANCED_FACE('',(#653),#5184,.T.);
#5399=ADVANCED_FACE('',(#654),#5185,.T.);
#5400=ADVANCED_FACE('',(#655),#90,.F.);
#5401=ADVANCED_FACE('',(#656),#5186,.T.);
#5402=ADVANCED_FACE('',(#657),#91,.F.);
#5403=ADVANCED_FACE('',(#658),#5187,.T.);
#5404=ADVANCED_FACE('',(#659),#92,.F.);
#5405=ADVANCED_FACE('',(#660),#93,.T.);
#5406=ADVANCED_FACE('',(#661),#94,.T.);
#5407=ADVANCED_FACE('',(#662),#95,.T.);
#5408=ADVANCED_FACE('',(#663),#96,.T.);
#5409=ADVANCED_FACE('',(#664),#431,.F.);
#5410=ADVANCED_FACE('',(#665),#5188,.T.);
#5411=ADVANCED_FACE('',(#666),#432,.T.);
#5412=ADVANCED_FACE('',(#667),#5189,.T.);
#5413=ADVANCED_FACE('',(#668),#433,.F.);
#5414=ADVANCED_FACE('',(#669),#5190,.T.);
#5415=ADVANCED_FACE('',(#670),#434,.F.);
#5416=ADVANCED_FACE('',(#671),#5191,.T.);
#5417=ADVANCED_FACE('',(#672),#435,.F.);
#5418=ADVANCED_FACE('',(#673),#5192,.T.);
#5419=ADVANCED_FACE('',(#674),#436,.F.);
#5420=ADVANCED_FACE('',(#675),#5193,.T.);
#5421=ADVANCED_FACE('',(#676),#5194,.T.);
#5422=ADVANCED_FACE('',(#677),#97,.F.);
#5423=ADVANCED_FACE('',(#678),#5195,.T.);
#5424=ADVANCED_FACE('',(#679),#98,.F.);
#5425=ADVANCED_FACE('',(#680),#5196,.T.);
#5426=ADVANCED_FACE('',(#681),#99,.F.);
#5427=ADVANCED_FACE('',(#682),#5197,.T.);
#5428=ADVANCED_FACE('',(#683),#100,.F.);
#5429=ADVANCED_FACE('',(#684),#437,.F.);
#5430=ADVANCED_FACE('',(#685),#5198,.T.);
#5431=ADVANCED_FACE('',(#686),#438,.F.);
#5432=ADVANCED_FACE('',(#687),#5199,.T.);
#5433=ADVANCED_FACE('',(#688),#439,.T.);
#5434=ADVANCED_FACE('',(#689),#440,.F.);
#5435=ADVANCED_FACE('',(#690),#441,.T.);
#5436=ADVANCED_FACE('',(#691),#5200,.T.);
#5437=ADVANCED_FACE('',(#692,#37,#38,#39,#40,#41,#42,#43,#44,#45,#46,#47),
#5201,.F.);
#5438=ADVANCED_FACE('',(#693),#442,.T.);
#5439=ADVANCED_FACE('',(#694),#443,.T.);
#5440=ADVANCED_FACE('',(#695),#5202,.F.);
#5441=ADVANCED_FACE('',(#696),#444,.T.);
#5442=ADVANCED_FACE('',(#697),#445,.T.);
#5443=ADVANCED_FACE('',(#698),#5203,.T.);
#5444=ADVANCED_FACE('',(#699),#5204,.T.);
#5445=ADVANCED_FACE('',(#700),#446,.F.);
#5446=ADVANCED_FACE('',(#701),#5205,.T.);
#5447=ADVANCED_FACE('',(#702),#447,.F.);
#5448=ADVANCED_FACE('',(#703),#448,.F.);
#5449=ADVANCED_FACE('',(#704),#5206,.T.);
#5450=ADVANCED_FACE('',(#705),#449,.F.);
#5451=ADVANCED_FACE('',(#706),#5207,.T.);
#5452=ADVANCED_FACE('',(#707),#450,.F.);
#5453=ADVANCED_FACE('',(#708),#5208,.T.);
#5454=ADVANCED_FACE('',(#709),#5209,.T.);
#5455=ADVANCED_FACE('',(#710),#451,.F.);
#5456=ADVANCED_FACE('',(#711),#5210,.T.);
#5457=ADVANCED_FACE('',(#712),#5211,.T.);
#5458=ADVANCED_FACE('',(#713),#452,.F.);
#5459=ADVANCED_FACE('',(#714),#5212,.T.);
#5460=ADVANCED_FACE('',(#715),#453,.F.);
#5461=ADVANCED_FACE('',(#716),#5213,.T.);
#5462=ADVANCED_FACE('',(#717),#454,.F.);
#5463=ADVANCED_FACE('',(#718),#455,.T.);
#5464=ADVANCED_FACE('',(#719),#456,.F.);
#5465=ADVANCED_FACE('',(#720),#457,.T.);
#5466=ADVANCED_FACE('',(#721),#5214,.T.);
#5467=ADVANCED_FACE('',(#722),#458,.F.);
#5468=ADVANCED_FACE('',(#723),#5215,.T.);
#5469=ADVANCED_FACE('',(#724),#459,.F.);
#5470=ADVANCED_FACE('',(#725),#460,.T.);
#5471=ADVANCED_FACE('',(#726),#461,.F.);
#5472=ADVANCED_FACE('',(#727),#5216,.T.);
#5473=ADVANCED_FACE('',(#728),#462,.F.);
#5474=ADVANCED_FACE('',(#729),#5217,.T.);
#5475=ADVANCED_FACE('',(#730),#463,.T.);
#5476=ADVANCED_FACE('',(#731),#5218,.T.);
#5477=ADVANCED_FACE('',(#732),#464,.F.);
#5478=ADVANCED_FACE('',(#733),#5219,.T.);
#5479=ADVANCED_FACE('',(#734),#465,.T.);
#5480=ADVANCED_FACE('',(#735),#466,.F.);
#5481=ADVANCED_FACE('',(#736),#467,.T.);
#5482=ADVANCED_FACE('',(#737),#5220,.T.);
#5483=ADVANCED_FACE('',(#738),#468,.F.);
#5484=ADVANCED_FACE('',(#739),#5221,.T.);
#5485=ADVANCED_FACE('',(#740),#469,.T.);
#5486=ADVANCED_FACE('',(#741),#5222,.T.);
#5487=ADVANCED_FACE('',(#742),#470,.T.);
#5488=ADVANCED_FACE('',(#743),#5223,.T.);
#5489=ADVANCED_FACE('',(#744),#471,.F.);
#5490=ADVANCED_FACE('',(#745),#5224,.T.);
#5491=ADVANCED_FACE('',(#746),#472,.T.);
#5492=ADVANCED_FACE('',(#747),#473,.F.);
#5493=ADVANCED_FACE('',(#748),#474,.T.);
#5494=ADVANCED_FACE('',(#749),#5225,.T.);
#5495=ADVANCED_FACE('',(#750),#475,.F.);
#5496=ADVANCED_FACE('',(#751),#5226,.T.);
#5497=ADVANCED_FACE('',(#752),#476,.T.);
#5498=ADVANCED_FACE('',(#753),#5227,.T.);
#5499=ADVANCED_FACE('',(#754),#477,.T.);
#5500=ADVANCED_FACE('',(#755),#5228,.T.);
#5501=ADVANCED_FACE('',(#756),#478,.F.);
#5502=ADVANCED_FACE('',(#757),#5229,.T.);
#5503=ADVANCED_FACE('',(#758),#479,.T.);
#5504=ADVANCED_FACE('',(#759),#480,.F.);
#5505=ADVANCED_FACE('',(#760),#481,.T.);
#5506=ADVANCED_FACE('',(#761),#5230,.T.);
#5507=ADVANCED_FACE('',(#762),#482,.F.);
#5508=ADVANCED_FACE('',(#763),#5231,.T.);
#5509=ADVANCED_FACE('',(#764),#483,.T.);
#5510=ADVANCED_FACE('',(#765),#5232,.T.);
#5511=ADVANCED_FACE('',(#766),#484,.T.);
#5512=ADVANCED_FACE('',(#767),#5233,.T.);
#5513=ADVANCED_FACE('',(#768),#485,.F.);
#5514=ADVANCED_FACE('',(#769),#5234,.T.);
#5515=ADVANCED_FACE('',(#770),#486,.T.);
#5516=ADVANCED_FACE('',(#771),#487,.F.);
#5517=ADVANCED_FACE('',(#772),#488,.T.);
#5518=ADVANCED_FACE('',(#773),#5235,.T.);
#5519=ADVANCED_FACE('',(#774),#489,.F.);
#5520=ADVANCED_FACE('',(#775),#5236,.T.);
#5521=ADVANCED_FACE('',(#776),#490,.T.);
#5522=ADVANCED_FACE('',(#777),#5237,.T.);
#5523=ADVANCED_FACE('',(#778),#491,.F.);
#5524=ADVANCED_FACE('',(#779),#5238,.T.);
#5525=ADVANCED_FACE('',(#780),#492,.F.);
#5526=ADVANCED_FACE('',(#781),#5239,.T.);
#5527=ADVANCED_FACE('',(#782),#493,.T.);
#5528=ADVANCED_FACE('',(#783),#494,.F.);
#5529=ADVANCED_FACE('',(#784),#495,.T.);
#5530=ADVANCED_FACE('',(#785),#5240,.T.);
#5531=ADVANCED_FACE('',(#786),#496,.F.);
#5532=ADVANCED_FACE('',(#787),#5241,.T.);
#5533=ADVANCED_FACE('',(#788),#497,.T.);
#5534=ADVANCED_FACE('',(#789),#5242,.T.);
#5535=ADVANCED_FACE('',(#790),#498,.T.);
#5536=ADVANCED_FACE('',(#791),#5243,.T.);
#5537=ADVANCED_FACE('',(#792),#499,.F.);
#5538=ADVANCED_FACE('',(#793),#5244,.T.);
#5539=ADVANCED_FACE('',(#794),#500,.T.);
#5540=ADVANCED_FACE('',(#795),#501,.F.);
#5541=ADVANCED_FACE('',(#796),#502,.T.);
#5542=ADVANCED_FACE('',(#797),#5245,.T.);
#5543=ADVANCED_FACE('',(#798),#503,.F.);
#5544=ADVANCED_FACE('',(#799),#5246,.T.);
#5545=ADVANCED_FACE('',(#800),#504,.T.);
#5546=ADVANCED_FACE('',(#801),#5247,.T.);
#5547=ADVANCED_FACE('',(#802),#505,.T.);
#5548=ADVANCED_FACE('',(#803),#5248,.T.);
#5549=ADVANCED_FACE('',(#804),#506,.F.);
#5550=ADVANCED_FACE('',(#805),#5249,.T.);
#5551=ADVANCED_FACE('',(#806),#507,.T.);
#5552=ADVANCED_FACE('',(#807),#508,.F.);
#5553=ADVANCED_FACE('',(#808),#509,.T.);
#5554=ADVANCED_FACE('',(#809),#5250,.T.);
#5555=ADVANCED_FACE('',(#810),#510,.F.);
#5556=ADVANCED_FACE('',(#811),#5251,.T.);
#5557=ADVANCED_FACE('',(#812),#511,.T.);
#5558=ADVANCED_FACE('',(#813),#5252,.T.);
#5559=ADVANCED_FACE('',(#814),#512,.T.);
#5560=ADVANCED_FACE('',(#815),#5253,.T.);
#5561=ADVANCED_FACE('',(#816),#513,.F.);
#5562=ADVANCED_FACE('',(#817),#5254,.T.);
#5563=ADVANCED_FACE('',(#818),#5255,.F.);
#5564=ADVANCED_FACE('',(#819),#514,.F.);
#5565=ADVANCED_FACE('',(#820),#5256,.F.);
#5566=ADVANCED_FACE('',(#821),#515,.F.);
#5567=ADVANCED_FACE('',(#822),#5257,.F.);
#5568=ADVANCED_FACE('',(#823),#516,.F.);
#5569=ADVANCED_FACE('',(#824),#5258,.F.);
#5570=ADVANCED_FACE('',(#825),#517,.F.);
#5571=ADVANCED_FACE('',(#826,#48),#5259,.F.);
#5572=ADVANCED_FACE('',(#827),#5260,.F.);
#5573=ADVANCED_FACE('',(#828),#518,.F.);
#5574=ADVANCED_FACE('',(#829),#5261,.F.);
#5575=ADVANCED_FACE('',(#830),#519,.F.);
#5576=ADVANCED_FACE('',(#831),#5262,.F.);
#5577=ADVANCED_FACE('',(#832),#520,.F.);
#5578=ADVANCED_FACE('',(#833),#5263,.F.);
#5579=ADVANCED_FACE('',(#834),#521,.F.);
#5580=ADVANCED_FACE('',(#835,#49),#5264,.F.);
#5581=ADVANCED_FACE('',(#836),#5265,.F.);
#5582=ADVANCED_FACE('',(#837),#522,.F.);
#5583=ADVANCED_FACE('',(#838),#5266,.F.);
#5584=ADVANCED_FACE('',(#839),#523,.F.);
#5585=ADVANCED_FACE('',(#840),#5267,.F.);
#5586=ADVANCED_FACE('',(#841),#524,.F.);
#5587=ADVANCED_FACE('',(#842),#5268,.F.);
#5588=ADVANCED_FACE('',(#843),#525,.F.);
#5589=ADVANCED_FACE('',(#844,#50),#5269,.F.);
#5590=ADVANCED_FACE('',(#845),#5270,.T.);
#5591=CLOSED_SHELL('',(#5271,#5272,#5273,#5274,#5275,#5276,#5277,#5278,
#5279,#5280,#5281,#5282,#5283,#5284,#5285,#5286,#5287,#5288,#5289,#5290,
#5291,#5292,#5293,#5294,#5295,#5296,#5297,#5298,#5299,#5300,#5301,#5302,
#5303,#5304,#5305,#5306,#5307,#5308,#5309,#5310,#5311,#5312,#5313,#5314,
#5315,#5316,#5317,#5318,#5319,#5320,#5321,#5322,#5323,#5324,#5325,#5326,
#5327,#5328,#5329,#5330,#5331,#5332,#5333,#5334,#5335,#5336,#5337,#5338,
#5339,#5340,#5341,#5342,#5343,#5344,#5345,#5346,#5347,#5348,#5349,#5350,
#5351,#5352,#5353,#5354,#5355,#5356,#5357,#5358,#5359,#5360,#5361,#5362,
#5363,#5364,#5365,#5366,#5367,#5368,#5369,#5370,#5371,#5372,#5373,#5374,
#5375,#5376,#5377,#5378,#5379,#5380,#5381,#5382,#5383,#5384,#5385,#5386,
#5387,#5388,#5389,#5390,#5391,#5392,#5393,#5394,#5395,#5396,#5397,#5398,
#5399,#5400,#5401,#5402,#5403,#5404,#5405,#5406,#5407,#5408,#5409,#5410,
#5411,#5412,#5413,#5414,#5415,#5416,#5417,#5418,#5419,#5420,#5421,#5422,
#5423,#5424,#5425,#5426,#5427,#5428,#5429,#5430,#5431,#5432,#5433,#5434,
#5435,#5436,#5437,#5438,#5439,#5440,#5441,#5442,#5443,#5444,#5445,#5446,
#5447,#5448,#5449,#5450,#5451,#5452,#5453,#5454,#5455,#5456,#5457,#5458,
#5459,#5460,#5461,#5462,#5463,#5464,#5465,#5466,#5467,#5468,#5469,#5470,
#5471,#5472,#5473,#5474,#5475,#5476,#5477,#5478,#5479,#5480,#5481,#5482,
#5483,#5484,#5485,#5486,#5487,#5488,#5489,#5490,#5491,#5492,#5493,#5494,
#5495,#5496,#5497,#5498,#5499,#5500,#5501,#5502,#5503,#5504,#5505,#5506,
#5507,#5508,#5509,#5510,#5511,#5512,#5513,#5514,#5515,#5516,#5517,#5518,
#5519,#5520,#5521,#5522,#5523,#5524,#5525,#5526,#5527,#5528,#5529,#5530,
#5531,#5532,#5533,#5534,#5535,#5536,#5537,#5538,#5539,#5540,#5541,#5542,
#5543,#5544,#5545,#5546,#5547,#5548,#5549,#5550,#5551,#5552,#5553,#5554,
#5555,#5556,#5557,#5558,#5559,#5560,#5561,#5562,#5563,#5564,#5565,#5566,
#5567,#5568,#5569,#5570,#5571,#5572,#5573,#5574,#5575,#5576,#5577,#5578,
#5579,#5580,#5581,#5582,#5583,#5584,#5585,#5586,#5587,#5588,#5589,#5590));
#5592=DERIVED_UNIT_ELEMENT(#5594,1.);
#5593=DERIVED_UNIT_ELEMENT(#9602,-3.);
#5594=(
MASS_UNIT()
NAMED_UNIT(*)
SI_UNIT(.KILO.,.GRAM.)
);
#5595=DERIVED_UNIT((#5592,#5593));
#5596=MEASURE_REPRESENTATION_ITEM('density measure',
POSITIVE_RATIO_MEASURE(7850.),#5595);
#5597=PROPERTY_DEFINITION_REPRESENTATION(#5602,#5599);
#5598=PROPERTY_DEFINITION_REPRESENTATION(#5603,#5600);
#5599=REPRESENTATION('material name',(#5601),#9599);
#5600=REPRESENTATION('density',(#5596),#9599);
#5601=DESCRIPTIVE_REPRESENTATION_ITEM('\X2\AC15CCA0\X0\','\X2\AC15CCA0\X0\');
#5602=PROPERTY_DEFINITION('material property','material name',#9609);
#5603=PROPERTY_DEFINITION('material property','density of part',#9609);
#5604=AXIS2_PLACEMENT_3D('',#7966,#6223,#6224);
#5605=AXIS2_PLACEMENT_3D('',#7967,#6225,#6226);
#5606=AXIS2_PLACEMENT_3D('',#7976,#6231,#6232);
#5607=AXIS2_PLACEMENT_3D('',#7978,#6233,#6234);
#5608=AXIS2_PLACEMENT_3D('',#7981,#6236,#6237);
#5609=AXIS2_PLACEMENT_3D('',#7982,#6238,#6239);
#5610=AXIS2_PLACEMENT_3D('',#7984,#6240,#6241);
#5611=AXIS2_PLACEMENT_3D('',#7986,#6242,#6243);
#5612=AXIS2_PLACEMENT_3D('',#7988,#6245,#6246);
#5613=AXIS2_PLACEMENT_3D('',#7991,#6249,#6250);
#5614=AXIS2_PLACEMENT_3D('',#8000,#6255,#6256);
#5615=AXIS2_PLACEMENT_3D('',#8002,#6257,#6258);
#5616=AXIS2_PLACEMENT_3D('',#8004,#6259,#6260);
#5617=AXIS2_PLACEMENT_3D('',#8006,#6262,#6263);
#5618=AXIS2_PLACEMENT_3D('',#8012,#6267,#6268);
#5619=AXIS2_PLACEMENT_3D('',#8013,#6269,#6270);
#5620=AXIS2_PLACEMENT_3D('',#8014,#6271,#6272);
#5621=AXIS2_PLACEMENT_3D('',#8015,#6273,#6274);
#5622=AXIS2_PLACEMENT_3D('',#8024,#6279,#6280);
#5623=AXIS2_PLACEMENT_3D('',#8026,#6281,#6282);
#5624=AXIS2_PLACEMENT_3D('',#8028,#6283,#6284);
#5625=AXIS2_PLACEMENT_3D('',#8030,#6286,#6287);
#5626=AXIS2_PLACEMENT_3D('',#8036,#6291,#6292);
#5627=AXIS2_PLACEMENT_3D('',#8037,#6293,#6294);
#5628=AXIS2_PLACEMENT_3D('',#8038,#6295,#6296);
#5629=AXIS2_PLACEMENT_3D('',#8039,#6297,#6298);
#5630=AXIS2_PLACEMENT_3D('',#8042,#6299,#6300);
#5631=AXIS2_PLACEMENT_3D('',#8046,#6302,#6303);
#5632=AXIS2_PLACEMENT_3D('',#8048,#6305,#6306);
#5633=AXIS2_PLACEMENT_3D('',#8052,#6308,#6309);
#5634=AXIS2_PLACEMENT_3D('',#8054,#6311,#6312);
#5635=AXIS2_PLACEMENT_3D('',#8058,#6315,#6316);
#5636=AXIS2_PLACEMENT_3D('',#8061,#6318,#6319);
#5637=AXIS2_PLACEMENT_3D('',#8062,#6320,#6321);
#5638=AXIS2_PLACEMENT_3D('',#8063,#6322,#6323);
#5639=AXIS2_PLACEMENT_3D('',#8064,#6324,#6325);
#5640=AXIS2_PLACEMENT_3D('',#8066,#6327,#6328);
#5641=AXIS2_PLACEMENT_3D('',#8067,#6329,#6330);
#5642=AXIS2_PLACEMENT_3D('',#8069,#6331,#6332);
#5643=AXIS2_PLACEMENT_3D('',#8072,#6334,#6335);
#5644=AXIS2_PLACEMENT_3D('',#8073,#6336,#6337);
#5645=AXIS2_PLACEMENT_3D('',#8074,#6338,#6339);
#5646=AXIS2_PLACEMENT_3D('',#8076,#6340,#6341);
#5647=AXIS2_PLACEMENT_3D('',#8079,#6343,#6344);
#5648=AXIS2_PLACEMENT_3D('',#8080,#6345,#6346);
#5649=AXIS2_PLACEMENT_3D('',#8081,#6347,#6348);
#5650=AXIS2_PLACEMENT_3D('',#8083,#6349,#6350);
#5651=AXIS2_PLACEMENT_3D('',#8086,#6352,#6353);
#5652=AXIS2_PLACEMENT_3D('',#8087,#6354,#6355);
#5653=AXIS2_PLACEMENT_3D('',#8088,#6356,#6357);
#5654=AXIS2_PLACEMENT_3D('',#8090,#6358,#6359);
#5655=AXIS2_PLACEMENT_3D('',#8093,#6361,#6362);
#5656=AXIS2_PLACEMENT_3D('',#8094,#6363,#6364);
#5657=AXIS2_PLACEMENT_3D('',#8095,#6365,#6366);
#5658=AXIS2_PLACEMENT_3D('',#8097,#6367,#6368);
#5659=AXIS2_PLACEMENT_3D('',#8100,#6370,#6371);
#5660=AXIS2_PLACEMENT_3D('',#8101,#6372,#6373);
#5661=AXIS2_PLACEMENT_3D('',#8102,#6374,#6375);
#5662=AXIS2_PLACEMENT_3D('',#8104,#6376,#6377);
#5663=AXIS2_PLACEMENT_3D('',#8107,#6379,#6380);
#5664=AXIS2_PLACEMENT_3D('',#8108,#6381,#6382);
#5665=AXIS2_PLACEMENT_3D('',#8109,#6383,#6384);
#5666=AXIS2_PLACEMENT_3D('',#8111,#6385,#6386);
#5667=AXIS2_PLACEMENT_3D('',#8114,#6388,#6389);
#5668=AXIS2_PLACEMENT_3D('',#8115,#6390,#6391);
#5669=AXIS2_PLACEMENT_3D('',#8118,#6393,#6394);
#5670=AXIS2_PLACEMENT_3D('',#8119,#6395,#6396);
#5671=AXIS2_PLACEMENT_3D('',#8122,#6397,#6398);
#5672=AXIS2_PLACEMENT_3D('',#8124,#6399,#6400);
#5673=AXIS2_PLACEMENT_3D('',#8126,#6401,#6402);
#5674=AXIS2_PLACEMENT_3D('',#8130,#6404,#6405);
#5675=AXIS2_PLACEMENT_3D('',#8134,#6407,#6408);
#5676=AXIS2_PLACEMENT_3D('',#8136,#6409,#6410);
#5677=AXIS2_PLACEMENT_3D('',#8138,#6411,#6412);
#5678=AXIS2_PLACEMENT_3D('',#8142,#6414,#6415);
#5679=AXIS2_PLACEMENT_3D('',#8146,#6417,#6418);
#5680=AXIS2_PLACEMENT_3D('',#8150,#6420,#6421);
#5681=AXIS2_PLACEMENT_3D('',#8154,#6423,#6424);
#5682=AXIS2_PLACEMENT_3D('',#8156,#6425,#6426);
#5683=AXIS2_PLACEMENT_3D('',#8158,#6427,#6428);
#5684=AXIS2_PLACEMENT_3D('',#8162,#6430,#6431);
#5685=AXIS2_PLACEMENT_3D('',#8166,#6433,#6434);
#5686=AXIS2_PLACEMENT_3D('',#8170,#6436,#6437);
#5687=AXIS2_PLACEMENT_3D('',#8174,#6439,#6440);
#5688=AXIS2_PLACEMENT_3D('',#8178,#6442,#6443);
#5689=AXIS2_PLACEMENT_3D('',#8180,#6444,#6445);
#5690=AXIS2_PLACEMENT_3D('',#8182,#6446,#6447);
#5691=AXIS2_PLACEMENT_3D('',#8186,#6449,#6450);
#5692=AXIS2_PLACEMENT_3D('',#8190,#6452,#6453);
#5693=AXIS2_PLACEMENT_3D('',#8194,#6455,#6456);
#5694=AXIS2_PLACEMENT_3D('',#8198,#6458,#6459);
#5695=AXIS2_PLACEMENT_3D('',#8202,#6461,#6462);
#5696=AXIS2_PLACEMENT_3D('',#8204,#6463,#6464);
#5697=AXIS2_PLACEMENT_3D('',#8206,#6465,#6466);
#5698=AXIS2_PLACEMENT_3D('',#8210,#6468,#6469);
#5699=AXIS2_PLACEMENT_3D('',#8214,#6471,#6472);
#5700=AXIS2_PLACEMENT_3D('',#8218,#6474,#6475);
#5701=AXIS2_PLACEMENT_3D('',#8222,#6477,#6478);
#5702=AXIS2_PLACEMENT_3D('',#8226,#6480,#6481);
#5703=AXIS2_PLACEMENT_3D('',#8228,#6482,#6483);
#5704=AXIS2_PLACEMENT_3D('',#8230,#6484,#6485);
#5705=AXIS2_PLACEMENT_3D('',#8234,#6487,#6488);
#5706=AXIS2_PLACEMENT_3D('',#8238,#6490,#6491);
#5707=AXIS2_PLACEMENT_3D('',#8242,#6493,#6494);
#5708=AXIS2_PLACEMENT_3D('',#8246,#6496,#6497);
#5709=AXIS2_PLACEMENT_3D('',#8250,#6499,#6500);
#5710=AXIS2_PLACEMENT_3D('',#8252,#6501,#6502);
#5711=AXIS2_PLACEMENT_3D('',#8254,#6503,#6504);
#5712=AXIS2_PLACEMENT_3D('',#8258,#6506,#6507);
#5713=AXIS2_PLACEMENT_3D('',#8262,#6509,#6510);
#5714=AXIS2_PLACEMENT_3D('',#8266,#6512,#6513);
#5715=AXIS2_PLACEMENT_3D('',#8270,#6515,#6516);
#5716=AXIS2_PLACEMENT_3D('',#8274,#6518,#6519);
#5717=AXIS2_PLACEMENT_3D('',#8276,#6520,#6521);
#5718=AXIS2_PLACEMENT_3D('',#8278,#6522,#6523);
#5719=AXIS2_PLACEMENT_3D('',#8282,#6525,#6526);
#5720=AXIS2_PLACEMENT_3D('',#8286,#6528,#6529);
#5721=AXIS2_PLACEMENT_3D('',#8290,#6531,#6532);
#5722=AXIS2_PLACEMENT_3D('',#8294,#6534,#6535);
#5723=AXIS2_PLACEMENT_3D('',#8298,#6537,#6538);
#5724=AXIS2_PLACEMENT_3D('',#8300,#6539,#6540);
#5725=AXIS2_PLACEMENT_3D('',#8302,#6541,#6542);
#5726=AXIS2_PLACEMENT_3D('',#8306,#6544,#6545);
#5727=AXIS2_PLACEMENT_3D('',#8310,#6547,#6548);
#5728=AXIS2_PLACEMENT_3D('',#8314,#6550,#6551);
#5729=AXIS2_PLACEMENT_3D('',#8318,#6553,#6554);
#5730=AXIS2_PLACEMENT_3D('',#8321,#6556,#6557);
#5731=AXIS2_PLACEMENT_3D('',#8323,#6558,#6559);
#5732=AXIS2_PLACEMENT_3D('',#8325,#6560,#6561);
#5733=AXIS2_PLACEMENT_3D('',#8327,#6562,#6563);
#5734=AXIS2_PLACEMENT_3D('',#8330,#6564,#6565);
#5735=AXIS2_PLACEMENT_3D('',#8334,#6567,#6568);
#5736=AXIS2_PLACEMENT_3D('',#8338,#6570,#6571);
#5737=AXIS2_PLACEMENT_3D('',#8342,#6573,#6574);
#5738=AXIS2_PLACEMENT_3D('',#8346,#6576,#6577);
#5739=AXIS2_PLACEMENT_3D('',#8350,#6579,#6580);
#5740=AXIS2_PLACEMENT_3D('',#8354,#6582,#6583);
#5741=AXIS2_PLACEMENT_3D('',#8358,#6585,#6586);
#5742=AXIS2_PLACEMENT_3D('',#8362,#6588,#6589);
#5743=AXIS2_PLACEMENT_3D('',#8366,#6591,#6592);
#5744=AXIS2_PLACEMENT_3D('',#8370,#6594,#6595);
#5745=AXIS2_PLACEMENT_3D('',#8374,#6597,#6598);
#5746=AXIS2_PLACEMENT_3D('',#8380,#6601,#6602);
#5747=AXIS2_PLACEMENT_3D('',#8384,#6604,#6605);
#5748=AXIS2_PLACEMENT_3D('',#8388,#6607,#6608);
#5749=AXIS2_PLACEMENT_3D('',#8391,#6610,#6611);
#5750=AXIS2_PLACEMENT_3D('',#8396,#6613,#6614);
#5751=AXIS2_PLACEMENT_3D('',#8400,#6616,#6617);
#5752=AXIS2_PLACEMENT_3D('',#8404,#6619,#6620);
#5753=AXIS2_PLACEMENT_3D('',#8407,#6622,#6623);
#5754=AXIS2_PLACEMENT_3D('',#8412,#6625,#6626);
#5755=AXIS2_PLACEMENT_3D('',#8416,#6628,#6629);
#5756=AXIS2_PLACEMENT_3D('',#8420,#6631,#6632);
#5757=AXIS2_PLACEMENT_3D('',#8423,#6634,#6635);
#5758=AXIS2_PLACEMENT_3D('',#8426,#6636,#6637);
#5759=AXIS2_PLACEMENT_3D('',#8430,#6639,#6640);
#5760=AXIS2_PLACEMENT_3D('',#8434,#6642,#6643);
#5761=AXIS2_PLACEMENT_3D('',#8438,#6645,#6646);
#5762=AXIS2_PLACEMENT_3D('',#8442,#6648,#6649);
#5763=AXIS2_PLACEMENT_3D('',#8446,#6651,#6652);
#5764=AXIS2_PLACEMENT_3D('',#8450,#6654,#6655);
#5765=AXIS2_PLACEMENT_3D('',#8454,#6657,#6658);
#5766=AXIS2_PLACEMENT_3D('',#8458,#6660,#6661);
#5767=AXIS2_PLACEMENT_3D('',#8462,#6663,#6664);
#5768=AXIS2_PLACEMENT_3D('',#8466,#6666,#6667);
#5769=AXIS2_PLACEMENT_3D('',#8470,#6669,#6670);
#5770=AXIS2_PLACEMENT_3D('',#8473,#6672,#6673);
#5771=AXIS2_PLACEMENT_3D('',#8475,#6674,#6675);
#5772=AXIS2_PLACEMENT_3D('',#8477,#6676,#6677);
#5773=AXIS2_PLACEMENT_3D('',#8478,#6678,#6679);
#5774=AXIS2_PLACEMENT_3D('',#8481,#6681,#6682);
#5775=AXIS2_PLACEMENT_3D('',#8482,#6683,#6684);
#5776=AXIS2_PLACEMENT_3D('',#8483,#6685,#6686);
#5777=AXIS2_PLACEMENT_3D('',#8486,#6688,#6689);
#5778=AXIS2_PLACEMENT_3D('',#8487,#6690,#6691);
#5779=AXIS2_PLACEMENT_3D('',#8490,#6693,#6694);
#5780=AXIS2_PLACEMENT_3D('',#8491,#6695,#6696);
#5781=AXIS2_PLACEMENT_3D('',#8494,#6698,#6699);
#5782=AXIS2_PLACEMENT_3D('',#8495,#6700,#6701);
#5783=AXIS2_PLACEMENT_3D('',#8496,#6702,#6703);
#5784=AXIS2_PLACEMENT_3D('',#8499,#6705,#6706);
#5785=AXIS2_PLACEMENT_3D('',#8500,#6707,#6708);
#5786=AXIS2_PLACEMENT_3D('',#8503,#6710,#6711);
#5787=AXIS2_PLACEMENT_3D('',#8504,#6712,#6713);
#5788=AXIS2_PLACEMENT_3D('',#8507,#6715,#6716);
#5789=AXIS2_PLACEMENT_3D('',#8508,#6717,#6718);
#5790=AXIS2_PLACEMENT_3D('',#8509,#6719,#6720);
#5791=AXIS2_PLACEMENT_3D('',#8512,#6722,#6723);
#5792=AXIS2_PLACEMENT_3D('',#8513,#6724,#6725);
#5793=AXIS2_PLACEMENT_3D('',#8516,#6727,#6728);
#5794=AXIS2_PLACEMENT_3D('',#8517,#6729,#6730);
#5795=AXIS2_PLACEMENT_3D('',#8520,#6732,#6733);
#5796=AXIS2_PLACEMENT_3D('',#8521,#6734,#6735);
#5797=AXIS2_PLACEMENT_3D('',#8522,#6736,#6737);
#5798=AXIS2_PLACEMENT_3D('',#8525,#6739,#6740);
#5799=AXIS2_PLACEMENT_3D('',#8526,#6741,#6742);
#5800=AXIS2_PLACEMENT_3D('',#8529,#6744,#6745);
#5801=AXIS2_PLACEMENT_3D('',#8530,#6746,#6747);
#5802=AXIS2_PLACEMENT_3D('',#8533,#6749,#6750);
#5803=AXIS2_PLACEMENT_3D('',#8534,#6751,#6752);
#5804=AXIS2_PLACEMENT_3D('',#8535,#6753,#6754);
#5805=AXIS2_PLACEMENT_3D('',#8538,#6756,#6757);
#5806=AXIS2_PLACEMENT_3D('',#8539,#6758,#6759);
#5807=AXIS2_PLACEMENT_3D('',#8542,#6761,#6762);
#5808=AXIS2_PLACEMENT_3D('',#8543,#6763,#6764);
#5809=AXIS2_PLACEMENT_3D('',#8546,#6766,#6767);
#5810=AXIS2_PLACEMENT_3D('',#8547,#6768,#6769);
#5811=AXIS2_PLACEMENT_3D('',#8548,#6770,#6771);
#5812=AXIS2_PLACEMENT_3D('',#8551,#6773,#6774);
#5813=AXIS2_PLACEMENT_3D('',#8552,#6775,#6776);
#5814=AXIS2_PLACEMENT_3D('',#8555,#6778,#6779);
#5815=AXIS2_PLACEMENT_3D('',#8556,#6780,#6781);
#5816=AXIS2_PLACEMENT_3D('',#8559,#6783,#6784);
#5817=AXIS2_PLACEMENT_3D('',#8560,#6785,#6786);
#5818=AXIS2_PLACEMENT_3D('',#8561,#6787,#6788);
#5819=AXIS2_PLACEMENT_3D('',#8564,#6790,#6791);
#5820=AXIS2_PLACEMENT_3D('',#8565,#6792,#6793);
#5821=AXIS2_PLACEMENT_3D('',#8568,#6795,#6796);
#5822=AXIS2_PLACEMENT_3D('',#8569,#6797,#6798);
#5823=AXIS2_PLACEMENT_3D('',#8572,#6800,#6801);
#5824=AXIS2_PLACEMENT_3D('',#8573,#6802,#6803);
#5825=AXIS2_PLACEMENT_3D('',#8574,#6804,#6805);
#5826=AXIS2_PLACEMENT_3D('',#8579,#6807,#6808);
#5827=AXIS2_PLACEMENT_3D('',#8582,#6810,#6811);
#5828=AXIS2_PLACEMENT_3D('',#8583,#6812,#6813);
#5829=AXIS2_PLACEMENT_3D('',#8592,#6818,#6819);
#5830=AXIS2_PLACEMENT_3D('',#8594,#6820,#6821);
#5831=AXIS2_PLACEMENT_3D('',#8597,#6823,#6824);
#5832=AXIS2_PLACEMENT_3D('',#8598,#6825,#6826);
#5833=AXIS2_PLACEMENT_3D('',#8604,#6830,#6831);
#5834=AXIS2_PLACEMENT_3D('',#8606,#6832,#6833);
#5835=AXIS2_PLACEMENT_3D('',#8609,#6835,#6836);
#5836=AXIS2_PLACEMENT_3D('',#8610,#6837,#6838);
#5837=AXIS2_PLACEMENT_3D('',#8616,#6842,#6843);
#5838=AXIS2_PLACEMENT_3D('',#8618,#6844,#6845);
#5839=AXIS2_PLACEMENT_3D('',#8621,#6847,#6848);
#5840=AXIS2_PLACEMENT_3D('',#8622,#6849,#6850);
#5841=AXIS2_PLACEMENT_3D('',#8627,#6854,#6855);
#5842=AXIS2_PLACEMENT_3D('',#8635,#6860,#6861);
#5843=AXIS2_PLACEMENT_3D('',#8636,#6862,#6863);
#5844=AXIS2_PLACEMENT_3D('',#8637,#6864,#6865);
#5845=AXIS2_PLACEMENT_3D('',#8638,#6866,#6867);
#5846=AXIS2_PLACEMENT_3D('',#8639,#6868,#6869);
#5847=AXIS2_PLACEMENT_3D('',#8640,#6870,#6871);
#5848=AXIS2_PLACEMENT_3D('',#8641,#6872,#6873);
#5849=AXIS2_PLACEMENT_3D('',#8642,#6874,#6875);
#5850=AXIS2_PLACEMENT_3D('',#8646,#6877,#6878);
#5851=AXIS2_PLACEMENT_3D('',#8648,#6880,#6881);
#5852=AXIS2_PLACEMENT_3D('',#8652,#6884,#6885);
#5853=AXIS2_PLACEMENT_3D('',#8655,#6887,#6888);
#5854=AXIS2_PLACEMENT_3D('',#8656,#6889,#6890);
#5855=AXIS2_PLACEMENT_3D('',#8660,#6893,#6894);
#5856=AXIS2_PLACEMENT_3D('',#8663,#6896,#6897);
#5857=AXIS2_PLACEMENT_3D('',#8664,#6898,#6899);
#5858=AXIS2_PLACEMENT_3D('',#8668,#6902,#6903);
#5859=AXIS2_PLACEMENT_3D('',#8673,#6905,#6906);
#5860=AXIS2_PLACEMENT_3D('',#8677,#6908,#6909);
#5861=AXIS2_PLACEMENT_3D('',#8681,#6911,#6912);
#5862=AXIS2_PLACEMENT_3D('',#8684,#6914,#6915);
#5863=AXIS2_PLACEMENT_3D('',#8686,#6916,#6917);
#5864=AXIS2_PLACEMENT_3D('',#8691,#6919,#6920);
#5865=AXIS2_PLACEMENT_3D('',#8695,#6922,#6923);
#5866=AXIS2_PLACEMENT_3D('',#8699,#6925,#6926);
#5867=AXIS2_PLACEMENT_3D('',#8702,#6928,#6929);
#5868=AXIS2_PLACEMENT_3D('',#8707,#6931,#6932);
#5869=AXIS2_PLACEMENT_3D('',#8711,#6934,#6935);
#5870=AXIS2_PLACEMENT_3D('',#8715,#6937,#6938);
#5871=AXIS2_PLACEMENT_3D('',#8718,#6940,#6941);
#5872=AXIS2_PLACEMENT_3D('',#8723,#6943,#6944);
#5873=AXIS2_PLACEMENT_3D('',#8729,#6947,#6948);
#5874=AXIS2_PLACEMENT_3D('',#8735,#6951,#6952);
#5875=AXIS2_PLACEMENT_3D('',#8739,#6954,#6955);
#5876=AXIS2_PLACEMENT_3D('',#8743,#6957,#6958);
#5877=AXIS2_PLACEMENT_3D('',#8751,#6962,#6963);
#5878=AXIS2_PLACEMENT_3D('',#8755,#6965,#6966);
#5879=AXIS2_PLACEMENT_3D('',#8758,#6968,#6969);
#5880=AXIS2_PLACEMENT_3D('',#8760,#6970,#6971);
#5881=AXIS2_PLACEMENT_3D('',#8762,#6972,#6973);
#5882=AXIS2_PLACEMENT_3D('',#8763,#6974,#6975);
#5883=AXIS2_PLACEMENT_3D('',#8769,#6979,#6980);
#5884=AXIS2_PLACEMENT_3D('',#8771,#6981,#6982);
#5885=AXIS2_PLACEMENT_3D('',#8773,#6984,#6985);
#5886=AXIS2_PLACEMENT_3D('',#8777,#6988,#6989);
#5887=AXIS2_PLACEMENT_3D('',#8779,#6990,#6991);
#5888=AXIS2_PLACEMENT_3D('',#8781,#6993,#6994);
#5889=AXIS2_PLACEMENT_3D('',#8785,#6997,#6998);
#5890=AXIS2_PLACEMENT_3D('',#8787,#6999,#7000);
#5891=AXIS2_PLACEMENT_3D('',#8789,#7002,#7003);
#5892=AXIS2_PLACEMENT_3D('',#8793,#7006,#7007);
#5893=AXIS2_PLACEMENT_3D('',#8794,#7008,#7009);
#5894=AXIS2_PLACEMENT_3D('',#8795,#7010,#7011);
#5895=AXIS2_PLACEMENT_3D('',#8798,#7014,#7015);
#5896=AXIS2_PLACEMENT_3D('',#8800,#7017,#7018);
#5897=AXIS2_PLACEMENT_3D('',#8802,#7020,#7021);
#5898=AXIS2_PLACEMENT_3D('',#8804,#7023,#7024);
#5899=AXIS2_PLACEMENT_3D('',#8807,#7026,#7027);
#5900=AXIS2_PLACEMENT_3D('',#8808,#7028,#7029);
#5901=AXIS2_PLACEMENT_3D('',#8811,#7031,#7032);
#5902=AXIS2_PLACEMENT_3D('',#8812,#7033,#7034);
#5903=AXIS2_PLACEMENT_3D('',#8815,#7036,#7037);
#5904=AXIS2_PLACEMENT_3D('',#8816,#7038,#7039);
#5905=AXIS2_PLACEMENT_3D('',#8819,#7041,#7042);
#5906=AXIS2_PLACEMENT_3D('',#8820,#7043,#7044);
#5907=AXIS2_PLACEMENT_3D('',#8823,#7046,#7047);
#5908=AXIS2_PLACEMENT_3D('',#8824,#7048,#7049);
#5909=AXIS2_PLACEMENT_3D('',#8827,#7051,#7052);
#5910=AXIS2_PLACEMENT_3D('',#8828,#7053,#7054);
#5911=AXIS2_PLACEMENT_3D('',#8834,#7058,#7059);
#5912=AXIS2_PLACEMENT_3D('',#8836,#7060,#7061);
#5913=AXIS2_PLACEMENT_3D('',#8838,#7063,#7064);
#5914=AXIS2_PLACEMENT_3D('',#8842,#7067,#7068);
#5915=AXIS2_PLACEMENT_3D('',#8844,#7069,#7070);
#5916=AXIS2_PLACEMENT_3D('',#8846,#7072,#7073);
#5917=AXIS2_PLACEMENT_3D('',#8850,#7076,#7077);
#5918=AXIS2_PLACEMENT_3D('',#8852,#7078,#7079);
#5919=AXIS2_PLACEMENT_3D('',#8854,#7081,#7082);
#5920=AXIS2_PLACEMENT_3D('',#8858,#7085,#7086);
#5921=AXIS2_PLACEMENT_3D('',#8859,#7087,#7088);
#5922=AXIS2_PLACEMENT_3D('',#8860,#7089,#7090);
#5923=AXIS2_PLACEMENT_3D('',#8863,#7093,#7094);
#5924=AXIS2_PLACEMENT_3D('',#8865,#7096,#7097);
#5925=AXIS2_PLACEMENT_3D('',#8867,#7099,#7100);
#5926=AXIS2_PLACEMENT_3D('',#8869,#7102,#7103);
#5927=AXIS2_PLACEMENT_3D('',#8875,#7107,#7108);
#5928=AXIS2_PLACEMENT_3D('',#8881,#7112,#7113);
#5929=AXIS2_PLACEMENT_3D('',#8883,#7114,#7115);
#5930=AXIS2_PLACEMENT_3D('',#8885,#7117,#7118);
#5931=AXIS2_PLACEMENT_3D('',#8889,#7121,#7122);
#5932=AXIS2_PLACEMENT_3D('',#8891,#7123,#7124);
#5933=AXIS2_PLACEMENT_3D('',#8893,#7126,#7127);
#5934=AXIS2_PLACEMENT_3D('',#8897,#7130,#7131);
#5935=AXIS2_PLACEMENT_3D('',#8899,#7132,#7133);
#5936=AXIS2_PLACEMENT_3D('',#8901,#7135,#7136);
#5937=AXIS2_PLACEMENT_3D('',#8905,#7139,#7140);
#5938=AXIS2_PLACEMENT_3D('',#8911,#7144,#7145);
#5939=AXIS2_PLACEMENT_3D('',#8913,#7146,#7147);
#5940=AXIS2_PLACEMENT_3D('',#8915,#7149,#7150);
#5941=AXIS2_PLACEMENT_3D('',#8919,#7153,#7154);
#5942=AXIS2_PLACEMENT_3D('',#8925,#7158,#7159);
#5943=AXIS2_PLACEMENT_3D('',#8927,#7160,#7161);
#5944=AXIS2_PLACEMENT_3D('',#8929,#7163,#7164);
#5945=AXIS2_PLACEMENT_3D('',#8933,#7167,#7168);
#5946=AXIS2_PLACEMENT_3D('',#8939,#7172,#7173);
#5947=AXIS2_PLACEMENT_3D('',#8941,#7174,#7175);
#5948=AXIS2_PLACEMENT_3D('',#8943,#7177,#7178);
#5949=AXIS2_PLACEMENT_3D('',#8947,#7181,#7182);
#5950=AXIS2_PLACEMENT_3D('',#8949,#7183,#7184);
#5951=AXIS2_PLACEMENT_3D('',#8951,#7186,#7187);
#5952=AXIS2_PLACEMENT_3D('',#8955,#7190,#7191);
#5953=AXIS2_PLACEMENT_3D('',#8956,#7192,#7193);
#5954=AXIS2_PLACEMENT_3D('',#8957,#7194,#7195);
#5955=AXIS2_PLACEMENT_3D('',#8958,#7196,#7197);
#5956=AXIS2_PLACEMENT_3D('',#8959,#7198,#7199);
#5957=AXIS2_PLACEMENT_3D('',#8960,#7200,#7201);
#5958=AXIS2_PLACEMENT_3D('',#8961,#7202,#7203);
#5959=AXIS2_PLACEMENT_3D('',#8962,#7204,#7205);
#5960=AXIS2_PLACEMENT_3D('',#8963,#7206,#7207);
#5961=AXIS2_PLACEMENT_3D('',#8964,#7208,#7209);
#5962=AXIS2_PLACEMENT_3D('',#8965,#7210,#7211);
#5963=AXIS2_PLACEMENT_3D('',#8968,#7214,#7215);
#5964=AXIS2_PLACEMENT_3D('',#8970,#7217,#7218);
#5965=AXIS2_PLACEMENT_3D('',#8972,#7220,#7221);
#5966=AXIS2_PLACEMENT_3D('',#8974,#7223,#7224);
#5967=AXIS2_PLACEMENT_3D('',#8976,#7226,#7227);
#5968=AXIS2_PLACEMENT_3D('',#8978,#7229,#7230);
#5969=AXIS2_PLACEMENT_3D('',#8980,#7232,#7233);
#5970=AXIS2_PLACEMENT_3D('',#8982,#7235,#7236);
#5971=AXIS2_PLACEMENT_3D('',#8984,#7238,#7239);
#5972=AXIS2_PLACEMENT_3D('',#8986,#7241,#7242);
#5973=AXIS2_PLACEMENT_3D('',#8988,#7244,#7245);
#5974=AXIS2_PLACEMENT_3D('',#8990,#7247,#7248);
#5975=AXIS2_PLACEMENT_3D('',#8996,#7252,#7253);
#5976=AXIS2_PLACEMENT_3D('',#8998,#7254,#7255);
#5977=AXIS2_PLACEMENT_3D('',#9000,#7257,#7258);
#5978=AXIS2_PLACEMENT_3D('',#9004,#7261,#7262);
#5979=AXIS2_PLACEMENT_3D('',#9006,#7263,#7264);
#5980=AXIS2_PLACEMENT_3D('',#9008,#7266,#7267);
#5981=AXIS2_PLACEMENT_3D('',#9012,#7270,#7271);
#5982=AXIS2_PLACEMENT_3D('',#9014,#7272,#7273);
#5983=AXIS2_PLACEMENT_3D('',#9016,#7275,#7276);
#5984=AXIS2_PLACEMENT_3D('',#9020,#7279,#7280);
#5985=AXIS2_PLACEMENT_3D('',#9021,#7281,#7282);
#5986=AXIS2_PLACEMENT_3D('',#9022,#7283,#7284);
#5987=AXIS2_PLACEMENT_3D('',#9025,#7287,#7288);
#5988=AXIS2_PLACEMENT_3D('',#9027,#7290,#7291);
#5989=AXIS2_PLACEMENT_3D('',#9029,#7293,#7294);
#5990=AXIS2_PLACEMENT_3D('',#9031,#7296,#7297);
#5991=AXIS2_PLACEMENT_3D('',#9035,#7299,#7300);
#5992=AXIS2_PLACEMENT_3D('',#9037,#7302,#7303);
#5993=AXIS2_PLACEMENT_3D('',#9039,#7304,#7305);
#5994=AXIS2_PLACEMENT_3D('',#9041,#7307,#7308);
#5995=AXIS2_PLACEMENT_3D('',#9042,#7309,#7310);
#5996=AXIS2_PLACEMENT_3D('',#9043,#7311,#7312);
#5997=AXIS2_PLACEMENT_3D('',#9047,#7315,#7316);
#5998=AXIS2_PLACEMENT_3D('',#9050,#7318,#7319);
#5999=AXIS2_PLACEMENT_3D('',#9055,#7321,#7322);
#6000=AXIS2_PLACEMENT_3D('',#9059,#7324,#7325);
#6001=AXIS2_PLACEMENT_3D('',#9063,#7327,#7328);
#6002=AXIS2_PLACEMENT_3D('',#9067,#7330,#7331);
#6003=AXIS2_PLACEMENT_3D('',#9071,#7333,#7334);
#6004=AXIS2_PLACEMENT_3D('',#9073,#7335,#7336);
#6005=AXIS2_PLACEMENT_3D('',#9075,#7337,#7338);
#6006=AXIS2_PLACEMENT_3D('',#9079,#7340,#7341);
#6007=AXIS2_PLACEMENT_3D('',#9083,#7343,#7344);
#6008=AXIS2_PLACEMENT_3D('',#9087,#7346,#7347);
#6009=AXIS2_PLACEMENT_3D('',#9091,#7349,#7350);
#6010=AXIS2_PLACEMENT_3D('',#9095,#7352,#7353);
#6011=AXIS2_PLACEMENT_3D('',#9097,#7354,#7355);
#6012=AXIS2_PLACEMENT_3D('',#9099,#7356,#7357);
#6013=AXIS2_PLACEMENT_3D('',#9103,#7359,#7360);
#6014=AXIS2_PLACEMENT_3D('',#9107,#7362,#7363);
#6015=AXIS2_PLACEMENT_3D('',#9111,#7365,#7366);
#6016=AXIS2_PLACEMENT_3D('',#9115,#7368,#7369);
#6017=AXIS2_PLACEMENT_3D('',#9119,#7371,#7372);
#6018=AXIS2_PLACEMENT_3D('',#9121,#7373,#7374);
#6019=AXIS2_PLACEMENT_3D('',#9123,#7375,#7376);
#6020=AXIS2_PLACEMENT_3D('',#9127,#7378,#7379);
#6021=AXIS2_PLACEMENT_3D('',#9131,#7381,#7382);
#6022=AXIS2_PLACEMENT_3D('',#9135,#7384,#7385);
#6023=AXIS2_PLACEMENT_3D('',#9139,#7387,#7388);
#6024=AXIS2_PLACEMENT_3D('',#9143,#7390,#7391);
#6025=AXIS2_PLACEMENT_3D('',#9145,#7392,#7393);
#6026=AXIS2_PLACEMENT_3D('',#9147,#7394,#7395);
#6027=AXIS2_PLACEMENT_3D('',#9151,#7397,#7398);
#6028=AXIS2_PLACEMENT_3D('',#9155,#7400,#7401);
#6029=AXIS2_PLACEMENT_3D('',#9159,#7403,#7404);
#6030=AXIS2_PLACEMENT_3D('',#9163,#7406,#7407);
#6031=AXIS2_PLACEMENT_3D('',#9167,#7409,#7410);
#6032=AXIS2_PLACEMENT_3D('',#9169,#7411,#7412);
#6033=AXIS2_PLACEMENT_3D('',#9171,#7413,#7414);
#6034=AXIS2_PLACEMENT_3D('',#9175,#7416,#7417);
#6035=AXIS2_PLACEMENT_3D('',#9179,#7419,#7420);
#6036=AXIS2_PLACEMENT_3D('',#9183,#7422,#7423);
#6037=AXIS2_PLACEMENT_3D('',#9187,#7425,#7426);
#6038=AXIS2_PLACEMENT_3D('',#9191,#7428,#7429);
#6039=AXIS2_PLACEMENT_3D('',#9193,#7430,#7431);
#6040=AXIS2_PLACEMENT_3D('',#9195,#7432,#7433);
#6041=AXIS2_PLACEMENT_3D('',#9199,#7435,#7436);
#6042=AXIS2_PLACEMENT_3D('',#9203,#7438,#7439);
#6043=AXIS2_PLACEMENT_3D('',#9207,#7441,#7442);
#6044=AXIS2_PLACEMENT_3D('',#9211,#7444,#7445);
#6045=AXIS2_PLACEMENT_3D('',#9215,#7447,#7448);
#6046=AXIS2_PLACEMENT_3D('',#9217,#7449,#7450);
#6047=AXIS2_PLACEMENT_3D('',#9219,#7451,#7452);
#6048=AXIS2_PLACEMENT_3D('',#9223,#7454,#7455);
#6049=AXIS2_PLACEMENT_3D('',#9227,#7457,#7458);
#6050=AXIS2_PLACEMENT_3D('',#9231,#7460,#7461);
#6051=AXIS2_PLACEMENT_3D('',#9235,#7463,#7464);
#6052=AXIS2_PLACEMENT_3D('',#9237,#7465,#7466);
#6053=AXIS2_PLACEMENT_3D('',#9239,#7467,#7468);
#6054=AXIS2_PLACEMENT_3D('',#9243,#7470,#7471);
#6055=AXIS2_PLACEMENT_3D('',#9247,#7473,#7474);
#6056=AXIS2_PLACEMENT_3D('',#9249,#7475,#7476);
#6057=AXIS2_PLACEMENT_3D('',#9250,#7477,#7478);
#6058=AXIS2_PLACEMENT_3D('',#9251,#7479,#7480);
#6059=AXIS2_PLACEMENT_3D('',#9253,#7482,#7483);
#6060=AXIS2_PLACEMENT_3D('',#9255,#7485,#7486);
#6061=AXIS2_PLACEMENT_3D('',#9257,#7488,#7489);
#6062=AXIS2_PLACEMENT_3D('',#9259,#7491,#7492);
#6063=AXIS2_PLACEMENT_3D('',#9262,#7495,#7496);
#6064=AXIS2_PLACEMENT_3D('',#9264,#7498,#7499);
#6065=AXIS2_PLACEMENT_3D('',#9266,#7501,#7502);
#6066=AXIS2_PLACEMENT_3D('',#9268,#7504,#7505);
#6067=AXIS2_PLACEMENT_3D('',#9270,#7507,#7508);
#6068=AXIS2_PLACEMENT_3D('',#9271,#7509,#7510);
#6069=AXIS2_PLACEMENT_3D('',#9274,#7513,#7514);
#6070=AXIS2_PLACEMENT_3D('',#9276,#7516,#7517);
#6071=AXIS2_PLACEMENT_3D('',#9278,#7519,#7520);
#6072=AXIS2_PLACEMENT_3D('',#9279,#7521,#7522);
#6073=AXIS2_PLACEMENT_3D('',#9281,#7524,#7525);
#6074=AXIS2_PLACEMENT_3D('',#9282,#7526,#7527);
#6075=AXIS2_PLACEMENT_3D('',#9283,#7528,#7529);
#6076=AXIS2_PLACEMENT_3D('',#9286,#7532,#7533);
#6077=AXIS2_PLACEMENT_3D('',#9288,#7535,#7536);
#6078=AXIS2_PLACEMENT_3D('',#9289,#7537,#7538);
#6079=AXIS2_PLACEMENT_3D('',#9290,#7539,#7540);
#6080=AXIS2_PLACEMENT_3D('',#9292,#7542,#7543);
#6081=AXIS2_PLACEMENT_3D('',#9294,#7545,#7546);
#6082=AXIS2_PLACEMENT_3D('',#9296,#7548,#7549);
#6083=AXIS2_PLACEMENT_3D('',#9297,#7550,#7551);
#6084=AXIS2_PLACEMENT_3D('',#9300,#7554,#7555);
#6085=AXIS2_PLACEMENT_3D('',#9302,#7557,#7558);
#6086=AXIS2_PLACEMENT_3D('',#9304,#7560,#7561);
#6087=AXIS2_PLACEMENT_3D('',#9306,#7563,#7564);
#6088=AXIS2_PLACEMENT_3D('',#9308,#7566,#7567);
#6089=AXIS2_PLACEMENT_3D('',#9310,#7569,#7570);
#6090=AXIS2_PLACEMENT_3D('',#9312,#7572,#7573);
#6091=AXIS2_PLACEMENT_3D('',#9314,#7575,#7576);
#6092=AXIS2_PLACEMENT_3D('',#9316,#7578,#7579);
#6093=AXIS2_PLACEMENT_3D('',#9318,#7581,#7582);
#6094=AXIS2_PLACEMENT_3D('',#9320,#7584,#7585);
#6095=AXIS2_PLACEMENT_3D('',#9322,#7587,#7588);
#6096=AXIS2_PLACEMENT_3D('',#9324,#7590,#7591);
#6097=AXIS2_PLACEMENT_3D('',#9326,#7593,#7594);
#6098=AXIS2_PLACEMENT_3D('',#9328,#7596,#7597);
#6099=AXIS2_PLACEMENT_3D('',#9330,#7599,#7600);
#6100=AXIS2_PLACEMENT_3D('',#9332,#7602,#7603);
#6101=AXIS2_PLACEMENT_3D('',#9334,#7605,#7606);
#6102=AXIS2_PLACEMENT_3D('',#9336,#7608,#7609);
#6103=AXIS2_PLACEMENT_3D('',#9338,#7611,#7612);
#6104=AXIS2_PLACEMENT_3D('',#9340,#7614,#7615);
#6105=AXIS2_PLACEMENT_3D('',#9342,#7617,#7618);
#6106=AXIS2_PLACEMENT_3D('',#9344,#7620,#7621);
#6107=AXIS2_PLACEMENT_3D('',#9346,#7623,#7624);
#6108=AXIS2_PLACEMENT_3D('',#9348,#7626,#7627);
#6109=AXIS2_PLACEMENT_3D('',#9350,#7629,#7630);
#6110=AXIS2_PLACEMENT_3D('',#9352,#7632,#7633);
#6111=AXIS2_PLACEMENT_3D('',#9354,#7635,#7636);
#6112=AXIS2_PLACEMENT_3D('',#9356,#7638,#7639);
#6113=AXIS2_PLACEMENT_3D('',#9358,#7641,#7642);
#6114=AXIS2_PLACEMENT_3D('',#9360,#7644,#7645);
#6115=AXIS2_PLACEMENT_3D('',#9362,#7647,#7648);
#6116=AXIS2_PLACEMENT_3D('',#9364,#7650,#7651);
#6117=AXIS2_PLACEMENT_3D('',#9366,#7653,#7654);
#6118=AXIS2_PLACEMENT_3D('',#9368,#7656,#7657);
#6119=AXIS2_PLACEMENT_3D('',#9370,#7659,#7660);
#6120=AXIS2_PLACEMENT_3D('',#9372,#7662,#7663);
#6121=AXIS2_PLACEMENT_3D('',#9374,#7665,#7666);
#6122=AXIS2_PLACEMENT_3D('',#9376,#7668,#7669);
#6123=AXIS2_PLACEMENT_3D('',#9378,#7671,#7672);
#6124=AXIS2_PLACEMENT_3D('',#9380,#7674,#7675);
#6125=AXIS2_PLACEMENT_3D('',#9382,#7677,#7678);
#6126=AXIS2_PLACEMENT_3D('',#9384,#7680,#7681);
#6127=AXIS2_PLACEMENT_3D('',#9386,#7683,#7684);
#6128=AXIS2_PLACEMENT_3D('',#9388,#7686,#7687);
#6129=AXIS2_PLACEMENT_3D('',#9390,#7689,#7690);
#6130=AXIS2_PLACEMENT_3D('',#9392,#7692,#7693);
#6131=AXIS2_PLACEMENT_3D('',#9394,#7695,#7696);
#6132=AXIS2_PLACEMENT_3D('',#9396,#7698,#7699);
#6133=AXIS2_PLACEMENT_3D('',#9398,#7701,#7702);
#6134=AXIS2_PLACEMENT_3D('',#9400,#7704,#7705);
#6135=AXIS2_PLACEMENT_3D('',#9402,#7707,#7708);
#6136=AXIS2_PLACEMENT_3D('',#9404,#7710,#7711);
#6137=AXIS2_PLACEMENT_3D('',#9406,#7713,#7714);
#6138=AXIS2_PLACEMENT_3D('',#9408,#7716,#7717);
#6139=AXIS2_PLACEMENT_3D('',#9410,#7719,#7720);
#6140=AXIS2_PLACEMENT_3D('',#9412,#7722,#7723);
#6141=AXIS2_PLACEMENT_3D('',#9414,#7725,#7726);
#6142=AXIS2_PLACEMENT_3D('',#9416,#7728,#7729);
#6143=AXIS2_PLACEMENT_3D('',#9418,#7731,#7732);
#6144=AXIS2_PLACEMENT_3D('',#9420,#7734,#7735);
#6145=AXIS2_PLACEMENT_3D('',#9422,#7737,#7738);
#6146=AXIS2_PLACEMENT_3D('',#9424,#7740,#7741);
#6147=AXIS2_PLACEMENT_3D('',#9426,#7743,#7744);
#6148=AXIS2_PLACEMENT_3D('',#9428,#7746,#7747);
#6149=AXIS2_PLACEMENT_3D('',#9430,#7749,#7750);
#6150=AXIS2_PLACEMENT_3D('',#9432,#7752,#7753);
#6151=AXIS2_PLACEMENT_3D('',#9434,#7755,#7756);
#6152=AXIS2_PLACEMENT_3D('',#9436,#7758,#7759);
#6153=AXIS2_PLACEMENT_3D('',#9438,#7761,#7762);
#6154=AXIS2_PLACEMENT_3D('',#9440,#7764,#7765);
#6155=AXIS2_PLACEMENT_3D('',#9442,#7767,#7768);
#6156=AXIS2_PLACEMENT_3D('',#9444,#7770,#7771);
#6157=AXIS2_PLACEMENT_3D('',#9446,#7773,#7774);
#6158=AXIS2_PLACEMENT_3D('',#9448,#7776,#7777);
#6159=AXIS2_PLACEMENT_3D('',#9450,#7779,#7780);
#6160=AXIS2_PLACEMENT_3D('',#9452,#7782,#7783);
#6161=AXIS2_PLACEMENT_3D('',#9454,#7785,#7786);
#6162=AXIS2_PLACEMENT_3D('',#9456,#7788,#7789);
#6163=AXIS2_PLACEMENT_3D('',#9458,#7791,#7792);
#6164=AXIS2_PLACEMENT_3D('',#9460,#7794,#7795);
#6165=AXIS2_PLACEMENT_3D('',#9462,#7797,#7798);
#6166=AXIS2_PLACEMENT_3D('',#9464,#7800,#7801);
#6167=AXIS2_PLACEMENT_3D('',#9466,#7803,#7804);
#6168=AXIS2_PLACEMENT_3D('',#9468,#7806,#7807);
#6169=AXIS2_PLACEMENT_3D('',#9470,#7809,#7810);
#6170=AXIS2_PLACEMENT_3D('',#9472,#7812,#7813);
#6171=AXIS2_PLACEMENT_3D('',#9474,#7815,#7816);
#6172=AXIS2_PLACEMENT_3D('',#9476,#7818,#7819);
#6173=AXIS2_PLACEMENT_3D('',#9478,#7821,#7822);
#6174=AXIS2_PLACEMENT_3D('',#9480,#7824,#7825);
#6175=AXIS2_PLACEMENT_3D('',#9482,#7827,#7828);
#6176=AXIS2_PLACEMENT_3D('',#9484,#7830,#7831);
#6177=AXIS2_PLACEMENT_3D('',#9486,#7833,#7834);
#6178=AXIS2_PLACEMENT_3D('',#9488,#7836,#7837);
#6179=AXIS2_PLACEMENT_3D('',#9490,#7839,#7840);
#6180=AXIS2_PLACEMENT_3D('',#9492,#7842,#7843);
#6181=AXIS2_PLACEMENT_3D('',#9494,#7845,#7846);
#6182=AXIS2_PLACEMENT_3D('',#9496,#7848,#7849);
#6183=AXIS2_PLACEMENT_3D('',#9497,#7850,#7851);
#6184=AXIS2_PLACEMENT_3D('',#9503,#7855,#7856);
#6185=AXIS2_PLACEMENT_3D('',#9506,#7858,#7859);
#6186=AXIS2_PLACEMENT_3D('',#9507,#7860,#7861);
#6187=AXIS2_PLACEMENT_3D('',#9511,#7864,#7865);
#6188=AXIS2_PLACEMENT_3D('',#9514,#7867,#7868);
#6189=AXIS2_PLACEMENT_3D('',#9515,#7869,#7870);
#6190=AXIS2_PLACEMENT_3D('',#9519,#7873,#7874);
#6191=AXIS2_PLACEMENT_3D('',#9522,#7876,#7877);
#6192=AXIS2_PLACEMENT_3D('',#9523,#7878,#7879);
#6193=AXIS2_PLACEMENT_3D('',#9527,#7882,#7883);
#6194=AXIS2_PLACEMENT_3D('',#9528,#7884,#7885);
#6195=AXIS2_PLACEMENT_3D('',#9529,#7886,#7887);
#6196=AXIS2_PLACEMENT_3D('',#9530,#7888,#7889);
#6197=AXIS2_PLACEMENT_3D('',#9536,#7893,#7894);
#6198=AXIS2_PLACEMENT_3D('',#9539,#7896,#7897);
#6199=AXIS2_PLACEMENT_3D('',#9540,#7898,#7899);
#6200=AXIS2_PLACEMENT_3D('',#9544,#7902,#7903);
#6201=AXIS2_PLACEMENT_3D('',#9547,#7905,#7906);
#6202=AXIS2_PLACEMENT_3D('',#9548,#7907,#7908);
#6203=AXIS2_PLACEMENT_3D('',#9552,#7911,#7912);
#6204=AXIS2_PLACEMENT_3D('',#9555,#7914,#7915);
#6205=AXIS2_PLACEMENT_3D('',#9556,#7916,#7917);
#6206=AXIS2_PLACEMENT_3D('',#9560,#7920,#7921);
#6207=AXIS2_PLACEMENT_3D('',#9561,#7922,#7923);
#6208=AXIS2_PLACEMENT_3D('',#9562,#7924,#7925);
#6209=AXIS2_PLACEMENT_3D('',#9563,#7926,#7927);
#6210=AXIS2_PLACEMENT_3D('',#9569,#7931,#7932);
#6211=AXIS2_PLACEMENT_3D('',#9572,#7934,#7935);
#6212=AXIS2_PLACEMENT_3D('',#9573,#7936,#7937);
#6213=AXIS2_PLACEMENT_3D('',#9577,#7940,#7941);
#6214=AXIS2_PLACEMENT_3D('',#9580,#7943,#7944);
#6215=AXIS2_PLACEMENT_3D('',#9581,#7945,#7946);
#6216=AXIS2_PLACEMENT_3D('',#9585,#7949,#7950);
#6217=AXIS2_PLACEMENT_3D('',#9588,#7952,#7953);
#6218=AXIS2_PLACEMENT_3D('',#9589,#7954,#7955);
#6219=AXIS2_PLACEMENT_3D('',#9593,#7958,#7959);
#6220=AXIS2_PLACEMENT_3D('',#9594,#7960,#7961);
#6221=AXIS2_PLACEMENT_3D('',#9595,#7962,#7963);
#6222=AXIS2_PLACEMENT_3D('',#9596,#7964,#7965);
#6223=DIRECTION('axis',(0.,0.,1.));
#6224=DIRECTION('refdir',(1.,0.,0.));
#6225=DIRECTION('center_axis',(0.,1.,0.));
#6226=DIRECTION('ref_axis',(-1.,0.,0.));
#6227=DIRECTION('',(0.,0.,1.));
#6228=DIRECTION('',(1.,0.,0.));
#6229=DIRECTION('',(0.,0.,-1.));
#6230=DIRECTION('',(1.,0.,0.));
#6231=DIRECTION('center_axis',(0.,0.,1.));
#6232=DIRECTION('ref_axis',(-0.70710678118655,-0.707106781186545,0.));
#6233=DIRECTION('center_axis',(0.,0.,-1.));
#6234=DIRECTION('ref_axis',(-0.70710678118655,-0.707106781186545,0.));
#6235=DIRECTION('',(0.,0.,-1.));
#6236=DIRECTION('center_axis',(0.,0.,-1.));
#6237=DIRECTION('ref_axis',(-0.70710678118655,-0.707106781186545,0.));
#6238=DIRECTION('center_axis',(0.,0.,1.));
#6239=DIRECTION('ref_axis',(0.707106781186543,-0.707106781186552,0.));
#6240=DIRECTION('center_axis',(0.,0.,-1.));
#6241=DIRECTION('ref_axis',(0.70710678118655,0.707106781186545,0.));
#6242=DIRECTION('center_axis',(0.,0.,-1.));
#6243=DIRECTION('ref_axis',(0.70710678118655,0.707106781186545,0.));
#6244=DIRECTION('',(0.,0.,1.));
#6245=DIRECTION('center_axis',(0.,-1.,0.));
#6246=DIRECTION('ref_axis',(1.,0.,0.));
#6247=DIRECTION('',(-1.,0.,0.));
#6248=DIRECTION('',(-1.,0.,0.));
#6249=DIRECTION('center_axis',(0.,-1.,0.));
#6250=DIRECTION('ref_axis',(1.,0.,0.));
#6251=DIRECTION('',(0.,0.,-1.));
#6252=DIRECTION('',(-1.,0.,0.));
#6253=DIRECTION('',(0.,0.,1.));
#6254=DIRECTION('',(-1.,0.,0.));
#6255=DIRECTION('center_axis',(0.,0.,1.));
#6256=DIRECTION('ref_axis',(-0.707106781186543,0.707106781186552,0.));
#6257=DIRECTION('center_axis',(0.,0.,-1.));
#6258=DIRECTION('ref_axis',(-0.707106781186543,-0.707106781186552,0.));
#6259=DIRECTION('center_axis',(0.,0.,-1.));
#6260=DIRECTION('ref_axis',(-0.707106781186543,-0.707106781186552,0.));
#6261=DIRECTION('',(0.,0.,1.));
#6262=DIRECTION('center_axis',(0.,1.,0.));
#6263=DIRECTION('ref_axis',(-1.,0.,0.));
#6264=DIRECTION('',(1.,0.,0.));
#6265=DIRECTION('',(0.,0.,-1.));
#6266=DIRECTION('',(1.,0.,0.));
#6267=DIRECTION('center_axis',(0.,0.,1.));
#6268=DIRECTION('ref_axis',(0.707106781186543,0.707106781186552,0.));
#6269=DIRECTION('center_axis',(0.,0.,-1.));
#6270=DIRECTION('ref_axis',(0.707106781186543,0.707106781186552,0.));
#6271=DIRECTION('center_axis',(0.,0.,-1.));
#6272=DIRECTION('ref_axis',(0.707106781186543,0.707106781186552,0.));
#6273=DIRECTION('center_axis',(0.,-1.,0.));
#6274=DIRECTION('ref_axis',(1.,0.,0.));
#6275=DIRECTION('',(0.,0.,1.));
#6276=DIRECTION('',(-1.,0.,0.));
#6277=DIRECTION('',(0.,0.,-1.));
#6278=DIRECTION('',(-1.,0.,0.));
#6279=DIRECTION('center_axis',(0.,0.,1.));
#6280=DIRECTION('ref_axis',(-0.707106781186534,0.707106781186561,0.));
#6281=DIRECTION('center_axis',(0.,0.,-1.));
#6282=DIRECTION('ref_axis',(-0.707106781186561,-0.707106781186534,0.));
#6283=DIRECTION('center_axis',(0.,0.,-1.));
#6284=DIRECTION('ref_axis',(-0.707106781186561,-0.707106781186534,0.));
#6285=DIRECTION('',(0.,0.,1.));
#6286=DIRECTION('center_axis',(0.,1.,0.));
#6287=DIRECTION('ref_axis',(-1.,0.,0.));
#6288=DIRECTION('',(1.,0.,0.));
#6289=DIRECTION('',(0.,0.,-1.));
#6290=DIRECTION('',(1.,0.,0.));
#6291=DIRECTION('center_axis',(0.,0.,1.));
#6292=DIRECTION('ref_axis',(0.707106781186547,0.707106781186547,0.));
#6293=DIRECTION('center_axis',(0.,0.,-1.));
#6294=DIRECTION('ref_axis',(0.707106781186547,0.707106781186547,0.));
#6295=DIRECTION('center_axis',(0.,0.,-1.));
#6296=DIRECTION('ref_axis',(0.707106781186547,0.707106781186547,0.));
#6297=DIRECTION('center_axis',(0.,0.,1.));
#6298=DIRECTION('ref_axis',(1.,0.,0.));
#6299=DIRECTION('center_axis',(0.,0.,-1.));
#6300=DIRECTION('ref_axis',(-0.707106781186547,-0.707106781186547,0.));
#6301=DIRECTION('',(1.,0.,0.));
#6302=DIRECTION('center_axis',(0.,0.,-1.));
#6303=DIRECTION('ref_axis',(0.707106781186534,0.707106781186561,0.));
#6304=DIRECTION('',(-1.,0.,0.));
#6305=DIRECTION('center_axis',(0.,0.,1.));
#6306=DIRECTION('ref_axis',(-0.707106781186534,0.707106781186561,0.));
#6307=DIRECTION('',(0.,0.,-1.));
#6308=DIRECTION('center_axis',(0.,0.,-1.));
#6309=DIRECTION('ref_axis',(-0.707106781186547,-0.707106781186547,0.));
#6310=DIRECTION('',(0.,0.,1.));
#6311=DIRECTION('center_axis',(0.,-1.,0.));
#6312=DIRECTION('ref_axis',(1.,0.,0.));
#6313=DIRECTION('',(0.,0.,1.));
#6314=DIRECTION('',(-1.,0.,0.));
#6315=DIRECTION('center_axis',(0.,0.,1.));
#6316=DIRECTION('ref_axis',(0.707106781186534,0.707106781186561,0.));
#6317=DIRECTION('',(0.,0.,-1.));
#6318=DIRECTION('center_axis',(0.,0.,-1.));
#6319=DIRECTION('ref_axis',(0.707106781186534,0.707106781186561,0.));
#6320=DIRECTION('center_axis',(0.,0.,1.));
#6321=DIRECTION('ref_axis',(1.,0.,0.));
#6322=DIRECTION('center_axis',(0.,0.,1.));
#6323=DIRECTION('ref_axis',(1.,0.,0.));
#6324=DIRECTION('center_axis',(0.,1.,0.));
#6325=DIRECTION('ref_axis',(-1.,0.,0.));
#6326=DIRECTION('',(1.,0.,0.));
#6327=DIRECTION('center_axis',(0.,0.,1.));
#6328=DIRECTION('ref_axis',(1.,0.,0.));
#6329=DIRECTION('center_axis',(0.,0.,1.));
#6330=DIRECTION('ref_axis',(1.,0.,0.));
#6331=DIRECTION('center_axis',(0.,0.,1.));
#6332=DIRECTION('ref_axis',(1.,0.,0.));
#6333=DIRECTION('',(0.,0.,1.));
#6334=DIRECTION('center_axis',(0.,0.,1.));
#6335=DIRECTION('ref_axis',(1.,0.,0.));
#6336=DIRECTION('center_axis',(0.,0.,-1.));
#6337=DIRECTION('ref_axis',(1.,0.,0.));
#6338=DIRECTION('center_axis',(0.,0.,1.));
#6339=DIRECTION('ref_axis',(1.,0.,0.));
#6340=DIRECTION('center_axis',(0.,0.,1.));
#6341=DIRECTION('ref_axis',(1.,0.,0.));
#6342=DIRECTION('',(0.,0.,1.));
#6343=DIRECTION('center_axis',(0.,0.,1.));
#6344=DIRECTION('ref_axis',(1.,0.,0.));
#6345=DIRECTION('center_axis',(0.,0.,-1.));
#6346=DIRECTION('ref_axis',(1.,0.,0.));
#6347=DIRECTION('center_axis',(0.,0.,1.));
#6348=DIRECTION('ref_axis',(1.,0.,0.));
#6349=DIRECTION('center_axis',(0.,0.,1.));
#6350=DIRECTION('ref_axis',(1.,0.,0.));
#6351=DIRECTION('',(0.,0.,1.));
#6352=DIRECTION('center_axis',(0.,0.,1.));
#6353=DIRECTION('ref_axis',(1.,0.,0.));
#6354=DIRECTION('center_axis',(0.,0.,-1.));
#6355=DIRECTION('ref_axis',(1.,0.,0.));
#6356=DIRECTION('center_axis',(0.,0.,1.));
#6357=DIRECTION('ref_axis',(1.,0.,0.));
#6358=DIRECTION('center_axis',(0.,0.,1.));
#6359=DIRECTION('ref_axis',(1.,0.,0.));
#6360=DIRECTION('',(0.,0.,1.));
#6361=DIRECTION('center_axis',(0.,0.,1.));
#6362=DIRECTION('ref_axis',(1.,0.,0.));
#6363=DIRECTION('center_axis',(0.,0.,-1.));
#6364=DIRECTION('ref_axis',(1.,0.,0.));
#6365=DIRECTION('center_axis',(0.,0.,1.));
#6366=DIRECTION('ref_axis',(1.,0.,0.));
#6367=DIRECTION('center_axis',(0.,0.,1.));
#6368=DIRECTION('ref_axis',(1.,0.,0.));
#6369=DIRECTION('',(0.,0.,1.));
#6370=DIRECTION('center_axis',(0.,0.,1.));
#6371=DIRECTION('ref_axis',(1.,0.,0.));
#6372=DIRECTION('center_axis',(0.,0.,-1.));
#6373=DIRECTION('ref_axis',(1.,0.,0.));
#6374=DIRECTION('center_axis',(0.,0.,1.));
#6375=DIRECTION('ref_axis',(1.,0.,0.));
#6376=DIRECTION('center_axis',(0.,0.,1.));
#6377=DIRECTION('ref_axis',(1.,0.,0.));
#6378=DIRECTION('',(0.,0.,1.));
#6379=DIRECTION('center_axis',(0.,0.,1.));
#6380=DIRECTION('ref_axis',(1.,0.,0.));
#6381=DIRECTION('center_axis',(0.,0.,-1.));
#6382=DIRECTION('ref_axis',(1.,0.,0.));
#6383=DIRECTION('center_axis',(0.,0.,-1.));
#6384=DIRECTION('ref_axis',(-1.,0.,0.));
#6385=DIRECTION('center_axis',(0.,0.,-1.));
#6386=DIRECTION('ref_axis',(-1.,0.,0.));
#6387=DIRECTION('',(-0.707106781186546,8.65956056235492E-17,0.707106781186549));
#6388=DIRECTION('center_axis',(0.,0.,1.));
#6389=DIRECTION('ref_axis',(-1.,0.,0.));
#6390=DIRECTION('center_axis',(0.,0.,1.));
#6391=DIRECTION('ref_axis',(-1.,0.,0.));
#6392=DIRECTION('',(0.,0.,1.));
#6393=DIRECTION('center_axis',(0.,0.,-1.));
#6394=DIRECTION('ref_axis',(-1.,0.,0.));
#6395=DIRECTION('center_axis',(0.,0.,1.));
#6396=DIRECTION('ref_axis',(-1.,0.,0.));
#6397=DIRECTION('center_axis',(0.,0.,1.));
#6398=DIRECTION('ref_axis',(-2.36847578586728E-14,-1.,0.));
#6399=DIRECTION('center_axis',(0.,0.,-1.));
#6400=DIRECTION('ref_axis',(0.968245836552791,-0.24999999999637,0.));
#6401=DIRECTION('center_axis',(0.,0.,1.));
#6402=DIRECTION('ref_axis',(-0.968245836552757,0.249999999996503,0.));
#6403=DIRECTION('',(1.,1.09518083044112E-15,0.));
#6404=DIRECTION('center_axis',(0.,0.,-1.));
#6405=DIRECTION('ref_axis',(1.,2.13162820728024E-14,0.));
#6406=DIRECTION('',(1.79286747587824E-15,-1.,0.));
#6407=DIRECTION('center_axis',(0.,0.,-1.));
#6408=DIRECTION('ref_axis',(-0.0279411764705623,-0.999609569110581,0.));
#6409=DIRECTION('center_axis',(0.,0.,1.));
#6410=DIRECTION('ref_axis',(0.027941176470494,0.999609569110583,0.));
#6411=DIRECTION('center_axis',(0.,0.,-1.));
#6412=DIRECTION('ref_axis',(1.,8.88178419700134E-15,0.));
#6413=DIRECTION('',(3.45231394633981E-15,-1.,0.));
#6414=DIRECTION('center_axis',(0.,0.,-1.));
#6415=DIRECTION('ref_axis',(0.,-1.,0.));
#6416=DIRECTION('',(-1.,-2.8620275492414E-15,0.));
#6417=DIRECTION('center_axis',(0.,0.,1.));
#6418=DIRECTION('ref_axis',(1.42108547152087E-13,1.,0.));
#6419=DIRECTION('',(-0.707106781186529,-0.707106781186566,0.));
#6420=DIRECTION('center_axis',(0.,0.,-1.));
#6421=DIRECTION('ref_axis',(9.47390314346435E-14,-1.,0.));
#6422=DIRECTION('',(-1.,1.47283350287995E-15,0.));
#6423=DIRECTION('center_axis',(0.,0.,1.));
#6424=DIRECTION('ref_axis',(-4.73695157173399E-14,1.,0.));
#6425=DIRECTION('center_axis',(0.,0.,-1.));
#6426=DIRECTION('ref_axis',(-0.916515138991168,-0.400000000000001,0.));
#6427=DIRECTION('center_axis',(0.,0.,1.));
#6428=DIRECTION('ref_axis',(0.916515138991182,0.399999999999967,0.));
#6429=DIRECTION('',(-1.,-7.36416751439712E-16,0.));
#6430=DIRECTION('center_axis',(0.,0.,-1.));
#6431=DIRECTION('ref_axis',(-0.707106781186565,-0.70710678118653,0.));
#6432=DIRECTION('',(-0.70710678118652,0.707106781186575,0.));
#6433=DIRECTION('center_axis',(0.,0.,1.));
#6434=DIRECTION('ref_axis',(0.707106781186489,0.707106781186606,0.));
#6435=DIRECTION('',(-1.,1.21274522219569E-16,0.));
#6436=DIRECTION('center_axis',(0.,0.,1.));
#6437=DIRECTION('ref_axis',(-7.10542735760142E-14,1.,0.));
#6438=DIRECTION('',(-0.70710678118655,-0.707106781186545,0.));
#6439=DIRECTION('center_axis',(0.,0.,-1.));
#6440=DIRECTION('ref_axis',(2.36847578586698E-14,-1.,0.));
#6441=DIRECTION('',(-1.,-1.31413059113227E-15,0.));
#6442=DIRECTION('center_axis',(0.,0.,1.));
#6443=DIRECTION('ref_axis',(-2.36847578586703E-14,1.,0.));
#6444=DIRECTION('center_axis',(0.,0.,-1.));
#6445=DIRECTION('ref_axis',(-0.916515138991169,-0.399999999999997,0.));
#6446=DIRECTION('center_axis',(0.,0.,1.));
#6447=DIRECTION('ref_axis',(0.91651513899117,0.399999999999994,0.));
#6448=DIRECTION('',(-1.,7.79575781981522E-16,0.));
#6449=DIRECTION('center_axis',(0.,0.,-1.));
#6450=DIRECTION('ref_axis',(-0.707106781186509,-0.707106781186586,0.));
#6451=DIRECTION('',(-0.707106781186569,0.707106781186526,0.));
#6452=DIRECTION('center_axis',(0.,0.,1.));
#6453=DIRECTION('ref_axis',(0.707106781186588,0.707106781186508,0.));
#6454=DIRECTION('',(-1.,1.87153335762006E-17,0.));
#6455=DIRECTION('center_axis',(0.,0.,1.));
#6456=DIRECTION('ref_axis',(-7.10542735760049E-14,1.,0.));
#6457=DIRECTION('',(-0.707106781186563,-0.707106781186532,0.));
#6458=DIRECTION('center_axis',(0.,0.,-1.));
#6459=DIRECTION('ref_axis',(1.1842378929336E-14,-1.,0.));
#6460=DIRECTION('',(-1.,-1.83429595760359E-16,0.));
#6461=DIRECTION('center_axis',(0.,0.,1.));
#6462=DIRECTION('ref_axis',(3.55271367880045E-14,1.,0.));
#6463=DIRECTION('center_axis',(0.,0.,-1.));
#6464=DIRECTION('ref_axis',(-0.916515138991167,-0.400000000000002,0.));
#6465=DIRECTION('center_axis',(0.,0.,1.));
#6466=DIRECTION('ref_axis',(0.916515138991168,0.4,0.));
#6467=DIRECTION('',(-1.,1.46014510125808E-16,0.));
#6468=DIRECTION('center_axis',(0.,0.,-1.));
#6469=DIRECTION('ref_axis',(-0.707106781186534,-0.707106781186561,0.));
#6470=DIRECTION('',(-0.707106781186548,0.707106781186547,0.));
#6471=DIRECTION('center_axis',(0.,0.,1.));
#6472=DIRECTION('ref_axis',(0.70710678118657,0.707106781186525,0.));
#6473=DIRECTION('',(-1.,4.98544654600656E-16,0.));
#6474=DIRECTION('center_axis',(0.,0.,1.));
#6475=DIRECTION('ref_axis',(1.77635683940043E-14,1.,0.));
#6476=DIRECTION('',(-0.707106781186544,-0.707106781186551,0.));
#6477=DIRECTION('center_axis',(0.,0.,-1.));
#6478=DIRECTION('ref_axis',(1.18423789293347E-14,-1.,0.));
#6479=DIRECTION('',(-1.,4.20809572251271E-16,0.));
#6480=DIRECTION('center_axis',(0.,0.,1.));
#6481=DIRECTION('ref_axis',(0.,1.,0.));
#6482=DIRECTION('center_axis',(0.,0.,-1.));
#6483=DIRECTION('ref_axis',(-0.916515138991169,-0.399999999999999,0.));
#6484=DIRECTION('center_axis',(0.,0.,1.));
#6485=DIRECTION('ref_axis',(0.91651513899117,0.399999999999994,0.));
#6486=DIRECTION('',(-1.,7.36416751439979E-16,0.));
#6487=DIRECTION('center_axis',(0.,0.,-1.));
#6488=DIRECTION('ref_axis',(-0.707106781186552,-0.707106781186543,0.));
#6489=DIRECTION('',(-0.707106781186547,0.707106781186548,0.));
#6490=DIRECTION('center_axis',(0.,0.,1.));
#6491=DIRECTION('ref_axis',(0.707106781186549,0.707106781186546,0.));
#6492=DIRECTION('',(-1.,2.20155965326265E-16,0.));
#6493=DIRECTION('center_axis',(0.,0.,-1.));
#6494=DIRECTION('ref_axis',(-1.,-2.66453525910038E-15,0.));
#6495=DIRECTION('',(2.82859369331259E-16,1.,0.));
#6496=DIRECTION('center_axis',(0.,0.,-1.));
#6497=DIRECTION('ref_axis',(3.55271367880053E-15,1.,0.));
#6498=DIRECTION('',(1.,0.,0.));
#6499=DIRECTION('center_axis',(0.,0.,1.));
#6500=DIRECTION('ref_axis',(-1.77635683940035E-14,-1.,0.));
#6501=DIRECTION('center_axis',(0.,0.,-1.));
#6502=DIRECTION('ref_axis',(0.916515138991166,0.400000000000005,0.));
#6503=DIRECTION('center_axis',(0.,0.,1.));
#6504=DIRECTION('ref_axis',(-0.916515138991178,-0.399999999999976,0.));
#6505=DIRECTION('',(1.,0.,0.));
#6506=DIRECTION('center_axis',(0.,0.,-1.));
#6507=DIRECTION('ref_axis',(0.7071067811865,0.707106781186595,0.));
#6508=DIRECTION('',(0.70710678118655,-0.707106781186545,0.));
#6509=DIRECTION('center_axis',(0.,0.,1.));
#6510=DIRECTION('ref_axis',(-0.707106781186548,-0.707106781186548,0.));
#6511=DIRECTION('',(1.,0.,0.));
#6512=DIRECTION('center_axis',(0.,0.,1.));
#6513=DIRECTION('ref_axis',(1.06581410363976E-13,-1.,0.));
#6514=DIRECTION('',(0.707106781186556,0.707106781186539,0.));
#6515=DIRECTION('center_axis',(0.,0.,-1.));
#6516=DIRECTION('ref_axis',(7.10542735760233E-14,1.,0.));
#6517=DIRECTION('',(1.,8.84718694393399E-16,0.));
#6518=DIRECTION('center_axis',(0.,0.,1.));
#6519=DIRECTION('ref_axis',(-4.73695157173421E-14,-1.,0.));
#6520=DIRECTION('center_axis',(0.,0.,-1.));
#6521=DIRECTION('ref_axis',(0.916515138991163,0.40000000000001,0.));
#6522=DIRECTION('center_axis',(0.,0.,1.));
#6523=DIRECTION('ref_axis',(-0.916515138991167,-0.400000000000003,0.));
#6524=DIRECTION('',(1.,0.,0.));
#6525=DIRECTION('center_axis',(0.,0.,-1.));
#6526=DIRECTION('ref_axis',(0.70710678118653,0.707106781186565,0.));
#6527=DIRECTION('',(0.707106781186525,-0.70710678118657,0.));
#6528=DIRECTION('center_axis',(0.,0.,1.));
#6529=DIRECTION('ref_axis',(-0.707106781186583,-0.707106781186512,0.));
#6530=DIRECTION('',(1.,0.,0.));
#6531=DIRECTION('center_axis',(0.,0.,1.));
#6532=DIRECTION('ref_axis',(1.42108547152008E-13,-1.,0.));
#6533=DIRECTION('',(0.707106781186552,0.707106781186543,0.));
#6534=DIRECTION('center_axis',(0.,0.,-1.));
#6535=DIRECTION('ref_axis',(9.47390314346832E-14,1.,0.));
#6536=DIRECTION('',(1.,0.,0.));
#6537=DIRECTION('center_axis',(0.,0.,1.));
#6538=DIRECTION('ref_axis',(4.73695157173349E-14,-1.,0.));
#6539=DIRECTION('center_axis',(0.,0.,-1.));
#6540=DIRECTION('ref_axis',(0.916515138991171,0.399999999999992,0.));
#6541=DIRECTION('center_axis',(0.,0.,1.));
#6542=DIRECTION('ref_axis',(-0.91651513899118,-0.399999999999973,0.));
#6543=DIRECTION('',(1.,-8.84718694392762E-16,0.));
#6544=DIRECTION('center_axis',(0.,0.,-1.));
#6545=DIRECTION('ref_axis',(0.707106781186518,0.707106781186577,0.));
#6546=DIRECTION('',(0.707106781186539,-0.707106781186556,0.));
#6547=DIRECTION('center_axis',(0.,0.,1.));
#6548=DIRECTION('ref_axis',(-0.707106781186494,-0.707106781186601,0.));
#6549=DIRECTION('',(1.,8.37052394674665E-16,0.));
#6550=DIRECTION('center_axis',(0.,0.,1.));
#6551=DIRECTION('ref_axis',(1.42108547151917E-13,-1.,0.));
#6552=DIRECTION('',(0.707106781186543,0.707106781186552,0.));
#6553=DIRECTION('center_axis',(0.,0.,-1.));
#6554=DIRECTION('ref_axis',(-4.73695157173332E-14,1.,0.));
#6555=DIRECTION('',(1.,1.36102555115684E-15,0.));
#6556=DIRECTION('center_axis',(0.,0.,-1.));
#6557=DIRECTION('ref_axis',(-1.,0.,0.));
#6558=DIRECTION('center_axis',(0.,0.,-1.));
#6559=DIRECTION('ref_axis',(-1.,0.,0.));
#6560=DIRECTION('center_axis',(0.,0.,-1.));
#6561=DIRECTION('ref_axis',(-1.,0.,0.));
#6562=DIRECTION('center_axis',(0.,0.,-1.));
#6563=DIRECTION('ref_axis',(-1.,0.,0.));
#6564=DIRECTION('center_axis',(0.,0.,1.));
#6565=DIRECTION('ref_axis',(-0.707106781186679,0.707106781186416,0.));
#6566=DIRECTION('',(1.,4.2632564145606E-13,0.));
#6567=DIRECTION('center_axis',(0.,0.,1.));
#6568=DIRECTION('ref_axis',(0.707106781186428,0.707106781186667,0.));
#6569=DIRECTION('',(0.,1.,0.));
#6570=DIRECTION('center_axis',(0.,0.,-1.));
#6571=DIRECTION('ref_axis',(-0.707106781186544,-0.707106781186551,0.));
#6572=DIRECTION('',(-1.,-3.05478390266622E-16,0.));
#6573=DIRECTION('center_axis',(0.,0.,-1.));
#6574=DIRECTION('ref_axis',(0.707106781186561,-0.707106781186534,0.));
#6575=DIRECTION('',(0.,-1.,0.));
#6576=DIRECTION('center_axis',(0.,0.,-1.));
#6577=DIRECTION('ref_axis',(0.707106781186527,0.707106781186568,0.));
#6578=DIRECTION('',(1.,0.,0.));
#6579=DIRECTION('center_axis',(0.,0.,1.));
#6580=DIRECTION('ref_axis',(-0.707106781186529,-0.707106781186566,0.));
#6581=DIRECTION('',(0.,-1.,0.));
#6582=DIRECTION('center_axis',(0.,0.,-1.));
#6583=DIRECTION('ref_axis',(0.707106781186527,0.707106781186568,0.));
#6584=DIRECTION('',(1.,0.,0.));
#6585=DIRECTION('center_axis',(0.,0.,1.));
#6586=DIRECTION('ref_axis',(-0.707106781186535,-0.70710678118656,0.));
#6587=DIRECTION('',(0.,-1.,0.));
#6588=DIRECTION('center_axis',(0.,0.,-1.));
#6589=DIRECTION('ref_axis',(0.707106781186564,0.707106781186531,0.));
#6590=DIRECTION('',(1.,-5.06114572899745E-14,0.));
#6591=DIRECTION('center_axis',(0.,0.,-1.));
#6592=DIRECTION('ref_axis',(-0.707106781186516,0.707106781186579,0.));
#6593=DIRECTION('',(1.49490809341734E-14,1.,0.));
#6594=DIRECTION('center_axis',(0.,0.,-1.));
#6595=DIRECTION('ref_axis',(-0.707106781186554,-0.707106781186541,0.));
#6596=DIRECTION('',(-1.,0.,0.));
#6597=DIRECTION('center_axis',(0.,0.,-1.));
#6598=DIRECTION('ref_axis',(0.707106781186544,-0.707106781186551,0.));
#6599=DIRECTION('',(0.,-1.,0.));
#6600=DIRECTION('',(2.53765262771465E-15,1.,0.));
#6601=DIRECTION('center_axis',(0.,0.,1.));
#6602=DIRECTION('ref_axis',(1.,-5.92118946466749E-15,0.));
#6603=DIRECTION('',(-1.,-8.07434927000113E-16,0.));
#6604=DIRECTION('center_axis',(0.,0.,1.));
#6605=DIRECTION('ref_axis',(-2.96059473233374E-15,1.,0.));
#6606=DIRECTION('',(-1.90323947078598E-15,-1.,0.));
#6607=DIRECTION('center_axis',(0.,0.,1.));
#6608=DIRECTION('ref_axis',(-1.,1.77635683940028E-14,0.));
#6609=DIRECTION('',(1.,0.,0.));
#6610=DIRECTION('center_axis',(0.,0.,1.));
#6611=DIRECTION('ref_axis',(-5.92118946466745E-15,-1.,0.));
#6612=DIRECTION('',(-1.26882631385732E-15,-1.,0.));
#6613=DIRECTION('center_axis',(0.,0.,1.));
#6614=DIRECTION('ref_axis',(-1.,0.,0.));
#6615=DIRECTION('',(1.,0.,0.));
#6616=DIRECTION('center_axis',(0.,0.,1.));
#6617=DIRECTION('ref_axis',(-1.18423789293351E-14,-1.,0.));
#6618=DIRECTION('',(3.80647894157195E-15,1.,0.));
#6619=DIRECTION('center_axis',(0.,0.,1.));
#6620=DIRECTION('ref_axis',(1.,5.92118946466749E-15,0.));
#6621=DIRECTION('',(-1.,0.,0.));
#6622=DIRECTION('center_axis',(0.,0.,1.));
#6623=DIRECTION('ref_axis',(2.96059473233376E-15,1.,0.));
#6624=DIRECTION('',(1.,1.21115239050017E-15,0.));
#6625=DIRECTION('center_axis',(0.,0.,1.));
#6626=DIRECTION('ref_axis',(-1.77635683940024E-14,-1.,0.));
#6627=DIRECTION('',(0.,1.,0.));
#6628=DIRECTION('center_axis',(0.,0.,1.));
#6629=DIRECTION('ref_axis',(1.,1.77635683940027E-14,0.));
#6630=DIRECTION('',(-1.,0.,0.));
#6631=DIRECTION('center_axis',(0.,0.,1.));
#6632=DIRECTION('ref_axis',(-5.92118946466749E-15,1.,0.));
#6633=DIRECTION('',(-1.90323947078598E-15,-1.,0.));
#6634=DIRECTION('center_axis',(0.,0.,1.));
#6635=DIRECTION('ref_axis',(-1.,2.96059473233376E-15,0.));
#6636=DIRECTION('center_axis',(0.,0.,-1.));
#6637=DIRECTION('ref_axis',(-0.707106781186551,-0.707106781186544,0.));
#6638=DIRECTION('',(-1.,0.,0.));
#6639=DIRECTION('center_axis',(0.,0.,-1.));
#6640=DIRECTION('ref_axis',(0.707106781186552,-0.707106781186543,0.));
#6641=DIRECTION('',(0.,-1.,0.));
#6642=DIRECTION('center_axis',(0.,0.,-1.));
#6643=DIRECTION('ref_axis',(0.707106781186552,0.707106781186543,0.));
#6644=DIRECTION('',(1.,0.,0.));
#6645=DIRECTION('center_axis',(0.,0.,-1.));
#6646=DIRECTION('ref_axis',(-0.707106781186542,0.707106781186553,0.));
#6647=DIRECTION('',(0.,1.,0.));
#6648=DIRECTION('center_axis',(0.,0.,-1.));
#6649=DIRECTION('ref_axis',(0.70710678118656,-0.707106781186535,0.));
#6650=DIRECTION('',(0.,-1.,0.));
#6651=DIRECTION('center_axis',(0.,0.,-1.));
#6652=DIRECTION('ref_axis',(0.707106781186531,0.707106781186564,0.));
#6653=DIRECTION('',(1.,0.,0.));
#6654=DIRECTION('center_axis',(0.,0.,-1.));
#6655=DIRECTION('ref_axis',(-0.707106781186564,0.707106781186531,0.));
#6656=DIRECTION('',(0.,1.,0.));
#6657=DIRECTION('center_axis',(0.,0.,-1.));
#6658=DIRECTION('ref_axis',(-0.707106781186527,-0.707106781186568,0.));
#6659=DIRECTION('',(-1.,0.,0.));
#6660=DIRECTION('center_axis',(0.,0.,-1.));
#6661=DIRECTION('ref_axis',(0.707106781186548,-0.707106781186548,0.));
#6662=DIRECTION('',(0.,-1.,0.));
#6663=DIRECTION('center_axis',(0.,0.,-1.));
#6664=DIRECTION('ref_axis',(0.707106781186552,0.707106781186543,0.));
#6665=DIRECTION('',(1.,0.,0.));
#6666=DIRECTION('center_axis',(0.,0.,-1.));
#6667=DIRECTION('ref_axis',(-0.707106781186542,0.707106781186553,0.));
#6668=DIRECTION('',(0.,1.,0.));
#6669=DIRECTION('center_axis',(0.,0.,-1.));
#6670=DIRECTION('ref_axis',(-0.707106781186546,-0.707106781186549,0.));
#6671=DIRECTION('',(-1.,0.,0.));
#6672=DIRECTION('center_axis',(0.,0.,-1.));
#6673=DIRECTION('ref_axis',(-1.,0.,0.));
#6674=DIRECTION('center_axis',(0.,0.,-1.));
#6675=DIRECTION('ref_axis',(-1.,0.,0.));
#6676=DIRECTION('center_axis',(0.,0.,-1.));
#6677=DIRECTION('ref_axis',(-1.,0.,0.));
#6678=DIRECTION('center_axis',(0.,0.,-1.));
#6679=DIRECTION('ref_axis',(-1.,0.,0.));
#6680=DIRECTION('',(-0.707106781186546,8.65956056235491E-17,0.707106781186549));
#6681=DIRECTION('center_axis',(0.,0.,1.));
#6682=DIRECTION('ref_axis',(-1.,0.,0.));
#6683=DIRECTION('center_axis',(0.,0.,1.));
#6684=DIRECTION('ref_axis',(-1.,0.,0.));
#6685=DIRECTION('center_axis',(0.,0.,-1.));
#6686=DIRECTION('ref_axis',(-1.,0.,0.));
#6687=DIRECTION('',(-0.707106781186553,8.659560562355E-17,0.707106781186542));
#6688=DIRECTION('center_axis',(0.,0.,1.));
#6689=DIRECTION('ref_axis',(-1.,0.,0.));
#6690=DIRECTION('center_axis',(0.,0.,1.));
#6691=DIRECTION('ref_axis',(-1.,0.,0.));
#6692=DIRECTION('',(0.,0.,1.));
#6693=DIRECTION('center_axis',(0.,0.,-1.));
#6694=DIRECTION('ref_axis',(-1.,0.,0.));
#6695=DIRECTION('center_axis',(0.,0.,-1.));
#6696=DIRECTION('ref_axis',(-1.,0.,0.));
#6697=DIRECTION('',(-0.707106781186552,8.65956056235499E-17,0.707106781186543));
#6698=DIRECTION('center_axis',(0.,0.,1.));
#6699=DIRECTION('ref_axis',(-1.,0.,0.));
#6700=DIRECTION('center_axis',(0.,0.,1.));
#6701=DIRECTION('ref_axis',(-1.,0.,0.));
#6702=DIRECTION('center_axis',(0.,0.,-1.));
#6703=DIRECTION('ref_axis',(-1.,0.,0.));
#6704=DIRECTION('',(-0.707106781186553,8.659560562355E-17,0.707106781186542));
#6705=DIRECTION('center_axis',(0.,0.,1.));
#6706=DIRECTION('ref_axis',(-1.,0.,0.));
#6707=DIRECTION('center_axis',(0.,0.,1.));
#6708=DIRECTION('ref_axis',(-1.,0.,0.));
#6709=DIRECTION('',(0.,0.,1.));
#6710=DIRECTION('center_axis',(0.,0.,-1.));
#6711=DIRECTION('ref_axis',(-1.,0.,0.));
#6712=DIRECTION('center_axis',(0.,0.,-1.));
#6713=DIRECTION('ref_axis',(-1.,0.,0.));
#6714=DIRECTION('',(-0.707106781186552,8.65956056235499E-17,0.707106781186543));
#6715=DIRECTION('center_axis',(0.,0.,1.));
#6716=DIRECTION('ref_axis',(-1.,0.,0.));
#6717=DIRECTION('center_axis',(0.,0.,1.));
#6718=DIRECTION('ref_axis',(-1.,0.,0.));
#6719=DIRECTION('center_axis',(0.,0.,-1.));
#6720=DIRECTION('ref_axis',(-1.,0.,0.));
#6721=DIRECTION('',(-0.707106781186553,8.659560562355E-17,0.707106781186542));
#6722=DIRECTION('center_axis',(0.,0.,1.));
#6723=DIRECTION('ref_axis',(-1.,0.,0.));
#6724=DIRECTION('center_axis',(0.,0.,1.));
#6725=DIRECTION('ref_axis',(-1.,0.,0.));
#6726=DIRECTION('',(0.,0.,1.));
#6727=DIRECTION('center_axis',(0.,0.,-1.));
#6728=DIRECTION('ref_axis',(-1.,0.,0.));
#6729=DIRECTION('center_axis',(0.,0.,-1.));
#6730=DIRECTION('ref_axis',(-1.,0.,0.));
#6731=DIRECTION('',(-0.707106781186552,8.65956056235499E-17,0.707106781186543));
#6732=DIRECTION('center_axis',(0.,0.,1.));
#6733=DIRECTION('ref_axis',(-1.,0.,0.));
#6734=DIRECTION('center_axis',(0.,0.,1.));
#6735=DIRECTION('ref_axis',(-1.,0.,0.));
#6736=DIRECTION('center_axis',(0.,0.,-1.));
#6737=DIRECTION('ref_axis',(-1.,0.,0.));
#6738=DIRECTION('',(-0.707106781186546,8.65956056235492E-17,0.707106781186549));
#6739=DIRECTION('center_axis',(0.,0.,1.));
#6740=DIRECTION('ref_axis',(-1.,0.,0.));
#6741=DIRECTION('center_axis',(0.,0.,1.));
#6742=DIRECTION('ref_axis',(-1.,0.,0.));
#6743=DIRECTION('',(0.,0.,1.));
#6744=DIRECTION('center_axis',(0.,0.,-1.));
#6745=DIRECTION('ref_axis',(-1.,0.,0.));
#6746=DIRECTION('center_axis',(0.,0.,-1.));
#6747=DIRECTION('ref_axis',(-1.,0.,0.));
#6748=DIRECTION('',(-0.707106781186546,8.65956056235491E-17,0.707106781186549));
#6749=DIRECTION('center_axis',(0.,0.,1.));
#6750=DIRECTION('ref_axis',(-1.,0.,0.));
#6751=DIRECTION('center_axis',(0.,0.,1.));
#6752=DIRECTION('ref_axis',(-1.,0.,0.));
#6753=DIRECTION('center_axis',(0.,0.,-1.));
#6754=DIRECTION('ref_axis',(-1.,0.,0.));
#6755=DIRECTION('',(-0.707106781186553,8.659560562355E-17,0.707106781186542));
#6756=DIRECTION('center_axis',(0.,0.,1.));
#6757=DIRECTION('ref_axis',(-1.,0.,0.));
#6758=DIRECTION('center_axis',(0.,0.,1.));
#6759=DIRECTION('ref_axis',(-1.,0.,0.));
#6760=DIRECTION('',(0.,0.,1.));
#6761=DIRECTION('center_axis',(0.,0.,-1.));
#6762=DIRECTION('ref_axis',(-1.,0.,0.));
#6763=DIRECTION('center_axis',(0.,0.,-1.));
#6764=DIRECTION('ref_axis',(-1.,0.,0.));
#6765=DIRECTION('',(-0.707106781186552,8.65956056235499E-17,0.707106781186543));
#6766=DIRECTION('center_axis',(0.,0.,1.));
#6767=DIRECTION('ref_axis',(-1.,0.,0.));
#6768=DIRECTION('center_axis',(0.,0.,1.));
#6769=DIRECTION('ref_axis',(-1.,0.,0.));
#6770=DIRECTION('center_axis',(0.,0.,-1.));
#6771=DIRECTION('ref_axis',(-1.,0.,0.));
#6772=DIRECTION('',(-0.707106781186553,8.659560562355E-17,0.707106781186542));
#6773=DIRECTION('center_axis',(0.,0.,1.));
#6774=DIRECTION('ref_axis',(-1.,0.,0.));
#6775=DIRECTION('center_axis',(0.,0.,1.));
#6776=DIRECTION('ref_axis',(-1.,0.,0.));
#6777=DIRECTION('',(0.,0.,1.));
#6778=DIRECTION('center_axis',(0.,0.,-1.));
#6779=DIRECTION('ref_axis',(-1.,0.,0.));
#6780=DIRECTION('center_axis',(0.,0.,-1.));
#6781=DIRECTION('ref_axis',(-1.,0.,0.));
#6782=DIRECTION('',(-0.707106781186552,8.65956056235499E-17,0.707106781186543));
#6783=DIRECTION('center_axis',(0.,0.,1.));
#6784=DIRECTION('ref_axis',(-1.,0.,0.));
#6785=DIRECTION('center_axis',(0.,0.,1.));
#6786=DIRECTION('ref_axis',(-1.,0.,0.));
#6787=DIRECTION('center_axis',(0.,0.,-1.));
#6788=DIRECTION('ref_axis',(-1.,0.,0.));
#6789=DIRECTION('',(-0.707106781186553,8.659560562355E-17,0.707106781186542));
#6790=DIRECTION('center_axis',(0.,0.,1.));
#6791=DIRECTION('ref_axis',(-1.,0.,0.));
#6792=DIRECTION('center_axis',(0.,0.,1.));
#6793=DIRECTION('ref_axis',(-1.,0.,0.));
#6794=DIRECTION('',(0.,0.,1.));
#6795=DIRECTION('center_axis',(0.,0.,-1.));
#6796=DIRECTION('ref_axis',(-1.,0.,0.));
#6797=DIRECTION('center_axis',(0.,0.,-1.));
#6798=DIRECTION('ref_axis',(-1.,0.,0.));
#6799=DIRECTION('',(-0.707106781186552,8.65956056235499E-17,0.707106781186543));
#6800=DIRECTION('center_axis',(0.,0.,1.));
#6801=DIRECTION('ref_axis',(-1.,0.,0.));
#6802=DIRECTION('center_axis',(0.,0.,1.));
#6803=DIRECTION('ref_axis',(-1.,0.,0.));
#6804=DIRECTION('center_axis',(0.,0.,1.));
#6805=DIRECTION('ref_axis',(-0.318518518518408,-0.947916638402786,0.));
#6806=DIRECTION('',(0.160927750200992,0.688550839964088,0.707106781186544));
#6807=DIRECTION('center_axis',(0.,0.,1.));
#6808=DIRECTION('ref_axis',(-0.318518518518408,-0.947916638402786,0.));
#6809=DIRECTION('',(-0.160927750200992,0.688550839964088,-0.707106781186544));
#6810=DIRECTION('center_axis',(0.,0.,-1.));
#6811=DIRECTION('ref_axis',(-0.318518518518408,-0.947916638402786,0.));
#6812=DIRECTION('center_axis',(0.,0.707106781186549,0.707106781186546));
#6813=DIRECTION('ref_axis',(1.,0.,0.));
#6814=DIRECTION('',(0.,-0.707106781186546,0.707106781186549));
#6815=DIRECTION('',(1.,0.,0.));
#6816=DIRECTION('',(0.,0.707106781186546,-0.707106781186549));
#6817=DIRECTION('',(-1.,0.,0.));
#6818=DIRECTION('center_axis',(0.,0.,-1.));
#6819=DIRECTION('ref_axis',(-0.707106781186548,0.707106781186548,0.));
#6820=DIRECTION('center_axis',(0.,0.,1.));
#6821=DIRECTION('ref_axis',(-0.707106781186547,0.707106781186547,0.));
#6822=DIRECTION('',(0.707106781186547,0.,0.707106781186548));
#6823=DIRECTION('center_axis',(0.,0.,-1.));
#6824=DIRECTION('ref_axis',(-0.707106781186548,0.707106781186548,0.));
#6825=DIRECTION('center_axis',(-0.707106781186549,0.,0.707106781186546));
#6826=DIRECTION('ref_axis',(0.707106781186546,0.,0.707106781186549));
#6827=DIRECTION('',(0.707106781186546,-6.28036983473511E-15,0.707106781186549));
#6828=DIRECTION('',(0.,1.,0.));
#6829=DIRECTION('',(0.,-1.,0.));
#6830=DIRECTION('center_axis',(0.,0.,-1.));
#6831=DIRECTION('ref_axis',(-0.707106781186547,-0.707106781186548,0.));
#6832=DIRECTION('center_axis',(0.,0.,1.));
#6833=DIRECTION('ref_axis',(-0.707106781186547,-0.707106781186548,0.));
#6834=DIRECTION('',(0.,0.707106781186548,0.707106781186547));
#6835=DIRECTION('center_axis',(0.,0.,-1.));
#6836=DIRECTION('ref_axis',(-0.707106781186547,-0.707106781186548,0.));
#6837=DIRECTION('center_axis',(0.,-0.707106781186547,0.707106781186548));
#6838=DIRECTION('ref_axis',(1.,0.,0.));
#6839=DIRECTION('',(0.,0.707106781186548,0.707106781186547));
#6840=DIRECTION('',(-1.,0.,0.));
#6841=DIRECTION('',(1.,0.,0.));
#6842=DIRECTION('center_axis',(0.,0.,-1.));
#6843=DIRECTION('ref_axis',(0.707106781186548,-0.707106781186548,0.));
#6844=DIRECTION('center_axis',(0.,0.,1.));
#6845=DIRECTION('ref_axis',(0.707106781186547,-0.707106781186547,0.));
#6846=DIRECTION('',(-0.707106781186578,0.,0.707106781186517));
#6847=DIRECTION('center_axis',(0.,0.,-1.));
#6848=DIRECTION('ref_axis',(0.707106781186547,-0.707106781186547,0.));
#6849=DIRECTION('center_axis',(0.707106781186542,0.,0.707106781186553));
#6850=DIRECTION('ref_axis',(0.707106781186553,0.,-0.707106781186542));
#6851=DIRECTION('',(-0.707106781186553,0.,0.707106781186542));
#6852=DIRECTION('',(0.,-1.,0.));
#6853=DIRECTION('',(0.,1.,0.));
#6854=DIRECTION('center_axis',(0.707106781186542,0.,0.707106781186553));
#6855=DIRECTION('ref_axis',(0.707106781186553,0.,-0.707106781186542));
#6856=DIRECTION('',(-0.707106781186553,0.,0.707106781186542));
#6857=DIRECTION('',(0.,-1.,0.));
#6858=DIRECTION('',(0.707106781186553,0.,-0.707106781186542));
#6859=DIRECTION('',(0.,1.,0.));
#6860=DIRECTION('center_axis',(0.,0.,-1.));
#6861=DIRECTION('ref_axis',(0.707106781186548,0.707106781186548,0.));
#6862=DIRECTION('center_axis',(0.,0.,1.));
#6863=DIRECTION('ref_axis',(0.707106781186547,0.707106781186547,0.));
#6864=DIRECTION('center_axis',(0.,0.,-1.));
#6865=DIRECTION('ref_axis',(0.707106781186547,0.707106781186547,0.));
#6866=DIRECTION('center_axis',(0.,0.,-1.));
#6867=DIRECTION('ref_axis',(0.621455466265887,0.783449490042753,0.));
#6868=DIRECTION('center_axis',(0.,0.,1.));
#6869=DIRECTION('ref_axis',(0.621455466265887,0.783449490042753,0.));
#6870=DIRECTION('center_axis',(0.,0.,-1.));
#6871=DIRECTION('ref_axis',(0.621455466265889,-0.783449490042751,0.));
#6872=DIRECTION('center_axis',(0.,0.,1.));
#6873=DIRECTION('ref_axis',(0.621455466265889,-0.783449490042751,0.));
#6874=DIRECTION('center_axis',(0.,0.,1.));
#6875=DIRECTION('ref_axis',(-0.707106781186547,-0.707106781186548,0.));
#6876=DIRECTION('',(0.,0.,-1.));
#6877=DIRECTION('center_axis',(0.,0.,1.));
#6878=DIRECTION('ref_axis',(-0.707106781186547,-0.707106781186548,0.));
#6879=DIRECTION('',(0.,0.,1.));
#6880=DIRECTION('center_axis',(-1.,0.,0.));
#6881=DIRECTION('ref_axis',(0.,-1.,0.));
#6882=DIRECTION('',(0.,0.,1.));
#6883=DIRECTION('',(0.,1.,0.));
#6884=DIRECTION('center_axis',(0.,0.,1.));
#6885=DIRECTION('ref_axis',(-0.707106781186547,0.707106781186547,0.));
#6886=DIRECTION('',(0.,0.,-1.));
#6887=DIRECTION('center_axis',(0.,0.,1.));
#6888=DIRECTION('ref_axis',(-0.707106781186547,0.707106781186547,0.));
#6889=DIRECTION('center_axis',(0.,1.,0.));
#6890=DIRECTION('ref_axis',(-1.,0.,0.));
#6891=DIRECTION('',(0.,0.,1.));
#6892=DIRECTION('',(1.,0.,0.));
#6893=DIRECTION('center_axis',(0.,0.,1.));
#6894=DIRECTION('ref_axis',(0.707106781186547,0.707106781186547,0.));
#6895=DIRECTION('',(0.,0.,-1.));
#6896=DIRECTION('center_axis',(0.,0.,1.));
#6897=DIRECTION('ref_axis',(0.707106781186547,0.707106781186547,0.));
#6898=DIRECTION('center_axis',(1.,0.,0.));
#6899=DIRECTION('ref_axis',(0.,1.,0.));
#6900=DIRECTION('',(0.,0.,1.));
#6901=DIRECTION('',(0.,-1.,0.));
#6902=DIRECTION('center_axis',(0.,0.,1.));
#6903=DIRECTION('ref_axis',(-1.,0.,0.));
#6904=DIRECTION('',(-1.,0.,0.));
#6905=DIRECTION('center_axis',(0.,0.,1.));
#6906=DIRECTION('ref_axis',(0.707106781186531,0.707106781186564,0.));
#6907=DIRECTION('',(0.,1.,0.));
#6908=DIRECTION('center_axis',(0.,0.,1.));
#6909=DIRECTION('ref_axis',(0.70710678118656,-0.707106781186535,0.));
#6910=DIRECTION('',(1.,0.,0.));
#6911=DIRECTION('center_axis',(0.,0.,1.));
#6912=DIRECTION('ref_axis',(-0.707106781186527,-0.707106781186569,0.));
#6913=DIRECTION('',(0.,-1.,0.));
#6914=DIRECTION('center_axis',(0.,0.,1.));
#6915=DIRECTION('ref_axis',(-0.707106781186564,0.707106781186531,0.));
#6916=DIRECTION('center_axis',(0.,0.,1.));
#6917=DIRECTION('ref_axis',(-1.,0.,0.));
#6918=DIRECTION('',(-1.,0.,0.));
#6919=DIRECTION('center_axis',(0.,0.,1.));
#6920=DIRECTION('ref_axis',(0.707106781186552,0.707106781186543,0.));
#6921=DIRECTION('',(0.,1.,0.));
#6922=DIRECTION('center_axis',(0.,0.,1.));
#6923=DIRECTION('ref_axis',(0.707106781186548,-0.707106781186548,0.));
#6924=DIRECTION('',(1.,0.,0.));
#6925=DIRECTION('center_axis',(0.,0.,1.));
#6926=DIRECTION('ref_axis',(-0.707106781186546,-0.707106781186549,0.));
#6927=DIRECTION('',(0.,-1.,0.));
#6928=DIRECTION('center_axis',(0.,0.,1.));
#6929=DIRECTION('ref_axis',(-0.707106781186542,0.707106781186553,0.));
#6930=DIRECTION('',(-1.,0.,0.));
#6931=DIRECTION('center_axis',(0.,0.,1.));
#6932=DIRECTION('ref_axis',(0.707106781186552,0.707106781186543,0.));
#6933=DIRECTION('',(0.,1.,0.));
#6934=DIRECTION('center_axis',(0.,0.,1.));
#6935=DIRECTION('ref_axis',(0.707106781186552,-0.707106781186543,0.));
#6936=DIRECTION('',(1.,0.,0.));
#6937=DIRECTION('center_axis',(0.,0.,1.));
#6938=DIRECTION('ref_axis',(-0.707106781186551,-0.707106781186544,0.));
#6939=DIRECTION('',(0.,-1.,0.));
#6940=DIRECTION('center_axis',(0.,0.,1.));
#6941=DIRECTION('ref_axis',(-0.707106781186542,0.707106781186553,0.));
#6942=DIRECTION('',(-1.,5.06114572899745E-14,0.));
#6943=DIRECTION('center_axis',(0.,0.,1.));
#6944=DIRECTION('ref_axis',(0.707106781186564,0.707106781186531,0.));
#6945=DIRECTION('',(0.,1.,0.));
#6946=DIRECTION('',(-1.,0.,0.));
#6947=DIRECTION('center_axis',(0.,0.,1.));
#6948=DIRECTION('ref_axis',(0.707106781186527,0.707106781186569,0.));
#6949=DIRECTION('',(0.,1.,0.));
#6950=DIRECTION('',(-1.,0.,0.));
#6951=DIRECTION('center_axis',(0.,0.,1.));
#6952=DIRECTION('ref_axis',(0.707106781186527,0.707106781186569,0.));
#6953=DIRECTION('',(0.,1.,0.));
#6954=DIRECTION('center_axis',(0.,0.,1.));
#6955=DIRECTION('ref_axis',(0.707106781186561,-0.707106781186534,0.));
#6956=DIRECTION('',(1.,3.05478390266622E-16,0.));
#6957=DIRECTION('center_axis',(0.,0.,1.));
#6958=DIRECTION('ref_axis',(-0.707106781186544,-0.707106781186551,0.));
#6959=DIRECTION('',(0.,-1.,0.));
#6960=DIRECTION('',(1.,4.2632564145606E-13,0.));
#6961=DIRECTION('',(0.,1.,0.));
#6962=DIRECTION('center_axis',(0.,0.,1.));
#6963=DIRECTION('ref_axis',(0.707106781186544,-0.707106781186551,0.));
#6964=DIRECTION('',(1.,0.,0.));
#6965=DIRECTION('center_axis',(0.,0.,1.));
#6966=DIRECTION('ref_axis',(-0.707106781186554,-0.707106781186541,0.));
#6967=DIRECTION('',(-1.49490809341734E-14,-1.,0.));
#6968=DIRECTION('center_axis',(0.,0.,1.));
#6969=DIRECTION('ref_axis',(-0.707106781186516,0.707106781186579,0.));
#6970=DIRECTION('center_axis',(0.,0.,1.));
#6971=DIRECTION('ref_axis',(-1.,0.,0.));
#6972=DIRECTION('center_axis',(0.,0.,1.));
#6973=DIRECTION('ref_axis',(-1.,0.,0.));
#6974=DIRECTION('center_axis',(0.,-0.707106781186543,0.707106781186552));
#6975=DIRECTION('ref_axis',(1.,0.,0.));
#6976=DIRECTION('',(0.,0.707106781186552,0.707106781186543));
#6977=DIRECTION('',(0.,-0.707106781186552,-0.707106781186543));
#6978=DIRECTION('',(1.,0.,0.));
#6979=DIRECTION('center_axis',(0.,0.,1.));
#6980=DIRECTION('ref_axis',(0.707106781186531,0.707106781186564,0.));
#6981=DIRECTION('center_axis',(0.,0.,-1.));
#6982=DIRECTION('ref_axis',(0.707106781186531,0.707106781186564,0.));
#6983=DIRECTION('',(0.707106781186577,0.,0.707106781186518));
#6984=DIRECTION('center_axis',(-0.707106781186568,0.,0.707106781186527));
#6985=DIRECTION('ref_axis',(0.707106781186527,0.,0.707106781186568));
#6986=DIRECTION('',(0.707106781186527,0.,0.707106781186568));
#6987=DIRECTION('',(0.,-1.,0.));
#6988=DIRECTION('center_axis',(0.,0.,1.));
#6989=DIRECTION('ref_axis',(0.70710678118656,-0.707106781186535,0.));
#6990=DIRECTION('center_axis',(0.,0.,-1.));
#6991=DIRECTION('ref_axis',(0.70710678118656,-0.707106781186535,0.));
#6992=DIRECTION('',(0.,-0.707106781186565,0.70710678118653));
#6993=DIRECTION('center_axis',(0.,0.707106781186549,0.707106781186546));
#6994=DIRECTION('ref_axis',(1.,0.,0.));
#6995=DIRECTION('',(0.,-0.707106781186546,0.707106781186549));
#6996=DIRECTION('',(-1.,0.,0.));
#6997=DIRECTION('center_axis',(0.,0.,1.));
#6998=DIRECTION('ref_axis',(-0.707106781186527,-0.707106781186568,0.));
#6999=DIRECTION('center_axis',(0.,0.,-1.));
#7000=DIRECTION('ref_axis',(-0.707106781186527,-0.707106781186568,0.));
#7001=DIRECTION('',(-0.707106781186577,0.,0.707106781186518));
#7002=DIRECTION('center_axis',(0.707106781186568,0.,0.707106781186527));
#7003=DIRECTION('ref_axis',(0.707106781186527,0.,-0.707106781186568));
#7004=DIRECTION('',(-0.707106781186527,0.,0.707106781186568));
#7005=DIRECTION('',(0.,1.,0.));
#7006=DIRECTION('center_axis',(0.,0.,1.));
#7007=DIRECTION('ref_axis',(-0.707106781186564,0.707106781186531,0.));
#7008=DIRECTION('center_axis',(0.,0.,-1.));
#7009=DIRECTION('ref_axis',(-0.707106781186564,0.707106781186531,0.));
#7010=DIRECTION('center_axis',(0.,0.,1.));
#7011=DIRECTION('ref_axis',(0.70710678118656,-0.707106781186535,0.));
#7012=DIRECTION('',(0.,0.,-1.));
#7013=DIRECTION('',(0.,0.,1.));
#7014=DIRECTION('center_axis',(-1.,0.,0.));
#7015=DIRECTION('ref_axis',(0.,-1.,0.));
#7016=DIRECTION('',(0.,0.,1.));
#7017=DIRECTION('center_axis',(0.,0.,1.));
#7018=DIRECTION('ref_axis',(0.707106781186531,0.707106781186564,0.));
#7019=DIRECTION('',(0.,0.,-1.));
#7020=DIRECTION('center_axis',(0.,-1.,0.));
#7021=DIRECTION('ref_axis',(1.,0.,0.));
#7022=DIRECTION('',(0.,0.,1.));
#7023=DIRECTION('center_axis',(0.,0.,1.));
#7024=DIRECTION('ref_axis',(-1.,0.,0.));
#7025=DIRECTION('',(-0.707106781186547,-8.65956056235493E-17,-0.707106781186547));
#7026=DIRECTION('center_axis',(0.,0.,-1.));
#7027=DIRECTION('ref_axis',(-1.,0.,0.));
#7028=DIRECTION('center_axis',(0.,0.,1.));
#7029=DIRECTION('ref_axis',(-1.,0.,0.));
#7030=DIRECTION('',(0.,0.,-1.));
#7031=DIRECTION('center_axis',(0.,0.,-1.));
#7032=DIRECTION('ref_axis',(-1.,0.,0.));
#7033=DIRECTION('center_axis',(0.,0.,1.));
#7034=DIRECTION('ref_axis',(-1.,0.,0.));
#7035=DIRECTION('',(-0.707106781186547,-8.65956056235493E-17,-0.707106781186547));
#7036=DIRECTION('center_axis',(0.,0.,-1.));
#7037=DIRECTION('ref_axis',(-1.,0.,0.));
#7038=DIRECTION('center_axis',(0.,0.,1.));
#7039=DIRECTION('ref_axis',(-1.,0.,0.));
#7040=DIRECTION('',(0.,0.,-1.));
#7041=DIRECTION('center_axis',(0.,0.,-1.));
#7042=DIRECTION('ref_axis',(-1.,0.,0.));
#7043=DIRECTION('center_axis',(0.,0.,1.));
#7044=DIRECTION('ref_axis',(-1.,0.,0.));
#7045=DIRECTION('',(-0.707106781186547,-8.65956056235493E-17,-0.707106781186547));
#7046=DIRECTION('center_axis',(0.,0.,-1.));
#7047=DIRECTION('ref_axis',(-1.,0.,0.));
#7048=DIRECTION('center_axis',(0.,0.,1.));
#7049=DIRECTION('ref_axis',(-1.,0.,0.));
#7050=DIRECTION('',(0.,0.,-1.));
#7051=DIRECTION('center_axis',(0.,0.,-1.));
#7052=DIRECTION('ref_axis',(-1.,0.,0.));
#7053=DIRECTION('center_axis',(0.,-0.707106781186543,0.707106781186552));
#7054=DIRECTION('ref_axis',(1.,0.,0.));
#7055=DIRECTION('',(0.,0.707106781186552,0.707106781186543));
#7056=DIRECTION('',(6.28036983473505E-15,-0.707106781186552,-0.707106781186543));
#7057=DIRECTION('',(1.,0.,0.));
#7058=DIRECTION('center_axis',(0.,0.,1.));
#7059=DIRECTION('ref_axis',(0.707106781186552,0.707106781186543,0.));
#7060=DIRECTION('center_axis',(0.,0.,-1.));
#7061=DIRECTION('ref_axis',(0.707106781186552,0.707106781186543,0.));
#7062=DIRECTION('',(0.707106781186546,0.,0.707106781186549));
#7063=DIRECTION('center_axis',(-0.707106781186546,0.,0.707106781186549));
#7064=DIRECTION('ref_axis',(0.707106781186549,0.,0.707106781186546));
#7065=DIRECTION('',(0.707106781186549,0.,0.707106781186546));
#7066=DIRECTION('',(0.,-1.,0.));
#7067=DIRECTION('center_axis',(0.,0.,1.));
#7068=DIRECTION('ref_axis',(0.707106781186548,-0.707106781186548,0.));
#7069=DIRECTION('center_axis',(0.,0.,-1.));
#7070=DIRECTION('ref_axis',(0.707106781186548,-0.707106781186548,0.));
#7071=DIRECTION('',(0.,-0.70710678118654,0.707106781186555));
#7072=DIRECTION('center_axis',(0.,0.707106781186549,0.707106781186546));
#7073=DIRECTION('ref_axis',(1.,0.,0.));
#7074=DIRECTION('',(-6.28036983473511E-15,-0.707106781186546,0.707106781186549));
#7075=DIRECTION('',(-1.,0.,0.));
#7076=DIRECTION('center_axis',(0.,0.,1.));
#7077=DIRECTION('ref_axis',(-0.707106781186546,-0.707106781186549,0.));
#7078=DIRECTION('center_axis',(0.,0.,-1.));
#7079=DIRECTION('ref_axis',(-0.707106781186546,-0.707106781186549,0.));
#7080=DIRECTION('',(-0.707106781186547,0.,0.707106781186547));
#7081=DIRECTION('center_axis',(0.707106781186549,0.,0.707106781186546));
#7082=DIRECTION('ref_axis',(0.707106781186546,0.,-0.707106781186549));
#7083=DIRECTION('',(-0.707106781186546,0.,0.707106781186549));
#7084=DIRECTION('',(0.,1.,0.));
#7085=DIRECTION('center_axis',(0.,0.,1.));
#7086=DIRECTION('ref_axis',(-0.707106781186542,0.707106781186553,0.));
#7087=DIRECTION('center_axis',(0.,0.,-1.));
#7088=DIRECTION('ref_axis',(-0.707106781186542,0.707106781186553,0.));
#7089=DIRECTION('center_axis',(0.,0.,1.));
#7090=DIRECTION('ref_axis',(0.707106781186548,-0.707106781186548,0.));
#7091=DIRECTION('',(0.,0.,-1.));
#7092=DIRECTION('',(0.,0.,1.));
#7093=DIRECTION('center_axis',(-1.,0.,0.));
#7094=DIRECTION('ref_axis',(0.,-1.,0.));
#7095=DIRECTION('',(0.,0.,1.));
#7096=DIRECTION('center_axis',(0.,0.,1.));
#7097=DIRECTION('ref_axis',(0.707106781186552,0.707106781186543,0.));
#7098=DIRECTION('',(0.,0.,-1.));
#7099=DIRECTION('center_axis',(0.,-1.,0.));
#7100=DIRECTION('ref_axis',(1.,0.,0.));
#7101=DIRECTION('',(0.,0.,1.));
#7102=DIRECTION('center_axis',(-3.01457752067287E-13,0.707106781186552,
0.707106781186543));
#7103=DIRECTION('ref_axis',(1.,0.,4.26325641456065E-13));
#7104=DIRECTION('',(3.01457752067285E-13,-0.707106781186546,0.707106781186549));
#7105=DIRECTION('',(-3.01457752067287E-13,0.707106781186543,-0.707106781186552));
#7106=DIRECTION('',(-1.,-4.2632564145606E-13,0.));
#7107=DIRECTION('center_axis',(0.,-0.707106781186549,0.707106781186546));
#7108=DIRECTION('ref_axis',(1.,0.,0.));
#7109=DIRECTION('',(0.,0.707106781186546,0.707106781186549));
#7110=DIRECTION('',(0.,-0.707106781186546,-0.707106781186549));
#7111=DIRECTION('',(1.,0.,0.));
#7112=DIRECTION('center_axis',(0.,0.,1.));
#7113=DIRECTION('ref_axis',(0.707106781186527,0.707106781186568,0.));
#7114=DIRECTION('center_axis',(0.,0.,-1.));
#7115=DIRECTION('ref_axis',(0.707106781186527,0.707106781186568,0.));
#7116=DIRECTION('',(0.707106781186577,0.,0.707106781186518));
#7117=DIRECTION('center_axis',(-0.707106781186568,0.,0.707106781186527));
#7118=DIRECTION('ref_axis',(0.707106781186527,0.,0.707106781186568));
#7119=DIRECTION('',(0.707106781186527,0.,0.707106781186568));
#7120=DIRECTION('',(0.,-1.,0.));
#7121=DIRECTION('center_axis',(0.,0.,1.));
#7122=DIRECTION('ref_axis',(0.707106781186561,-0.707106781186534,0.));
#7123=DIRECTION('center_axis',(0.,0.,-1.));
#7124=DIRECTION('ref_axis',(0.707106781186561,-0.707106781186534,0.));
#7125=DIRECTION('',(0.,-0.707106781186569,0.707106781186525));
#7126=DIRECTION('center_axis',(-2.16005841263479E-16,0.707106781186546,
0.707106781186549));
#7127=DIRECTION('ref_axis',(1.,0.,3.05478390266621E-16));
#7128=DIRECTION('',(0.,-0.70710678118655,0.707106781186545));
#7129=DIRECTION('',(-1.,-3.05478390266622E-16,0.));
#7130=DIRECTION('center_axis',(0.,0.,1.));
#7131=DIRECTION('ref_axis',(-0.707106781186544,-0.707106781186551,0.));
#7132=DIRECTION('center_axis',(0.,0.,-1.));
#7133=DIRECTION('ref_axis',(-0.707106781186544,-0.707106781186551,0.));
#7134=DIRECTION('',(-0.707106781186577,0.,0.707106781186518));
#7135=DIRECTION('center_axis',(0.707106781186543,0.,0.707106781186552));
#7136=DIRECTION('ref_axis',(0.707106781186552,0.,-0.707106781186543));
#7137=DIRECTION('',(-0.707106781186552,0.,0.707106781186543));
#7138=DIRECTION('',(0.,1.,0.));
#7139=DIRECTION('center_axis',(0.,-0.707106781186549,0.707106781186546));
#7140=DIRECTION('ref_axis',(1.,0.,0.));
#7141=DIRECTION('',(0.,0.707106781186546,0.707106781186549));
#7142=DIRECTION('',(0.,-0.707106781186546,-0.707106781186549));
#7143=DIRECTION('',(1.,0.,0.));
#7144=DIRECTION('center_axis',(0.,0.,1.));
#7145=DIRECTION('ref_axis',(0.707106781186527,0.707106781186568,0.));
#7146=DIRECTION('center_axis',(0.,0.,-1.));
#7147=DIRECTION('ref_axis',(0.707106781186527,0.707106781186568,0.));
#7148=DIRECTION('',(0.707106781186577,0.,0.707106781186518));
#7149=DIRECTION('center_axis',(-0.707106781186568,0.,0.707106781186527));
#7150=DIRECTION('ref_axis',(0.707106781186527,0.,0.707106781186568));
#7151=DIRECTION('',(0.707106781186527,0.,0.707106781186568));
#7152=DIRECTION('',(0.,-1.,0.));
#7153=DIRECTION('center_axis',(-3.57877046554741E-14,-0.707106781186543,
0.707106781186552));
#7154=DIRECTION('ref_axis',(1.,0.,5.06114572899739E-14));
#7155=DIRECTION('',(0.,0.707106781186565,0.70710678118653));
#7156=DIRECTION('',(-2.51214793389402E-14,-0.707106781186552,-0.707106781186543));
#7157=DIRECTION('',(1.,-5.06114572899745E-14,0.));
#7158=DIRECTION('center_axis',(0.,0.,1.));
#7159=DIRECTION('ref_axis',(0.707106781186564,0.707106781186531,0.));
#7160=DIRECTION('center_axis',(0.,0.,-1.));
#7161=DIRECTION('ref_axis',(0.707106781186564,0.707106781186531,0.));
#7162=DIRECTION('',(0.707106781186577,0.,0.707106781186518));
#7163=DIRECTION('center_axis',(-0.707106781186568,0.,0.707106781186527));
#7164=DIRECTION('ref_axis',(0.707106781186527,0.,0.707106781186568));
#7165=DIRECTION('',(0.707106781186527,0.,0.707106781186568));
#7166=DIRECTION('',(0.,-1.,0.));
#7167=DIRECTION('center_axis',(-0.707106781186543,0.,0.707106781186552));
#7168=DIRECTION('ref_axis',(0.707106781186552,0.,0.707106781186543));
#7169=DIRECTION('',(0.707106781186552,0.,0.707106781186543));
#7170=DIRECTION('',(-0.707106781186552,0.,-0.707106781186543));
#7171=DIRECTION('',(0.,-1.,0.));
#7172=DIRECTION('center_axis',(0.,0.,1.));
#7173=DIRECTION('ref_axis',(0.707106781186544,-0.707106781186551,0.));
#7174=DIRECTION('center_axis',(0.,0.,-1.));
#7175=DIRECTION('ref_axis',(0.707106781186544,-0.707106781186551,0.));
#7176=DIRECTION('',(0.,-0.707106781186558,0.707106781186537));
#7177=DIRECTION('center_axis',(0.,0.707106781186546,0.707106781186549));
#7178=DIRECTION('ref_axis',(1.,0.,0.));
#7179=DIRECTION('',(-2.51214793389403E-14,-0.707106781186549,0.707106781186546));
#7180=DIRECTION('',(-1.,0.,0.));
#7181=DIRECTION('center_axis',(0.,0.,1.));
#7182=DIRECTION('ref_axis',(-0.707106781186554,-0.707106781186541,0.));
#7183=DIRECTION('center_axis',(0.,0.,-1.));
#7184=DIRECTION('ref_axis',(-0.707106781186554,-0.707106781186541,0.));
#7185=DIRECTION('',(-0.707106781186549,9.42055475210262E-15,0.707106781186546));
#7186=DIRECTION('center_axis',(0.707106781186546,-1.05705965010605E-14,
0.707106781186549));
#7187=DIRECTION('ref_axis',(0.707106781186549,0.,-0.707106781186546));
#7188=DIRECTION('',(-0.707106781186549,0.,0.707106781186546));
#7189=DIRECTION('',(1.49490809341734E-14,1.,0.));
#7190=DIRECTION('center_axis',(0.,0.,1.));
#7191=DIRECTION('ref_axis',(-0.707106781186516,0.707106781186579,0.));
#7192=DIRECTION('center_axis',(0.,0.,-1.));
#7193=DIRECTION('ref_axis',(-0.707106781186516,0.707106781186579,0.));
#7194=DIRECTION('center_axis',(0.,0.,-1.));
#7195=DIRECTION('ref_axis',(-0.707106781186556,-0.707106781186539,0.));
#7196=DIRECTION('center_axis',(0.,0.,1.));
#7197=DIRECTION('ref_axis',(-0.707106781186556,-0.707106781186539,0.));
#7198=DIRECTION('center_axis',(0.,0.,-1.));
#7199=DIRECTION('ref_axis',(-0.707106781186556,-0.707106781186539,0.));
#7200=DIRECTION('center_axis',(0.,0.,1.));
#7201=DIRECTION('ref_axis',(-0.707106781186556,-0.707106781186539,0.));
#7202=DIRECTION('center_axis',(0.,0.,-1.));
#7203=DIRECTION('ref_axis',(0.707106781186432,0.707106781186663,0.));
#7204=DIRECTION('center_axis',(0.,0.,1.));
#7205=DIRECTION('ref_axis',(0.707106781186432,0.707106781186663,0.));
#7206=DIRECTION('center_axis',(0.,0.,-1.));
#7207=DIRECTION('ref_axis',(-0.707106781186667,0.707106781186428,0.));
#7208=DIRECTION('center_axis',(0.,0.,1.));
#7209=DIRECTION('ref_axis',(-0.707106781186667,0.707106781186428,0.));
#7210=DIRECTION('center_axis',(0.,0.,1.));
#7211=DIRECTION('ref_axis',(0.707106781186527,0.707106781186568,0.));
#7212=DIRECTION('',(0.,0.,-1.));
#7213=DIRECTION('',(0.,0.,1.));
#7214=DIRECTION('center_axis',(0.,-1.,0.));
#7215=DIRECTION('ref_axis',(1.,0.,0.));
#7216=DIRECTION('',(0.,0.,1.));
#7217=DIRECTION('center_axis',(0.,0.,1.));
#7218=DIRECTION('ref_axis',(-0.707106781186535,-0.70710678118656,0.));
#7219=DIRECTION('',(0.,0.,-1.));
#7220=DIRECTION('center_axis',(-1.,0.,0.));
#7221=DIRECTION('ref_axis',(0.,-1.,0.));
#7222=DIRECTION('',(0.,0.,1.));
#7223=DIRECTION('center_axis',(0.,0.,1.));
#7224=DIRECTION('ref_axis',(0.707106781186564,0.707106781186531,0.));
#7225=DIRECTION('',(0.,0.,-1.));
#7226=DIRECTION('center_axis',(-5.06114572899745E-14,-1.,0.));
#7227=DIRECTION('ref_axis',(1.,-5.06114572899745E-14,0.));
#7228=DIRECTION('',(0.,0.,1.));
#7229=DIRECTION('center_axis',(0.,0.,1.));
#7230=DIRECTION('ref_axis',(-0.707106781186516,0.707106781186579,0.));
#7231=DIRECTION('',(0.,0.,-1.));
#7232=DIRECTION('center_axis',(1.,-1.49490809341734E-14,0.));
#7233=DIRECTION('ref_axis',(1.49490809341734E-14,1.,0.));
#7234=DIRECTION('',(0.,0.,1.));
#7235=DIRECTION('center_axis',(0.,0.,1.));
#7236=DIRECTION('ref_axis',(-0.707106781186554,-0.707106781186541,0.));
#7237=DIRECTION('',(0.,0.,-1.));
#7238=DIRECTION('center_axis',(0.,1.,0.));
#7239=DIRECTION('ref_axis',(-1.,0.,0.));
#7240=DIRECTION('',(0.,0.,1.));
#7241=DIRECTION('center_axis',(0.,0.,1.));
#7242=DIRECTION('ref_axis',(0.707106781186544,-0.707106781186551,0.));
#7243=DIRECTION('',(0.,0.,-1.));
#7244=DIRECTION('center_axis',(-1.,0.,0.));
#7245=DIRECTION('ref_axis',(0.,-1.,0.));
#7246=DIRECTION('',(0.,0.,1.));
#7247=DIRECTION('center_axis',(0.,-0.707106781186543,0.707106781186552));
#7248=DIRECTION('ref_axis',(1.,0.,0.));
#7249=DIRECTION('',(0.,0.707106781186552,0.707106781186543));
#7250=DIRECTION('',(6.28036983473505E-15,-0.707106781186552,-0.707106781186543));
#7251=DIRECTION('',(1.,0.,0.));
#7252=DIRECTION('center_axis',(0.,0.,1.));
#7253=DIRECTION('ref_axis',(0.707106781186552,0.707106781186543,0.));
#7254=DIRECTION('center_axis',(0.,0.,-1.));
#7255=DIRECTION('ref_axis',(0.707106781186552,0.707106781186543,0.));
#7256=DIRECTION('',(0.707106781186546,0.,0.707106781186549));
#7257=DIRECTION('center_axis',(-0.707106781186546,0.,0.707106781186549));
#7258=DIRECTION('ref_axis',(0.707106781186549,0.,0.707106781186546));
#7259=DIRECTION('',(0.707106781186549,0.,0.707106781186546));
#7260=DIRECTION('',(0.,-1.,0.));
#7261=DIRECTION('center_axis',(0.,0.,1.));
#7262=DIRECTION('ref_axis',(0.707106781186552,-0.707106781186543,0.));
#7263=DIRECTION('center_axis',(0.,0.,-1.));
#7264=DIRECTION('ref_axis',(0.707106781186552,-0.707106781186543,0.));
#7265=DIRECTION('',(0.,-0.707106781186552,0.707106781186543));
#7266=DIRECTION('center_axis',(0.,0.707106781186543,0.707106781186552));
#7267=DIRECTION('ref_axis',(1.,0.,0.));
#7268=DIRECTION('',(-6.28036983473505E-15,-0.707106781186552,0.707106781186543));
#7269=DIRECTION('',(-1.,0.,0.));
#7270=DIRECTION('center_axis',(0.,0.,1.));
#7271=DIRECTION('ref_axis',(-0.707106781186551,-0.707106781186544,0.));
#7272=DIRECTION('center_axis',(0.,0.,-1.));
#7273=DIRECTION('ref_axis',(-0.707106781186551,-0.707106781186544,0.));
#7274=DIRECTION('',(-0.707106781186546,0.,0.707106781186549));
#7275=DIRECTION('center_axis',(0.707106781186549,0.,0.707106781186546));
#7276=DIRECTION('ref_axis',(0.707106781186546,0.,-0.707106781186549));
#7277=DIRECTION('',(-0.707106781186546,0.,0.707106781186549));
#7278=DIRECTION('',(0.,1.,0.));
#7279=DIRECTION('center_axis',(0.,0.,1.));
#7280=DIRECTION('ref_axis',(-0.707106781186542,0.707106781186553,0.));
#7281=DIRECTION('center_axis',(0.,0.,-1.));
#7282=DIRECTION('ref_axis',(-0.707106781186542,0.707106781186553,0.));
#7283=DIRECTION('center_axis',(0.,0.,1.));
#7284=DIRECTION('ref_axis',(0.707106781186552,-0.707106781186543,0.));
#7285=DIRECTION('',(0.,0.,-1.));
#7286=DIRECTION('',(0.,0.,1.));
#7287=DIRECTION('center_axis',(-1.,0.,0.));
#7288=DIRECTION('ref_axis',(0.,-1.,0.));
#7289=DIRECTION('',(0.,0.,1.));
#7290=DIRECTION('center_axis',(0.,0.,1.));
#7291=DIRECTION('ref_axis',(0.707106781186552,0.707106781186543,0.));
#7292=DIRECTION('',(0.,0.,-1.));
#7293=DIRECTION('center_axis',(0.,-1.,0.));
#7294=DIRECTION('ref_axis',(1.,0.,0.));
#7295=DIRECTION('',(0.,0.,1.));
#7296=DIRECTION('center_axis',(0.,0.,1.));
#7297=DIRECTION('ref_axis',(0.621455466265889,0.783449490042751,0.));
#7298=DIRECTION('',(0.,0.,-1.));
#7299=DIRECTION('center_axis',(0.,0.,1.));
#7300=DIRECTION('ref_axis',(0.621455466265889,0.783449490042751,0.));
#7301=DIRECTION('',(0.,0.,1.));
#7302=DIRECTION('center_axis',(0.,0.,1.));
#7303=DIRECTION('ref_axis',(-1.,1.2335811384724E-16,0.));
#7304=DIRECTION('center_axis',(0.,0.,1.));
#7305=DIRECTION('ref_axis',(0.318518518518408,0.947916638402786,0.));
#7306=DIRECTION('',(0.,0.,-1.));
#7307=DIRECTION('center_axis',(0.,0.,1.));
#7308=DIRECTION('ref_axis',(0.621455466265889,-0.783449490042751,0.));
#7309=DIRECTION('center_axis',(0.,0.,1.));
#7310=DIRECTION('ref_axis',(0.621455466265889,-0.783449490042751,0.));
#7311=DIRECTION('center_axis',(0.,-1.,0.));
#7312=DIRECTION('ref_axis',(1.,0.,0.));
#7313=DIRECTION('',(-1.,0.,0.));
#7314=DIRECTION('',(0.,0.,-1.));
#7315=DIRECTION('center_axis',(0.,0.,1.));
#7316=DIRECTION('ref_axis',(-1.,0.,0.));
#7317=DIRECTION('',(0.,-1.,0.));
#7318=DIRECTION('center_axis',(0.,0.,1.));
#7319=DIRECTION('ref_axis',(0.707106781186547,-0.707106781186547,0.));
#7320=DIRECTION('',(-1.,-1.36102555115684E-15,0.));
#7321=DIRECTION('center_axis',(0.,0.,1.));
#7322=DIRECTION('ref_axis',(-4.73695157173332E-14,1.,0.));
#7323=DIRECTION('',(-0.707106781186543,-0.707106781186552,0.));
#7324=DIRECTION('center_axis',(0.,0.,-1.));
#7325=DIRECTION('ref_axis',(1.42108547151917E-13,-1.,0.));
#7326=DIRECTION('',(-1.,-8.37052394674665E-16,0.));
#7327=DIRECTION('center_axis',(0.,0.,-1.));
#7328=DIRECTION('ref_axis',(-0.707106781186494,-0.707106781186601,0.));
#7329=DIRECTION('',(-0.707106781186539,0.707106781186556,0.));
#7330=DIRECTION('center_axis',(0.,0.,1.));
#7331=DIRECTION('ref_axis',(0.707106781186518,0.707106781186577,0.));
#7332=DIRECTION('',(-1.,8.84718694392762E-16,0.));
#7333=DIRECTION('center_axis',(0.,0.,-1.));
#7334=DIRECTION('ref_axis',(-0.91651513899118,-0.399999999999973,0.));
#7335=DIRECTION('center_axis',(0.,0.,1.));
#7336=DIRECTION('ref_axis',(0.916515138991171,0.399999999999992,0.));
#7337=DIRECTION('center_axis',(0.,0.,-1.));
#7338=DIRECTION('ref_axis',(4.73695157173349E-14,-1.,0.));
#7339=DIRECTION('',(-1.,0.,0.));
#7340=DIRECTION('center_axis',(0.,0.,1.));
#7341=DIRECTION('ref_axis',(9.47390314346832E-14,1.,0.));
#7342=DIRECTION('',(-0.707106781186552,-0.707106781186543,0.));
#7343=DIRECTION('center_axis',(0.,0.,-1.));
#7344=DIRECTION('ref_axis',(1.42108547152008E-13,-1.,0.));
#7345=DIRECTION('',(-1.,0.,0.));
#7346=DIRECTION('center_axis',(0.,0.,-1.));
#7347=DIRECTION('ref_axis',(-0.707106781186583,-0.707106781186512,0.));
#7348=DIRECTION('',(-0.707106781186525,0.70710678118657,0.));
#7349=DIRECTION('center_axis',(0.,0.,1.));
#7350=DIRECTION('ref_axis',(0.70710678118653,0.707106781186565,0.));
#7351=DIRECTION('',(-1.,0.,0.));
#7352=DIRECTION('center_axis',(0.,0.,-1.));
#7353=DIRECTION('ref_axis',(-0.916515138991167,-0.400000000000003,0.));
#7354=DIRECTION('center_axis',(0.,0.,1.));
#7355=DIRECTION('ref_axis',(0.916515138991163,0.40000000000001,0.));
#7356=DIRECTION('center_axis',(0.,0.,-1.));
#7357=DIRECTION('ref_axis',(-4.73695157173421E-14,-1.,0.));
#7358=DIRECTION('',(-1.,-8.84718694393399E-16,0.));
#7359=DIRECTION('center_axis',(0.,0.,1.));
#7360=DIRECTION('ref_axis',(7.10542735760233E-14,1.,0.));
#7361=DIRECTION('',(-0.707106781186556,-0.707106781186539,0.));
#7362=DIRECTION('center_axis',(0.,0.,-1.));
#7363=DIRECTION('ref_axis',(1.06581410363976E-13,-1.,0.));
#7364=DIRECTION('',(-1.,0.,0.));
#7365=DIRECTION('center_axis',(0.,0.,-1.));
#7366=DIRECTION('ref_axis',(-0.707106781186548,-0.707106781186548,0.));
#7367=DIRECTION('',(-0.70710678118655,0.707106781186545,0.));
#7368=DIRECTION('center_axis',(0.,0.,1.));
#7369=DIRECTION('ref_axis',(0.7071067811865,0.707106781186595,0.));
#7370=DIRECTION('',(-1.,0.,0.));
#7371=DIRECTION('center_axis',(0.,0.,-1.));
#7372=DIRECTION('ref_axis',(-0.916515138991178,-0.399999999999976,0.));
#7373=DIRECTION('center_axis',(0.,0.,1.));
#7374=DIRECTION('ref_axis',(0.916515138991166,0.400000000000005,0.));
#7375=DIRECTION('center_axis',(0.,0.,-1.));
#7376=DIRECTION('ref_axis',(-1.77635683940035E-14,-1.,0.));
#7377=DIRECTION('',(-1.,0.,0.));
#7378=DIRECTION('center_axis',(0.,0.,1.));
#7379=DIRECTION('ref_axis',(3.55271367880053E-15,1.,0.));
#7380=DIRECTION('',(-2.82859369331259E-16,-1.,0.));
#7381=DIRECTION('center_axis',(0.,0.,1.));
#7382=DIRECTION('ref_axis',(-1.,-2.66453525910038E-15,0.));
#7383=DIRECTION('',(1.,-2.20155965326265E-16,0.));
#7384=DIRECTION('center_axis',(0.,0.,-1.));
#7385=DIRECTION('ref_axis',(0.707106781186549,0.707106781186546,0.));
#7386=DIRECTION('',(0.707106781186547,-0.707106781186548,0.));
#7387=DIRECTION('center_axis',(0.,0.,1.));
#7388=DIRECTION('ref_axis',(-0.707106781186552,-0.707106781186543,0.));
#7389=DIRECTION('',(1.,-7.36416751439979E-16,0.));
#7390=DIRECTION('center_axis',(0.,0.,-1.));
#7391=DIRECTION('ref_axis',(0.91651513899117,0.399999999999994,0.));
#7392=DIRECTION('center_axis',(0.,0.,1.));
#7393=DIRECTION('ref_axis',(-0.916515138991169,-0.399999999999999,0.));
#7394=DIRECTION('center_axis',(0.,0.,-1.));
#7395=DIRECTION('ref_axis',(0.,1.,0.));
#7396=DIRECTION('',(1.,-4.20809572251271E-16,0.));
#7397=DIRECTION('center_axis',(0.,0.,1.));
#7398=DIRECTION('ref_axis',(1.18423789293347E-14,-1.,0.));
#7399=DIRECTION('',(0.707106781186544,0.707106781186551,0.));
#7400=DIRECTION('center_axis',(0.,0.,-1.));
#7401=DIRECTION('ref_axis',(1.77635683940043E-14,1.,0.));
#7402=DIRECTION('',(1.,-4.98544654600656E-16,0.));
#7403=DIRECTION('center_axis',(0.,0.,-1.));
#7404=DIRECTION('ref_axis',(0.70710678118657,0.707106781186525,0.));
#7405=DIRECTION('',(0.707106781186548,-0.707106781186547,0.));
#7406=DIRECTION('center_axis',(0.,0.,1.));
#7407=DIRECTION('ref_axis',(-0.707106781186534,-0.707106781186561,0.));
#7408=DIRECTION('',(1.,-1.46014510125808E-16,0.));
#7409=DIRECTION('center_axis',(0.,0.,-1.));
#7410=DIRECTION('ref_axis',(0.916515138991168,0.4,0.));
#7411=DIRECTION('center_axis',(0.,0.,1.));
#7412=DIRECTION('ref_axis',(-0.916515138991167,-0.400000000000002,0.));
#7413=DIRECTION('center_axis',(0.,0.,-1.));
#7414=DIRECTION('ref_axis',(3.55271367880045E-14,1.,0.));
#7415=DIRECTION('',(1.,1.83429595760359E-16,0.));
#7416=DIRECTION('center_axis',(0.,0.,1.));
#7417=DIRECTION('ref_axis',(1.1842378929336E-14,-1.,0.));
#7418=DIRECTION('',(0.707106781186563,0.707106781186532,0.));
#7419=DIRECTION('center_axis',(0.,0.,-1.));
#7420=DIRECTION('ref_axis',(-7.10542735760049E-14,1.,0.));
#7421=DIRECTION('',(1.,-1.87153335762006E-17,0.));
#7422=DIRECTION('center_axis',(0.,0.,-1.));
#7423=DIRECTION('ref_axis',(0.707106781186588,0.707106781186508,0.));
#7424=DIRECTION('',(0.707106781186569,-0.707106781186526,0.));
#7425=DIRECTION('center_axis',(0.,0.,1.));
#7426=DIRECTION('ref_axis',(-0.707106781186509,-0.707106781186586,0.));
#7427=DIRECTION('',(1.,-7.79575781981522E-16,0.));
#7428=DIRECTION('center_axis',(0.,0.,-1.));
#7429=DIRECTION('ref_axis',(0.91651513899117,0.399999999999994,0.));
#7430=DIRECTION('center_axis',(0.,0.,1.));
#7431=DIRECTION('ref_axis',(-0.916515138991169,-0.399999999999997,0.));
#7432=DIRECTION('center_axis',(0.,0.,-1.));
#7433=DIRECTION('ref_axis',(-2.36847578586703E-14,1.,0.));
#7434=DIRECTION('',(1.,1.31413059113227E-15,0.));
#7435=DIRECTION('center_axis',(0.,0.,1.));
#7436=DIRECTION('ref_axis',(2.36847578586698E-14,-1.,0.));
#7437=DIRECTION('',(0.70710678118655,0.707106781186545,0.));
#7438=DIRECTION('center_axis',(0.,0.,-1.));
#7439=DIRECTION('ref_axis',(-7.10542735760142E-14,1.,0.));
#7440=DIRECTION('',(1.,-1.21274522219569E-16,0.));
#7441=DIRECTION('center_axis',(0.,0.,-1.));
#7442=DIRECTION('ref_axis',(0.707106781186489,0.707106781186606,0.));
#7443=DIRECTION('',(0.70710678118652,-0.707106781186575,0.));
#7444=DIRECTION('center_axis',(0.,0.,1.));
#7445=DIRECTION('ref_axis',(-0.707106781186565,-0.70710678118653,0.));
#7446=DIRECTION('',(1.,7.36416751439712E-16,0.));
#7447=DIRECTION('center_axis',(0.,0.,-1.));
#7448=DIRECTION('ref_axis',(0.916515138991182,0.399999999999967,0.));
#7449=DIRECTION('center_axis',(0.,0.,1.));
#7450=DIRECTION('ref_axis',(-0.916515138991168,-0.400000000000001,0.));
#7451=DIRECTION('center_axis',(0.,0.,-1.));
#7452=DIRECTION('ref_axis',(-4.73695157173399E-14,1.,0.));
#7453=DIRECTION('',(1.,-1.47283350287995E-15,0.));
#7454=DIRECTION('center_axis',(0.,0.,1.));
#7455=DIRECTION('ref_axis',(9.47390314346435E-14,-1.,0.));
#7456=DIRECTION('',(0.707106781186529,0.707106781186566,0.));
#7457=DIRECTION('center_axis',(0.,0.,-1.));
#7458=DIRECTION('ref_axis',(1.42108547152087E-13,1.,0.));
#7459=DIRECTION('',(1.,2.8620275492414E-15,0.));
#7460=DIRECTION('center_axis',(0.,0.,1.));
#7461=DIRECTION('ref_axis',(0.,-1.,0.));
#7462=DIRECTION('',(-3.45231394633981E-15,1.,0.));
#7463=DIRECTION('center_axis',(0.,0.,1.));
#7464=DIRECTION('ref_axis',(1.,8.88178419700134E-15,0.));
#7465=DIRECTION('center_axis',(0.,0.,-1.));
#7466=DIRECTION('ref_axis',(0.027941176470494,0.999609569110583,0.));
#7467=DIRECTION('center_axis',(0.,0.,1.));
#7468=DIRECTION('ref_axis',(-0.0279411764705623,-0.999609569110581,0.));
#7469=DIRECTION('',(-1.79286747587824E-15,1.,0.));
#7470=DIRECTION('center_axis',(0.,0.,1.));
#7471=DIRECTION('ref_axis',(1.,2.13162820728024E-14,0.));
#7472=DIRECTION('',(-1.,-1.09518083044112E-15,0.));
#7473=DIRECTION('center_axis',(0.,0.,-1.));
#7474=DIRECTION('ref_axis',(-0.968245836552757,0.249999999996503,0.));
#7475=DIRECTION('center_axis',(0.,0.,1.));
#7476=DIRECTION('ref_axis',(0.968245836552791,-0.24999999999637,0.));
#7477=DIRECTION('center_axis',(0.,0.,-1.));
#7478=DIRECTION('ref_axis',(-2.36847578586728E-14,-1.,0.));
#7479=DIRECTION('center_axis',(0.,0.,1.));
#7480=DIRECTION('ref_axis',(0.707106781186547,-0.707106781186547,0.));
#7481=DIRECTION('',(0.,0.,1.));
#7482=DIRECTION('center_axis',(0.,0.,-1.));
#7483=DIRECTION('ref_axis',(-0.707106781186679,0.707106781186416,0.));
#7484=DIRECTION('',(0.,0.,-1.));
#7485=DIRECTION('center_axis',(4.2632564145606E-13,-1.,0.));
#7486=DIRECTION('ref_axis',(0.,0.,-1.));
#7487=DIRECTION('',(0.,0.,1.));
#7488=DIRECTION('center_axis',(0.,0.,1.));
#7489=DIRECTION('ref_axis',(0.707106781186428,0.707106781186667,0.));
#7490=DIRECTION('',(0.,0.,-1.));
#7491=DIRECTION('center_axis',(0.,0.,1.));
#7492=DIRECTION('ref_axis',(-0.707106781186529,-0.707106781186566,0.));
#7493=DIRECTION('',(0.,0.,-1.));
#7494=DIRECTION('',(0.,0.,1.));
#7495=DIRECTION('center_axis',(0.,-1.,0.));
#7496=DIRECTION('ref_axis',(1.,0.,0.));
#7497=DIRECTION('',(0.,0.,-1.));
#7498=DIRECTION('center_axis',(0.,1.,0.));
#7499=DIRECTION('ref_axis',(-1.,0.,0.));
#7500=DIRECTION('',(0.,0.,-1.));
#7501=DIRECTION('center_axis',(0.,0.,1.));
#7502=DIRECTION('ref_axis',(-0.707106781186527,-0.707106781186568,0.));
#7503=DIRECTION('',(0.,0.,1.));
#7504=DIRECTION('center_axis',(1.,0.,0.));
#7505=DIRECTION('ref_axis',(0.,1.,0.));
#7506=DIRECTION('',(0.,0.,-1.));
#7507=DIRECTION('center_axis',(0.,0.,1.));
#7508=DIRECTION('ref_axis',(-0.707106781186564,0.707106781186531,0.));
#7509=DIRECTION('center_axis',(0.,0.,1.));
#7510=DIRECTION('ref_axis',(0.707106781186561,-0.707106781186534,0.));
#7511=DIRECTION('',(0.,0.,-1.));
#7512=DIRECTION('',(0.,0.,1.));
#7513=DIRECTION('center_axis',(-3.05478390266622E-16,1.,0.));
#7514=DIRECTION('ref_axis',(-1.,-3.05478390266622E-16,0.));
#7515=DIRECTION('',(0.,0.,-1.));
#7516=DIRECTION('center_axis',(0.,0.,1.));
#7517=DIRECTION('ref_axis',(-0.707106781186544,-0.707106781186551,0.));
#7518=DIRECTION('',(0.,0.,1.));
#7519=DIRECTION('center_axis',(1.,0.,0.));
#7520=DIRECTION('ref_axis',(0.,1.,0.));
#7521=DIRECTION('center_axis',(0.,0.,1.));
#7522=DIRECTION('ref_axis',(0.707106781186527,0.707106781186568,0.));
#7523=DIRECTION('',(0.,0.,1.));
#7524=DIRECTION('center_axis',(-1.,0.,0.));
#7525=DIRECTION('ref_axis',(0.,-1.,0.));
#7526=DIRECTION('center_axis',(-1.,0.,0.));
#7527=DIRECTION('ref_axis',(0.,-1.,0.));
#7528=DIRECTION('center_axis',(0.,0.,1.));
#7529=DIRECTION('ref_axis',(-0.707106781186546,-0.707106781186549,0.));
#7530=DIRECTION('',(0.,0.,-1.));
#7531=DIRECTION('',(0.,0.,1.));
#7532=DIRECTION('center_axis',(1.,0.,0.));
#7533=DIRECTION('ref_axis',(0.,1.,0.));
#7534=DIRECTION('',(0.,0.,-1.));
#7535=DIRECTION('center_axis',(0.,1.,0.));
#7536=DIRECTION('ref_axis',(-1.,0.,0.));
#7537=DIRECTION('center_axis',(0.,0.,1.));
#7538=DIRECTION('ref_axis',(-0.707106781186542,0.707106781186553,0.));
#7539=DIRECTION('center_axis',(0.,1.,0.));
#7540=DIRECTION('ref_axis',(-1.,0.,0.));
#7541=DIRECTION('',(0.,0.,-1.));
#7542=DIRECTION('center_axis',(0.,0.,1.));
#7543=DIRECTION('ref_axis',(-0.707106781186551,-0.707106781186544,0.));
#7544=DIRECTION('',(0.,0.,1.));
#7545=DIRECTION('center_axis',(1.,0.,0.));
#7546=DIRECTION('ref_axis',(0.,1.,0.));
#7547=DIRECTION('',(0.,0.,-1.));
#7548=DIRECTION('center_axis',(0.,0.,1.));
#7549=DIRECTION('ref_axis',(-0.707106781186542,0.707106781186553,0.));
#7550=DIRECTION('center_axis',(0.,0.,-1.));
#7551=DIRECTION('ref_axis',(-2.36847578586728E-14,-1.,0.));
#7552=DIRECTION('',(0.,0.,-1.));
#7553=DIRECTION('',(0.,0.,-1.));
#7554=DIRECTION('center_axis',(0.,0.,-1.));
#7555=DIRECTION('ref_axis',(0.968245836552791,-0.24999999999637,0.));
#7556=DIRECTION('',(0.,0.,-1.));
#7557=DIRECTION('center_axis',(0.,0.,-1.));
#7558=DIRECTION('ref_axis',(-0.968245836552757,0.249999999996503,0.));
#7559=DIRECTION('',(0.,0.,-1.));
#7560=DIRECTION('center_axis',(1.09518083044112E-15,-1.,0.));
#7561=DIRECTION('ref_axis',(-1.,-1.09518083044112E-15,0.));
#7562=DIRECTION('',(0.,0.,-1.));
#7563=DIRECTION('center_axis',(0.,0.,-1.));
#7564=DIRECTION('ref_axis',(1.,2.13162820728024E-14,0.));
#7565=DIRECTION('',(0.,0.,-1.));
#7566=DIRECTION('center_axis',(-1.,-1.79286747587824E-15,0.));
#7567=DIRECTION('ref_axis',(-1.79286747587824E-15,1.,0.));
#7568=DIRECTION('',(0.,0.,-1.));
#7569=DIRECTION('center_axis',(0.,0.,-1.));
#7570=DIRECTION('ref_axis',(-0.0279411764705623,-0.999609569110581,0.));
#7571=DIRECTION('',(0.,0.,-1.));
#7572=DIRECTION('center_axis',(0.,0.,-1.));
#7573=DIRECTION('ref_axis',(-1.,-4.17228975383325E-15,0.));
#7574=DIRECTION('',(0.,0.,-1.));
#7575=DIRECTION('center_axis',(0.,0.,-1.));
#7576=DIRECTION('ref_axis',(1.,8.88178419700134E-15,0.));
#7577=DIRECTION('',(0.,0.,-1.));
#7578=DIRECTION('center_axis',(-1.,-3.45231394633981E-15,0.));
#7579=DIRECTION('ref_axis',(-3.45231394633981E-15,1.,0.));
#7580=DIRECTION('',(0.,0.,-1.));
#7581=DIRECTION('center_axis',(0.,0.,-1.));
#7582=DIRECTION('ref_axis',(0.,-1.,0.));
#7583=DIRECTION('',(0.,0.,-1.));
#7584=DIRECTION('center_axis',(-2.8620275492414E-15,1.,0.));
#7585=DIRECTION('ref_axis',(1.,2.8620275492414E-15,0.));
#7586=DIRECTION('',(0.,0.,-1.));
#7587=DIRECTION('center_axis',(0.,0.,-1.));
#7588=DIRECTION('ref_axis',(1.42108547152087E-13,1.,0.));
#7589=DIRECTION('',(0.,0.,-1.));
#7590=DIRECTION('center_axis',(-0.707106781186566,0.707106781186529,0.));
#7591=DIRECTION('ref_axis',(0.707106781186529,0.707106781186566,0.));
#7592=DIRECTION('',(0.,0.,-1.));
#7593=DIRECTION('center_axis',(0.,0.,-1.));
#7594=DIRECTION('ref_axis',(9.47390314346435E-14,-1.,0.));
#7595=DIRECTION('',(0.,0.,-1.));
#7596=DIRECTION('center_axis',(1.47283350287995E-15,1.,0.));
#7597=DIRECTION('ref_axis',(1.,-1.47283350287995E-15,0.));
#7598=DIRECTION('',(0.,0.,-1.));
#7599=DIRECTION('center_axis',(0.,0.,-1.));
#7600=DIRECTION('ref_axis',(-4.73695157173399E-14,1.,0.));
#7601=DIRECTION('',(0.,0.,-1.));
#7602=DIRECTION('center_axis',(0.,0.,-1.));
#7603=DIRECTION('ref_axis',(-0.916515138991168,-0.400000000000001,0.));
#7604=DIRECTION('',(0.,0.,-1.));
#7605=DIRECTION('center_axis',(0.,0.,-1.));
#7606=DIRECTION('ref_axis',(0.916515138991182,0.399999999999967,0.));
#7607=DIRECTION('',(0.,0.,-1.));
#7608=DIRECTION('center_axis',(-7.36416751439712E-16,1.,0.));
#7609=DIRECTION('ref_axis',(1.,7.36416751439712E-16,0.));
#7610=DIRECTION('',(0.,0.,-1.));
#7611=DIRECTION('center_axis',(0.,0.,-1.));
#7612=DIRECTION('ref_axis',(-0.707106781186565,-0.70710678118653,0.));
#7613=DIRECTION('',(0.,0.,-1.));
#7614=DIRECTION('center_axis',(0.707106781186575,0.70710678118652,0.));
#7615=DIRECTION('ref_axis',(0.70710678118652,-0.707106781186575,0.));
#7616=DIRECTION('',(0.,0.,-1.));
#7617=DIRECTION('center_axis',(0.,0.,-1.));
#7618=DIRECTION('ref_axis',(0.707106781186489,0.707106781186606,0.));
#7619=DIRECTION('',(0.,0.,-1.));
#7620=DIRECTION('center_axis',(1.21274522219569E-16,1.,0.));
#7621=DIRECTION('ref_axis',(1.,-1.21274522219569E-16,0.));
#7622=DIRECTION('',(0.,0.,-1.));
#7623=DIRECTION('center_axis',(0.,0.,-1.));
#7624=DIRECTION('ref_axis',(-7.10542735760142E-14,1.,0.));
#7625=DIRECTION('',(0.,0.,-1.));
#7626=DIRECTION('center_axis',(-0.707106781186545,0.70710678118655,0.));
#7627=DIRECTION('ref_axis',(0.70710678118655,0.707106781186545,0.));
#7628=DIRECTION('',(0.,0.,-1.));
#7629=DIRECTION('center_axis',(0.,0.,-1.));
#7630=DIRECTION('ref_axis',(2.36847578586698E-14,-1.,0.));
#7631=DIRECTION('',(0.,0.,-1.));
#7632=DIRECTION('center_axis',(-1.31413059113227E-15,1.,0.));
#7633=DIRECTION('ref_axis',(1.,1.31413059113227E-15,0.));
#7634=DIRECTION('',(0.,0.,-1.));
#7635=DIRECTION('center_axis',(0.,0.,-1.));
#7636=DIRECTION('ref_axis',(-2.36847578586703E-14,1.,0.));
#7637=DIRECTION('',(0.,0.,-1.));
#7638=DIRECTION('center_axis',(0.,0.,-1.));
#7639=DIRECTION('ref_axis',(-0.916515138991169,-0.399999999999997,0.));
#7640=DIRECTION('',(0.,0.,-1.));
#7641=DIRECTION('center_axis',(0.,0.,-1.));
#7642=DIRECTION('ref_axis',(0.91651513899117,0.399999999999994,0.));
#7643=DIRECTION('',(0.,0.,-1.));
#7644=DIRECTION('center_axis',(7.79575781981522E-16,1.,0.));
#7645=DIRECTION('ref_axis',(1.,-7.79575781981522E-16,0.));
#7646=DIRECTION('',(0.,0.,-1.));
#7647=DIRECTION('center_axis',(0.,0.,-1.));
#7648=DIRECTION('ref_axis',(-0.707106781186509,-0.707106781186586,0.));
#7649=DIRECTION('',(0.,0.,-1.));
#7650=DIRECTION('center_axis',(0.707106781186526,0.707106781186569,0.));
#7651=DIRECTION('ref_axis',(0.707106781186569,-0.707106781186526,0.));
#7652=DIRECTION('',(0.,0.,-1.));
#7653=DIRECTION('center_axis',(0.,0.,-1.));
#7654=DIRECTION('ref_axis',(0.707106781186588,0.707106781186508,0.));
#7655=DIRECTION('',(0.,0.,-1.));
#7656=DIRECTION('center_axis',(1.87153335762006E-17,1.,0.));
#7657=DIRECTION('ref_axis',(1.,-1.87153335762006E-17,0.));
#7658=DIRECTION('',(0.,0.,-1.));
#7659=DIRECTION('center_axis',(0.,0.,-1.));
#7660=DIRECTION('ref_axis',(-7.10542735760049E-14,1.,0.));
#7661=DIRECTION('',(0.,0.,-1.));
#7662=DIRECTION('center_axis',(-0.707106781186532,0.707106781186563,0.));
#7663=DIRECTION('ref_axis',(0.707106781186563,0.707106781186532,0.));
#7664=DIRECTION('',(0.,0.,-1.));
#7665=DIRECTION('center_axis',(0.,0.,-1.));
#7666=DIRECTION('ref_axis',(1.1842378929336E-14,-1.,0.));
#7667=DIRECTION('',(0.,0.,-1.));
#7668=DIRECTION('center_axis',(-1.83429595760359E-16,1.,0.));
#7669=DIRECTION('ref_axis',(1.,1.83429595760359E-16,0.));
#7670=DIRECTION('',(0.,0.,-1.));
#7671=DIRECTION('center_axis',(0.,0.,-1.));
#7672=DIRECTION('ref_axis',(3.55271367880045E-14,1.,0.));
#7673=DIRECTION('',(0.,0.,-1.));
#7674=DIRECTION('center_axis',(0.,0.,-1.));
#7675=DIRECTION('ref_axis',(-0.916515138991167,-0.400000000000002,0.));
#7676=DIRECTION('',(0.,0.,-1.));
#7677=DIRECTION('center_axis',(0.,0.,-1.));
#7678=DIRECTION('ref_axis',(0.916515138991168,0.4,0.));
#7679=DIRECTION('',(0.,0.,-1.));
#7680=DIRECTION('center_axis',(1.46014510125808E-16,1.,0.));
#7681=DIRECTION('ref_axis',(1.,-1.46014510125808E-16,0.));
#7682=DIRECTION('',(0.,0.,-1.));
#7683=DIRECTION('center_axis',(0.,0.,-1.));
#7684=DIRECTION('ref_axis',(-0.707106781186534,-0.707106781186561,0.));
#7685=DIRECTION('',(0.,0.,-1.));
#7686=DIRECTION('center_axis',(0.707106781186547,0.707106781186548,0.));
#7687=DIRECTION('ref_axis',(0.707106781186548,-0.707106781186547,0.));
#7688=DIRECTION('',(0.,0.,-1.));
#7689=DIRECTION('center_axis',(0.,0.,-1.));
#7690=DIRECTION('ref_axis',(0.70710678118657,0.707106781186525,0.));
#7691=DIRECTION('',(0.,0.,-1.));
#7692=DIRECTION('center_axis',(4.98544654600656E-16,1.,0.));
#7693=DIRECTION('ref_axis',(1.,-4.98544654600656E-16,0.));
#7694=DIRECTION('',(0.,0.,-1.));
#7695=DIRECTION('center_axis',(0.,0.,-1.));
#7696=DIRECTION('ref_axis',(1.77635683940043E-14,1.,0.));
#7697=DIRECTION('',(0.,0.,-1.));
#7698=DIRECTION('center_axis',(-0.707106781186551,0.707106781186544,0.));
#7699=DIRECTION('ref_axis',(0.707106781186544,0.707106781186551,0.));
#7700=DIRECTION('',(0.,0.,-1.));
#7701=DIRECTION('center_axis',(0.,0.,-1.));
#7702=DIRECTION('ref_axis',(1.18423789293347E-14,-1.,0.));
#7703=DIRECTION('',(0.,0.,-1.));
#7704=DIRECTION('center_axis',(4.20809572251271E-16,1.,0.));
#7705=DIRECTION('ref_axis',(1.,-4.20809572251271E-16,0.));
#7706=DIRECTION('',(0.,0.,-1.));
#7707=DIRECTION('center_axis',(0.,0.,-1.));
#7708=DIRECTION('ref_axis',(0.,1.,0.));
#7709=DIRECTION('',(0.,0.,-1.));
#7710=DIRECTION('center_axis',(0.,0.,-1.));
#7711=DIRECTION('ref_axis',(-0.916515138991169,-0.399999999999999,0.));
#7712=DIRECTION('',(0.,0.,-1.));
#7713=DIRECTION('center_axis',(0.,0.,-1.));
#7714=DIRECTION('ref_axis',(0.91651513899117,0.399999999999994,0.));
#7715=DIRECTION('',(0.,0.,-1.));
#7716=DIRECTION('center_axis',(7.36416751439979E-16,1.,0.));
#7717=DIRECTION('ref_axis',(1.,-7.36416751439979E-16,0.));
#7718=DIRECTION('',(0.,0.,-1.));
#7719=DIRECTION('center_axis',(0.,0.,-1.));
#7720=DIRECTION('ref_axis',(-0.707106781186552,-0.707106781186543,0.));
#7721=DIRECTION('',(0.,0.,-1.));
#7722=DIRECTION('center_axis',(0.707106781186548,0.707106781186547,0.));
#7723=DIRECTION('ref_axis',(0.707106781186547,-0.707106781186548,0.));
#7724=DIRECTION('',(0.,0.,-1.));
#7725=DIRECTION('center_axis',(0.,0.,-1.));
#7726=DIRECTION('ref_axis',(0.707106781186549,0.707106781186546,0.));
#7727=DIRECTION('',(0.,0.,-1.));
#7728=DIRECTION('center_axis',(2.20155965326265E-16,1.,0.));
#7729=DIRECTION('ref_axis',(1.,-2.20155965326265E-16,0.));
#7730=DIRECTION('',(0.,0.,-1.));
#7731=DIRECTION('center_axis',(0.,0.,-1.));
#7732=DIRECTION('ref_axis',(-1.,-2.66453525910038E-15,0.));
#7733=DIRECTION('',(0.,0.,-1.));
#7734=DIRECTION('center_axis',(1.,-2.82859369331259E-16,0.));
#7735=DIRECTION('ref_axis',(-2.82859369331259E-16,-1.,0.));
#7736=DIRECTION('',(0.,0.,-1.));
#7737=DIRECTION('center_axis',(0.,0.,-1.));
#7738=DIRECTION('ref_axis',(3.55271367880053E-15,1.,0.));
#7739=DIRECTION('',(0.,0.,-1.));
#7740=DIRECTION('center_axis',(0.,-1.,0.));
#7741=DIRECTION('ref_axis',(-1.,0.,0.));
#7742=DIRECTION('',(0.,0.,-1.));
#7743=DIRECTION('center_axis',(0.,0.,-1.));
#7744=DIRECTION('ref_axis',(-1.77635683940035E-14,-1.,0.));
#7745=DIRECTION('',(0.,0.,-1.));
#7746=DIRECTION('center_axis',(0.,0.,-1.));
#7747=DIRECTION('ref_axis',(0.916515138991166,0.400000000000005,0.));
#7748=DIRECTION('',(0.,0.,-1.));
#7749=DIRECTION('center_axis',(0.,0.,-1.));
#7750=DIRECTION('ref_axis',(-0.916515138991178,-0.399999999999976,0.));
#7751=DIRECTION('',(0.,0.,-1.));
#7752=DIRECTION('center_axis',(0.,-1.,0.));
#7753=DIRECTION('ref_axis',(-1.,0.,0.));
#7754=DIRECTION('',(0.,0.,-1.));
#7755=DIRECTION('center_axis',(0.,0.,-1.));
#7756=DIRECTION('ref_axis',(0.7071067811865,0.707106781186595,0.));
#7757=DIRECTION('',(0.,0.,-1.));
#7758=DIRECTION('center_axis',(-0.707106781186545,-0.70710678118655,0.));
#7759=DIRECTION('ref_axis',(-0.70710678118655,0.707106781186545,0.));
#7760=DIRECTION('',(0.,0.,-1.));
#7761=DIRECTION('center_axis',(0.,0.,-1.));
#7762=DIRECTION('ref_axis',(-0.707106781186548,-0.707106781186548,0.));
#7763=DIRECTION('',(0.,0.,-1.));
#7764=DIRECTION('center_axis',(0.,-1.,0.));
#7765=DIRECTION('ref_axis',(-1.,0.,0.));
#7766=DIRECTION('',(0.,0.,-1.));
#7767=DIRECTION('center_axis',(0.,0.,-1.));
#7768=DIRECTION('ref_axis',(1.06581410363976E-13,-1.,0.));
#7769=DIRECTION('',(0.,0.,-1.));
#7770=DIRECTION('center_axis',(0.707106781186539,-0.707106781186556,0.));
#7771=DIRECTION('ref_axis',(-0.707106781186556,-0.707106781186539,0.));
#7772=DIRECTION('',(0.,0.,-1.));
#7773=DIRECTION('center_axis',(0.,0.,-1.));
#7774=DIRECTION('ref_axis',(7.10542735760233E-14,1.,0.));
#7775=DIRECTION('',(0.,0.,-1.));
#7776=DIRECTION('center_axis',(8.84718694393399E-16,-1.,0.));
#7777=DIRECTION('ref_axis',(-1.,-8.84718694393399E-16,0.));
#7778=DIRECTION('',(0.,0.,-1.));
#7779=DIRECTION('center_axis',(0.,0.,-1.));
#7780=DIRECTION('ref_axis',(-4.73695157173421E-14,-1.,0.));
#7781=DIRECTION('',(0.,0.,-1.));
#7782=DIRECTION('center_axis',(0.,0.,-1.));
#7783=DIRECTION('ref_axis',(0.916515138991163,0.40000000000001,0.));
#7784=DIRECTION('',(0.,0.,-1.));
#7785=DIRECTION('center_axis',(0.,0.,-1.));
#7786=DIRECTION('ref_axis',(-0.916515138991167,-0.400000000000003,0.));
#7787=DIRECTION('',(0.,0.,-1.));
#7788=DIRECTION('center_axis',(0.,-1.,0.));
#7789=DIRECTION('ref_axis',(-1.,0.,0.));
#7790=DIRECTION('',(0.,0.,-1.));
#7791=DIRECTION('center_axis',(0.,0.,-1.));
#7792=DIRECTION('ref_axis',(0.70710678118653,0.707106781186565,0.));
#7793=DIRECTION('',(0.,0.,-1.));
#7794=DIRECTION('center_axis',(-0.70710678118657,-0.707106781186525,0.));
#7795=DIRECTION('ref_axis',(-0.707106781186525,0.70710678118657,0.));
#7796=DIRECTION('',(0.,0.,-1.));
#7797=DIRECTION('center_axis',(0.,0.,-1.));
#7798=DIRECTION('ref_axis',(-0.707106781186583,-0.707106781186512,0.));
#7799=DIRECTION('',(0.,0.,-1.));
#7800=DIRECTION('center_axis',(0.,-1.,0.));
#7801=DIRECTION('ref_axis',(-1.,0.,0.));
#7802=DIRECTION('',(0.,0.,-1.));
#7803=DIRECTION('center_axis',(0.,0.,-1.));
#7804=DIRECTION('ref_axis',(1.42108547152008E-13,-1.,0.));
#7805=DIRECTION('',(0.,0.,-1.));
#7806=DIRECTION('center_axis',(0.707106781186543,-0.707106781186552,0.));
#7807=DIRECTION('ref_axis',(-0.707106781186552,-0.707106781186543,0.));
#7808=DIRECTION('',(0.,0.,-1.));
#7809=DIRECTION('center_axis',(0.,0.,-1.));
#7810=DIRECTION('ref_axis',(9.47390314346832E-14,1.,0.));
#7811=DIRECTION('',(0.,0.,-1.));
#7812=DIRECTION('center_axis',(0.,-1.,0.));
#7813=DIRECTION('ref_axis',(-1.,0.,0.));
#7814=DIRECTION('',(0.,0.,-1.));
#7815=DIRECTION('center_axis',(0.,0.,-1.));
#7816=DIRECTION('ref_axis',(4.73695157173349E-14,-1.,0.));
#7817=DIRECTION('',(0.,0.,-1.));
#7818=DIRECTION('center_axis',(0.,0.,-1.));
#7819=DIRECTION('ref_axis',(0.916515138991171,0.399999999999992,0.));
#7820=DIRECTION('',(0.,0.,-1.));
#7821=DIRECTION('center_axis',(0.,0.,-1.));
#7822=DIRECTION('ref_axis',(-0.91651513899118,-0.399999999999973,0.));
#7823=DIRECTION('',(0.,0.,-1.));
#7824=DIRECTION('center_axis',(-8.84718694392762E-16,-1.,0.));
#7825=DIRECTION('ref_axis',(-1.,8.84718694392762E-16,0.));
#7826=DIRECTION('',(0.,0.,-1.));
#7827=DIRECTION('center_axis',(0.,0.,-1.));
#7828=DIRECTION('ref_axis',(0.707106781186518,0.707106781186577,0.));
#7829=DIRECTION('',(0.,0.,-1.));
#7830=DIRECTION('center_axis',(-0.707106781186556,-0.707106781186539,0.));
#7831=DIRECTION('ref_axis',(-0.707106781186539,0.707106781186556,0.));
#7832=DIRECTION('',(0.,0.,-1.));
#7833=DIRECTION('center_axis',(0.,0.,-1.));
#7834=DIRECTION('ref_axis',(-0.707106781186494,-0.707106781186601,0.));
#7835=DIRECTION('',(0.,0.,-1.));
#7836=DIRECTION('center_axis',(8.37052394674664E-16,-1.,0.));
#7837=DIRECTION('ref_axis',(-1.,-8.37052394674665E-16,0.));
#7838=DIRECTION('',(0.,0.,-1.));
#7839=DIRECTION('center_axis',(0.,0.,-1.));
#7840=DIRECTION('ref_axis',(1.42108547151917E-13,-1.,0.));
#7841=DIRECTION('',(0.,0.,-1.));
#7842=DIRECTION('center_axis',(0.707106781186552,-0.707106781186543,0.));
#7843=DIRECTION('ref_axis',(-0.707106781186543,-0.707106781186552,0.));
#7844=DIRECTION('',(0.,0.,-1.));
#7845=DIRECTION('center_axis',(0.,0.,-1.));
#7846=DIRECTION('ref_axis',(-4.73695157173332E-14,1.,0.));
#7847=DIRECTION('',(0.,0.,-1.));
#7848=DIRECTION('center_axis',(1.36102555115684E-15,-1.,0.));
#7849=DIRECTION('ref_axis',(-1.,-1.36102555115684E-15,0.));
#7850=DIRECTION('center_axis',(1.,-2.53765262771465E-15,0.));
#7851=DIRECTION('ref_axis',(2.53765262771465E-15,1.,0.));
#7852=DIRECTION('',(0.,0.,1.));
#7853=DIRECTION('',(2.53765262771465E-15,1.,0.));
#7854=DIRECTION('',(0.,0.,1.));
#7855=DIRECTION('center_axis',(0.,0.,1.));
#7856=DIRECTION('ref_axis',(-5.92118946466745E-15,-1.,0.));
#7857=DIRECTION('',(0.,0.,1.));
#7858=DIRECTION('center_axis',(0.,0.,1.));
#7859=DIRECTION('ref_axis',(-5.92118946466745E-15,-1.,0.));
#7860=DIRECTION('center_axis',(0.,-1.,0.));
#7861=DIRECTION('ref_axis',(1.,0.,0.));
#7862=DIRECTION('',(0.,0.,1.));
#7863=DIRECTION('',(1.,0.,0.));
#7864=DIRECTION('center_axis',(0.,0.,1.));
#7865=DIRECTION('ref_axis',(-1.,1.77635683940028E-14,0.));
#7866=DIRECTION('',(0.,0.,1.));
#7867=DIRECTION('center_axis',(0.,0.,1.));
#7868=DIRECTION('ref_axis',(-1.,1.77635683940028E-14,0.));
#7869=DIRECTION('center_axis',(-1.,1.90323947078598E-15,0.));
#7870=DIRECTION('ref_axis',(-1.90323947078598E-15,-1.,0.));
#7871=DIRECTION('',(0.,0.,1.));
#7872=DIRECTION('',(-1.90323947078598E-15,-1.,0.));
#7873=DIRECTION('center_axis',(0.,0.,1.));
#7874=DIRECTION('ref_axis',(-2.96059473233374E-15,1.,0.));
#7875=DIRECTION('',(0.,0.,1.));
#7876=DIRECTION('center_axis',(0.,0.,1.));
#7877=DIRECTION('ref_axis',(-2.96059473233374E-15,1.,0.));
#7878=DIRECTION('center_axis',(-8.07434927000113E-16,1.,0.));
#7879=DIRECTION('ref_axis',(-1.,-8.07434927000113E-16,0.));
#7880=DIRECTION('',(0.,0.,1.));
#7881=DIRECTION('',(-1.,-8.07434927000113E-16,0.));
#7882=DIRECTION('center_axis',(0.,0.,1.));
#7883=DIRECTION('ref_axis',(1.,-5.92118946466749E-15,0.));
#7884=DIRECTION('center_axis',(0.,0.,1.));
#7885=DIRECTION('ref_axis',(1.,-5.92118946466749E-15,0.));
#7886=DIRECTION('center_axis',(0.,0.,1.));
#7887=DIRECTION('ref_axis',(-1.,0.,0.));
#7888=DIRECTION('center_axis',(-1.,1.26882631385732E-15,0.));
#7889=DIRECTION('ref_axis',(-1.26882631385732E-15,-1.,0.));
#7890=DIRECTION('',(0.,0.,1.));
#7891=DIRECTION('',(-1.26882631385732E-15,-1.,0.));
#7892=DIRECTION('',(0.,0.,1.));
#7893=DIRECTION('center_axis',(0.,0.,1.));
#7894=DIRECTION('ref_axis',(2.96059473233376E-15,1.,0.));
#7895=DIRECTION('',(0.,0.,1.));
#7896=DIRECTION('center_axis',(0.,0.,1.));
#7897=DIRECTION('ref_axis',(2.96059473233376E-15,1.,0.));
#7898=DIRECTION('center_axis',(0.,1.,0.));
#7899=DIRECTION('ref_axis',(-1.,0.,0.));
#7900=DIRECTION('',(0.,0.,1.));
#7901=DIRECTION('',(-1.,0.,0.));
#7902=DIRECTION('center_axis',(0.,0.,1.));
#7903=DIRECTION('ref_axis',(1.,5.92118946466749E-15,0.));
#7904=DIRECTION('',(0.,0.,1.));
#7905=DIRECTION('center_axis',(0.,0.,1.));
#7906=DIRECTION('ref_axis',(1.,5.92118946466749E-15,0.));
#7907=DIRECTION('center_axis',(1.,-3.80647894157195E-15,0.));
#7908=DIRECTION('ref_axis',(3.80647894157195E-15,1.,0.));
#7909=DIRECTION('',(0.,0.,1.));
#7910=DIRECTION('',(3.80647894157195E-15,1.,0.));
#7911=DIRECTION('center_axis',(0.,0.,1.));
#7912=DIRECTION('ref_axis',(-1.18423789293351E-14,-1.,0.));
#7913=DIRECTION('',(0.,0.,1.));
#7914=DIRECTION('center_axis',(0.,0.,1.));
#7915=DIRECTION('ref_axis',(-1.18423789293351E-14,-1.,0.));
#7916=DIRECTION('center_axis',(0.,-1.,0.));
#7917=DIRECTION('ref_axis',(1.,0.,0.));
#7918=DIRECTION('',(0.,0.,1.));
#7919=DIRECTION('',(1.,0.,0.));
#7920=DIRECTION('center_axis',(0.,0.,1.));
#7921=DIRECTION('ref_axis',(-1.,0.,0.));
#7922=DIRECTION('center_axis',(0.,0.,1.));
#7923=DIRECTION('ref_axis',(-1.,0.,0.));
#7924=DIRECTION('center_axis',(0.,0.,1.));
#7925=DIRECTION('ref_axis',(-1.,0.,0.));
#7926=DIRECTION('center_axis',(1.21115239050017E-15,-1.,0.));
#7927=DIRECTION('ref_axis',(1.,1.21115239050017E-15,0.));
#7928=DIRECTION('',(0.,0.,1.));
#7929=DIRECTION('',(1.,1.21115239050017E-15,0.));
#7930=DIRECTION('',(0.,0.,1.));
#7931=DIRECTION('center_axis',(0.,0.,1.));
#7932=DIRECTION('ref_axis',(-1.,2.96059473233376E-15,0.));
#7933=DIRECTION('',(0.,0.,1.));
#7934=DIRECTION('center_axis',(0.,0.,1.));
#7935=DIRECTION('ref_axis',(-1.,2.96059473233376E-15,0.));
#7936=DIRECTION('center_axis',(-1.,1.90323947078598E-15,0.));
#7937=DIRECTION('ref_axis',(-1.90323947078598E-15,-1.,0.));
#7938=DIRECTION('',(0.,0.,1.));
#7939=DIRECTION('',(-1.90323947078598E-15,-1.,0.));
#7940=DIRECTION('center_axis',(0.,0.,1.));
#7941=DIRECTION('ref_axis',(-5.92118946466749E-15,1.,0.));
#7942=DIRECTION('',(0.,0.,1.));
#7943=DIRECTION('center_axis',(0.,0.,1.));
#7944=DIRECTION('ref_axis',(-5.92118946466749E-15,1.,0.));
#7945=DIRECTION('center_axis',(0.,1.,0.));
#7946=DIRECTION('ref_axis',(-1.,0.,0.));
#7947=DIRECTION('',(0.,0.,1.));
#7948=DIRECTION('',(-1.,0.,0.));
#7949=DIRECTION('center_axis',(0.,0.,1.));
#7950=DIRECTION('ref_axis',(1.,1.77635683940027E-14,0.));
#7951=DIRECTION('',(0.,0.,1.));
#7952=DIRECTION('center_axis',(0.,0.,1.));
#7953=DIRECTION('ref_axis',(1.,1.77635683940027E-14,0.));
#7954=DIRECTION('center_axis',(1.,0.,0.));
#7955=DIRECTION('ref_axis',(0.,1.,0.));
#7956=DIRECTION('',(0.,0.,1.));
#7957=DIRECTION('',(0.,1.,0.));
#7958=DIRECTION('center_axis',(0.,0.,1.));
#7959=DIRECTION('ref_axis',(-1.77635683940024E-14,-1.,0.));
#7960=DIRECTION('center_axis',(0.,0.,1.));
#7961=DIRECTION('ref_axis',(-1.77635683940024E-14,-1.,0.));
#7962=DIRECTION('center_axis',(0.,0.,1.));
#7963=DIRECTION('ref_axis',(-1.,0.,0.));
#7964=DIRECTION('center_axis',(1.,0.,0.));
#7965=DIRECTION('ref_axis',(0.,1.,0.));
#7966=CARTESIAN_POINT('',(0.,0.,0.));
#7967=CARTESIAN_POINT('Origin',(74.133312038025,6.33783055247314,-1.));
#7968=CARTESIAN_POINT('',(67.883312038025,6.33783055247314,-1.));
#7969=CARTESIAN_POINT('',(67.883312038025,6.33783055247314,1.2));
#7970=CARTESIAN_POINT('',(67.883312038025,6.33783055247314,-1.));
#7971=CARTESIAN_POINT('',(73.383312038025,6.33783055247314,-1.));
#7972=CARTESIAN_POINT('',(125.776671413027,6.33783055247314,-1.));
#7973=CARTESIAN_POINT('',(73.383312038025,6.33783055247314,1.2));
#7974=CARTESIAN_POINT('',(73.383312038025,6.33783055247314,-1.));
#7975=CARTESIAN_POINT('',(72.383312038025,6.33783055247314,1.2));
#7976=CARTESIAN_POINT('Origin',(67.883312038025,5.38783055247314,-1.));
#7977=CARTESIAN_POINT('',(67.883312038025,4.43783055247314,1.2));
#7978=CARTESIAN_POINT('Origin',(67.883312038025,5.38783055247314,1.2));
#7979=CARTESIAN_POINT('',(67.883312038025,4.43783055247314,-1.));
#7980=CARTESIAN_POINT('',(67.883312038025,4.43783055247314,-1.));
#7981=CARTESIAN_POINT('Origin',(67.883312038025,5.38783055247314,-1.));
#7982=CARTESIAN_POINT('Origin',(73.383312038025,5.38783055247314,-1.));
#7983=CARTESIAN_POINT('',(73.383312038025,4.43783055247314,1.2));
#7984=CARTESIAN_POINT('Origin',(73.383312038025,5.38783055247314,1.2));
#7985=CARTESIAN_POINT('',(73.383312038025,4.43783055247314,-1.));
#7986=CARTESIAN_POINT('Origin',(73.383312038025,5.38783055247314,-1.));
#7987=CARTESIAN_POINT('',(73.383312038025,4.43783055247314,-1.));
#7988=CARTESIAN_POINT('Origin',(67.133312038025,4.43783055247314,-1.));
#7989=CARTESIAN_POINT('',(68.883312038025,4.43783055247314,1.2));
#7990=CARTESIAN_POINT('',(122.276671413027,4.43783055247314,-1.));
#7991=CARTESIAN_POINT('Origin',(271.181749538032,4.43783055247312,-1.));
#7992=CARTESIAN_POINT('',(271.931749538032,4.43783055247312,1.2));
#7993=CARTESIAN_POINT('',(271.931749538032,4.43783055247312,-1.));
#7994=CARTESIAN_POINT('',(271.931749538032,4.43783055247312,-1.));
#7995=CARTESIAN_POINT('',(277.431749538032,4.43783055247312,1.2));
#7996=CARTESIAN_POINT('',(272.931749538032,4.43783055247312,1.2));
#7997=CARTESIAN_POINT('',(277.431749538032,4.43783055247312,-1.));
#7998=CARTESIAN_POINT('',(277.431749538032,4.43783055247312,-1.));
#7999=CARTESIAN_POINT('',(224.300890163031,4.43783055247312,-1.));
#8000=CARTESIAN_POINT('Origin',(271.931749538032,5.38783055247312,-1.));
#8001=CARTESIAN_POINT('',(271.931749538032,6.33783055247312,1.2));
#8002=CARTESIAN_POINT('Origin',(271.931749538032,5.38783055247312,1.2));
#8003=CARTESIAN_POINT('',(271.931749538032,6.33783055247312,-1.));
#8004=CARTESIAN_POINT('Origin',(271.931749538032,5.38783055247312,-1.));
#8005=CARTESIAN_POINT('',(271.931749538032,6.33783055247312,-1.));
#8006=CARTESIAN_POINT('Origin',(278.181749538032,6.33783055247312,-1.));
#8007=CARTESIAN_POINT('',(277.431749538032,6.33783055247312,-1.));
#8008=CARTESIAN_POINT('',(227.800890163031,6.33783055247312,-1.));
#8009=CARTESIAN_POINT('',(277.431749538032,6.33783055247312,1.2));
#8010=CARTESIAN_POINT('',(277.431749538032,6.33783055247312,-1.));
#8011=CARTESIAN_POINT('',(276.431749538032,6.33783055247312,1.2));
#8012=CARTESIAN_POINT('Origin',(277.431749538032,5.38783055247312,-1.));
#8013=CARTESIAN_POINT('Origin',(277.431749538032,5.38783055247312,1.2));
#8014=CARTESIAN_POINT('Origin',(277.431749538032,5.38783055247312,-1.));
#8015=CARTESIAN_POINT('Origin',(88.1950307880378,110.762830552472,-1.));
#8016=CARTESIAN_POINT('',(94.4450307880378,110.762830552472,-1.));
#8017=CARTESIAN_POINT('',(94.4450307880378,110.762830552472,1.2));
#8018=CARTESIAN_POINT('',(94.4450307880378,110.762830552472,-1.));
#8019=CARTESIAN_POINT('',(88.9450307880379,110.762830552472,-1.));
#8020=CARTESIAN_POINT('',(132.807530788033,110.762830552472,-1.));
#8021=CARTESIAN_POINT('',(88.9450307880379,110.762830552472,1.2));
#8022=CARTESIAN_POINT('',(88.9450307880379,110.762830552472,-1.));
#8023=CARTESIAN_POINT('',(89.9450307880379,110.762830552472,1.2));
#8024=CARTESIAN_POINT('Origin',(88.9450307880378,111.712830552472,-1.));
#8025=CARTESIAN_POINT('',(88.9450307880378,112.662830552472,1.2));
#8026=CARTESIAN_POINT('Origin',(88.9450307880379,111.712830552472,1.2));
#8027=CARTESIAN_POINT('',(88.9450307880378,112.662830552472,-1.));
#8028=CARTESIAN_POINT('Origin',(88.9450307880379,111.712830552472,-1.));
#8029=CARTESIAN_POINT('',(88.9450307880378,112.662830552472,-1.));
#8030=CARTESIAN_POINT('Origin',(95.1950307880378,112.662830552472,-1.));
#8031=CARTESIAN_POINT('',(94.4450307880378,112.662830552472,-1.));
#8032=CARTESIAN_POINT('',(136.307530788033,112.662830552472,-1.));
#8033=CARTESIAN_POINT('',(94.4450307880378,112.662830552472,1.2));
#8034=CARTESIAN_POINT('',(94.4450307880378,112.662830552472,-1.));
#8035=CARTESIAN_POINT('',(93.4450307880378,112.662830552472,1.2));
#8036=CARTESIAN_POINT('Origin',(94.4450307880378,111.712830552472,-1.));
#8037=CARTESIAN_POINT('Origin',(94.4450307880378,111.712830552472,1.2));
#8038=CARTESIAN_POINT('Origin',(94.4450307880378,111.712830552472,-1.));
#8039=CARTESIAN_POINT('Origin',(263.145030788039,111.712830552472,1.2));
#8040=CARTESIAN_POINT('',(260.395030788039,110.762830552472,1.2));
#8041=CARTESIAN_POINT('',(260.395030788039,112.662830552472,1.2));
#8042=CARTESIAN_POINT('Origin',(260.395030788039,111.712830552472,1.2));
#8043=CARTESIAN_POINT('',(265.895030788039,112.662830552472,1.2));
#8044=CARTESIAN_POINT('',(264.895030788039,112.662830552472,1.2));
#8045=CARTESIAN_POINT('',(265.895030788039,110.762830552472,1.2));
#8046=CARTESIAN_POINT('Origin',(265.895030788039,111.712830552472,1.2));
#8047=CARTESIAN_POINT('',(261.395030788039,110.762830552472,1.2));
#8048=CARTESIAN_POINT('Origin',(260.395030788039,111.712830552472,-1.));
#8049=CARTESIAN_POINT('',(260.395030788039,110.762830552472,-1.));
#8050=CARTESIAN_POINT('',(260.395030788039,110.762830552472,-1.));
#8051=CARTESIAN_POINT('',(260.395030788039,112.662830552472,-1.));
#8052=CARTESIAN_POINT('Origin',(260.395030788039,111.712830552472,-1.));
#8053=CARTESIAN_POINT('',(260.395030788039,112.662830552472,-1.));
#8054=CARTESIAN_POINT('Origin',(259.645030788039,110.762830552472,-1.));
#8055=CARTESIAN_POINT('',(265.895030788039,110.762830552472,-1.));
#8056=CARTESIAN_POINT('',(265.895030788039,110.762830552472,-1.));
#8057=CARTESIAN_POINT('',(218.532530788034,110.762830552472,-1.));
#8058=CARTESIAN_POINT('Origin',(265.895030788039,111.712830552472,-1.));
#8059=CARTESIAN_POINT('',(265.895030788039,112.662830552472,-1.));
#8060=CARTESIAN_POINT('',(265.895030788039,112.662830552472,-1.));
#8061=CARTESIAN_POINT('Origin',(265.895030788039,111.712830552472,-1.));
#8062=CARTESIAN_POINT('Origin',(91.6950307880378,111.712830552472,1.2));
#8063=CARTESIAN_POINT('Origin',(274.681749538032,5.38783055247312,1.2));
#8064=CARTESIAN_POINT('Origin',(266.645030788039,112.662830552472,-1.));
#8065=CARTESIAN_POINT('',(222.032530788034,112.662830552472,-1.));
#8066=CARTESIAN_POINT('Origin',(70.633312038025,5.38783055247314,1.2));
#8067=CARTESIAN_POINT('Origin',(338.539637569214,6.75033055247494,-1.));
#8068=CARTESIAN_POINT('',(337.739637569214,6.75033055247494,-1.));
#8069=CARTESIAN_POINT('Origin',(338.539637569214,6.75033055247494,-1.));
#8070=CARTESIAN_POINT('',(337.739637569214,6.75033055247494,7.));
#8071=CARTESIAN_POINT('',(337.739637569214,6.75033055247494,-1.));
#8072=CARTESIAN_POINT('Origin',(338.539637569214,6.75033055247494,7.));
#8073=CARTESIAN_POINT('Origin',(338.539637569214,6.75033055247494,7.));
#8074=CARTESIAN_POINT('Origin',(338.539637569214,110.350330552472,-1.));
#8075=CARTESIAN_POINT('',(337.739637569214,110.350330552472,-1.));
#8076=CARTESIAN_POINT('Origin',(338.539637569214,110.350330552472,-1.));
#8077=CARTESIAN_POINT('',(337.739637569214,110.350330552472,7.));
#8078=CARTESIAN_POINT('',(337.739637569214,110.350330552472,-1.));
#8079=CARTESIAN_POINT('Origin',(338.539637569214,110.350330552472,7.));
#8080=CARTESIAN_POINT('Origin',(338.539637569214,110.350330552472,7.));
#8081=CARTESIAN_POINT('Origin',(177.420030788033,6.75033055247497,-1.));
#8082=CARTESIAN_POINT('',(176.620030788033,6.75033055247497,-1.));
#8083=CARTESIAN_POINT('Origin',(177.420030788033,6.75033055247497,-1.));
#8084=CARTESIAN_POINT('',(176.620030788033,6.75033055247497,7.));
#8085=CARTESIAN_POINT('',(176.620030788033,6.75033055247497,-1.));
#8086=CARTESIAN_POINT('Origin',(177.420030788033,6.75033055247497,7.));
#8087=CARTESIAN_POINT('Origin',(177.420030788033,6.75033055247497,7.));
#8088=CARTESIAN_POINT('Origin',(16.3004240068441,110.350330552472,-1.));
#8089=CARTESIAN_POINT('',(15.5004240068441,110.350330552472,-1.));
#8090=CARTESIAN_POINT('Origin',(16.3004240068441,110.350330552472,-1.));
#8091=CARTESIAN_POINT('',(15.5004240068441,110.350330552472,7.));
#8092=CARTESIAN_POINT('',(15.5004240068441,110.350330552472,-1.));
#8093=CARTESIAN_POINT('Origin',(16.3004240068441,110.350330552472,7.));
#8094=CARTESIAN_POINT('Origin',(16.3004240068441,110.350330552472,7.));
#8095=CARTESIAN_POINT('Origin',(177.420030788033,110.350330552472,-1.));
#8096=CARTESIAN_POINT('',(176.620030788033,110.350330552472,-1.));
#8097=CARTESIAN_POINT('Origin',(177.420030788033,110.350330552472,-1.));
#8098=CARTESIAN_POINT('',(176.620030788033,110.350330552472,7.));
#8099=CARTESIAN_POINT('',(176.620030788033,110.350330552472,-1.));
#8100=CARTESIAN_POINT('Origin',(177.420030788033,110.350330552472,7.));
#8101=CARTESIAN_POINT('Origin',(177.420030788033,110.350330552472,7.));
#8102=CARTESIAN_POINT('Origin',(16.3004240068441,6.75033055247499,-1.));
#8103=CARTESIAN_POINT('',(15.5004240068441,6.75033055247499,-1.));
#8104=CARTESIAN_POINT('Origin',(16.3004240068441,6.75033055247499,-1.));
#8105=CARTESIAN_POINT('',(15.5004240068441,6.75033055247499,7.));
#8106=CARTESIAN_POINT('',(15.5004240068441,6.75033055247499,-1.));
#8107=CARTESIAN_POINT('Origin',(16.3004240068441,6.75033055247499,7.));
#8108=CARTESIAN_POINT('Origin',(16.3004240068441,6.75033055247499,7.));
#8109=CARTESIAN_POINT('Origin',(39.3075307880263,7.45033055247495,1.75));
#8110=CARTESIAN_POINT('',(41.3075307880263,7.45033055247495,1.5));
#8111=CARTESIAN_POINT('Origin',(39.3075307880263,7.45033055247495,1.5));
#8112=CARTESIAN_POINT('',(40.8075307880263,7.45033055247495,2.));
#8113=CARTESIAN_POINT('',(41.0575307880263,7.45033055247495,1.75));
#8114=CARTESIAN_POINT('Origin',(39.3075307880263,7.45033055247495,2.));
#8115=CARTESIAN_POINT('Origin',(39.3075307880263,7.45033055247495,1.5));
#8116=CARTESIAN_POINT('',(40.8075307880263,7.45033055247495,7.));
#8117=CARTESIAN_POINT('',(40.8075307880263,7.45033055247495,1.5));
#8118=CARTESIAN_POINT('Origin',(39.3075307880263,7.45033055247495,7.));
#8119=CARTESIAN_POINT('Origin',(177.420030788029,58.5503305524717,1.5));
#8120=CARTESIAN_POINT('',(302.687455093072,110.150330552458,1.5));
#8121=CARTESIAN_POINT('',(304.062227801559,111.050330552458,1.5));
#8122=CARTESIAN_POINT('Origin',(302.687455093072,111.650330552457,1.5));
#8123=CARTESIAN_POINT('',(310.658891215963,108.77533055247,1.5));
#8124=CARTESIAN_POINT('Origin',(307.270030788028,109.650330552458,1.5));
#8125=CARTESIAN_POINT('',(311.143014134239,108.150330552472,1.5));
#8126=CARTESIAN_POINT('Origin',(311.143014134239,108.650330552472,1.5));
#8127=CARTESIAN_POINT('',(343.582530788028,108.150330552472,1.5));
#8128=CARTESIAN_POINT('',(260.501280788028,108.150330552472,1.5));
#8129=CARTESIAN_POINT('',(346.082530788028,105.650330552472,1.5));
#8130=CARTESIAN_POINT('Origin',(343.582530788028,105.650330552472,1.5));
#8131=CARTESIAN_POINT('',(346.082530788028,66.0186932273519,1.5));
#8132=CARTESIAN_POINT('',(346.082530788028,62.2845118899119,1.5));
#8133=CARTESIAN_POINT('',(344.540619023322,64.5192788736861,1.5));
#8134=CARTESIAN_POINT('Origin',(344.582530788028,66.018693227352,1.5));
#8135=CARTESIAN_POINT('',(344.540619023322,33.531382231258,1.5));
#8136=CARTESIAN_POINT('Origin',(344.107530788029,49.025330552472,1.5));
#8137=CARTESIAN_POINT('',(346.082530788028,32.0319678775921,1.5));
#8138=CARTESIAN_POINT('Origin',(344.582530788028,32.0319678775921,1.5));
#8139=CARTESIAN_POINT('',(346.082530788028,11.450330552475,1.5));
#8140=CARTESIAN_POINT('',(346.082530788028,35.0003305524736,1.5));
#8141=CARTESIAN_POINT('',(343.582530788028,8.95033055247496,1.5));
#8142=CARTESIAN_POINT('Origin',(343.582530788028,11.4503305524749,1.5));
#8143=CARTESIAN_POINT('',(333.496744350401,8.95033055247493,1.5));
#8144=CARTESIAN_POINT('',(255.458387569215,8.95033055247471,1.5));
#8145=CARTESIAN_POINT('',(333.143190959807,8.80388394306823,1.5));
#8146=CARTESIAN_POINT('Origin',(333.496744350401,8.45033055247517,1.5));
#8147=CARTESIAN_POINT('',(331.728977397434,7.38967038069507,1.5));
#8148=CARTESIAN_POINT('',(305.941905788029,-18.3974012287114,1.5));
#8149=CARTESIAN_POINT('',(330.668317225655,6.95033055247495,1.5));
#8150=CARTESIAN_POINT('Origin',(330.668317225654,8.45033055247553,1.5));
#8151=CARTESIAN_POINT('',(320.115106482988,6.95033055247496,1.5));
#8152=CARTESIAN_POINT('',(248.767568635508,6.95033055247507,1.5));
#8153=CARTESIAN_POINT('',(318.740333774501,6.05033055247495,1.5));
#8154=CARTESIAN_POINT('Origin',(320.115106482988,5.45033055247496,1.5));
#8155=CARTESIAN_POINT('',(312.324727801563,6.05033055247497,1.5));
#8156=CARTESIAN_POINT('Origin',(315.532530788032,7.45033055247495,1.5));
#8157=CARTESIAN_POINT('',(310.949955093076,6.95033055247494,1.5));
#8158=CARTESIAN_POINT('Origin',(310.949955093076,5.45033055247506,1.5));
#8159=CARTESIAN_POINT('',(300.396744350406,6.95033055247494,1.5));
#8160=CARTESIAN_POINT('',(238.908387569218,6.9503305524749,1.5));
#8161=CARTESIAN_POINT('',(299.336084178626,7.38967038069514,1.5));
#8162=CARTESIAN_POINT('Origin',(300.396744350406,8.45033055247492,1.5));
#8163=CARTESIAN_POINT('',(297.921870616253,8.8038839430682,1.5));
#8164=CARTESIAN_POINT('',(255.359799006849,51.365955552476,1.5));
#8165=CARTESIAN_POINT('',(297.56831722566,8.95033055247497,1.5));
#8166=CARTESIAN_POINT('Origin',(297.56831722566,8.45033055247471,1.5));
#8167=CARTESIAN_POINT('',(251.795181850404,8.95033055247496,1.5));
#8168=CARTESIAN_POINT('',(214.607606319217,8.95033055247497,1.5));
#8169=CARTESIAN_POINT('',(251.441628459811,8.80388394306824,1.5));
#8170=CARTESIAN_POINT('Origin',(251.795181850404,8.45033055247499,1.5));
#8171=CARTESIAN_POINT('',(250.027414897434,7.38967038069147,1.5));
#8172=CARTESIAN_POINT('',(244.665733913028,2.02798939628519,1.5));
#8173=CARTESIAN_POINT('',(248.966754725654,6.95033055247131,1.5));
#8174=CARTESIAN_POINT('Origin',(248.966754725654,8.45033055247132,1.5));
#8175=CARTESIAN_POINT('',(233.759731482984,6.95033055247129,1.5));
#8176=CARTESIAN_POINT('',(205.589881135507,6.95033055247125,1.5));
#8177=CARTESIAN_POINT('',(232.384958774497,6.05033055247131,1.5));
#8178=CARTESIAN_POINT('Origin',(233.759731482984,5.4503305524713,1.5));
#8179=CARTESIAN_POINT('',(225.969352801559,6.05033055247132,1.5));
#8180=CARTESIAN_POINT('Origin',(229.177155788028,7.45033055247131,1.5));
#8181=CARTESIAN_POINT('',(224.594580093072,6.95033055247132,1.5));
#8182=CARTESIAN_POINT('Origin',(224.594580093072,5.45033055247134,1.5));
#8183=CARTESIAN_POINT('',(200.384244350402,6.95033055247133,1.5));
#8184=CARTESIAN_POINT('',(188.902137569215,6.95033055247134,1.5));
#8185=CARTESIAN_POINT('',(199.323584178622,7.38967038069148,1.5));
#8186=CARTESIAN_POINT('Origin',(200.384244350402,8.45033055247144,1.5));
#8187=CARTESIAN_POINT('',(197.909370616245,8.80388394306825,1.5));
#8188=CARTESIAN_POINT('',(180.35042400684,26.3628305524723,1.5));
#8189=CARTESIAN_POINT('',(197.555817225652,8.95033055247497,1.5));
#8190=CARTESIAN_POINT('Origin',(197.555817225652,8.45033055247507,1.5));
#8191=CARTESIAN_POINT('',(138.234244350404,8.95033055247498,1.5));
#8192=CARTESIAN_POINT('',(157.827137569216,8.95033055247498,1.5));
#8193=CARTESIAN_POINT('',(137.88069095981,8.80388394306825,1.5));
#8194=CARTESIAN_POINT('Origin',(138.234244350404,8.45033055247494,1.5));
#8195=CARTESIAN_POINT('',(136.466477397434,7.38967038069152,1.5));
#8196=CARTESIAN_POINT('',(159.495030788028,30.4182237712848,1.5));
#8197=CARTESIAN_POINT('',(135.405817225654,6.95033055247131,1.5));
#8198=CARTESIAN_POINT('Origin',(135.405817225654,8.45033055247118,1.5));
#8199=CARTESIAN_POINT('',(111.195481482983,6.9503305524713,1.5));
#8200=CARTESIAN_POINT('',(144.307756135506,6.9503305524713,1.5));
#8201=CARTESIAN_POINT('',(109.820708774497,6.05033055247132,1.5));
#8202=CARTESIAN_POINT('Origin',(111.195481482983,5.45033055247128,1.5));
#8203=CARTESIAN_POINT('',(103.405102801558,6.05033055247132,1.5));
#8204=CARTESIAN_POINT('Origin',(106.612905788027,7.45033055247131,1.5));
#8205=CARTESIAN_POINT('',(102.030330093072,6.95033055247131,1.5));
#8206=CARTESIAN_POINT('Origin',(102.030330093072,5.45033055247132,1.5));
#8207=CARTESIAN_POINT('',(86.8233068504012,6.95033055247131,1.5));
#8208=CARTESIAN_POINT('',(132.121668819215,6.9503305524713,1.5));
#8209=CARTESIAN_POINT('',(85.7626466786214,7.38967038069148,1.5));
#8210=CARTESIAN_POINT('Origin',(86.8233068504012,8.45033055247136,1.5));
#8211=CARTESIAN_POINT('',(84.3484331162446,8.80388394306825,1.5));
#8212=CARTESIAN_POINT('',(95.1797208818399,-2.02740382252705,1.5));
#8213=CARTESIAN_POINT('',(83.9948797256513,8.95033055247499,1.5));
#8214=CARTESIAN_POINT('Origin',(83.9948797256513,8.45033055247498,1.5));
#8215=CARTESIAN_POINT('',(57.2717443503987,8.95033055247499,1.5));
#8216=CARTESIAN_POINT('',(117.345887569214,8.95033055247496,1.5));
#8217=CARTESIAN_POINT('',(56.9181909598054,8.80388394306825,1.5));
#8218=CARTESIAN_POINT('Origin',(57.2717443503987,8.45033055247504,1.5));
#8219=CARTESIAN_POINT('',(55.5039773974323,7.38967038069511,1.5));
#8220=CARTESIAN_POINT('',(98.7731557880254,50.6588487712886,1.5));
#8221=CARTESIAN_POINT('',(54.4433172256525,6.95033055247495,1.5));
#8222=CARTESIAN_POINT('Origin',(54.4433172256525,8.45033055247498,1.5));
#8223=CARTESIAN_POINT('',(43.8901064829822,6.95033055247495,1.5));
#8224=CARTESIAN_POINT('',(110.655068635506,6.95033055247492,1.5));
#8225=CARTESIAN_POINT('',(42.5153337744954,6.05033055247495,1.5));
#8226=CARTESIAN_POINT('Origin',(43.8901064829822,5.45033055247496,1.5));
#8227=CARTESIAN_POINT('',(36.0997278015572,6.05033055247496,1.5));
#8228=CARTESIAN_POINT('Origin',(39.3075307880263,7.45033055247495,1.5));
#8229=CARTESIAN_POINT('',(34.7249550930705,6.95033055247495,1.5));
#8230=CARTESIAN_POINT('Origin',(34.7249550930705,5.45033055247497,1.5));
#8231=CARTESIAN_POINT('',(24.1717443504038,6.95033055247496,1.5));
#8232=CARTESIAN_POINT('',(100.795887569216,6.9503305524749,1.5));
#8233=CARTESIAN_POINT('',(23.111084178624,7.38967038069514,1.5));
#8234=CARTESIAN_POINT('Origin',(24.1717443504038,8.45033055247496,1.5));
#8235=CARTESIAN_POINT('',(21.6968706162508,8.80388394306826,1.5));
#8236=CARTESIAN_POINT('',(48.1910490068445,-17.6902944475255,1.5));
#8237=CARTESIAN_POINT('',(21.3433172256576,8.95033055247499,1.5));
#8238=CARTESIAN_POINT('Origin',(21.3433172256576,8.45033055247499,1.5));
#8239=CARTESIAN_POINT('',(11.2575307880306,8.950330552475,1.5));
#8240=CARTESIAN_POINT('',(94.3387807880299,8.95033055247498,1.5));
#8241=CARTESIAN_POINT('',(8.75753078803062,11.450330552475,1.5));
#8242=CARTESIAN_POINT('Origin',(11.2575307880306,11.450330552475,1.5));
#8243=CARTESIAN_POINT('',(8.75753078803065,105.650330552472,1.5));
#8244=CARTESIAN_POINT('',(8.75753078803065,82.1003305524719,1.5));
#8245=CARTESIAN_POINT('',(11.2575307880306,108.150330552472,1.5));
#8246=CARTESIAN_POINT('Origin',(11.2575307880306,105.650330552472,1.5));
#8247=CARTESIAN_POINT('',(43.6970474418232,108.150330552472,1.5));
#8248=CARTESIAN_POINT('',(110.558539114926,108.150330552472,1.5));
#8249=CARTESIAN_POINT('',(44.1811703600991,108.775330552472,1.5));
#8250=CARTESIAN_POINT('Origin',(43.6970474418232,108.650330552472,1.5));
#8251=CARTESIAN_POINT('',(50.7778337744997,111.050330552472,1.5));
#8252=CARTESIAN_POINT('Origin',(47.5700307880306,109.650330552472,1.5));
#8253=CARTESIAN_POINT('',(52.1526064829865,110.150330552472,1.5));
#8254=CARTESIAN_POINT('Origin',(52.1526064829865,111.650330552472,1.5));
#8255=CARTESIAN_POINT('',(78.2558172256634,110.150330552472,1.5));
#8256=CARTESIAN_POINT('',(127.837924006846,110.150330552472,1.5));
#8257=CARTESIAN_POINT('',(79.3164773974432,109.710990724252,1.5));
#8258=CARTESIAN_POINT('Origin',(78.2558172256634,108.650330552472,1.5));
#8259=CARTESIAN_POINT('',(80.7306909598163,108.296777161879,1.5));
#8260=CARTESIAN_POINT('',(117.339637569221,71.6878305524739,1.5));
#8261=CARTESIAN_POINT('',(81.0842443504096,108.150330552472,1.5));
#8262=CARTESIAN_POINT('Origin',(81.0842443504097,108.650330552472,1.5));
#8263=CARTESIAN_POINT('',(102.305817225666,108.150330552472,1.5));
#8264=CARTESIAN_POINT('',(139.862924006848,108.150330552472,1.5));
#8265=CARTESIAN_POINT('',(102.65937061626,108.296777161879,1.5));
#8266=CARTESIAN_POINT('Origin',(102.305817225666,108.650330552472,1.5));
#8267=CARTESIAN_POINT('',(104.073584178633,109.710990724252,1.5));
#8268=CARTESIAN_POINT('',(109.620030788037,115.257437333656,1.5));
#8269=CARTESIAN_POINT('',(105.134244350412,110.150330552472,1.5));
#8270=CARTESIAN_POINT('Origin',(105.134244350412,108.650330552472,1.5));
#8271=CARTESIAN_POINT('',(125.212455093073,110.150330552472,1.5));
#8272=CARTESIAN_POINT('',(151.316242940551,110.150330552472,1.5));
#8273=CARTESIAN_POINT('',(126.58722780156,111.050330552472,1.5));
#8274=CARTESIAN_POINT('Origin',(125.212455093073,111.650330552472,1.5));
#8275=CARTESIAN_POINT('',(133.002833774498,111.050330552472,1.5));
#8276=CARTESIAN_POINT('Origin',(129.795030788029,109.650330552472,1.5));
#8277=CARTESIAN_POINT('',(134.377606482985,110.150330552472,1.5));
#8278=CARTESIAN_POINT('Origin',(134.377606482985,111.650330552472,1.5));
#8279=CARTESIAN_POINT('',(154.45581722566,110.150330552472,1.5));
#8280=CARTESIAN_POINT('',(165.937924006845,110.150330552472,1.5));
#8281=CARTESIAN_POINT('',(155.51647739744,109.710990724252,1.5));
#8282=CARTESIAN_POINT('Origin',(154.45581722566,108.650330552472,1.5));
#8283=CARTESIAN_POINT('',(156.930690959813,108.296777161879,1.5));
#8284=CARTESIAN_POINT('',(174.489637569219,90.7378305524722,1.5));
#8285=CARTESIAN_POINT('',(157.284244350406,108.150330552472,1.5));
#8286=CARTESIAN_POINT('Origin',(157.284244350407,108.650330552472,1.5));
#8287=CARTESIAN_POINT('',(197.555817225659,108.150330552472,1.5));
#8288=CARTESIAN_POINT('',(187.487924006844,108.150330552472,1.5));
#8289=CARTESIAN_POINT('',(197.909370616252,108.296777161879,1.5));
#8290=CARTESIAN_POINT('Origin',(197.555817225659,108.650330552472,1.5));
#8291=CARTESIAN_POINT('',(199.323584178625,109.710990724252,1.5));
#8292=CARTESIAN_POINT('',(181.057530788031,91.4449373336579,1.5));
#8293=CARTESIAN_POINT('',(200.384244350405,110.150330552472,1.5));
#8294=CARTESIAN_POINT('Origin',(200.384244350405,108.650330552472,1.5));
#8295=CARTESIAN_POINT('',(220.462455093073,110.150330552472,1.5));
#8296=CARTESIAN_POINT('',(198.941242940551,110.150330552472,1.5));
#8297=CARTESIAN_POINT('',(221.83722780156,111.050330552472,1.5));
#8298=CARTESIAN_POINT('Origin',(220.462455093073,111.650330552472,1.5));
#8299=CARTESIAN_POINT('',(228.252833774498,111.050330552472,1.5));
#8300=CARTESIAN_POINT('Origin',(225.045030788029,109.650330552472,1.5));
#8301=CARTESIAN_POINT('',(229.627606482985,110.150330552472,1.5));
#8302=CARTESIAN_POINT('Origin',(229.627606482985,111.650330552472,1.5));
#8303=CARTESIAN_POINT('',(249.70581722566,110.150330552472,1.5));
#8304=CARTESIAN_POINT('',(213.562924006845,110.150330552472,1.5));
#8305=CARTESIAN_POINT('',(250.76647739744,109.710990724252,1.5));
#8306=CARTESIAN_POINT('Origin',(249.705817225661,108.650330552472,1.5));
#8307=CARTESIAN_POINT('',(252.180690959813,108.296777161879,1.5));
#8308=CARTESIAN_POINT('',(245.92713756922,114.550330552473,1.5));
#8309=CARTESIAN_POINT('',(252.534244350407,108.150330552472,1.5));
#8310=CARTESIAN_POINT('Origin',(252.534244350407,108.650330552472,1.5));
#8311=CARTESIAN_POINT('',(273.755817225671,108.150330552472,1.5));
#8312=CARTESIAN_POINT('',(225.58792400685,108.150330552472,1.5));
#8313=CARTESIAN_POINT('',(274.109370616264,108.296777161879,1.5));
#8314=CARTESIAN_POINT('Origin',(273.755817225671,108.650330552472,1.5));
#8315=CARTESIAN_POINT('',(275.523584178622,109.710990724237,1.5));
#8316=CARTESIAN_POINT('',(238.207530788033,72.3949373336474,1.5));
#8317=CARTESIAN_POINT('',(276.584244350402,110.150330552458,1.5));
#8318=CARTESIAN_POINT('Origin',(276.584244350402,108.650330552457,1.5));
#8319=CARTESIAN_POINT('',(240.053742940551,110.150330552457,1.5));
#8320=CARTESIAN_POINT('',(108.612905788028,7.45033055247131,1.5));
#8321=CARTESIAN_POINT('Origin',(106.612905788027,7.45033055247131,1.5));
#8322=CARTESIAN_POINT('',(317.532530788032,7.45033055247495,1.5));
#8323=CARTESIAN_POINT('Origin',(315.532530788032,7.45033055247495,1.5));
#8324=CARTESIAN_POINT('',(131.795030788029,109.650330552472,1.5));
#8325=CARTESIAN_POINT('Origin',(129.795030788029,109.650330552472,1.5));
#8326=CARTESIAN_POINT('',(309.270030788028,109.650330552458,1.5));
#8327=CARTESIAN_POINT('Origin',(307.270030788028,109.650330552458,1.5));
#8328=CARTESIAN_POINT('',(278.432530788026,29.4753305524715,1.5));
#8329=CARTESIAN_POINT('',(277.932530788026,28.9753305524715,1.5));
#8330=CARTESIAN_POINT('Origin',(278.432530788026,28.9753305524715,1.5));
#8331=CARTESIAN_POINT('',(285.957530788033,29.4753305524747,1.5));
#8332=CARTESIAN_POINT('',(231.938780788037,29.4753305524517,1.5));
#8333=CARTESIAN_POINT('',(286.457530788033,28.9753305524747,1.5));
#8334=CARTESIAN_POINT('Origin',(285.957530788033,28.9753305524747,1.5));
#8335=CARTESIAN_POINT('',(286.457530788033,11.9253305524749,1.5));
#8336=CARTESIAN_POINT('',(286.457530788033,30.4753305524749,1.5));
#8337=CARTESIAN_POINT('',(287.957530788033,10.4253305524749,1.5));
#8338=CARTESIAN_POINT('Origin',(287.957530788033,11.9253305524749,1.5));
#8339=CARTESIAN_POINT('',(343.107530788028,10.4253305524749,1.5));
#8340=CARTESIAN_POINT('',(286.457530788033,10.4253305524749,1.5));
#8341=CARTESIAN_POINT('',(344.607530788028,11.9253305524749,1.5));
#8342=CARTESIAN_POINT('Origin',(343.107530788028,11.9253305524749,1.5));
#8343=CARTESIAN_POINT('',(344.607530788028,28.9753305524749,1.5));
#8344=CARTESIAN_POINT('',(344.607530788028,10.4253305524749,1.5));
#8345=CARTESIAN_POINT('',(343.107530788028,30.475330552475,1.5));
#8346=CARTESIAN_POINT('Origin',(343.107530788028,28.9753305524749,1.5));
#8347=CARTESIAN_POINT('',(326.057530788032,30.475330552475,1.5));
#8348=CARTESIAN_POINT('',(344.607530788028,30.475330552475,1.5));
#8349=CARTESIAN_POINT('',(325.557530788032,30.975330552475,1.5));
#8350=CARTESIAN_POINT('Origin',(326.057530788032,30.975330552475,1.5));
#8351=CARTESIAN_POINT('',(325.557530788032,48.0253305524706,1.5));
#8352=CARTESIAN_POINT('',(325.557530788032,30.475330552475,1.5));
#8353=CARTESIAN_POINT('',(324.057530788032,49.5253305524706,1.5));
#8354=CARTESIAN_POINT('Origin',(324.057530788032,48.0253305524706,1.5));
#8355=CARTESIAN_POINT('',(321.295030788028,49.5253305524706,1.5));
#8356=CARTESIAN_POINT('',(320.795030788028,49.5253305524706,1.5));
#8357=CARTESIAN_POINT('',(320.795030788028,50.0253305524706,1.5));
#8358=CARTESIAN_POINT('Origin',(321.295030788028,50.0253305524706,1.5));
#8359=CARTESIAN_POINT('',(320.795030788028,105.175330552458,1.5));
#8360=CARTESIAN_POINT('',(320.795030788028,106.675330552457,1.5));
#8361=CARTESIAN_POINT('',(319.295030788028,106.675330552458,1.5));
#8362=CARTESIAN_POINT('Origin',(319.295030788028,105.175330552458,1.5));
#8363=CARTESIAN_POINT('',(35.5450307880307,106.675330552472,1.5));
#8364=CARTESIAN_POINT('',(34.0450307880306,106.675330552472,1.5));
#8365=CARTESIAN_POINT('',(34.0450307880306,105.175330552472,1.5));
#8366=CARTESIAN_POINT('Origin',(35.5450307880306,105.175330552472,1.5));
#8367=CARTESIAN_POINT('',(34.0450307880292,11.9253305524713,1.5));
#8368=CARTESIAN_POINT('',(34.0450307880306,106.675330552472,1.5));
#8369=CARTESIAN_POINT('',(35.5450307880292,10.4253305524713,1.5));
#8370=CARTESIAN_POINT('Origin',(35.5450307880292,11.9253305524713,1.5));
#8371=CARTESIAN_POINT('',(276.432530788026,10.4253305524713,1.5));
#8372=CARTESIAN_POINT('',(34.0450307880292,10.4253305524713,1.5));
#8373=CARTESIAN_POINT('',(277.932530788026,11.9253305524713,1.5));
#8374=CARTESIAN_POINT('Origin',(276.432530788026,11.9253305524713,1.5));
#8375=CARTESIAN_POINT('',(277.932530788026,10.4253305524713,1.5));
#8376=CARTESIAN_POINT('',(23.7575307880306,31.3879305524715,1.5));
#8377=CARTESIAN_POINT('',(23.7575307880306,34.8879305524715,1.5));
#8378=CARTESIAN_POINT('',(23.7575307880307,44.9691305524718,1.5));
#8379=CARTESIAN_POINT('',(23.0075307880306,35.6379305524715,1.5));
#8380=CARTESIAN_POINT('Origin',(23.0075307880306,34.8879305524715,1.5));
#8381=CARTESIAN_POINT('',(17.5075307880306,35.6379305524715,1.5));
#8382=CARTESIAN_POINT('',(100.21378078803,35.6379305524716,1.5));
#8383=CARTESIAN_POINT('',(16.7575307880306,34.8879305524715,1.5));
#8384=CARTESIAN_POINT('Origin',(17.5075307880306,34.8879305524715,1.5));
#8385=CARTESIAN_POINT('',(16.7575307880306,31.3879305524715,1.5));
#8386=CARTESIAN_POINT('',(16.7575307880306,46.7191305524717,1.5));
#8387=CARTESIAN_POINT('',(17.5075307880306,30.6379305524715,1.5));
#8388=CARTESIAN_POINT('Origin',(17.5075307880306,31.3879305524715,1.5));
#8389=CARTESIAN_POINT('',(23.0075307880306,30.6379305524715,1.5));
#8390=CARTESIAN_POINT('',(97.4637807880299,30.6379305524715,1.5));
#8391=CARTESIAN_POINT('Origin',(23.0075307880306,31.3879305524715,1.5));
#8392=CARTESIAN_POINT('',(16.7575307880306,28.5441305524714,1.5));
#8393=CARTESIAN_POINT('',(16.7575307880306,25.0441305524714,1.5));
#8394=CARTESIAN_POINT('',(16.7575307880306,43.5472305524716,1.5));
#8395=CARTESIAN_POINT('',(17.5075307880306,24.2941305524714,1.5));
#8396=CARTESIAN_POINT('Origin',(17.5075307880306,25.0441305524714,1.5));
#8397=CARTESIAN_POINT('',(23.0075307880306,24.2941305524714,1.5));
#8398=CARTESIAN_POINT('',(97.4637807880299,24.2941305524714,1.5));
#8399=CARTESIAN_POINT('',(23.7575307880306,25.0441305524714,1.5));
#8400=CARTESIAN_POINT('Origin',(23.0075307880306,25.0441305524714,1.5));
#8401=CARTESIAN_POINT('',(23.7575307880306,28.5441305524714,1.5));
#8402=CARTESIAN_POINT('',(23.7575307880307,41.7972305524718,1.5));
#8403=CARTESIAN_POINT('',(23.0075307880306,29.2941305524714,1.5));
#8404=CARTESIAN_POINT('Origin',(23.0075307880306,28.5441305524714,1.5));
#8405=CARTESIAN_POINT('',(17.5075307880306,29.2941305524714,1.5));
#8406=CARTESIAN_POINT('',(100.21378078803,29.2941305524714,1.5));
#8407=CARTESIAN_POINT('Origin',(17.5075307880306,28.5441305524714,1.5));
#8408=CARTESIAN_POINT('',(17.5075307880306,17.9503305524713,1.5));
#8409=CARTESIAN_POINT('',(23.0075307880306,17.9503305524713,1.5));
#8410=CARTESIAN_POINT('',(97.4637807880299,17.9503305524714,1.5));
#8411=CARTESIAN_POINT('',(23.7575307880306,18.7003305524713,1.5));
#8412=CARTESIAN_POINT('Origin',(23.0075307880306,18.7003305524713,1.5));
#8413=CARTESIAN_POINT('',(23.7575307880306,22.2003305524713,1.5));
#8414=CARTESIAN_POINT('',(23.7575307880306,38.6253305524715,1.5));
#8415=CARTESIAN_POINT('',(23.0075307880306,22.9503305524713,1.5));
#8416=CARTESIAN_POINT('Origin',(23.0075307880306,22.2003305524713,1.5));
#8417=CARTESIAN_POINT('',(17.5075307880306,22.9503305524713,1.5));
#8418=CARTESIAN_POINT('',(100.21378078803,22.9503305524713,1.5));
#8419=CARTESIAN_POINT('',(16.7575307880306,22.2003305524713,1.5));
#8420=CARTESIAN_POINT('Origin',(17.5075307880306,22.2003305524713,1.5));
#8421=CARTESIAN_POINT('',(16.7575307880306,18.7003305524713,1.5));
#8422=CARTESIAN_POINT('',(16.7575307880307,40.3753305524716,1.5));
#8423=CARTESIAN_POINT('Origin',(17.5075307880306,18.7003305524713,1.5));
#8424=CARTESIAN_POINT('',(11.7325307880306,86.625330552472,1.5));
#8425=CARTESIAN_POINT('',(10.2325307880306,88.125330552472,1.5));
#8426=CARTESIAN_POINT('Origin',(11.7325307880306,88.125330552472,1.5));
#8427=CARTESIAN_POINT('',(28.7825307880306,86.625330552472,1.5));
#8428=CARTESIAN_POINT('',(30.2825307880306,86.625330552472,1.5));
#8429=CARTESIAN_POINT('',(30.2825307880306,88.125330552472,1.5));
#8430=CARTESIAN_POINT('Origin',(28.7825307880306,88.125330552472,1.5));
#8431=CARTESIAN_POINT('',(30.2825307880306,105.175330552472,1.5));
#8432=CARTESIAN_POINT('',(30.2825307880306,106.675330552472,1.5));
#8433=CARTESIAN_POINT('',(28.7825307880306,106.675330552472,1.5));
#8434=CARTESIAN_POINT('Origin',(28.7825307880306,105.175330552472,1.5));
#8435=CARTESIAN_POINT('',(11.7325307880306,106.675330552472,1.5));
#8436=CARTESIAN_POINT('',(10.2325307880306,106.675330552472,1.5));
#8437=CARTESIAN_POINT('',(10.2325307880306,105.175330552472,1.5));
#8438=CARTESIAN_POINT('Origin',(11.7325307880306,105.175330552472,1.5));
#8439=CARTESIAN_POINT('',(10.2325307880306,86.625330552472,1.5));
#8440=CARTESIAN_POINT('',(344.607530788028,69.0753305524764,1.5));
#8441=CARTESIAN_POINT('',(343.107530788028,67.5753305524764,1.5));
#8442=CARTESIAN_POINT('Origin',(343.107530788028,69.0753305524764,1.5));
#8443=CARTESIAN_POINT('',(344.607530788028,105.175330552472,1.5));
#8444=CARTESIAN_POINT('',(344.607530788028,106.675330552472,1.5));
#8445=CARTESIAN_POINT('',(343.107530788028,106.675330552472,1.5));
#8446=CARTESIAN_POINT('Origin',(343.107530788028,105.175330552472,1.5));
#8447=CARTESIAN_POINT('',(326.057530788028,106.675330552472,1.5));
#8448=CARTESIAN_POINT('',(324.557530788028,106.675330552472,1.5));
#8449=CARTESIAN_POINT('',(324.557530788028,105.175330552472,1.5));
#8450=CARTESIAN_POINT('Origin',(326.057530788028,105.175330552472,1.5));
#8451=CARTESIAN_POINT('',(324.557530788028,69.0753305524764,1.5));
#8452=CARTESIAN_POINT('',(324.557530788028,67.5753305524764,1.5));
#8453=CARTESIAN_POINT('',(326.057530788028,67.5753305524764,1.5));
#8454=CARTESIAN_POINT('Origin',(326.057530788028,69.0753305524764,1.5));
#8455=CARTESIAN_POINT('',(344.607530788028,67.5753305524764,1.5));
#8456=CARTESIAN_POINT('',(30.2825307880306,45.2628305524764,1.5));
#8457=CARTESIAN_POINT('',(28.7825307880306,43.7628305524764,1.5));
#8458=CARTESIAN_POINT('Origin',(28.7825307880306,45.2628305524764,1.5));
#8459=CARTESIAN_POINT('',(30.2825307880306,81.362830552472,1.5));
#8460=CARTESIAN_POINT('',(30.2825307880306,82.862830552472,1.5));
#8461=CARTESIAN_POINT('',(28.7825307880306,82.862830552472,1.5));
#8462=CARTESIAN_POINT('Origin',(28.7825307880306,81.362830552472,1.5));
#8463=CARTESIAN_POINT('',(11.7325307880306,82.862830552472,1.5));
#8464=CARTESIAN_POINT('',(10.2325307880306,82.862830552472,1.5));
#8465=CARTESIAN_POINT('',(10.2325307880306,81.362830552472,1.5));
#8466=CARTESIAN_POINT('Origin',(11.7325307880306,81.362830552472,1.5));
#8467=CARTESIAN_POINT('',(10.2325307880306,45.2628305524764,1.5));
#8468=CARTESIAN_POINT('',(10.2325307880306,43.7628305524764,1.5));
#8469=CARTESIAN_POINT('',(11.7325307880306,43.7628305524764,1.5));
#8470=CARTESIAN_POINT('Origin',(11.7325307880306,45.2628305524764,1.5));
#8471=CARTESIAN_POINT('',(30.2825307880306,43.7628305524764,1.5));
#8472=CARTESIAN_POINT('',(227.045030788029,109.650330552472,1.5));
#8473=CARTESIAN_POINT('Origin',(225.045030788029,109.650330552472,1.5));
#8474=CARTESIAN_POINT('',(49.5700307880306,109.650330552472,1.5));
#8475=CARTESIAN_POINT('Origin',(47.5700307880306,109.650330552472,1.5));
#8476=CARTESIAN_POINT('',(231.177155788028,7.45033055247131,1.5));
#8477=CARTESIAN_POINT('Origin',(229.177155788028,7.45033055247131,1.5));
#8478=CARTESIAN_POINT('Origin',(39.3075307880263,7.45033055247495,7.25));
#8479=CARTESIAN_POINT('',(40.3075307880263,7.45033055247495,7.5));
#8480=CARTESIAN_POINT('',(40.5575307880263,7.45033055247495,7.25));
#8481=CARTESIAN_POINT('Origin',(39.3075307880263,7.45033055247495,7.5));
#8482=CARTESIAN_POINT('Origin',(39.3075307880263,7.45033055247495,7.5));
#8483=CARTESIAN_POINT('Origin',(106.612905788027,7.45033055247131,1.75));
#8484=CARTESIAN_POINT('',(108.112905788027,7.45033055247131,2.));
#8485=CARTESIAN_POINT('',(108.362905788027,7.45033055247131,1.75));
#8486=CARTESIAN_POINT('Origin',(106.612905788027,7.45033055247131,2.));
#8487=CARTESIAN_POINT('Origin',(106.612905788027,7.45033055247131,1.5));
#8488=CARTESIAN_POINT('',(108.112905788027,7.45033055247131,7.));
#8489=CARTESIAN_POINT('',(108.112905788027,7.45033055247131,1.5));
#8490=CARTESIAN_POINT('Origin',(106.612905788027,7.45033055247131,7.));
#8491=CARTESIAN_POINT('Origin',(106.612905788027,7.45033055247131,7.25));
#8492=CARTESIAN_POINT('',(107.612905788027,7.45033055247131,7.5));
#8493=CARTESIAN_POINT('',(107.862905788027,7.45033055247131,7.25));
#8494=CARTESIAN_POINT('Origin',(106.612905788027,7.45033055247131,7.5));
#8495=CARTESIAN_POINT('Origin',(106.612905788027,7.45033055247131,7.5));
#8496=CARTESIAN_POINT('Origin',(229.177155788028,7.45033055247131,1.75));
#8497=CARTESIAN_POINT('',(230.677155788028,7.45033055247131,2.));
#8498=CARTESIAN_POINT('',(230.927155788028,7.45033055247131,1.75));
#8499=CARTESIAN_POINT('Origin',(229.177155788028,7.45033055247131,2.));
#8500=CARTESIAN_POINT('Origin',(229.177155788028,7.45033055247131,1.5));
#8501=CARTESIAN_POINT('',(230.677155788028,7.45033055247131,7.));
#8502=CARTESIAN_POINT('',(230.677155788028,7.45033055247131,1.5));
#8503=CARTESIAN_POINT('Origin',(229.177155788028,7.45033055247131,7.));
#8504=CARTESIAN_POINT('Origin',(229.177155788028,7.45033055247131,7.25));
#8505=CARTESIAN_POINT('',(230.177155788028,7.45033055247131,7.5));
#8506=CARTESIAN_POINT('',(230.427155788028,7.45033055247131,7.25));
#8507=CARTESIAN_POINT('Origin',(229.177155788028,7.45033055247131,7.5));
#8508=CARTESIAN_POINT('Origin',(229.177155788028,7.45033055247131,7.5));
#8509=CARTESIAN_POINT('Origin',(315.532530788032,7.45033055247495,1.75));
#8510=CARTESIAN_POINT('',(317.032530788032,7.45033055247495,2.));
#8511=CARTESIAN_POINT('',(317.282530788032,7.45033055247495,1.75));
#8512=CARTESIAN_POINT('Origin',(315.532530788032,7.45033055247495,2.));
#8513=CARTESIAN_POINT('Origin',(315.532530788032,7.45033055247495,1.5));
#8514=CARTESIAN_POINT('',(317.032530788032,7.45033055247495,7.));
#8515=CARTESIAN_POINT('',(317.032530788032,7.45033055247495,1.5));
#8516=CARTESIAN_POINT('Origin',(315.532530788032,7.45033055247495,7.));
#8517=CARTESIAN_POINT('Origin',(315.532530788032,7.45033055247495,7.25));
#8518=CARTESIAN_POINT('',(316.532530788032,7.45033055247495,7.5));
#8519=CARTESIAN_POINT('',(316.782530788032,7.45033055247495,7.25));
#8520=CARTESIAN_POINT('Origin',(315.532530788032,7.45033055247495,7.5));
#8521=CARTESIAN_POINT('Origin',(315.532530788032,7.45033055247495,7.5));
#8522=CARTESIAN_POINT('Origin',(47.5700307880306,109.650330552472,1.75));
#8523=CARTESIAN_POINT('',(49.0700307880306,109.650330552472,2.));
#8524=CARTESIAN_POINT('',(49.3200307880306,109.650330552472,1.75));
#8525=CARTESIAN_POINT('Origin',(47.5700307880306,109.650330552472,2.));
#8526=CARTESIAN_POINT('Origin',(47.5700307880306,109.650330552472,1.5));
#8527=CARTESIAN_POINT('',(49.0700307880306,109.650330552472,7.));
#8528=CARTESIAN_POINT('',(49.0700307880306,109.650330552472,1.5));
#8529=CARTESIAN_POINT('Origin',(47.5700307880306,109.650330552472,7.));
#8530=CARTESIAN_POINT('Origin',(47.5700307880306,109.650330552472,7.25));
#8531=CARTESIAN_POINT('',(48.5700307880306,109.650330552472,7.5));
#8532=CARTESIAN_POINT('',(48.8200307880306,109.650330552472,7.25));
#8533=CARTESIAN_POINT('Origin',(47.5700307880306,109.650330552472,7.5));
#8534=CARTESIAN_POINT('Origin',(47.5700307880306,109.650330552472,7.5));
#8535=CARTESIAN_POINT('Origin',(129.795030788029,109.650330552472,1.75));
#8536=CARTESIAN_POINT('',(131.295030788029,109.650330552472,2.));
#8537=CARTESIAN_POINT('',(131.545030788029,109.650330552472,1.75));
#8538=CARTESIAN_POINT('Origin',(129.795030788029,109.650330552472,2.));
#8539=CARTESIAN_POINT('Origin',(129.795030788029,109.650330552472,1.5));
#8540=CARTESIAN_POINT('',(131.295030788029,109.650330552472,7.));
#8541=CARTESIAN_POINT('',(131.295030788029,109.650330552472,1.5));
#8542=CARTESIAN_POINT('Origin',(129.795030788029,109.650330552472,7.));
#8543=CARTESIAN_POINT('Origin',(129.795030788029,109.650330552472,7.25));
#8544=CARTESIAN_POINT('',(130.795030788029,109.650330552472,7.5));
#8545=CARTESIAN_POINT('',(131.045030788029,109.650330552472,7.25));
#8546=CARTESIAN_POINT('Origin',(129.795030788029,109.650330552472,7.5));
#8547=CARTESIAN_POINT('Origin',(129.795030788029,109.650330552472,7.5));
#8548=CARTESIAN_POINT('Origin',(225.045030788029,109.650330552472,1.75));
#8549=CARTESIAN_POINT('',(226.545030788029,109.650330552472,2.));
#8550=CARTESIAN_POINT('',(226.795030788029,109.650330552472,1.75));
#8551=CARTESIAN_POINT('Origin',(225.045030788029,109.650330552472,2.));
#8552=CARTESIAN_POINT('Origin',(225.045030788029,109.650330552472,1.5));
#8553=CARTESIAN_POINT('',(226.545030788029,109.650330552472,7.));
#8554=CARTESIAN_POINT('',(226.545030788029,109.650330552472,1.5));
#8555=CARTESIAN_POINT('Origin',(225.045030788029,109.650330552472,7.));
#8556=CARTESIAN_POINT('Origin',(225.045030788029,109.650330552472,7.25));
#8557=CARTESIAN_POINT('',(226.045030788029,109.650330552472,7.5));
#8558=CARTESIAN_POINT('',(226.295030788029,109.650330552472,7.25));
#8559=CARTESIAN_POINT('Origin',(225.045030788029,109.650330552472,7.5));
#8560=CARTESIAN_POINT('Origin',(225.045030788029,109.650330552472,7.5));
#8561=CARTESIAN_POINT('Origin',(307.270030788028,109.650330552458,1.75));
#8562=CARTESIAN_POINT('',(308.770030788028,109.650330552458,2.));
#8563=CARTESIAN_POINT('',(309.020030788028,109.650330552458,1.75));
#8564=CARTESIAN_POINT('Origin',(307.270030788028,109.650330552458,2.));
#8565=CARTESIAN_POINT('Origin',(307.270030788028,109.650330552458,1.5));
#8566=CARTESIAN_POINT('',(308.770030788028,109.650330552458,7.));
#8567=CARTESIAN_POINT('',(308.770030788028,109.650330552458,1.5));
#8568=CARTESIAN_POINT('Origin',(307.270030788028,109.650330552458,7.));
#8569=CARTESIAN_POINT('Origin',(307.270030788028,109.650330552458,7.25));
#8570=CARTESIAN_POINT('',(308.270030788028,109.650330552458,7.5));
#8571=CARTESIAN_POINT('',(308.520030788028,109.650330552458,7.25));
#8572=CARTESIAN_POINT('Origin',(307.270030788028,109.650330552458,7.5));
#8573=CARTESIAN_POINT('Origin',(307.270030788028,109.650330552458,7.5));
#8574=CARTESIAN_POINT('Origin',(344.107530788029,49.025330552472,8.5));
#8575=CARTESIAN_POINT('',(347.179944581131,62.17106269199,8.));
#8576=CARTESIAN_POINT('',(347.407530788028,63.1448206282506,9.));
#8577=CARTESIAN_POINT('',(347.179944581131,62.17106269199,8.));
#8578=CARTESIAN_POINT('',(347.407530788028,34.9058404766934,9.));
#8579=CARTESIAN_POINT('Origin',(344.107530788029,49.025330552472,9.));
#8580=CARTESIAN_POINT('',(347.179944581131,35.879598412954,8.));
#8581=CARTESIAN_POINT('',(347.407530788028,34.9058404766934,9.));
#8582=CARTESIAN_POINT('Origin',(344.107530788029,49.025330552472,8.));
#8583=CARTESIAN_POINT('Origin',(262.913780788028,114.775330552472,8.5));
#8584=CARTESIAN_POINT('',(8.93253078803063,115.275330552472,8.));
#8585=CARTESIAN_POINT('',(8.93253078803063,114.275330552472,9.));
#8586=CARTESIAN_POINT('',(8.93253078803063,115.275330552472,8.));
#8587=CARTESIAN_POINT('',(345.907530788028,114.275330552472,9.));
#8588=CARTESIAN_POINT('',(262.913780788028,114.275330552472,9.));
#8589=CARTESIAN_POINT('',(345.907530788028,115.275330552472,8.));
#8590=CARTESIAN_POINT('',(345.907530788028,114.275330552472,9.));
#8591=CARTESIAN_POINT('',(262.913780788028,115.275330552472,8.));
#8592=CARTESIAN_POINT('Origin',(8.93253078803063,112.775330552472,8.5));
#8593=CARTESIAN_POINT('',(6.43253078803063,112.775330552472,8.));
#8594=CARTESIAN_POINT('Origin',(8.93253078803063,112.775330552472,8.));
#8595=CARTESIAN_POINT('',(7.43253078803063,112.775330552472,9.));
#8596=CARTESIAN_POINT('',(6.43253078803063,112.775330552472,8.));
#8597=CARTESIAN_POINT('Origin',(8.93253078803063,112.775330552472,9.));
#8598=CARTESIAN_POINT('Origin',(6.93253078803063,86.9128305524718,8.5));
#8599=CARTESIAN_POINT('',(6.43253078803063,4.32533055247132,8.));
#8600=CARTESIAN_POINT('',(7.43253078803063,4.32533055247131,9.));
#8601=CARTESIAN_POINT('',(6.43253078803063,4.32533055247132,8.));
#8602=CARTESIAN_POINT('',(7.43253078803063,86.9128305524718,9.));
#8603=CARTESIAN_POINT('',(6.43253078803063,86.9128305524718,8.));
#8604=CARTESIAN_POINT('Origin',(8.93253078803063,4.32533055247132,8.5));
#8605=CARTESIAN_POINT('',(8.93253078803063,1.82533055247131,8.));
#8606=CARTESIAN_POINT('Origin',(8.93253078803063,4.32533055247132,8.));
#8607=CARTESIAN_POINT('',(8.93253078803063,2.82533055247132,9.));
#8608=CARTESIAN_POINT('',(8.93253078803063,1.82533055247131,8.));
#8609=CARTESIAN_POINT('Origin',(8.93253078803063,4.32533055247132,9.));
#8610=CARTESIAN_POINT('Origin',(91.9262807880299,2.32533055247132,8.5));
#8611=CARTESIAN_POINT('',(345.907530788028,1.82533055247131,8.));
#8612=CARTESIAN_POINT('',(345.907530788028,2.82533055247132,9.));
#8613=CARTESIAN_POINT('',(345.907530788028,1.82533055247131,8.));
#8614=CARTESIAN_POINT('',(91.9262807880299,2.82533055247132,9.));
#8615=CARTESIAN_POINT('',(91.9262807880299,1.82533055247131,8.));
#8616=CARTESIAN_POINT('Origin',(345.907530788028,4.32533055247132,8.5));
#8617=CARTESIAN_POINT('',(348.407530788028,4.32533055247132,8.));
#8618=CARTESIAN_POINT('Origin',(345.907530788028,4.32533055247132,8.));
#8619=CARTESIAN_POINT('',(347.407530788028,4.32533055247132,9.));
#8620=CARTESIAN_POINT('',(348.407530788028,4.32533055247132,8.));
#8621=CARTESIAN_POINT('Origin',(345.907530788028,4.32533055247132,9.));
#8622=CARTESIAN_POINT('Origin',(347.907530788028,30.1878305524715,8.5));
#8623=CARTESIAN_POINT('',(348.407530788028,34.9058404766934,8.));
#8624=CARTESIAN_POINT('',(348.407530788028,34.9058404766934,8.));
#8625=CARTESIAN_POINT('',(347.407530788028,30.1878305524715,9.));
#8626=CARTESIAN_POINT('',(348.407530788028,30.1878305524715,8.));
#8627=CARTESIAN_POINT('Origin',(347.907530788028,60.1862678616907,8.5));
#8628=CARTESIAN_POINT('',(348.407530788028,112.775330552472,8.));
#8629=CARTESIAN_POINT('',(347.407530788028,112.775330552472,9.));
#8630=CARTESIAN_POINT('',(348.407530788028,112.775330552472,8.));
#8631=CARTESIAN_POINT('',(347.407530788028,60.1862678616907,9.));
#8632=CARTESIAN_POINT('',(348.407530788028,63.1448206282506,8.));
#8633=CARTESIAN_POINT('',(347.407530788028,63.1448206282506,9.));
#8634=CARTESIAN_POINT('',(348.407530788028,60.1862678616907,8.));
#8635=CARTESIAN_POINT('Origin',(345.907530788028,112.775330552472,8.5));
#8636=CARTESIAN_POINT('Origin',(345.907530788028,112.775330552472,8.));
#8637=CARTESIAN_POINT('Origin',(345.907530788028,112.775330552472,9.));
#8638=CARTESIAN_POINT('Origin',(347.407530788028,34.9058404766934,8.));
#8639=CARTESIAN_POINT('Origin',(347.407530788028,34.9058404766934,8.));
#8640=CARTESIAN_POINT('Origin',(347.407530788028,63.1448206282506,8.));
#8641=CARTESIAN_POINT('Origin',(347.407530788028,63.1448206282506,8.));
#8642=CARTESIAN_POINT('Origin',(8.93253078803063,4.32533055247132,1.5));
#8643=CARTESIAN_POINT('',(6.43253078803063,4.32533055247131,-1.));
#8644=CARTESIAN_POINT('',(6.43253078803063,4.32533055247132,1.5));
#8645=CARTESIAN_POINT('',(8.93253078803063,1.82533055247131,-1.));
#8646=CARTESIAN_POINT('Origin',(8.93253078803063,4.32533055247132,-1.));
#8647=CARTESIAN_POINT('',(8.93253078803063,1.82533055247131,1.5));
#8648=CARTESIAN_POINT('Origin',(6.43253078803063,115.275330552472,1.5));
#8649=CARTESIAN_POINT('',(6.43253078803063,112.775330552472,-1.));
#8650=CARTESIAN_POINT('',(6.43253078803063,112.775330552472,1.5));
#8651=CARTESIAN_POINT('',(6.43253078803063,115.275330552472,-1.));
#8652=CARTESIAN_POINT('Origin',(8.93253078803063,112.775330552472,1.5));
#8653=CARTESIAN_POINT('',(8.93253078803063,115.275330552472,-1.));
#8654=CARTESIAN_POINT('',(8.93253078803063,115.275330552472,1.5));
#8655=CARTESIAN_POINT('Origin',(8.93253078803063,112.775330552472,-1.));
#8656=CARTESIAN_POINT('Origin',(348.407530788028,115.275330552472,1.5));
#8657=CARTESIAN_POINT('',(345.907530788028,115.275330552472,-1.));
#8658=CARTESIAN_POINT('',(345.907530788028,115.275330552472,1.5));
#8659=CARTESIAN_POINT('',(6.43253078803063,115.275330552472,-1.));
#8660=CARTESIAN_POINT('Origin',(345.907530788028,112.775330552472,1.5));
#8661=CARTESIAN_POINT('',(348.407530788028,112.775330552472,-1.));
#8662=CARTESIAN_POINT('',(348.407530788028,112.775330552472,1.5));
#8663=CARTESIAN_POINT('Origin',(345.907530788028,112.775330552472,-1.));
#8664=CARTESIAN_POINT('Origin',(348.407530788028,61.8222051709096,1.5));
#8665=CARTESIAN_POINT('',(348.407530788028,63.1448206282506,-1.));
#8666=CARTESIAN_POINT('',(348.407530788028,63.1448206282506,1.5));
#8667=CARTESIAN_POINT('',(348.407530788028,61.8222051709096,-1.));
#8668=CARTESIAN_POINT('Origin',(177.420030788029,58.5503305524717,9.));
#8669=CARTESIAN_POINT('',(343.107530788028,107.175330552472,9.));
#8670=CARTESIAN_POINT('',(326.057530788028,107.175330552472,9.));
#8671=CARTESIAN_POINT('',(250.988780788028,107.175330552472,9.));
#8672=CARTESIAN_POINT('',(345.107530788028,105.175330552472,9.));
#8673=CARTESIAN_POINT('Origin',(343.107530788028,105.175330552472,9.));
#8674=CARTESIAN_POINT('',(345.107530788028,69.0753305524764,9.));
#8675=CARTESIAN_POINT('',(345.107530788028,82.6128305524718,9.));
#8676=CARTESIAN_POINT('',(343.107530788028,67.0753305524764,9.));
#8677=CARTESIAN_POINT('Origin',(343.107530788028,69.0753305524764,9.));
#8678=CARTESIAN_POINT('',(326.057530788028,67.0753305524764,9.));
#8679=CARTESIAN_POINT('',(261.013780788028,67.0753305524764,9.));
#8680=CARTESIAN_POINT('',(324.057530788028,69.0753305524764,9.));
#8681=CARTESIAN_POINT('Origin',(326.057530788028,69.0753305524764,9.));
#8682=CARTESIAN_POINT('',(324.057530788028,105.175330552472,9.));
#8683=CARTESIAN_POINT('',(324.057530788028,63.062830552474,9.));
#8684=CARTESIAN_POINT('Origin',(326.057530788028,105.175330552472,9.));
#8685=CARTESIAN_POINT('',(22.3575307880306,26.7941305524714,9.));
#8686=CARTESIAN_POINT('Origin',(20.2575307880306,26.7941305524714,9.));
#8687=CARTESIAN_POINT('',(28.7825307880306,83.362830552472,9.));
#8688=CARTESIAN_POINT('',(11.7325307880306,83.362830552472,9.));
#8689=CARTESIAN_POINT('',(93.8262807880299,83.362830552472,9.));
#8690=CARTESIAN_POINT('',(30.7825307880306,81.362830552472,9.));
#8691=CARTESIAN_POINT('Origin',(28.7825307880306,81.362830552472,9.));
#8692=CARTESIAN_POINT('',(30.7825307880306,45.2628305524764,9.));
#8693=CARTESIAN_POINT('',(30.7825307880306,70.7065805524718,9.));
#8694=CARTESIAN_POINT('',(28.7825307880306,43.2628305524764,9.));
#8695=CARTESIAN_POINT('Origin',(28.7825307880306,45.2628305524764,9.));
#8696=CARTESIAN_POINT('',(11.7325307880306,43.2628305524764,9.));
#8697=CARTESIAN_POINT('',(103.85128078803,43.2628305524764,9.));
#8698=CARTESIAN_POINT('',(9.73253078803063,45.2628305524764,9.));
#8699=CARTESIAN_POINT('Origin',(11.7325307880306,45.2628305524764,9.));
#8700=CARTESIAN_POINT('',(9.73253078803063,81.362830552472,9.));
#8701=CARTESIAN_POINT('',(9.73253078803063,51.156580552474,9.));
#8702=CARTESIAN_POINT('Origin',(11.7325307880306,81.362830552472,9.));
#8703=CARTESIAN_POINT('',(28.7825307880306,107.175330552472,9.));
#8704=CARTESIAN_POINT('',(11.7325307880306,107.175330552472,9.));
#8705=CARTESIAN_POINT('',(93.8262807880299,107.175330552472,9.));
#8706=CARTESIAN_POINT('',(30.7825307880306,105.175330552472,9.));
#8707=CARTESIAN_POINT('Origin',(28.7825307880306,105.175330552472,9.));
#8708=CARTESIAN_POINT('',(30.7825307880306,88.125330552472,9.));
#8709=CARTESIAN_POINT('',(30.7825307880306,82.6128305524718,9.));
#8710=CARTESIAN_POINT('',(28.7825307880306,86.125330552472,9.));
#8711=CARTESIAN_POINT('Origin',(28.7825307880306,88.125330552472,9.));
#8712=CARTESIAN_POINT('',(11.7325307880306,86.125330552472,9.));
#8713=CARTESIAN_POINT('',(103.85128078803,86.125330552472,9.));
#8714=CARTESIAN_POINT('',(9.73253078803063,88.125330552472,9.));
#8715=CARTESIAN_POINT('Origin',(11.7325307880306,88.125330552472,9.));
#8716=CARTESIAN_POINT('',(9.73253078803063,105.175330552472,9.));
#8717=CARTESIAN_POINT('',(9.73253078803063,72.5878305524718,9.));
#8718=CARTESIAN_POINT('Origin',(11.7325307880306,105.175330552472,9.));
#8719=CARTESIAN_POINT('',(319.295030788028,107.175330552458,9.));
#8720=CARTESIAN_POINT('',(35.5450307880307,107.175330552472,9.));
#8721=CARTESIAN_POINT('',(105.732530788031,107.175330552468,9.));
#8722=CARTESIAN_POINT('',(321.295030788028,105.175330552458,9.));
#8723=CARTESIAN_POINT('Origin',(319.295030788028,105.175330552458,9.));
#8724=CARTESIAN_POINT('',(321.295030788028,50.0253305524706,9.));
#8725=CARTESIAN_POINT('',(321.295030788028,82.6128305524646,9.));
#8726=CARTESIAN_POINT('',(324.057530788032,50.0253305524706,9.));
#8727=CARTESIAN_POINT('',(249.107530788028,50.0253305524706,9.));
#8728=CARTESIAN_POINT('',(326.057530788032,48.0253305524706,9.));
#8729=CARTESIAN_POINT('Origin',(324.057530788032,48.0253305524706,9.));
#8730=CARTESIAN_POINT('',(326.057530788032,30.975330552475,9.));
#8731=CARTESIAN_POINT('',(326.057530788032,54.0378305524711,9.));
#8732=CARTESIAN_POINT('',(343.107530788028,30.975330552475,9.));
#8733=CARTESIAN_POINT('',(251.488780788031,30.975330552475,9.));
#8734=CARTESIAN_POINT('',(345.107530788028,28.9753305524749,9.));
#8735=CARTESIAN_POINT('Origin',(343.107530788028,28.9753305524749,9.));
#8736=CARTESIAN_POINT('',(345.107530788028,11.9253305524749,9.));
#8737=CARTESIAN_POINT('',(345.107530788028,44.5128305524733,9.));
#8738=CARTESIAN_POINT('',(343.107530788028,9.92533055247491,9.));
#8739=CARTESIAN_POINT('Origin',(343.107530788028,11.9253305524749,9.));
#8740=CARTESIAN_POINT('',(287.957530788033,9.92533055247492,9.));
#8741=CARTESIAN_POINT('',(261.013780788028,9.92533055247491,9.));
#8742=CARTESIAN_POINT('',(285.957530788033,11.9253305524749,9.));
#8743=CARTESIAN_POINT('Origin',(287.957530788033,11.9253305524749,9.));
#8744=CARTESIAN_POINT('',(285.957530788033,28.9753305524747,9.));
#8745=CARTESIAN_POINT('',(285.957530788033,34.4878305524733,9.));
#8746=CARTESIAN_POINT('',(278.432530788026,28.9753305524715,9.));
#8747=CARTESIAN_POINT('',(231.938780788038,28.9753305524517,9.));
#8748=CARTESIAN_POINT('',(278.432530788026,11.9253305524713,9.));
#8749=CARTESIAN_POINT('',(278.432530788026,44.5128305524715,9.));
#8750=CARTESIAN_POINT('',(276.432530788026,9.9253305524713,9.));
#8751=CARTESIAN_POINT('Origin',(276.432530788026,11.9253305524713,9.));
#8752=CARTESIAN_POINT('',(35.5450307880292,9.92533055247131,9.));
#8753=CARTESIAN_POINT('',(227.676280788028,9.92533055247131,9.));
#8754=CARTESIAN_POINT('',(33.5450307880292,11.9253305524713,9.));
#8755=CARTESIAN_POINT('Origin',(35.5450307880292,11.9253305524713,9.));
#8756=CARTESIAN_POINT('',(33.5450307880306,105.175330552472,9.));
#8757=CARTESIAN_POINT('',(33.5450307880296,34.4878305524726,9.));
#8758=CARTESIAN_POINT('Origin',(35.5450307880306,105.175330552472,9.));
#8759=CARTESIAN_POINT('',(22.3575307880306,33.1379305524715,9.));
#8760=CARTESIAN_POINT('Origin',(20.2575307880306,33.1379305524715,9.));
#8761=CARTESIAN_POINT('',(22.3575307880306,20.4503305524713,9.));
#8762=CARTESIAN_POINT('Origin',(20.2575307880306,20.4503305524713,9.));
#8763=CARTESIAN_POINT('Origin',(250.988780788028,106.925330552472,8.75));
#8764=CARTESIAN_POINT('',(343.107530788028,106.675330552472,8.5));
#8765=CARTESIAN_POINT('',(343.107530788028,106.675330552472,8.5));
#8766=CARTESIAN_POINT('',(326.057530788028,106.675330552472,8.5));
#8767=CARTESIAN_POINT('',(326.057530788028,107.175330552472,9.));
#8768=CARTESIAN_POINT('',(250.988780788028,106.675330552472,8.5));
#8769=CARTESIAN_POINT('Origin',(343.107530788028,105.175330552472,8.75));
#8770=CARTESIAN_POINT('',(344.607530788028,105.175330552472,8.5));
#8771=CARTESIAN_POINT('Origin',(343.107530788028,105.175330552472,8.5));
#8772=CARTESIAN_POINT('',(344.607530788028,105.175330552472,8.5));
#8773=CARTESIAN_POINT('Origin',(344.857530788028,82.6128305524718,8.75));
#8774=CARTESIAN_POINT('',(344.607530788028,69.0753305524764,8.5));
#8775=CARTESIAN_POINT('',(344.607530788028,69.0753305524764,8.5));
#8776=CARTESIAN_POINT('',(344.607530788028,82.6128305524718,8.5));
#8777=CARTESIAN_POINT('Origin',(343.107530788028,69.0753305524764,8.75));
#8778=CARTESIAN_POINT('',(343.107530788028,67.5753305524764,8.5));
#8779=CARTESIAN_POINT('Origin',(343.107530788028,69.0753305524764,8.5));
#8780=CARTESIAN_POINT('',(343.107530788028,67.5753305524764,8.5));
#8781=CARTESIAN_POINT('Origin',(261.013780788028,67.3253305524764,8.75));
#8782=CARTESIAN_POINT('',(326.057530788028,67.5753305524764,8.5));
#8783=CARTESIAN_POINT('',(326.057530788028,67.5753305524764,8.5));
#8784=CARTESIAN_POINT('',(261.013780788028,67.5753305524764,8.5));
#8785=CARTESIAN_POINT('Origin',(326.057530788028,69.0753305524764,8.75));
#8786=CARTESIAN_POINT('',(324.557530788028,69.0753305524764,8.5));
#8787=CARTESIAN_POINT('Origin',(326.057530788028,69.0753305524764,8.5));
#8788=CARTESIAN_POINT('',(324.557530788028,69.0753305524764,8.5));
#8789=CARTESIAN_POINT('Origin',(324.307530788028,63.062830552474,8.75));
#8790=CARTESIAN_POINT('',(324.557530788028,105.175330552472,8.5));
#8791=CARTESIAN_POINT('',(324.557530788028,105.175330552472,8.5));
#8792=CARTESIAN_POINT('',(324.557530788028,63.062830552474,8.5));
#8793=CARTESIAN_POINT('Origin',(326.057530788028,105.175330552472,8.75));
#8794=CARTESIAN_POINT('Origin',(326.057530788028,105.175330552472,8.5));
#8795=CARTESIAN_POINT('Origin',(343.107530788028,69.0753305524764,1.5));
#8796=CARTESIAN_POINT('',(344.607530788028,69.0753305524764,1.5));
#8797=CARTESIAN_POINT('',(343.107530788028,67.5753305524764,1.5));
#8798=CARTESIAN_POINT('Origin',(344.607530788028,106.675330552472,1.5));
#8799=CARTESIAN_POINT('',(344.607530788028,105.175330552472,1.5));
#8800=CARTESIAN_POINT('Origin',(343.107530788028,105.175330552472,1.5));
#8801=CARTESIAN_POINT('',(343.107530788028,106.675330552472,1.5));
#8802=CARTESIAN_POINT('Origin',(324.557530788028,106.675330552472,1.5));
#8803=CARTESIAN_POINT('',(326.057530788028,106.675330552472,1.5));
#8804=CARTESIAN_POINT('Origin',(20.2575307880306,20.4503305524713,8.75));
#8805=CARTESIAN_POINT('',(21.8575307880306,20.4503305524713,8.5));
#8806=CARTESIAN_POINT('',(22.1075307880306,20.4503305524713,8.75));
#8807=CARTESIAN_POINT('Origin',(20.2575307880306,20.4503305524713,8.5));
#8808=CARTESIAN_POINT('Origin',(20.2575307880306,20.4503305524713,1.5));
#8809=CARTESIAN_POINT('',(21.8575307880306,20.4503305524713,6.));
#8810=CARTESIAN_POINT('',(21.8575307880306,20.4503305524713,1.5));
#8811=CARTESIAN_POINT('Origin',(20.2575307880306,20.4503305524713,6.));
#8812=CARTESIAN_POINT('Origin',(20.2575307880306,26.7941305524714,8.75));
#8813=CARTESIAN_POINT('',(21.8575307880306,26.7941305524714,8.5));
#8814=CARTESIAN_POINT('',(22.1075307880306,26.7941305524714,8.75));
#8815=CARTESIAN_POINT('Origin',(20.2575307880306,26.7941305524714,8.5));
#8816=CARTESIAN_POINT('Origin',(20.2575307880306,26.7941305524714,1.5));
#8817=CARTESIAN_POINT('',(21.8575307880306,26.7941305524714,6.));
#8818=CARTESIAN_POINT('',(21.8575307880306,26.7941305524714,1.5));
#8819=CARTESIAN_POINT('Origin',(20.2575307880306,26.7941305524714,6.));
#8820=CARTESIAN_POINT('Origin',(20.2575307880306,33.1379305524715,8.75));
#8821=CARTESIAN_POINT('',(21.8575307880306,33.1379305524715,8.5));
#8822=CARTESIAN_POINT('',(22.1075307880306,33.1379305524715,8.75));
#8823=CARTESIAN_POINT('Origin',(20.2575307880306,33.1379305524715,8.5));
#8824=CARTESIAN_POINT('Origin',(20.2575307880306,33.1379305524715,1.5));
#8825=CARTESIAN_POINT('',(21.8575307880306,33.1379305524715,6.));
#8826=CARTESIAN_POINT('',(21.8575307880306,33.1379305524715,1.5));
#8827=CARTESIAN_POINT('Origin',(20.2575307880306,33.1379305524715,6.));
#8828=CARTESIAN_POINT('Origin',(93.8262807880299,83.112830552472,8.75));
#8829=CARTESIAN_POINT('',(28.7825307880306,82.862830552472,8.5));
#8830=CARTESIAN_POINT('',(28.7825307880306,82.862830552472,8.5));
#8831=CARTESIAN_POINT('',(11.7325307880306,82.862830552472,8.5));
#8832=CARTESIAN_POINT('',(11.7325307880306,83.362830552472,9.));
#8833=CARTESIAN_POINT('',(93.8262807880299,82.862830552472,8.5));
#8834=CARTESIAN_POINT('Origin',(28.7825307880306,81.362830552472,8.75));
#8835=CARTESIAN_POINT('',(30.2825307880306,81.362830552472,8.5));
#8836=CARTESIAN_POINT('Origin',(28.7825307880306,81.362830552472,8.5));
#8837=CARTESIAN_POINT('',(30.2825307880306,81.362830552472,8.5));
#8838=CARTESIAN_POINT('Origin',(30.5325307880306,70.7065805524718,8.75));
#8839=CARTESIAN_POINT('',(30.2825307880306,45.2628305524764,8.5));
#8840=CARTESIAN_POINT('',(30.2825307880306,45.2628305524764,8.5));
#8841=CARTESIAN_POINT('',(30.2825307880306,70.7065805524718,8.5));
#8842=CARTESIAN_POINT('Origin',(28.7825307880306,45.2628305524764,8.75));
#8843=CARTESIAN_POINT('',(28.7825307880306,43.7628305524764,8.5));
#8844=CARTESIAN_POINT('Origin',(28.7825307880306,45.2628305524764,8.5));
#8845=CARTESIAN_POINT('',(28.7825307880306,43.7628305524764,8.5));
#8846=CARTESIAN_POINT('Origin',(103.85128078803,43.5128305524764,8.75));
#8847=CARTESIAN_POINT('',(11.7325307880306,43.7628305524764,8.5));
#8848=CARTESIAN_POINT('',(11.7325307880306,43.7628305524764,8.5));
#8849=CARTESIAN_POINT('',(103.85128078803,43.7628305524764,8.5));
#8850=CARTESIAN_POINT('Origin',(11.7325307880306,45.2628305524764,8.75));
#8851=CARTESIAN_POINT('',(10.2325307880306,45.2628305524764,8.5));
#8852=CARTESIAN_POINT('Origin',(11.7325307880306,45.2628305524764,8.5));
#8853=CARTESIAN_POINT('',(10.2325307880306,45.2628305524764,8.5));
#8854=CARTESIAN_POINT('Origin',(9.98253078803063,51.156580552474,8.75));
#8855=CARTESIAN_POINT('',(10.2325307880306,81.362830552472,8.5));
#8856=CARTESIAN_POINT('',(10.2325307880306,81.362830552472,8.5));
#8857=CARTESIAN_POINT('',(10.2325307880306,51.156580552474,8.5));
#8858=CARTESIAN_POINT('Origin',(11.7325307880306,81.362830552472,8.75));
#8859=CARTESIAN_POINT('Origin',(11.7325307880306,81.362830552472,8.5));
#8860=CARTESIAN_POINT('Origin',(28.7825307880306,45.2628305524764,1.5));
#8861=CARTESIAN_POINT('',(30.2825307880306,45.2628305524764,1.5));
#8862=CARTESIAN_POINT('',(28.7825307880306,43.7628305524764,1.5));
#8863=CARTESIAN_POINT('Origin',(30.2825307880306,82.862830552472,1.5));
#8864=CARTESIAN_POINT('',(30.2825307880306,81.362830552472,1.5));
#8865=CARTESIAN_POINT('Origin',(28.7825307880306,81.362830552472,1.5));
#8866=CARTESIAN_POINT('',(28.7825307880306,82.862830552472,1.5));
#8867=CARTESIAN_POINT('Origin',(10.2325307880306,82.862830552472,1.5));
#8868=CARTESIAN_POINT('',(11.7325307880306,82.862830552472,1.5));
#8869=CARTESIAN_POINT('Origin',(231.938780788037,29.2253305524517,8.75));
#8870=CARTESIAN_POINT('',(278.432530788026,29.4753305524715,8.5));
#8871=CARTESIAN_POINT('',(278.432530788026,29.4753305524715,8.5));
#8872=CARTESIAN_POINT('',(285.957530788033,29.4753305524747,8.5));
#8873=CARTESIAN_POINT('',(285.957530788033,28.9753305524747,9.));
#8874=CARTESIAN_POINT('',(231.938780788037,29.4753305524517,8.5));
#8875=CARTESIAN_POINT('Origin',(251.488780788031,30.725330552475,8.75));
#8876=CARTESIAN_POINT('',(343.107530788028,30.475330552475,8.5));
#8877=CARTESIAN_POINT('',(343.107530788028,30.475330552475,8.5));
#8878=CARTESIAN_POINT('',(326.057530788032,30.475330552475,8.5));
#8879=CARTESIAN_POINT('',(326.057530788032,30.975330552475,9.));
#8880=CARTESIAN_POINT('',(251.488780788031,30.475330552475,8.5));
#8881=CARTESIAN_POINT('Origin',(343.107530788028,28.9753305524749,8.75));
#8882=CARTESIAN_POINT('',(344.607530788028,28.9753305524749,8.5));
#8883=CARTESIAN_POINT('Origin',(343.107530788028,28.9753305524749,8.5));
#8884=CARTESIAN_POINT('',(344.607530788028,28.9753305524749,8.5));
#8885=CARTESIAN_POINT('Origin',(344.857530788028,44.5128305524733,8.75));
#8886=CARTESIAN_POINT('',(344.607530788028,11.9253305524749,8.5));
#8887=CARTESIAN_POINT('',(344.607530788028,11.9253305524749,8.5));
#8888=CARTESIAN_POINT('',(344.607530788028,44.5128305524733,8.5));
#8889=CARTESIAN_POINT('Origin',(343.107530788028,11.9253305524749,8.75));
#8890=CARTESIAN_POINT('',(343.107530788028,10.4253305524749,8.5));
#8891=CARTESIAN_POINT('Origin',(343.107530788028,11.9253305524749,8.5));
#8892=CARTESIAN_POINT('',(343.107530788028,10.4253305524749,8.5));
#8893=CARTESIAN_POINT('Origin',(261.013780788028,10.1753305524749,8.75));
#8894=CARTESIAN_POINT('',(287.957530788033,10.4253305524749,8.5));
#8895=CARTESIAN_POINT('',(287.957530788033,10.4253305524749,8.5));
#8896=CARTESIAN_POINT('',(261.013780788028,10.4253305524749,8.5));
#8897=CARTESIAN_POINT('Origin',(287.957530788033,11.9253305524749,8.75));
#8898=CARTESIAN_POINT('',(286.457530788033,11.9253305524749,8.5));
#8899=CARTESIAN_POINT('Origin',(287.957530788033,11.9253305524749,8.5));
#8900=CARTESIAN_POINT('',(286.457530788033,11.9253305524749,8.5));
#8901=CARTESIAN_POINT('Origin',(286.207530788033,34.4878305524733,8.75));
#8902=CARTESIAN_POINT('',(286.457530788033,28.9753305524747,8.5));
#8903=CARTESIAN_POINT('',(286.457530788033,28.9753305524747,8.5));
#8904=CARTESIAN_POINT('',(286.457530788033,34.4878305524733,8.5));
#8905=CARTESIAN_POINT('Origin',(249.107530788028,49.7753305524706,8.75));
#8906=CARTESIAN_POINT('',(324.057530788032,49.5253305524706,8.5));
#8907=CARTESIAN_POINT('',(324.057530788032,49.5253305524706,8.5));
#8908=CARTESIAN_POINT('',(321.295030788028,49.5253305524706,8.5));
#8909=CARTESIAN_POINT('',(321.295030788028,50.0253305524706,9.));
#8910=CARTESIAN_POINT('',(249.107530788028,49.5253305524706,8.5));
#8911=CARTESIAN_POINT('Origin',(324.057530788032,48.0253305524706,8.75));
#8912=CARTESIAN_POINT('',(325.557530788032,48.0253305524706,8.5));
#8913=CARTESIAN_POINT('Origin',(324.057530788032,48.0253305524706,8.5));
#8914=CARTESIAN_POINT('',(325.557530788032,48.0253305524706,8.5));
#8915=CARTESIAN_POINT('Origin',(325.807530788032,54.0378305524711,8.75));
#8916=CARTESIAN_POINT('',(325.557530788032,30.975330552475,8.5));
#8917=CARTESIAN_POINT('',(325.557530788032,30.975330552475,8.5));
#8918=CARTESIAN_POINT('',(325.557530788032,54.0378305524711,8.5));
#8919=CARTESIAN_POINT('Origin',(105.732530788031,106.925330552468,8.75));
#8920=CARTESIAN_POINT('',(319.295030788028,106.675330552458,8.5));
#8921=CARTESIAN_POINT('',(319.295030788028,106.675330552458,8.5));
#8922=CARTESIAN_POINT('',(35.5450307880307,106.675330552472,8.5));
#8923=CARTESIAN_POINT('',(35.5450307880307,107.175330552472,9.));
#8924=CARTESIAN_POINT('',(105.732530788031,106.675330552468,8.5));
#8925=CARTESIAN_POINT('Origin',(319.295030788028,105.175330552458,8.75));
#8926=CARTESIAN_POINT('',(320.795030788028,105.175330552458,8.5));
#8927=CARTESIAN_POINT('Origin',(319.295030788028,105.175330552458,8.5));
#8928=CARTESIAN_POINT('',(320.795030788028,105.175330552458,8.5));
#8929=CARTESIAN_POINT('Origin',(321.045030788028,82.6128305524646,8.75));
#8930=CARTESIAN_POINT('',(320.795030788028,50.0253305524706,8.5));
#8931=CARTESIAN_POINT('',(320.795030788028,50.0253305524706,8.5));
#8932=CARTESIAN_POINT('',(320.795030788028,82.6128305524646,8.5));
#8933=CARTESIAN_POINT('Origin',(278.182530788026,44.5128305524715,8.75));
#8934=CARTESIAN_POINT('',(277.932530788026,11.9253305524713,8.5));
#8935=CARTESIAN_POINT('',(277.932530788026,11.9253305524713,8.5));
#8936=CARTESIAN_POINT('',(277.932530788026,28.9753305524715,8.5));
#8937=CARTESIAN_POINT('',(278.432530788026,28.9753305524715,9.));
#8938=CARTESIAN_POINT('',(277.932530788026,44.5128305524715,8.5));
#8939=CARTESIAN_POINT('Origin',(276.432530788026,11.9253305524713,8.75));
#8940=CARTESIAN_POINT('',(276.432530788026,10.4253305524713,8.5));
#8941=CARTESIAN_POINT('Origin',(276.432530788026,11.9253305524713,8.5));
#8942=CARTESIAN_POINT('',(276.432530788026,10.4253305524713,8.5));
#8943=CARTESIAN_POINT('Origin',(227.676280788028,10.1753305524713,8.75));
#8944=CARTESIAN_POINT('',(35.5450307880292,10.4253305524713,8.5));
#8945=CARTESIAN_POINT('',(35.5450307880292,10.4253305524713,8.5));
#8946=CARTESIAN_POINT('',(227.676280788028,10.4253305524713,8.5));
#8947=CARTESIAN_POINT('Origin',(35.5450307880292,11.9253305524713,8.75));
#8948=CARTESIAN_POINT('',(34.0450307880292,11.9253305524713,8.5));
#8949=CARTESIAN_POINT('Origin',(35.5450307880292,11.9253305524713,8.5));
#8950=CARTESIAN_POINT('',(34.0450307880292,11.9253305524713,8.5));
#8951=CARTESIAN_POINT('Origin',(33.7950307880296,34.4878305524726,8.75));
#8952=CARTESIAN_POINT('',(34.0450307880306,105.175330552472,8.5));
#8953=CARTESIAN_POINT('',(34.0450307880306,105.175330552472,8.5));
#8954=CARTESIAN_POINT('',(34.0450307880296,34.4878305524726,8.5));
#8955=CARTESIAN_POINT('Origin',(35.5450307880306,105.175330552472,8.75));
#8956=CARTESIAN_POINT('Origin',(35.5450307880306,105.175330552472,8.5));
#8957=CARTESIAN_POINT('Origin',(321.295030788028,50.0253305524706,8.5));
#8958=CARTESIAN_POINT('Origin',(321.295030788028,50.0253305524706,8.5));
#8959=CARTESIAN_POINT('Origin',(326.057530788032,30.975330552475,8.5));
#8960=CARTESIAN_POINT('Origin',(326.057530788032,30.975330552475,8.5));
#8961=CARTESIAN_POINT('Origin',(285.957530788033,28.9753305524747,8.5));
#8962=CARTESIAN_POINT('Origin',(285.957530788033,28.9753305524747,8.5));
#8963=CARTESIAN_POINT('Origin',(278.432530788026,28.9753305524715,8.5));
#8964=CARTESIAN_POINT('Origin',(278.432530788026,28.9753305524715,8.5));
#8965=CARTESIAN_POINT('Origin',(324.057530788032,48.0253305524706,1.5));
#8966=CARTESIAN_POINT('',(324.057530788032,49.5253305524706,1.5));
#8967=CARTESIAN_POINT('',(325.557530788032,48.0253305524706,1.5));
#8968=CARTESIAN_POINT('Origin',(320.795030788028,49.5253305524706,1.5));
#8969=CARTESIAN_POINT('',(321.295030788028,49.5253305524706,1.5));
#8970=CARTESIAN_POINT('Origin',(321.295030788028,50.0253305524706,1.5));
#8971=CARTESIAN_POINT('',(320.795030788028,50.0253305524706,1.5));
#8972=CARTESIAN_POINT('Origin',(320.795030788028,106.675330552457,1.5));
#8973=CARTESIAN_POINT('',(320.795030788028,105.175330552458,1.5));
#8974=CARTESIAN_POINT('Origin',(319.295030788028,105.175330552458,1.5));
#8975=CARTESIAN_POINT('',(319.295030788028,106.675330552458,1.5));
#8976=CARTESIAN_POINT('Origin',(34.0450307880306,106.675330552472,1.5));
#8977=CARTESIAN_POINT('',(35.5450307880307,106.675330552472,1.5));
#8978=CARTESIAN_POINT('Origin',(35.5450307880306,105.175330552472,1.5));
#8979=CARTESIAN_POINT('',(34.0450307880306,105.175330552472,1.5));
#8980=CARTESIAN_POINT('Origin',(34.0450307880292,10.4253305524713,1.5));
#8981=CARTESIAN_POINT('',(34.0450307880292,11.9253305524713,1.5));
#8982=CARTESIAN_POINT('Origin',(35.5450307880292,11.9253305524713,1.5));
#8983=CARTESIAN_POINT('',(35.5450307880292,10.4253305524713,1.5));
#8984=CARTESIAN_POINT('Origin',(277.932530788026,10.4253305524713,1.5));
#8985=CARTESIAN_POINT('',(276.432530788026,10.4253305524713,1.5));
#8986=CARTESIAN_POINT('Origin',(276.432530788026,11.9253305524713,1.5));
#8987=CARTESIAN_POINT('',(277.932530788026,11.9253305524713,1.5));
#8988=CARTESIAN_POINT('Origin',(277.932530788026,30.4753305524713,1.5));
#8989=CARTESIAN_POINT('',(277.932530788026,28.9753305524715,1.5));
#8990=CARTESIAN_POINT('Origin',(93.8262807880299,106.925330552472,8.75));
#8991=CARTESIAN_POINT('',(28.7825307880306,106.675330552472,8.5));
#8992=CARTESIAN_POINT('',(28.7825307880306,106.675330552472,8.5));
#8993=CARTESIAN_POINT('',(11.7325307880306,106.675330552472,8.5));
#8994=CARTESIAN_POINT('',(11.7325307880306,107.175330552472,9.));
#8995=CARTESIAN_POINT('',(93.8262807880299,106.675330552472,8.5));
#8996=CARTESIAN_POINT('Origin',(28.7825307880306,105.175330552472,8.75));
#8997=CARTESIAN_POINT('',(30.2825307880306,105.175330552472,8.5));
#8998=CARTESIAN_POINT('Origin',(28.7825307880306,105.175330552472,8.5));
#8999=CARTESIAN_POINT('',(30.2825307880306,105.175330552472,8.5));
#9000=CARTESIAN_POINT('Origin',(30.5325307880306,82.6128305524718,8.75));
#9001=CARTESIAN_POINT('',(30.2825307880306,88.125330552472,8.5));
#9002=CARTESIAN_POINT('',(30.2825307880306,88.125330552472,8.5));
#9003=CARTESIAN_POINT('',(30.2825307880306,82.6128305524718,8.5));
#9004=CARTESIAN_POINT('Origin',(28.7825307880306,88.125330552472,8.75));
#9005=CARTESIAN_POINT('',(28.7825307880306,86.625330552472,8.5));
#9006=CARTESIAN_POINT('Origin',(28.7825307880306,88.125330552472,8.5));
#9007=CARTESIAN_POINT('',(28.7825307880306,86.625330552472,8.5));
#9008=CARTESIAN_POINT('Origin',(103.85128078803,86.375330552472,8.75));
#9009=CARTESIAN_POINT('',(11.7325307880306,86.625330552472,8.5));
#9010=CARTESIAN_POINT('',(11.7325307880306,86.625330552472,8.5));
#9011=CARTESIAN_POINT('',(103.85128078803,86.625330552472,8.5));
#9012=CARTESIAN_POINT('Origin',(11.7325307880306,88.125330552472,8.75));
#9013=CARTESIAN_POINT('',(10.2325307880306,88.125330552472,8.5));
#9014=CARTESIAN_POINT('Origin',(11.7325307880306,88.125330552472,8.5));
#9015=CARTESIAN_POINT('',(10.2325307880306,88.125330552472,8.5));
#9016=CARTESIAN_POINT('Origin',(9.98253078803063,72.5878305524718,8.75));
#9017=CARTESIAN_POINT('',(10.2325307880306,105.175330552472,8.5));
#9018=CARTESIAN_POINT('',(10.2325307880306,105.175330552472,8.5));
#9019=CARTESIAN_POINT('',(10.2325307880306,72.5878305524718,8.5));
#9020=CARTESIAN_POINT('Origin',(11.7325307880306,105.175330552472,8.75));
#9021=CARTESIAN_POINT('Origin',(11.7325307880306,105.175330552472,8.5));
#9022=CARTESIAN_POINT('Origin',(28.7825307880306,88.125330552472,1.5));
#9023=CARTESIAN_POINT('',(30.2825307880306,88.125330552472,1.5));
#9024=CARTESIAN_POINT('',(28.7825307880306,86.625330552472,1.5));
#9025=CARTESIAN_POINT('Origin',(30.2825307880306,106.675330552472,1.5));
#9026=CARTESIAN_POINT('',(30.2825307880306,105.175330552472,1.5));
#9027=CARTESIAN_POINT('Origin',(28.7825307880306,105.175330552472,1.5));
#9028=CARTESIAN_POINT('',(28.7825307880306,106.675330552472,1.5));
#9029=CARTESIAN_POINT('Origin',(10.2325307880306,106.675330552472,1.5));
#9030=CARTESIAN_POINT('',(11.7325307880306,106.675330552472,1.5));
#9031=CARTESIAN_POINT('Origin',(347.407530788028,34.9058404766934,1.5));
#9032=CARTESIAN_POINT('',(348.407530788028,34.9058404766934,-1.));
#9033=CARTESIAN_POINT('',(348.407530788028,34.9058404766934,1.5));
#9034=CARTESIAN_POINT('',(347.179944581131,35.879598412954,-1.));
#9035=CARTESIAN_POINT('Origin',(347.407530788028,34.9058404766934,-1.));
#9036=CARTESIAN_POINT('',(347.179944581131,35.879598412954,1.5));
#9037=CARTESIAN_POINT('Origin',(344.107530788029,49.025330552472,1.5));
#9038=CARTESIAN_POINT('',(347.179944581131,62.17106269199,-1.));
#9039=CARTESIAN_POINT('Origin',(344.107530788029,49.025330552472,-1.));
#9040=CARTESIAN_POINT('',(347.179944581131,62.17106269199,1.5));
#9041=CARTESIAN_POINT('Origin',(347.407530788028,63.1448206282506,1.5));
#9042=CARTESIAN_POINT('Origin',(347.407530788028,63.1448206282506,-1.));
#9043=CARTESIAN_POINT('Origin',(6.43253078803063,1.82533055247131,1.5));
#9044=CARTESIAN_POINT('',(345.907530788028,1.82533055247131,-1.));
#9045=CARTESIAN_POINT('',(34.0450307880292,1.82533055247131,-1.));
#9046=CARTESIAN_POINT('',(345.907530788028,1.82533055247131,1.5));
#9047=CARTESIAN_POINT('Origin',(177.420030788029,58.5503305524717,-1.));
#9048=CARTESIAN_POINT('',(348.407530788028,4.32533055247132,-1.));
#9049=CARTESIAN_POINT('',(348.407530788028,1.82533055247131,-1.));
#9050=CARTESIAN_POINT('Origin',(345.907530788028,4.32533055247132,-1.));
#9051=CARTESIAN_POINT('',(302.687455093072,110.150330552458,-1.));
#9052=CARTESIAN_POINT('',(276.584244350402,110.150330552458,-1.));
#9053=CARTESIAN_POINT('',(302.687455093072,110.150330552458,-1.));
#9054=CARTESIAN_POINT('',(275.523584178622,109.710990724237,-1.));
#9055=CARTESIAN_POINT('Origin',(276.584244350402,108.650330552457,-1.));
#9056=CARTESIAN_POINT('',(274.109370616264,108.296777161879,-1.));
#9057=CARTESIAN_POINT('',(275.523584178622,109.710990724237,-1.));
#9058=CARTESIAN_POINT('',(273.755817225671,108.150330552472,-1.));
#9059=CARTESIAN_POINT('Origin',(273.755817225671,108.650330552472,-1.));
#9060=CARTESIAN_POINT('',(252.534244350407,108.150330552472,-1.));
#9061=CARTESIAN_POINT('',(273.755817225671,108.150330552472,-1.));
#9062=CARTESIAN_POINT('',(252.180690959813,108.296777161879,-1.));
#9063=CARTESIAN_POINT('Origin',(252.534244350407,108.650330552472,-1.));
#9064=CARTESIAN_POINT('',(250.76647739744,109.710990724252,-1.));
#9065=CARTESIAN_POINT('',(252.180690959813,108.296777161879,-1.));
#9066=CARTESIAN_POINT('',(249.70581722566,110.150330552472,-1.));
#9067=CARTESIAN_POINT('Origin',(249.705817225661,108.650330552472,-1.));
#9068=CARTESIAN_POINT('',(229.627606482985,110.150330552472,-1.));
#9069=CARTESIAN_POINT('',(249.70581722566,110.150330552472,-1.));
#9070=CARTESIAN_POINT('',(228.252833774498,111.050330552472,-1.));
#9071=CARTESIAN_POINT('Origin',(229.627606482985,111.650330552472,-1.));
#9072=CARTESIAN_POINT('',(221.83722780156,111.050330552472,-1.));
#9073=CARTESIAN_POINT('Origin',(225.045030788029,109.650330552472,-1.));
#9074=CARTESIAN_POINT('',(220.462455093073,110.150330552472,-1.));
#9075=CARTESIAN_POINT('Origin',(220.462455093073,111.650330552472,-1.));
#9076=CARTESIAN_POINT('',(200.384244350405,110.150330552472,-1.));
#9077=CARTESIAN_POINT('',(220.462455093073,110.150330552472,-1.));
#9078=CARTESIAN_POINT('',(199.323584178625,109.710990724252,-1.));
#9079=CARTESIAN_POINT('Origin',(200.384244350405,108.650330552472,-1.));
#9080=CARTESIAN_POINT('',(197.909370616252,108.296777161879,-1.));
#9081=CARTESIAN_POINT('',(199.323584178625,109.710990724252,-1.));
#9082=CARTESIAN_POINT('',(197.555817225659,108.150330552472,-1.));
#9083=CARTESIAN_POINT('Origin',(197.555817225659,108.650330552472,-1.));
#9084=CARTESIAN_POINT('',(157.284244350406,108.150330552472,-1.));
#9085=CARTESIAN_POINT('',(197.555817225659,108.150330552472,-1.));
#9086=CARTESIAN_POINT('',(156.930690959813,108.296777161879,-1.));
#9087=CARTESIAN_POINT('Origin',(157.284244350407,108.650330552472,-1.));
#9088=CARTESIAN_POINT('',(155.51647739744,109.710990724252,-1.));
#9089=CARTESIAN_POINT('',(156.930690959813,108.296777161879,-1.));
#9090=CARTESIAN_POINT('',(154.45581722566,110.150330552472,-1.));
#9091=CARTESIAN_POINT('Origin',(154.45581722566,108.650330552472,-1.));
#9092=CARTESIAN_POINT('',(134.377606482985,110.150330552472,-1.));
#9093=CARTESIAN_POINT('',(154.45581722566,110.150330552472,-1.));
#9094=CARTESIAN_POINT('',(133.002833774498,111.050330552472,-1.));
#9095=CARTESIAN_POINT('Origin',(134.377606482985,111.650330552472,-1.));
#9096=CARTESIAN_POINT('',(126.58722780156,111.050330552472,-1.));
#9097=CARTESIAN_POINT('Origin',(129.795030788029,109.650330552472,-1.));
#9098=CARTESIAN_POINT('',(125.212455093073,110.150330552472,-1.));
#9099=CARTESIAN_POINT('Origin',(125.212455093073,111.650330552472,-1.));
#9100=CARTESIAN_POINT('',(105.134244350412,110.150330552472,-1.));
#9101=CARTESIAN_POINT('',(125.212455093073,110.150330552472,-1.));
#9102=CARTESIAN_POINT('',(104.073584178633,109.710990724252,-1.));
#9103=CARTESIAN_POINT('Origin',(105.134244350412,108.650330552472,-1.));
#9104=CARTESIAN_POINT('',(102.65937061626,108.296777161879,-1.));
#9105=CARTESIAN_POINT('',(104.073584178633,109.710990724252,-1.));
#9106=CARTESIAN_POINT('',(102.305817225666,108.150330552472,-1.));
#9107=CARTESIAN_POINT('Origin',(102.305817225666,108.650330552472,-1.));
#9108=CARTESIAN_POINT('',(81.0842443504096,108.150330552472,-1.));
#9109=CARTESIAN_POINT('',(102.305817225666,108.150330552472,-1.));
#9110=CARTESIAN_POINT('',(80.7306909598163,108.296777161879,-1.));
#9111=CARTESIAN_POINT('Origin',(81.0842443504097,108.650330552472,-1.));
#9112=CARTESIAN_POINT('',(79.3164773974432,109.710990724252,-1.));
#9113=CARTESIAN_POINT('',(80.7306909598163,108.296777161879,-1.));
#9114=CARTESIAN_POINT('',(78.2558172256634,110.150330552472,-1.));
#9115=CARTESIAN_POINT('Origin',(78.2558172256634,108.650330552472,-1.));
#9116=CARTESIAN_POINT('',(52.1526064829865,110.150330552472,-1.));
#9117=CARTESIAN_POINT('',(78.2558172256634,110.150330552472,-1.));
#9118=CARTESIAN_POINT('',(50.7778337744997,111.050330552472,-1.));
#9119=CARTESIAN_POINT('Origin',(52.1526064829865,111.650330552472,-1.));
#9120=CARTESIAN_POINT('',(44.1811703600991,108.775330552472,-1.));
#9121=CARTESIAN_POINT('Origin',(47.5700307880306,109.650330552472,-1.));
#9122=CARTESIAN_POINT('',(43.6970474418232,108.150330552472,-1.));
#9123=CARTESIAN_POINT('Origin',(43.6970474418232,108.650330552472,-1.));
#9124=CARTESIAN_POINT('',(11.2575307880306,108.150330552472,-1.));
#9125=CARTESIAN_POINT('',(43.6970474418232,108.150330552472,-1.));
#9126=CARTESIAN_POINT('',(8.75753078803065,105.650330552472,-1.));
#9127=CARTESIAN_POINT('Origin',(11.2575307880306,105.650330552472,-1.));
#9128=CARTESIAN_POINT('',(8.75753078803061,11.450330552475,-1.));
#9129=CARTESIAN_POINT('',(8.75753078803065,105.650330552472,-1.));
#9130=CARTESIAN_POINT('',(11.2575307880306,8.95033055247499,-1.));
#9131=CARTESIAN_POINT('Origin',(11.2575307880306,11.450330552475,-1.));
#9132=CARTESIAN_POINT('',(21.3433172256576,8.95033055247499,-1.));
#9133=CARTESIAN_POINT('',(11.2575307880306,8.950330552475,-1.));
#9134=CARTESIAN_POINT('',(21.6968706162508,8.80388394306827,-1.));
#9135=CARTESIAN_POINT('Origin',(21.3433172256576,8.45033055247499,-1.));
#9136=CARTESIAN_POINT('',(23.111084178624,7.38967038069514,-1.));
#9137=CARTESIAN_POINT('',(21.6968706162508,8.80388394306826,-1.));
#9138=CARTESIAN_POINT('',(24.1717443504038,6.95033055247496,-1.));
#9139=CARTESIAN_POINT('Origin',(24.1717443504038,8.45033055247496,-1.));
#9140=CARTESIAN_POINT('',(34.7249550930705,6.95033055247496,-1.));
#9141=CARTESIAN_POINT('',(24.1717443504038,6.95033055247496,-1.));
#9142=CARTESIAN_POINT('',(36.0997278015572,6.05033055247496,-1.));
#9143=CARTESIAN_POINT('Origin',(34.7249550930705,5.45033055247497,-1.));
#9144=CARTESIAN_POINT('',(42.5153337744954,6.05033055247494,-1.));
#9145=CARTESIAN_POINT('Origin',(39.3075307880263,7.45033055247495,-1.));
#9146=CARTESIAN_POINT('',(43.8901064829822,6.95033055247496,-1.));
#9147=CARTESIAN_POINT('Origin',(43.8901064829822,5.45033055247496,-1.));
#9148=CARTESIAN_POINT('',(54.4433172256525,6.95033055247494,-1.));
#9149=CARTESIAN_POINT('',(43.8901064829822,6.95033055247495,-1.));
#9150=CARTESIAN_POINT('',(55.5039773974323,7.38967038069511,-1.));
#9151=CARTESIAN_POINT('Origin',(54.4433172256525,8.45033055247498,-1.));
#9152=CARTESIAN_POINT('',(56.9181909598055,8.80388394306825,-1.));
#9153=CARTESIAN_POINT('',(55.5039773974323,7.38967038069511,-1.));
#9154=CARTESIAN_POINT('',(57.2717443503987,8.95033055247499,-1.));
#9155=CARTESIAN_POINT('Origin',(57.2717443503987,8.45033055247504,-1.));
#9156=CARTESIAN_POINT('',(83.9948797256513,8.95033055247499,-1.));
#9157=CARTESIAN_POINT('',(57.2717443503987,8.95033055247499,-1.));
#9158=CARTESIAN_POINT('',(84.3484331162446,8.80388394306825,-1.));
#9159=CARTESIAN_POINT('Origin',(83.9948797256513,8.45033055247498,-1.));
#9160=CARTESIAN_POINT('',(85.7626466786214,7.38967038069148,-1.));
#9161=CARTESIAN_POINT('',(84.3484331162446,8.80388394306825,-1.));
#9162=CARTESIAN_POINT('',(86.8233068504012,6.9503305524713,-1.));
#9163=CARTESIAN_POINT('Origin',(86.8233068504012,8.45033055247136,-1.));
#9164=CARTESIAN_POINT('',(102.030330093072,6.95033055247132,-1.));
#9165=CARTESIAN_POINT('',(86.8233068504012,6.95033055247131,-1.));
#9166=CARTESIAN_POINT('',(103.405102801558,6.05033055247132,-1.));
#9167=CARTESIAN_POINT('Origin',(102.030330093072,5.45033055247132,-1.));
#9168=CARTESIAN_POINT('',(109.820708774497,6.05033055247132,-1.));
#9169=CARTESIAN_POINT('Origin',(106.612905788027,7.45033055247131,-1.));
#9170=CARTESIAN_POINT('',(111.195481482983,6.9503305524713,-1.));
#9171=CARTESIAN_POINT('Origin',(111.195481482983,5.45033055247128,-1.));
#9172=CARTESIAN_POINT('',(135.405817225654,6.9503305524713,-1.));
#9173=CARTESIAN_POINT('',(111.195481482983,6.9503305524713,-1.));
#9174=CARTESIAN_POINT('',(136.466477397434,7.38967038069152,-1.));
#9175=CARTESIAN_POINT('Origin',(135.405817225654,8.45033055247118,-1.));
#9176=CARTESIAN_POINT('',(137.88069095981,8.80388394306825,-1.));
#9177=CARTESIAN_POINT('',(136.466477397434,7.38967038069152,-1.));
#9178=CARTESIAN_POINT('',(138.234244350404,8.95033055247497,-1.));
#9179=CARTESIAN_POINT('Origin',(138.234244350404,8.45033055247494,-1.));
#9180=CARTESIAN_POINT('',(197.555817225652,8.95033055247497,-1.));
#9181=CARTESIAN_POINT('',(138.234244350404,8.95033055247498,-1.));
#9182=CARTESIAN_POINT('',(197.909370616245,8.80388394306825,-1.));
#9183=CARTESIAN_POINT('Origin',(197.555817225652,8.45033055247507,-1.));
#9184=CARTESIAN_POINT('',(199.323584178622,7.38967038069148,-1.));
#9185=CARTESIAN_POINT('',(197.909370616245,8.80388394306825,-1.));
#9186=CARTESIAN_POINT('',(200.384244350402,6.95033055247132,-1.));
#9187=CARTESIAN_POINT('Origin',(200.384244350402,8.45033055247144,-1.));
#9188=CARTESIAN_POINT('',(224.594580093072,6.95033055247132,-1.));
#9189=CARTESIAN_POINT('',(200.384244350402,6.95033055247133,-1.));
#9190=CARTESIAN_POINT('',(225.969352801559,6.05033055247132,-1.));
#9191=CARTESIAN_POINT('Origin',(224.594580093072,5.45033055247134,-1.));
#9192=CARTESIAN_POINT('',(232.384958774497,6.05033055247132,-1.));
#9193=CARTESIAN_POINT('Origin',(229.177155788028,7.45033055247131,-1.));
#9194=CARTESIAN_POINT('',(233.759731482984,6.95033055247128,-1.));
#9195=CARTESIAN_POINT('Origin',(233.759731482984,5.4503305524713,-1.));
#9196=CARTESIAN_POINT('',(248.966754725654,6.9503305524713,-1.));
#9197=CARTESIAN_POINT('',(233.759731482984,6.95033055247129,-1.));
#9198=CARTESIAN_POINT('',(250.027414897434,7.38967038069147,-1.));
#9199=CARTESIAN_POINT('Origin',(248.966754725654,8.45033055247132,-1.));
#9200=CARTESIAN_POINT('',(251.441628459811,8.80388394306824,-1.));
#9201=CARTESIAN_POINT('',(250.027414897434,7.38967038069147,-1.));
#9202=CARTESIAN_POINT('',(251.795181850404,8.95033055247497,-1.));
#9203=CARTESIAN_POINT('Origin',(251.795181850404,8.45033055247499,-1.));
#9204=CARTESIAN_POINT('',(297.56831722566,8.95033055247497,-1.));
#9205=CARTESIAN_POINT('',(251.795181850404,8.95033055247496,-1.));
#9206=CARTESIAN_POINT('',(297.921870616253,8.8038839430682,-1.));
#9207=CARTESIAN_POINT('Origin',(297.56831722566,8.45033055247471,-1.));
#9208=CARTESIAN_POINT('',(299.336084178626,7.38967038069514,-1.));
#9209=CARTESIAN_POINT('',(297.921870616253,8.8038839430682,-1.));
#9210=CARTESIAN_POINT('',(300.396744350406,6.95033055247494,-1.));
#9211=CARTESIAN_POINT('Origin',(300.396744350406,8.45033055247492,-1.));
#9212=CARTESIAN_POINT('',(310.949955093076,6.95033055247494,-1.));
#9213=CARTESIAN_POINT('',(300.396744350406,6.95033055247494,-1.));
#9214=CARTESIAN_POINT('',(312.324727801563,6.05033055247496,-1.));
#9215=CARTESIAN_POINT('Origin',(310.949955093076,5.45033055247506,-1.));
#9216=CARTESIAN_POINT('',(318.740333774501,6.05033055247494,-1.));
#9217=CARTESIAN_POINT('Origin',(315.532530788032,7.45033055247495,-1.));
#9218=CARTESIAN_POINT('',(320.115106482988,6.95033055247496,-1.));
#9219=CARTESIAN_POINT('Origin',(320.115106482988,5.45033055247496,-1.));
#9220=CARTESIAN_POINT('',(330.668317225655,6.95033055247494,-1.));
#9221=CARTESIAN_POINT('',(320.115106482988,6.95033055247496,-1.));
#9222=CARTESIAN_POINT('',(331.728977397434,7.38967038069507,-1.));
#9223=CARTESIAN_POINT('Origin',(330.668317225654,8.45033055247553,-1.));
#9224=CARTESIAN_POINT('',(333.143190959807,8.80388394306824,-1.));
#9225=CARTESIAN_POINT('',(331.728977397434,7.38967038069507,-1.));
#9226=CARTESIAN_POINT('',(333.496744350401,8.95033055247493,-1.));
#9227=CARTESIAN_POINT('Origin',(333.496744350401,8.45033055247517,-1.));
#9228=CARTESIAN_POINT('',(343.582530788028,8.95033055247495,-1.));
#9229=CARTESIAN_POINT('',(333.496744350401,8.95033055247493,-1.));
#9230=CARTESIAN_POINT('',(346.082530788028,11.450330552475,-1.));
#9231=CARTESIAN_POINT('Origin',(343.582530788028,11.4503305524749,-1.));
#9232=CARTESIAN_POINT('',(346.082530788028,32.0319678775921,-1.));
#9233=CARTESIAN_POINT('',(346.082530788028,11.450330552475,-1.));
#9234=CARTESIAN_POINT('',(344.540619023322,33.531382231258,-1.));
#9235=CARTESIAN_POINT('Origin',(344.582530788028,32.0319678775921,-1.));
#9236=CARTESIAN_POINT('',(344.540619023322,64.5192788736861,-1.));
#9237=CARTESIAN_POINT('Origin',(344.107530788029,49.025330552472,-1.));
#9238=CARTESIAN_POINT('',(346.082530788028,66.0186932273519,-1.));
#9239=CARTESIAN_POINT('Origin',(344.582530788028,66.018693227352,-1.));
#9240=CARTESIAN_POINT('',(346.082530788028,105.650330552472,-1.));
#9241=CARTESIAN_POINT('',(346.082530788028,66.0186932273519,-1.));
#9242=CARTESIAN_POINT('',(343.582530788028,108.150330552472,-1.));
#9243=CARTESIAN_POINT('Origin',(343.582530788028,105.650330552472,-1.));
#9244=CARTESIAN_POINT('',(311.143014134239,108.150330552472,-1.));
#9245=CARTESIAN_POINT('',(343.582530788028,108.150330552472,-1.));
#9246=CARTESIAN_POINT('',(310.658891215963,108.77533055247,-1.));
#9247=CARTESIAN_POINT('Origin',(311.143014134239,108.650330552472,-1.));
#9248=CARTESIAN_POINT('',(304.062227801559,111.050330552458,-1.));
#9249=CARTESIAN_POINT('Origin',(307.270030788028,109.650330552458,-1.));
#9250=CARTESIAN_POINT('Origin',(302.687455093072,111.650330552457,-1.));
#9251=CARTESIAN_POINT('Origin',(345.907530788028,4.32533055247132,1.5));
#9252=CARTESIAN_POINT('',(348.407530788028,4.32533055247132,1.5));
#9253=CARTESIAN_POINT('Origin',(278.432530788026,28.9753305524715,1.5));
#9254=CARTESIAN_POINT('',(278.432530788026,29.4753305524715,1.5));
#9255=CARTESIAN_POINT('Origin',(286.457530788033,29.4753305524749,1.5));
#9256=CARTESIAN_POINT('',(285.957530788033,29.4753305524747,1.5));
#9257=CARTESIAN_POINT('Origin',(285.957530788033,28.9753305524747,1.5));
#9258=CARTESIAN_POINT('',(286.457530788033,28.9753305524747,1.5));
#9259=CARTESIAN_POINT('Origin',(326.057530788032,30.975330552475,1.5));
#9260=CARTESIAN_POINT('',(325.557530788032,30.975330552475,1.5));
#9261=CARTESIAN_POINT('',(326.057530788032,30.475330552475,1.5));
#9262=CARTESIAN_POINT('Origin',(325.557530788032,30.475330552475,1.5));
#9263=CARTESIAN_POINT('',(343.107530788028,30.475330552475,1.5));
#9264=CARTESIAN_POINT('Origin',(344.607530788028,67.5753305524764,1.5));
#9265=CARTESIAN_POINT('',(326.057530788028,67.5753305524764,1.5));
#9266=CARTESIAN_POINT('Origin',(326.057530788028,69.0753305524764,1.5));
#9267=CARTESIAN_POINT('',(324.557530788028,69.0753305524764,1.5));
#9268=CARTESIAN_POINT('Origin',(324.557530788028,67.5753305524764,1.5));
#9269=CARTESIAN_POINT('',(324.557530788028,105.175330552472,1.5));
#9270=CARTESIAN_POINT('Origin',(326.057530788028,105.175330552472,1.5));
#9271=CARTESIAN_POINT('Origin',(343.107530788028,11.9253305524749,1.5));
#9272=CARTESIAN_POINT('',(344.607530788028,11.9253305524749,1.5));
#9273=CARTESIAN_POINT('',(343.107530788028,10.4253305524749,1.5));
#9274=CARTESIAN_POINT('Origin',(344.607530788028,10.4253305524749,1.5));
#9275=CARTESIAN_POINT('',(287.957530788033,10.4253305524749,1.5));
#9276=CARTESIAN_POINT('Origin',(287.957530788033,11.9253305524749,1.5));
#9277=CARTESIAN_POINT('',(286.457530788033,11.9253305524749,1.5));
#9278=CARTESIAN_POINT('Origin',(286.457530788033,10.4253305524749,1.5));
#9279=CARTESIAN_POINT('Origin',(343.107530788028,28.9753305524749,1.5));
#9280=CARTESIAN_POINT('',(344.607530788028,28.9753305524749,1.5));
#9281=CARTESIAN_POINT('Origin',(344.607530788028,30.475330552475,1.5));
#9282=CARTESIAN_POINT('Origin',(325.557530788032,49.5253305524706,1.5));
#9283=CARTESIAN_POINT('Origin',(11.7325307880306,45.2628305524764,1.5));
#9284=CARTESIAN_POINT('',(11.7325307880306,43.7628305524764,1.5));
#9285=CARTESIAN_POINT('',(10.2325307880306,45.2628305524764,1.5));
#9286=CARTESIAN_POINT('Origin',(10.2325307880306,43.7628305524764,1.5));
#9287=CARTESIAN_POINT('',(10.2325307880306,81.362830552472,1.5));
#9288=CARTESIAN_POINT('Origin',(30.2825307880306,43.7628305524764,1.5));
#9289=CARTESIAN_POINT('Origin',(11.7325307880306,81.362830552472,1.5));
#9290=CARTESIAN_POINT('Origin',(30.2825307880306,86.625330552472,1.5));
#9291=CARTESIAN_POINT('',(11.7325307880306,86.625330552472,1.5));
#9292=CARTESIAN_POINT('Origin',(11.7325307880306,88.125330552472,1.5));
#9293=CARTESIAN_POINT('',(10.2325307880306,88.125330552472,1.5));
#9294=CARTESIAN_POINT('Origin',(10.2325307880306,86.625330552472,1.5));
#9295=CARTESIAN_POINT('',(10.2325307880306,105.175330552472,1.5));
#9296=CARTESIAN_POINT('Origin',(11.7325307880306,105.175330552472,1.5));
#9297=CARTESIAN_POINT('Origin',(302.687455093072,111.650330552457,1.5));
#9298=CARTESIAN_POINT('',(302.687455093072,110.150330552458,1.5));
#9299=CARTESIAN_POINT('',(304.062227801559,111.050330552458,1.5));
#9300=CARTESIAN_POINT('Origin',(307.270030788028,109.650330552458,1.5));
#9301=CARTESIAN_POINT('',(310.658891215963,108.77533055247,1.5));
#9302=CARTESIAN_POINT('Origin',(311.143014134239,108.650330552472,1.5));
#9303=CARTESIAN_POINT('',(311.143014134239,108.150330552472,1.5));
#9304=CARTESIAN_POINT('Origin',(343.582530788028,108.150330552472,1.5));
#9305=CARTESIAN_POINT('',(343.582530788028,108.150330552472,1.5));
#9306=CARTESIAN_POINT('Origin',(343.582530788028,105.650330552472,1.5));
#9307=CARTESIAN_POINT('',(346.082530788028,105.650330552472,1.5));
#9308=CARTESIAN_POINT('Origin',(346.082530788028,66.0186932273519,1.5));
#9309=CARTESIAN_POINT('',(346.082530788028,66.0186932273519,1.5));
#9310=CARTESIAN_POINT('Origin',(344.582530788028,66.018693227352,1.5));
#9311=CARTESIAN_POINT('',(344.540619023322,64.5192788736861,1.5));
#9312=CARTESIAN_POINT('Origin',(344.107530788029,49.025330552472,1.5));
#9313=CARTESIAN_POINT('',(344.540619023322,33.531382231258,1.5));
#9314=CARTESIAN_POINT('Origin',(344.582530788028,32.0319678775921,1.5));
#9315=CARTESIAN_POINT('',(346.082530788028,32.0319678775921,1.5));
#9316=CARTESIAN_POINT('Origin',(346.082530788028,11.450330552475,1.5));
#9317=CARTESIAN_POINT('',(346.082530788028,11.450330552475,1.5));
#9318=CARTESIAN_POINT('Origin',(343.582530788028,11.4503305524749,1.5));
#9319=CARTESIAN_POINT('',(343.582530788028,8.95033055247496,1.5));
#9320=CARTESIAN_POINT('Origin',(333.496744350401,8.95033055247493,1.5));
#9321=CARTESIAN_POINT('',(333.496744350401,8.95033055247493,1.5));
#9322=CARTESIAN_POINT('Origin',(333.496744350401,8.45033055247517,1.5));
#9323=CARTESIAN_POINT('',(333.143190959807,8.80388394306823,1.5));
#9324=CARTESIAN_POINT('Origin',(331.728977397434,7.38967038069507,1.5));
#9325=CARTESIAN_POINT('',(331.728977397434,7.38967038069507,1.5));
#9326=CARTESIAN_POINT('Origin',(330.668317225654,8.45033055247553,1.5));
#9327=CARTESIAN_POINT('',(330.668317225655,6.95033055247495,1.5));
#9328=CARTESIAN_POINT('Origin',(320.115106482988,6.95033055247496,1.5));
#9329=CARTESIAN_POINT('',(320.115106482988,6.95033055247496,1.5));
#9330=CARTESIAN_POINT('Origin',(320.115106482988,5.45033055247496,1.5));
#9331=CARTESIAN_POINT('',(318.740333774501,6.05033055247495,1.5));
#9332=CARTESIAN_POINT('Origin',(315.532530788032,7.45033055247495,1.5));
#9333=CARTESIAN_POINT('',(312.324727801563,6.05033055247497,1.5));
#9334=CARTESIAN_POINT('Origin',(310.949955093076,5.45033055247506,1.5));
#9335=CARTESIAN_POINT('',(310.949955093076,6.95033055247494,1.5));
#9336=CARTESIAN_POINT('Origin',(300.396744350406,6.95033055247494,1.5));
#9337=CARTESIAN_POINT('',(300.396744350406,6.95033055247494,1.5));
#9338=CARTESIAN_POINT('Origin',(300.396744350406,8.45033055247492,1.5));
#9339=CARTESIAN_POINT('',(299.336084178626,7.38967038069514,1.5));
#9340=CARTESIAN_POINT('Origin',(297.921870616253,8.8038839430682,1.5));
#9341=CARTESIAN_POINT('',(297.921870616253,8.8038839430682,1.5));
#9342=CARTESIAN_POINT('Origin',(297.56831722566,8.45033055247471,1.5));
#9343=CARTESIAN_POINT('',(297.56831722566,8.95033055247497,1.5));
#9344=CARTESIAN_POINT('Origin',(251.795181850404,8.95033055247496,1.5));
#9345=CARTESIAN_POINT('',(251.795181850404,8.95033055247496,1.5));
#9346=CARTESIAN_POINT('Origin',(251.795181850404,8.45033055247499,1.5));
#9347=CARTESIAN_POINT('',(251.441628459811,8.80388394306824,1.5));
#9348=CARTESIAN_POINT('Origin',(250.027414897434,7.38967038069147,1.5));
#9349=CARTESIAN_POINT('',(250.027414897434,7.38967038069147,1.5));
#9350=CARTESIAN_POINT('Origin',(248.966754725654,8.45033055247132,1.5));
#9351=CARTESIAN_POINT('',(248.966754725654,6.95033055247131,1.5));
#9352=CARTESIAN_POINT('Origin',(233.759731482984,6.95033055247129,1.5));
#9353=CARTESIAN_POINT('',(233.759731482984,6.95033055247129,1.5));
#9354=CARTESIAN_POINT('Origin',(233.759731482984,5.4503305524713,1.5));
#9355=CARTESIAN_POINT('',(232.384958774497,6.05033055247131,1.5));
#9356=CARTESIAN_POINT('Origin',(229.177155788028,7.45033055247131,1.5));
#9357=CARTESIAN_POINT('',(225.969352801559,6.05033055247132,1.5));
#9358=CARTESIAN_POINT('Origin',(224.594580093072,5.45033055247134,1.5));
#9359=CARTESIAN_POINT('',(224.594580093072,6.95033055247132,1.5));
#9360=CARTESIAN_POINT('Origin',(200.384244350402,6.95033055247133,1.5));
#9361=CARTESIAN_POINT('',(200.384244350402,6.95033055247133,1.5));
#9362=CARTESIAN_POINT('Origin',(200.384244350402,8.45033055247144,1.5));
#9363=CARTESIAN_POINT('',(199.323584178622,7.38967038069148,1.5));
#9364=CARTESIAN_POINT('Origin',(197.909370616245,8.80388394306825,1.5));
#9365=CARTESIAN_POINT('',(197.909370616245,8.80388394306825,1.5));
#9366=CARTESIAN_POINT('Origin',(197.555817225652,8.45033055247507,1.5));
#9367=CARTESIAN_POINT('',(197.555817225652,8.95033055247497,1.5));
#9368=CARTESIAN_POINT('Origin',(138.234244350404,8.95033055247498,1.5));
#9369=CARTESIAN_POINT('',(138.234244350404,8.95033055247498,1.5));
#9370=CARTESIAN_POINT('Origin',(138.234244350404,8.45033055247494,1.5));
#9371=CARTESIAN_POINT('',(137.88069095981,8.80388394306825,1.5));
#9372=CARTESIAN_POINT('Origin',(136.466477397434,7.38967038069152,1.5));
#9373=CARTESIAN_POINT('',(136.466477397434,7.38967038069152,1.5));
#9374=CARTESIAN_POINT('Origin',(135.405817225654,8.45033055247118,1.5));
#9375=CARTESIAN_POINT('',(135.405817225654,6.95033055247131,1.5));
#9376=CARTESIAN_POINT('Origin',(111.195481482983,6.9503305524713,1.5));
#9377=CARTESIAN_POINT('',(111.195481482983,6.9503305524713,1.5));
#9378=CARTESIAN_POINT('Origin',(111.195481482983,5.45033055247128,1.5));
#9379=CARTESIAN_POINT('',(109.820708774497,6.05033055247132,1.5));
#9380=CARTESIAN_POINT('Origin',(106.612905788027,7.45033055247131,1.5));
#9381=CARTESIAN_POINT('',(103.405102801558,6.05033055247132,1.5));
#9382=CARTESIAN_POINT('Origin',(102.030330093072,5.45033055247132,1.5));
#9383=CARTESIAN_POINT('',(102.030330093072,6.95033055247131,1.5));
#9384=CARTESIAN_POINT('Origin',(86.8233068504012,6.95033055247131,1.5));
#9385=CARTESIAN_POINT('',(86.8233068504012,6.95033055247131,1.5));
#9386=CARTESIAN_POINT('Origin',(86.8233068504012,8.45033055247136,1.5));
#9387=CARTESIAN_POINT('',(85.7626466786214,7.38967038069148,1.5));
#9388=CARTESIAN_POINT('Origin',(84.3484331162446,8.80388394306825,1.5));
#9389=CARTESIAN_POINT('',(84.3484331162446,8.80388394306825,1.5));
#9390=CARTESIAN_POINT('Origin',(83.9948797256513,8.45033055247498,1.5));
#9391=CARTESIAN_POINT('',(83.9948797256513,8.95033055247499,1.5));
#9392=CARTESIAN_POINT('Origin',(57.2717443503987,8.95033055247499,1.5));
#9393=CARTESIAN_POINT('',(57.2717443503987,8.95033055247499,1.5));
#9394=CARTESIAN_POINT('Origin',(57.2717443503987,8.45033055247504,1.5));
#9395=CARTESIAN_POINT('',(56.9181909598054,8.80388394306825,1.5));
#9396=CARTESIAN_POINT('Origin',(55.5039773974323,7.38967038069511,1.5));
#9397=CARTESIAN_POINT('',(55.5039773974323,7.38967038069511,1.5));
#9398=CARTESIAN_POINT('Origin',(54.4433172256525,8.45033055247498,1.5));
#9399=CARTESIAN_POINT('',(54.4433172256525,6.95033055247495,1.5));
#9400=CARTESIAN_POINT('Origin',(43.8901064829822,6.95033055247495,1.5));
#9401=CARTESIAN_POINT('',(43.8901064829822,6.95033055247495,1.5));
#9402=CARTESIAN_POINT('Origin',(43.8901064829822,5.45033055247496,1.5));
#9403=CARTESIAN_POINT('',(42.5153337744954,6.05033055247495,1.5));
#9404=CARTESIAN_POINT('Origin',(39.3075307880263,7.45033055247495,1.5));
#9405=CARTESIAN_POINT('',(36.0997278015572,6.05033055247496,1.5));
#9406=CARTESIAN_POINT('Origin',(34.7249550930705,5.45033055247497,1.5));
#9407=CARTESIAN_POINT('',(34.7249550930705,6.95033055247495,1.5));
#9408=CARTESIAN_POINT('Origin',(24.1717443504038,6.95033055247496,1.5));
#9409=CARTESIAN_POINT('',(24.1717443504038,6.95033055247496,1.5));
#9410=CARTESIAN_POINT('Origin',(24.1717443504038,8.45033055247496,1.5));
#9411=CARTESIAN_POINT('',(23.111084178624,7.38967038069514,1.5));
#9412=CARTESIAN_POINT('Origin',(21.6968706162508,8.80388394306826,1.5));
#9413=CARTESIAN_POINT('',(21.6968706162508,8.80388394306826,1.5));
#9414=CARTESIAN_POINT('Origin',(21.3433172256576,8.45033055247499,1.5));
#9415=CARTESIAN_POINT('',(21.3433172256576,8.95033055247499,1.5));
#9416=CARTESIAN_POINT('Origin',(11.2575307880306,8.950330552475,1.5));
#9417=CARTESIAN_POINT('',(11.2575307880306,8.950330552475,1.5));
#9418=CARTESIAN_POINT('Origin',(11.2575307880306,11.450330552475,1.5));
#9419=CARTESIAN_POINT('',(8.75753078803062,11.450330552475,1.5));
#9420=CARTESIAN_POINT('Origin',(8.75753078803065,105.650330552472,1.5));
#9421=CARTESIAN_POINT('',(8.75753078803065,105.650330552472,1.5));
#9422=CARTESIAN_POINT('Origin',(11.2575307880306,105.650330552472,1.5));
#9423=CARTESIAN_POINT('',(11.2575307880306,108.150330552472,1.5));
#9424=CARTESIAN_POINT('Origin',(43.6970474418232,108.150330552472,1.5));
#9425=CARTESIAN_POINT('',(43.6970474418232,108.150330552472,1.5));
#9426=CARTESIAN_POINT('Origin',(43.6970474418232,108.650330552472,1.5));
#9427=CARTESIAN_POINT('',(44.1811703600991,108.775330552472,1.5));
#9428=CARTESIAN_POINT('Origin',(47.5700307880306,109.650330552472,1.5));
#9429=CARTESIAN_POINT('',(50.7778337744997,111.050330552472,1.5));
#9430=CARTESIAN_POINT('Origin',(52.1526064829865,111.650330552472,1.5));
#9431=CARTESIAN_POINT('',(52.1526064829865,110.150330552472,1.5));
#9432=CARTESIAN_POINT('Origin',(78.2558172256634,110.150330552472,1.5));
#9433=CARTESIAN_POINT('',(78.2558172256634,110.150330552472,1.5));
#9434=CARTESIAN_POINT('Origin',(78.2558172256634,108.650330552472,1.5));
#9435=CARTESIAN_POINT('',(79.3164773974432,109.710990724252,1.5));
#9436=CARTESIAN_POINT('Origin',(80.7306909598163,108.296777161879,1.5));
#9437=CARTESIAN_POINT('',(80.7306909598163,108.296777161879,1.5));
#9438=CARTESIAN_POINT('Origin',(81.0842443504097,108.650330552472,1.5));
#9439=CARTESIAN_POINT('',(81.0842443504096,108.150330552472,1.5));
#9440=CARTESIAN_POINT('Origin',(102.305817225666,108.150330552472,1.5));
#9441=CARTESIAN_POINT('',(102.305817225666,108.150330552472,1.5));
#9442=CARTESIAN_POINT('Origin',(102.305817225666,108.650330552472,1.5));
#9443=CARTESIAN_POINT('',(102.65937061626,108.296777161879,1.5));
#9444=CARTESIAN_POINT('Origin',(104.073584178633,109.710990724252,1.5));
#9445=CARTESIAN_POINT('',(104.073584178633,109.710990724252,1.5));
#9446=CARTESIAN_POINT('Origin',(105.134244350412,108.650330552472,1.5));
#9447=CARTESIAN_POINT('',(105.134244350412,110.150330552472,1.5));
#9448=CARTESIAN_POINT('Origin',(125.212455093073,110.150330552472,1.5));
#9449=CARTESIAN_POINT('',(125.212455093073,110.150330552472,1.5));
#9450=CARTESIAN_POINT('Origin',(125.212455093073,111.650330552472,1.5));
#9451=CARTESIAN_POINT('',(126.58722780156,111.050330552472,1.5));
#9452=CARTESIAN_POINT('Origin',(129.795030788029,109.650330552472,1.5));
#9453=CARTESIAN_POINT('',(133.002833774498,111.050330552472,1.5));
#9454=CARTESIAN_POINT('Origin',(134.377606482985,111.650330552472,1.5));
#9455=CARTESIAN_POINT('',(134.377606482985,110.150330552472,1.5));
#9456=CARTESIAN_POINT('Origin',(154.45581722566,110.150330552472,1.5));
#9457=CARTESIAN_POINT('',(154.45581722566,110.150330552472,1.5));
#9458=CARTESIAN_POINT('Origin',(154.45581722566,108.650330552472,1.5));
#9459=CARTESIAN_POINT('',(155.51647739744,109.710990724252,1.5));
#9460=CARTESIAN_POINT('Origin',(156.930690959813,108.296777161879,1.5));
#9461=CARTESIAN_POINT('',(156.930690959813,108.296777161879,1.5));
#9462=CARTESIAN_POINT('Origin',(157.284244350407,108.650330552472,1.5));
#9463=CARTESIAN_POINT('',(157.284244350406,108.150330552472,1.5));
#9464=CARTESIAN_POINT('Origin',(197.555817225659,108.150330552472,1.5));
#9465=CARTESIAN_POINT('',(197.555817225659,108.150330552472,1.5));
#9466=CARTESIAN_POINT('Origin',(197.555817225659,108.650330552472,1.5));
#9467=CARTESIAN_POINT('',(197.909370616252,108.296777161879,1.5));
#9468=CARTESIAN_POINT('Origin',(199.323584178625,109.710990724252,1.5));
#9469=CARTESIAN_POINT('',(199.323584178625,109.710990724252,1.5));
#9470=CARTESIAN_POINT('Origin',(200.384244350405,108.650330552472,1.5));
#9471=CARTESIAN_POINT('',(200.384244350405,110.150330552472,1.5));
#9472=CARTESIAN_POINT('Origin',(220.462455093073,110.150330552472,1.5));
#9473=CARTESIAN_POINT('',(220.462455093073,110.150330552472,1.5));
#9474=CARTESIAN_POINT('Origin',(220.462455093073,111.650330552472,1.5));
#9475=CARTESIAN_POINT('',(221.83722780156,111.050330552472,1.5));
#9476=CARTESIAN_POINT('Origin',(225.045030788029,109.650330552472,1.5));
#9477=CARTESIAN_POINT('',(228.252833774498,111.050330552472,1.5));
#9478=CARTESIAN_POINT('Origin',(229.627606482985,111.650330552472,1.5));
#9479=CARTESIAN_POINT('',(229.627606482985,110.150330552472,1.5));
#9480=CARTESIAN_POINT('Origin',(249.70581722566,110.150330552472,1.5));
#9481=CARTESIAN_POINT('',(249.70581722566,110.150330552472,1.5));
#9482=CARTESIAN_POINT('Origin',(249.705817225661,108.650330552472,1.5));
#9483=CARTESIAN_POINT('',(250.76647739744,109.710990724252,1.5));
#9484=CARTESIAN_POINT('Origin',(252.180690959813,108.296777161879,1.5));
#9485=CARTESIAN_POINT('',(252.180690959813,108.296777161879,1.5));
#9486=CARTESIAN_POINT('Origin',(252.534244350407,108.650330552472,1.5));
#9487=CARTESIAN_POINT('',(252.534244350407,108.150330552472,1.5));
#9488=CARTESIAN_POINT('Origin',(273.755817225671,108.150330552472,1.5));
#9489=CARTESIAN_POINT('',(273.755817225671,108.150330552472,1.5));
#9490=CARTESIAN_POINT('Origin',(273.755817225671,108.650330552472,1.5));
#9491=CARTESIAN_POINT('',(274.109370616264,108.296777161879,1.5));
#9492=CARTESIAN_POINT('Origin',(275.523584178622,109.710990724237,1.5));
#9493=CARTESIAN_POINT('',(275.523584178622,109.710990724237,1.5));
#9494=CARTESIAN_POINT('Origin',(276.584244350402,108.650330552457,1.5));
#9495=CARTESIAN_POINT('',(276.584244350402,110.150330552458,1.5));
#9496=CARTESIAN_POINT('Origin',(302.687455093072,110.150330552458,1.5));
#9497=CARTESIAN_POINT('Origin',(23.7575307880306,31.3879305524715,1.5));
#9498=CARTESIAN_POINT('',(23.7575307880306,31.3879305524715,6.));
#9499=CARTESIAN_POINT('',(23.7575307880306,31.3879305524715,1.5));
#9500=CARTESIAN_POINT('',(23.7575307880306,34.8879305524715,6.));
#9501=CARTESIAN_POINT('',(23.7575307880306,34.8879305524715,6.));
#9502=CARTESIAN_POINT('',(23.7575307880306,34.8879305524715,1.5));
#9503=CARTESIAN_POINT('Origin',(23.0075307880306,31.3879305524715,1.5));
#9504=CARTESIAN_POINT('',(23.0075307880306,30.6379305524715,6.));
#9505=CARTESIAN_POINT('',(23.0075307880306,30.6379305524715,1.5));
#9506=CARTESIAN_POINT('Origin',(23.0075307880306,31.3879305524715,6.));
#9507=CARTESIAN_POINT('Origin',(17.5075307880306,30.6379305524715,1.5));
#9508=CARTESIAN_POINT('',(17.5075307880306,30.6379305524715,6.));
#9509=CARTESIAN_POINT('',(17.5075307880306,30.6379305524715,1.5));
#9510=CARTESIAN_POINT('',(23.0075307880306,30.6379305524715,6.));
#9511=CARTESIAN_POINT('Origin',(17.5075307880306,31.3879305524715,1.5));
#9512=CARTESIAN_POINT('',(16.7575307880306,31.3879305524715,6.));
#9513=CARTESIAN_POINT('',(16.7575307880306,31.3879305524715,1.5));
#9514=CARTESIAN_POINT('Origin',(17.5075307880306,31.3879305524715,6.));
#9515=CARTESIAN_POINT('Origin',(16.7575307880306,34.8879305524715,1.5));
#9516=CARTESIAN_POINT('',(16.7575307880306,34.8879305524715,6.));
#9517=CARTESIAN_POINT('',(16.7575307880306,34.8879305524715,1.5));
#9518=CARTESIAN_POINT('',(16.7575307880306,31.3879305524715,6.));
#9519=CARTESIAN_POINT('Origin',(17.5075307880306,34.8879305524715,1.5));
#9520=CARTESIAN_POINT('',(17.5075307880306,35.6379305524715,6.));
#9521=CARTESIAN_POINT('',(17.5075307880306,35.6379305524715,1.5));
#9522=CARTESIAN_POINT('Origin',(17.5075307880306,34.8879305524715,6.));
#9523=CARTESIAN_POINT('Origin',(23.0075307880306,35.6379305524715,1.5));
#9524=CARTESIAN_POINT('',(23.0075307880306,35.6379305524715,6.));
#9525=CARTESIAN_POINT('',(23.0075307880306,35.6379305524715,1.5));
#9526=CARTESIAN_POINT('',(17.5075307880306,35.6379305524715,6.));
#9527=CARTESIAN_POINT('Origin',(23.0075307880306,34.8879305524715,1.5));
#9528=CARTESIAN_POINT('Origin',(23.0075307880306,34.8879305524715,6.));
#9529=CARTESIAN_POINT('Origin',(20.2575307880306,33.1379305524715,6.));
#9530=CARTESIAN_POINT('Origin',(16.7575307880306,28.5441305524714,1.5));
#9531=CARTESIAN_POINT('',(16.7575307880306,28.5441305524714,6.));
#9532=CARTESIAN_POINT('',(16.7575307880306,28.5441305524714,1.5));
#9533=CARTESIAN_POINT('',(16.7575307880306,25.0441305524714,6.));
#9534=CARTESIAN_POINT('',(16.7575307880306,25.0441305524714,6.));
#9535=CARTESIAN_POINT('',(16.7575307880306,25.0441305524714,1.5));
#9536=CARTESIAN_POINT('Origin',(17.5075307880306,28.5441305524714,1.5));
#9537=CARTESIAN_POINT('',(17.5075307880306,29.2941305524714,6.));
#9538=CARTESIAN_POINT('',(17.5075307880306,29.2941305524714,1.5));
#9539=CARTESIAN_POINT('Origin',(17.5075307880306,28.5441305524714,6.));
#9540=CARTESIAN_POINT('Origin',(23.0075307880306,29.2941305524714,1.5));
#9541=CARTESIAN_POINT('',(23.0075307880306,29.2941305524714,6.));
#9542=CARTESIAN_POINT('',(23.0075307880306,29.2941305524714,1.5));
#9543=CARTESIAN_POINT('',(17.5075307880306,29.2941305524714,6.));
#9544=CARTESIAN_POINT('Origin',(23.0075307880306,28.5441305524714,1.5));
#9545=CARTESIAN_POINT('',(23.7575307880306,28.5441305524714,6.));
#9546=CARTESIAN_POINT('',(23.7575307880306,28.5441305524714,1.5));
#9547=CARTESIAN_POINT('Origin',(23.0075307880306,28.5441305524714,6.));
#9548=CARTESIAN_POINT('Origin',(23.7575307880306,25.0441305524714,1.5));
#9549=CARTESIAN_POINT('',(23.7575307880306,25.0441305524714,6.));
#9550=CARTESIAN_POINT('',(23.7575307880306,25.0441305524714,1.5));
#9551=CARTESIAN_POINT('',(23.7575307880306,28.5441305524714,6.));
#9552=CARTESIAN_POINT('Origin',(23.0075307880306,25.0441305524714,1.5));
#9553=CARTESIAN_POINT('',(23.0075307880306,24.2941305524714,6.));
#9554=CARTESIAN_POINT('',(23.0075307880306,24.2941305524714,1.5));
#9555=CARTESIAN_POINT('Origin',(23.0075307880306,25.0441305524714,6.));
#9556=CARTESIAN_POINT('Origin',(17.5075307880306,24.2941305524714,1.5));
#9557=CARTESIAN_POINT('',(17.5075307880306,24.2941305524714,6.));
#9558=CARTESIAN_POINT('',(17.5075307880306,24.2941305524714,1.5));
#9559=CARTESIAN_POINT('',(23.0075307880306,24.2941305524714,6.));
#9560=CARTESIAN_POINT('Origin',(17.5075307880306,25.0441305524714,1.5));
#9561=CARTESIAN_POINT('Origin',(17.5075307880306,25.0441305524714,6.));
#9562=CARTESIAN_POINT('Origin',(20.2575307880306,26.7941305524714,6.));
#9563=CARTESIAN_POINT('Origin',(17.5075307880306,17.9503305524713,1.5));
#9564=CARTESIAN_POINT('',(17.5075307880306,17.9503305524713,6.));
#9565=CARTESIAN_POINT('',(17.5075307880306,17.9503305524713,1.5));
#9566=CARTESIAN_POINT('',(23.0075307880306,17.9503305524713,6.));
#9567=CARTESIAN_POINT('',(23.0075307880306,17.9503305524713,6.));
#9568=CARTESIAN_POINT('',(23.0075307880306,17.9503305524713,1.5));
#9569=CARTESIAN_POINT('Origin',(17.5075307880306,18.7003305524713,1.5));
#9570=CARTESIAN_POINT('',(16.7575307880306,18.7003305524713,6.));
#9571=CARTESIAN_POINT('',(16.7575307880306,18.7003305524713,1.5));
#9572=CARTESIAN_POINT('Origin',(17.5075307880306,18.7003305524713,6.));
#9573=CARTESIAN_POINT('Origin',(16.7575307880306,22.2003305524713,1.5));
#9574=CARTESIAN_POINT('',(16.7575307880306,22.2003305524713,6.));
#9575=CARTESIAN_POINT('',(16.7575307880306,22.2003305524713,1.5));
#9576=CARTESIAN_POINT('',(16.7575307880306,18.7003305524713,6.));
#9577=CARTESIAN_POINT('Origin',(17.5075307880306,22.2003305524713,1.5));
#9578=CARTESIAN_POINT('',(17.5075307880306,22.9503305524713,6.));
#9579=CARTESIAN_POINT('',(17.5075307880306,22.9503305524713,1.5));
#9580=CARTESIAN_POINT('Origin',(17.5075307880306,22.2003305524713,6.));
#9581=CARTESIAN_POINT('Origin',(23.0075307880306,22.9503305524713,1.5));
#9582=CARTESIAN_POINT('',(23.0075307880306,22.9503305524713,6.));
#9583=CARTESIAN_POINT('',(23.0075307880306,22.9503305524713,1.5));
#9584=CARTESIAN_POINT('',(17.5075307880306,22.9503305524713,6.));
#9585=CARTESIAN_POINT('Origin',(23.0075307880306,22.2003305524713,1.5));
#9586=CARTESIAN_POINT('',(23.7575307880306,22.2003305524713,6.));
#9587=CARTESIAN_POINT('',(23.7575307880306,22.2003305524713,1.5));
#9588=CARTESIAN_POINT('Origin',(23.0075307880306,22.2003305524713,6.));
#9589=CARTESIAN_POINT('Origin',(23.7575307880306,18.7003305524713,1.5));
#9590=CARTESIAN_POINT('',(23.7575307880306,18.7003305524713,6.));
#9591=CARTESIAN_POINT('',(23.7575307880306,18.7003305524713,1.5));
#9592=CARTESIAN_POINT('',(23.7575307880306,22.2003305524713,6.));
#9593=CARTESIAN_POINT('Origin',(23.0075307880306,18.7003305524713,1.5));
#9594=CARTESIAN_POINT('Origin',(23.0075307880306,18.7003305524713,6.));
#9595=CARTESIAN_POINT('Origin',(20.2575307880306,20.4503305524713,6.));
#9596=CARTESIAN_POINT('Origin',(348.407530788028,1.82533055247131,1.5));
#9597=UNCERTAINTY_MEASURE_WITH_UNIT(LENGTH_MEASURE(0.01),#9601,
'DISTANCE_ACCURACY_VALUE',
'Maximum model space distance between geometric entities at asserted c
onnectivities');
#9598=UNCERTAINTY_MEASURE_WITH_UNIT(LENGTH_MEASURE(0.01),#9601,
'DISTANCE_ACCURACY_VALUE',
'Maximum model space distance between geometric entities at asserted c
onnectivities');
#9599=(
GEOMETRIC_REPRESENTATION_CONTEXT(3)
GLOBAL_UNCERTAINTY_ASSIGNED_CONTEXT((#9597))
GLOBAL_UNIT_ASSIGNED_CONTEXT((#9601,#9603,#9604))
REPRESENTATION_CONTEXT('','3D')
);
#9600=(
GEOMETRIC_REPRESENTATION_CONTEXT(3)
GLOBAL_UNCERTAINTY_ASSIGNED_CONTEXT((#9598))
GLOBAL_UNIT_ASSIGNED_CONTEXT((#9601,#9603,#9604))
REPRESENTATION_CONTEXT('','3D')
);
#9601=(
LENGTH_UNIT()
NAMED_UNIT(*)
SI_UNIT(.MILLI.,.METRE.)
);
#9602=(
LENGTH_UNIT()
NAMED_UNIT(*)
SI_UNIT($,.METRE.)
);
#9603=(
NAMED_UNIT(*)
PLANE_ANGLE_UNIT()
SI_UNIT($,.RADIAN.)
);
#9604=(
NAMED_UNIT(*)
SI_UNIT($,.STERADIAN.)
SOLID_ANGLE_UNIT()
);
#9605=SHAPE_DEFINITION_REPRESENTATION(#9606,#9607);
#9606=PRODUCT_DEFINITION_SHAPE('',$,#9609);
#9607=SHAPE_REPRESENTATION('',(#5604),#9599);
#9608=PRODUCT_DEFINITION_CONTEXT('part definition',#9613,'design');
#9609=PRODUCT_DEFINITION('2026-02-09-10-52-06-227','CL70_EDU',#9610,#9608);
#9610=PRODUCT_DEFINITION_FORMATION('',$,#9615);
#9611=PRODUCT_RELATED_PRODUCT_CATEGORY('CL70_EDU','CL70_EDU',(#9615));
#9612=APPLICATION_PROTOCOL_DEFINITION('international standard',
'automotive_design',2009,#9613);
#9613=APPLICATION_CONTEXT(
'Core Data for Automotive Mechanical Design Process');
#9614=PRODUCT_CONTEXT('part definition',#9613,'mechanical');
#9615=PRODUCT('2026-02-09-10-52-06-227','CL70_EDU',$,(#9614));
#9616=PRESENTATION_STYLE_ASSIGNMENT((#9620));
#9617=PRESENTATION_STYLE_ASSIGNMENT((#9621));
#9618=PRESENTATION_STYLE_ASSIGNMENT((#9622));
#9619=PRESENTATION_STYLE_ASSIGNMENT((#9623));
#9620=SURFACE_STYLE_USAGE(.BOTH.,#9624);
#9621=SURFACE_STYLE_USAGE(.BOTH.,#9625);
#9622=SURFACE_STYLE_USAGE(.BOTH.,#9626);
#9623=SURFACE_STYLE_USAGE(.BOTH.,#9627);
#9624=SURFACE_SIDE_STYLE('',(#9628));
#9625=SURFACE_SIDE_STYLE('',(#9629));
#9626=SURFACE_SIDE_STYLE('',(#9630));
#9627=SURFACE_SIDE_STYLE('',(#9631));
#9628=SURFACE_STYLE_FILL_AREA(#9632);
#9629=SURFACE_STYLE_FILL_AREA(#9633);
#9630=SURFACE_STYLE_FILL_AREA(#9634);
#9631=SURFACE_STYLE_FILL_AREA(#9635);
#9632=FILL_AREA_STYLE('\X2\AC15CCA0\X0\ - \X2\C0C8D2F4\X0\',(#9636));
#9633=FILL_AREA_STYLE('\X2\D3F4B9ACCE74BCF4B124C774D2B8\X0\(\X2\C120BA85\X0\)',
(#9637));
#9634=FILL_AREA_STYLE('\X2\C54CB8E8BBF8B284\X0\ - \X2\C0C8D2F4\X0\',(#9638));
#9635=FILL_AREA_STYLE('FR4',(#9639));
#9636=FILL_AREA_STYLE_COLOUR('\X2\AC15CCA0\X0\ - \X2\C0C8D2F4\X0\',#9640);
#9637=FILL_AREA_STYLE_COLOUR('\X2\D3F4B9ACCE74BCF4B124C774D2B8\X0\(\X2\C120BA85\X0\)',
#9641);
#9638=FILL_AREA_STYLE_COLOUR('\X2\C54CB8E8BBF8B284\X0\ - \X2\C0C8D2F4\X0\',
#9642);
#9639=FILL_AREA_STYLE_COLOUR('FR4',#9643);
#9640=COLOUR_RGB('\X2\AC15CCA0\X0\ - \X2\C0C8D2F4\X0\',0.627450980392157,
0.627450980392157,0.627450980392157);
#9641=COLOUR_RGB('\X2\D3F4B9ACCE74BCF4B124C774D2B8\X0\(\X2\C120BA85\X0\)',
0.964705882352941,0.964705882352941,0.952941176470588);
#9642=COLOUR_RGB('\X2\C54CB8E8BBF8B284\X0\ - \X2\C0C8D2F4\X0\',0.96078431372549,
0.96078431372549,0.964705882352941);
#9643=COLOUR_RGB('FR4',0.266666666666667,0.466666666666667,0.4);
ENDSEC;
END-ISO-10303-21;
