ISO-10303-21;
HEADER;
/* Generated by software containing ST-Developer
 * from STEP Tools, Inc. (www.steptools.com) 
 */

FILE_DESCRIPTION(
/* description */ (''),
/* implementation_level */ '2;1');

FILE_NAME(
/* name */ 'CL70_EDU_BottomCase.step',
/* time_stamp */ '2026-02-11T23:22:05+09:00',
/* author */ (''),
/* organization */ (''),
/* preprocessor_version */ 'ST-DEVELOPER v20.1',
/* originating_system */ 'Autodesk Translation Framework v14.24.0.0',
/* authorisation */ '');

FILE_SCHEMA (('AUTOMOTIVE_DESIGN { 1 0 10303 214 3 1 1 }'));
ENDSEC;

DATA;
#10=MECHANICAL_DESIGN_GEOMETRIC_PRESENTATION_REPRESENTATION('',(#13),#11513);
#11=SHAPE_REPRESENTATION_RELATIONSHIP('SRR','None',#11520,#12);
#12=ADVANCED_BREP_SHAPE_REPRESENTATION('',(#14),#11512);
#13=STYLED_ITEM('',(#11529),#14);
#14=MANIFOLD_SOLID_BREP('BottomCase',#6559);
#15=CONICAL_SURFACE('',#6846,15.5,0.785398163397455);
#16=CONICAL_SURFACE('',#6849,2.49999999999998,0.785398163397432);
#17=CONICAL_SURFACE('',#6853,4.79999999999994,0.785398163397466);
#18=CONICAL_SURFACE('',#6857,4.80000000000001,0.785398163397449);
#19=CONICAL_SURFACE('',#6861,4.8,0.785398163397448);
#20=CONICAL_SURFACE('',#6865,4.79999999999999,0.785398163397468);
#21=CONICAL_SURFACE('',#6869,2.49999999999998,0.785398163397433);
#22=CONICAL_SURFACE('',#7039,3.00000000000002,0.78539816339747);
#23=CONICAL_SURFACE('',#7043,3.,0.785398163397451);
#24=CONICAL_SURFACE('',#7050,3.00000000000002,0.785398163397488);
#25=CONICAL_SURFACE('',#7053,3.,0.785398163397469);
#26=CONICAL_SURFACE('',#7091,4.05000000000003,0.785398163397447);
#27=CONICAL_SURFACE('',#7093,4.04999999999994,0.785398163397447);
#28=B_SPLINE_SURFACE_WITH_KNOTS('',3,3,((#10025,#10026,#10027,#10028,#10029),
(#10030,#10031,#10032,#10033,#10034),(#10035,#10036,#10037,#10038,#10039),
(#10040,#10041,#10042,#10043,#10044)),.UNSPECIFIED.,.F.,.F.,.F.,(4,4),(4,
1,4),(0.,1.),(-1.57079632679489,-0.897597901025649,1.66533453693773E-16),
 .UNSPECIFIED.);
#29=B_SPLINE_SURFACE_WITH_KNOTS('',3,3,((#10058,#10059,#10060,#10061,#10062),
(#10063,#10064,#10065,#10066,#10067),(#10068,#10069,#10070,#10071,#10072),
(#10073,#10074,#10075,#10076,#10077)),.UNSPECIFIED.,.F.,.F.,.F.,(4,4),(4,
1,4),(0.,1.),(-3.14159265358981,-2.46839422782056,-1.5707963267949),
 .UNSPECIFIED.);
#30=B_SPLINE_SURFACE_WITH_KNOTS('',3,3,((#10085,#10086,#10087,#10088),(#10089,
#10090,#10091,#10092),(#10093,#10094,#10095,#10096),(#10097,#10098,#10099,
#10100)),.UNSPECIFIED.,.F.,.F.,.F.,(4,4),(4,4),(0.,1.),(2.82175259136073,
2.8283352162401),.UNSPECIFIED.);
#31=B_SPLINE_SURFACE_WITH_KNOTS('',3,3,((#10109,#10110,#10111,#10112),(#10113,
#10114,#10115,#10116),(#10117,#10118,#10119,#10120),(#10121,#10122,#10123,
#10124)),.UNSPECIFIED.,.F.,.F.,.F.,(4,4),(4,4),(0.,1.),(-5.15880518506149,
-5.15222256018212),.UNSPECIFIED.);
#32=B_SPLINE_SURFACE_WITH_KNOTS('',3,3,((#10133,#10134,#10135,#10136),(#10137,
#10138,#10139,#10140),(#10141,#10142,#10143,#10144),(#10145,#10146,#10147,
#10148)),.UNSPECIFIED.,.F.,.F.,.F.,(4,4),(4,4),(0.,1.),(0.530025746796644,
1.53817613455413),.UNSPECIFIED.);
#33=B_SPLINE_SURFACE_WITH_KNOTS('',3,3,((#10157,#10158,#10159,#10160),(#10161,
#10162,#10163,#10164),(#10165,#10166,#10167,#10168),(#10169,#10170,#10171,
#10172)),.UNSPECIFIED.,.F.,.F.,.F.,(4,4),(4,4),(0.,1.),(-1.5707963267949,
-1.53817613454889),.UNSPECIFIED.);
#34=B_SPLINE_SURFACE_WITH_KNOTS('',3,3,((#10177,#10178,#10179,#10180,#10181,
#10182,#10183),(#10184,#10185,#10186,#10187,#10188,#10189,#10190),(#10191,
#10192,#10193,#10194,#10195,#10196,#10197),(#10198,#10199,#10200,#10201,
#10202,#10203,#10204)),.UNSPECIFIED.,.F.,.F.,.F.,(4,4),(4,1,1,1,4),(0.,
1.),(-2.60948423107435,-2.01535323556643,-1.42122224005852,-0.827091244550603,
-0.530025746796645),.UNSPECIFIED.);
#35=B_SPLINE_SURFACE_WITH_KNOTS('',3,3,((#10216,#10217,#10218,#10219),(#10220,
#10221,#10222,#10223),(#10224,#10225,#10226,#10227),(#10228,#10229,#10230,
#10231)),.UNSPECIFIED.,.F.,.F.,.F.,(4,4),(4,4),(0.,1.),(-2.61156690679315,
-2.60948423107434),.UNSPECIFIED.);
#36=B_SPLINE_SURFACE_WITH_KNOTS('',3,3,((#10236,#10237,#10238,#10239),(#10240,
#10241,#10242,#10243),(#10244,#10245,#10246,#10247),(#10248,#10249,#10250,
#10251)),.UNSPECIFIED.,.F.,.F.,.F.,(4,4),(4,4),(0.,1.),(-1.5707963267949,
-0.547108629397928),.UNSPECIFIED.);
#37=B_SPLINE_SURFACE_WITH_KNOTS('',3,3,((#10260,#10261,#10262,#10263),(#10264,
#10265,#10266,#10267),(#10268,#10269,#10270,#10271),(#10272,#10273,#10274,
#10275)),.UNSPECIFIED.,.F.,.F.,.F.,(4,4),(4,4),(0.,1.),(0.530025746796647,
0.547108629397947),.UNSPECIFIED.);
#38=B_SPLINE_SURFACE_WITH_KNOTS('',3,3,((#10286,#10287,#10288,#10289),(#10290,
#10291,#10292,#10293),(#10294,#10295,#10296,#10297),(#10298,#10299,#10300,
#10301)),.UNSPECIFIED.,.F.,.F.,.F.,(4,4),(4,4),(0.,1.),(1.25075029659588,
1.25733292147525),.UNSPECIFIED.);
#39=B_SPLINE_SURFACE_WITH_KNOTS('',3,3,((#10306,#10307,#10308,#10309,#10310,
#10311),(#10312,#10313,#10314,#10315,#10316,#10317),(#10318,#10319,#10320,
#10321,#10322,#10323),(#10324,#10325,#10326,#10327,#10328,#10329)),
 .UNSPECIFIED.,.F.,.F.,.F.,(4,4),(4,1,1,4),(0.,1.),(-1.55848314602929,-0.890561797731023,
-0.445280898865509,4.96824803519758E-15),.UNSPECIFIED.);
#40=B_SPLINE_SURFACE_WITH_KNOTS('',3,3,((#10344,#10345,#10346,#10347,#10348),
(#10349,#10350,#10351,#10352,#10353),(#10354,#10355,#10356,#10357,#10358),
(#10359,#10360,#10361,#10362,#10363)),.UNSPECIFIED.,.F.,.F.,.F.,(4,4),(4,
1,4),(0.,1.),(-9.26018205374164E-16,0.667921348298267,1.55848314602929),
 .UNSPECIFIED.);
#41=B_SPLINE_SURFACE_WITH_KNOTS('',3,3,((#10370,#10371,#10372,#10373),(#10374,
#10375,#10376,#10377),(#10378,#10379,#10380,#10381),(#10382,#10383,#10384,
#10385)),.UNSPECIFIED.,.F.,.F.,.F.,(4,4),(4,4),(0.,1.),(-1.5707963267949,
-1.55848314602929),.UNSPECIFIED.);
#42=B_SPLINE_SURFACE_WITH_KNOTS('',3,3,((#10390,#10391,#10392,#10393),(#10394,
#10395,#10396,#10397),(#10398,#10399,#10400,#10401),(#10402,#10403,#10404,
#10405)),.UNSPECIFIED.,.F.,.F.,.F.,(4,4),(4,4),(0.,1.),(1.55848314602929,
1.57079632679489),.UNSPECIFIED.);
#43=B_SPLINE_CURVE_WITH_KNOTS('',3,(#9731,#9732,#9733,#9734),
 .UNSPECIFIED.,.F.,.F.,(4,4),(1.53817613454889,1.5707963267949),
 .UNSPECIFIED.);
#44=B_SPLINE_CURVE_WITH_KNOTS('',3,(#9736,#9737,#9738,#9739),
 .UNSPECIFIED.,.F.,.F.,(4,4),(0.530025746796644,1.53817613455413),
 .UNSPECIFIED.);
#45=B_SPLINE_CURVE_WITH_KNOTS('',3,(#9741,#9742,#9743,#9744),
 .UNSPECIFIED.,.F.,.F.,(4,4),(2.60948423107434,2.61156690679315),
 .UNSPECIFIED.);
#46=B_SPLINE_CURVE_WITH_KNOTS('',3,(#9746,#9747,#9748,#9749,#9750,#9751,
#9752),.UNSPECIFIED.,.F.,.F.,(4,1,1,1,4),(0.530025746796645,0.827091244550603,
1.42122224005852,2.01535323556643,2.60948423107435),.UNSPECIFIED.);
#47=B_SPLINE_CURVE_WITH_KNOTS('',3,(#9754,#9755,#9756,#9757),
 .UNSPECIFIED.,.F.,.F.,(4,4),(-0.547108629397947,-0.530025746796647),
 .UNSPECIFIED.);
#48=B_SPLINE_CURVE_WITH_KNOTS('',3,(#9759,#9760,#9761,#9762),
 .UNSPECIFIED.,.F.,.F.,(4,4),(-1.5707963267949,-0.547108629397928),
 .UNSPECIFIED.);
#49=B_SPLINE_CURVE_WITH_KNOTS('',3,(#9764,#9765,#9766,#9767),
 .UNSPECIFIED.,.F.,.F.,(4,4),(-1.25733292147525,-1.25075029659588),
 .UNSPECIFIED.);
#50=B_SPLINE_CURVE_WITH_KNOTS('',3,(#9771,#9772,#9773,#9774),
 .UNSPECIFIED.,.F.,.F.,(4,4),(1.55848314602929,1.5707963267949),
 .UNSPECIFIED.);
#51=B_SPLINE_CURVE_WITH_KNOTS('',3,(#9776,#9777,#9778,#9779,#9780,#9781),
 .UNSPECIFIED.,.F.,.F.,(4,1,1,4),(-4.96824803519758E-15,0.445280898865509,
0.890561797731023,1.55848314602929),.UNSPECIFIED.);
#52=B_SPLINE_CURVE_WITH_KNOTS('',3,(#9785,#9786,#9787,#9788,#9789),
 .UNSPECIFIED.,.F.,.F.,(4,1,4),(-1.55848314602929,-0.667921348298267,9.26018205374164E-16),
 .UNSPECIFIED.);
#53=B_SPLINE_CURVE_WITH_KNOTS('',3,(#9791,#9792,#9793,#9794),
 .UNSPECIFIED.,.F.,.F.,(4,4),(-1.57079632679489,-1.55848314602929),
 .UNSPECIFIED.);
#54=B_SPLINE_CURVE_WITH_KNOTS('',3,(#9802,#9803,#9804,#9805),
 .UNSPECIFIED.,.F.,.F.,(4,4),(-2.8283352162401,-2.82175259136073),
 .UNSPECIFIED.);
#55=B_SPLINE_CURVE_WITH_KNOTS('',3,(#9807,#9808,#9809,#9810,#9811),
 .UNSPECIFIED.,.F.,.F.,(4,1,4),(-1.66533453693773E-16,0.897597901025649,
1.57079632679489),.UNSPECIFIED.);
#56=B_SPLINE_CURVE_WITH_KNOTS('',3,(#9815,#9816,#9817,#9818,#9819),
 .UNSPECIFIED.,.F.,.F.,(4,1,4),(1.5707963267949,2.46839422782056,3.14159265358981),
 .UNSPECIFIED.);
#57=B_SPLINE_CURVE_WITH_KNOTS('',3,(#9821,#9822,#9823,#9824),
 .UNSPECIFIED.,.F.,.F.,(4,4),(5.15222256018212,5.15880518506149),
 .UNSPECIFIED.);
#58=B_SPLINE_CURVE_WITH_KNOTS('',3,(#10006,#10007,#10008,#10009),
 .UNSPECIFIED.,.F.,.F.,(4,4),(1.55848314602929,1.57079632679489),
 .UNSPECIFIED.);
#59=B_SPLINE_CURVE_WITH_KNOTS('',3,(#10049,#10050,#10051,#10052,#10053),
 .UNSPECIFIED.,.F.,.F.,(4,1,4),(-1.57079632679489,-0.897597901025649,1.66533453693773E-16),
 .UNSPECIFIED.);
#60=B_SPLINE_CURVE_WITH_KNOTS('',3,(#10080,#10081,#10082,#10083,#10084),
 .UNSPECIFIED.,.F.,.F.,(4,1,4),(-3.14159265358981,-2.46839422782056,-1.5707963267949),
 .UNSPECIFIED.);
#61=B_SPLINE_CURVE_WITH_KNOTS('',3,(#10101,#10102,#10103,#10104),
 .UNSPECIFIED.,.F.,.F.,(4,4),(2.82175259136073,2.8283352162401),
 .UNSPECIFIED.);
#62=B_SPLINE_CURVE_WITH_KNOTS('',3,(#10125,#10126,#10127,#10128),
 .UNSPECIFIED.,.F.,.F.,(4,4),(-5.15880518506149,-5.15222256018212),
 .UNSPECIFIED.);
#63=B_SPLINE_CURVE_WITH_KNOTS('',3,(#10152,#10153,#10154,#10155),
 .UNSPECIFIED.,.F.,.F.,(4,4),(-1.53817613455413,-0.530025746796644),
 .UNSPECIFIED.);
#64=B_SPLINE_CURVE_WITH_KNOTS('',3,(#10173,#10174,#10175,#10176),
 .UNSPECIFIED.,.F.,.F.,(4,4),(-1.5707963267949,-1.53817613454889),
 .UNSPECIFIED.);
#65=B_SPLINE_CURVE_WITH_KNOTS('',3,(#10208,#10209,#10210,#10211,#10212,
#10213,#10214),.UNSPECIFIED.,.F.,.F.,(4,1,1,1,4),(-2.60948423107435,-2.01535323556643,
-1.42122224005852,-0.827091244550603,-0.530025746796645),.UNSPECIFIED.);
#66=B_SPLINE_CURVE_WITH_KNOTS('',3,(#10232,#10233,#10234,#10235),
 .UNSPECIFIED.,.F.,.F.,(4,4),(-2.61156690679315,-2.60948423107434),
 .UNSPECIFIED.);
#67=B_SPLINE_CURVE_WITH_KNOTS('',3,(#10255,#10256,#10257,#10258),
 .UNSPECIFIED.,.F.,.F.,(4,4),(0.547108629397928,1.5707963267949),
 .UNSPECIFIED.);
#68=B_SPLINE_CURVE_WITH_KNOTS('',3,(#10276,#10277,#10278,#10279),
 .UNSPECIFIED.,.F.,.F.,(4,4),(0.530025746796647,0.547108629397947),
 .UNSPECIFIED.);
#69=B_SPLINE_CURVE_WITH_KNOTS('',3,(#10302,#10303,#10304,#10305),
 .UNSPECIFIED.,.F.,.F.,(4,4),(1.25075029659588,1.25733292147525),
 .UNSPECIFIED.);
#70=B_SPLINE_CURVE_WITH_KNOTS('',3,(#10333,#10334,#10335,#10336,#10337,
#10338),.UNSPECIFIED.,.F.,.F.,(4,1,1,4),(-1.55848314602929,-0.890561797731023,
-0.445280898865509,4.96824803519758E-15),.UNSPECIFIED.);
#71=B_SPLINE_CURVE_WITH_KNOTS('',3,(#10365,#10366,#10367,#10368,#10369),
 .UNSPECIFIED.,.F.,.F.,(4,1,4),(-9.26018205374164E-16,0.667921348298267,
1.55848314602929),.UNSPECIFIED.);
#72=B_SPLINE_CURVE_WITH_KNOTS('',3,(#10386,#10387,#10388,#10389),
 .UNSPECIFIED.,.F.,.F.,(4,4),(-1.5707963267949,-1.55848314602929),
 .UNSPECIFIED.);
#73=FACE_BOUND('',#966,.T.);
#74=FACE_BOUND('',#976,.T.);
#75=FACE_BOUND('',#986,.T.);
#76=FACE_BOUND('',#996,.T.);
#77=FACE_BOUND('',#1006,.T.);
#78=FACE_BOUND('',#1016,.T.);
#79=FACE_BOUND('',#1054,.T.);
#80=FACE_BOUND('',#1055,.T.);
#81=FACE_BOUND('',#1056,.T.);
#82=FACE_BOUND('',#1057,.T.);
#83=FACE_BOUND('',#1058,.T.);
#84=FACE_BOUND('',#1059,.T.);
#85=FACE_BOUND('',#1082,.T.);
#86=FACE_BOUND('',#1085,.T.);
#87=FACE_BOUND('',#1088,.T.);
#88=FACE_BOUND('',#1091,.T.);
#89=FACE_BOUND('',#1094,.T.);
#90=FACE_BOUND('',#1097,.T.);
#91=FACE_BOUND('',#1146,.T.);
#92=FACE_BOUND('',#1149,.T.);
#93=FACE_BOUND('',#1150,.T.);
#94=FACE_BOUND('',#1151,.T.);
#95=FACE_BOUND('',#1152,.T.);
#96=FACE_BOUND('',#1153,.T.);
#97=FACE_BOUND('',#1154,.T.);
#98=FACE_BOUND('',#1155,.T.);
#99=FACE_BOUND('',#1156,.T.);
#100=FACE_BOUND('',#1164,.T.);
#101=FACE_BOUND('',#1165,.T.);
#102=FACE_BOUND('',#1166,.T.);
#103=FACE_BOUND('',#1167,.T.);
#104=FACE_BOUND('',#1168,.T.);
#105=FACE_BOUND('',#1169,.T.);
#106=FACE_BOUND('',#1170,.T.);
#107=FACE_BOUND('',#1171,.T.);
#108=FACE_BOUND('',#1172,.T.);
#109=FACE_BOUND('',#1202,.T.);
#110=ELLIPSE('',#6590,2.01725792116033,2.00000000000003);
#111=ELLIPSE('',#6609,2.01725792116033,2.00000000000003);
#112=ELLIPSE('',#6628,2.0172579211603,1.99999999999999);
#113=ELLIPSE('',#6630,2.0172579211603,1.99999999999999);
#114=ELLIPSE('',#6649,2.01725792116031,2.);
#115=ELLIPSE('',#6650,2.01725792116031,2.);
#116=ELLIPSE('',#6669,2.0172579211603,1.99999999999999);
#117=ELLIPSE('',#6671,2.0172579211603,1.99999999999999);
#118=ELLIPSE('',#6690,2.0172579211603,2.);
#119=ELLIPSE('',#6691,2.0172579211603,2.);
#120=ELLIPSE('',#6694,15.322595151081,2.00000000000003);
#121=ELLIPSE('',#6697,2.01725792116033,2.00000000000003);
#122=ELLIPSE('',#6698,15.322595151081,2.00000000000003);
#123=ELLIPSE('',#6699,2.01725792116033,2.00000000000003);
#124=ELLIPSE('',#6701,15.3225951510807,2.00000000000003);
#125=ELLIPSE('',#6704,2.01725792116033,2.00000000000003);
#126=ELLIPSE('',#6705,15.3225951510807,2.00000000000003);
#127=ELLIPSE('',#6706,2.01725792116033,2.00000000000003);
#128=ELLIPSE('',#6708,15.3225951510807,1.99999999999999);
#129=ELLIPSE('',#6712,15.3225951510807,1.99999999999999);
#130=ELLIPSE('',#6714,15.3225951510805,2.);
#131=ELLIPSE('',#6717,15.3225951510805,2.);
#132=ELLIPSE('',#6718,2.01725792116031,2.);
#133=ELLIPSE('',#6720,15.3225951510804,1.99999999999999);
#134=ELLIPSE('',#6724,15.3225951510804,1.99999999999999);
#135=ELLIPSE('',#6726,15.3225951510807,2.);
#136=ELLIPSE('',#6729,15.3225951510807,2.);
#137=ELLIPSE('',#6730,2.0172579211603,2.);
#138=ELLIPSE('',#6740,2.0172579211603,1.99999999999999);
#139=ELLIPSE('',#6741,2.0172579211603,1.99999999999999);
#140=ELLIPSE('',#6743,15.3225951510807,1.99999999999999);
#141=ELLIPSE('',#6745,15.3225951510807,1.99999999999999);
#142=ELLIPSE('',#6749,2.0172579211603,1.99999999999999);
#143=ELLIPSE('',#6755,2.0172579211603,1.99999999999999);
#144=ELLIPSE('',#6756,2.0172579211603,1.99999999999999);
#145=ELLIPSE('',#6758,15.3225951510804,1.99999999999999);
#146=ELLIPSE('',#6760,15.3225951510804,1.99999999999999);
#147=ELLIPSE('',#6764,2.0172579211603,1.99999999999999);
#148=CIRCLE('',#6575,1.64999999999992);
#149=CIRCLE('',#6576,1.64999999999992);
#150=CIRCLE('',#6579,1.64999999999989);
#151=CIRCLE('',#6580,1.64999999999989);
#152=CIRCLE('',#6583,1.65000000000006);
#153=CIRCLE('',#6584,1.65000000000006);
#154=CIRCLE('',#6587,1.65000000000003);
#155=CIRCLE('',#6588,1.65000000000003);
#156=CIRCLE('',#6591,1.44999999999992);
#157=CIRCLE('',#6594,1.64999999999992);
#158=CIRCLE('',#6595,1.64999999999992);
#159=CIRCLE('',#6598,1.64999999999989);
#160=CIRCLE('',#6599,1.64999999999989);
#161=CIRCLE('',#6602,1.65000000000006);
#162=CIRCLE('',#6603,1.65000000000006);
#163=CIRCLE('',#6606,1.65000000000003);
#164=CIRCLE('',#6607,1.65000000000003);
#165=CIRCLE('',#6610,1.44999999999993);
#166=CIRCLE('',#6613,1.64999999999989);
#167=CIRCLE('',#6614,1.64999999999989);
#168=CIRCLE('',#6617,1.65000000000003);
#169=CIRCLE('',#6618,1.65000000000003);
#170=CIRCLE('',#6621,1.65000000000003);
#171=CIRCLE('',#6622,1.65000000000003);
#172=CIRCLE('',#6625,1.64999999999988);
#173=CIRCLE('',#6626,1.64999999999988);
#174=CIRCLE('',#6629,1.44999999999992);
#175=CIRCLE('',#6631,1.44999999999992);
#176=CIRCLE('',#6634,1.65000000000003);
#177=CIRCLE('',#6635,1.65000000000003);
#178=CIRCLE('',#6638,1.64999999999988);
#179=CIRCLE('',#6639,1.64999999999988);
#180=CIRCLE('',#6642,1.64999999999989);
#181=CIRCLE('',#6643,1.64999999999989);
#182=CIRCLE('',#6646,1.65000000000003);
#183=CIRCLE('',#6647,1.65000000000003);
#184=CIRCLE('',#6651,1.45000000000001);
#185=CIRCLE('',#6654,1.64999999999989);
#186=CIRCLE('',#6655,1.64999999999989);
#187=CIRCLE('',#6658,1.65000000000003);
#188=CIRCLE('',#6659,1.65000000000003);
#189=CIRCLE('',#6662,1.65000000000003);
#190=CIRCLE('',#6663,1.65000000000003);
#191=CIRCLE('',#6666,1.64999999999988);
#192=CIRCLE('',#6667,1.64999999999988);
#193=CIRCLE('',#6670,1.44999999999993);
#194=CIRCLE('',#6672,1.45000000000001);
#195=CIRCLE('',#6675,1.65000000000003);
#196=CIRCLE('',#6676,1.65000000000003);
#197=CIRCLE('',#6679,1.65000000000003);
#198=CIRCLE('',#6680,1.65000000000003);
#199=CIRCLE('',#6683,1.64999999999988);
#200=CIRCLE('',#6684,1.64999999999988);
#201=CIRCLE('',#6687,1.64999999999989);
#202=CIRCLE('',#6688,1.64999999999989);
#203=CIRCLE('',#6692,1.45000000000001);
#204=CIRCLE('',#6696,2.00000000000003);
#205=CIRCLE('',#6703,2.00000000000003);
#206=CIRCLE('',#6710,1.44999999999992);
#207=CIRCLE('',#6716,2.);
#208=CIRCLE('',#6722,1.44999999999993);
#209=CIRCLE('',#6728,2.);
#210=CIRCLE('',#6733,1.44999999999992);
#211=CIRCLE('',#6737,1.44999999999993);
#212=CIRCLE('',#6747,1.44999999999992);
#213=CIRCLE('',#6752,1.45000000000001);
#214=CIRCLE('',#6762,1.45000000000001);
#215=CIRCLE('',#6767,1.45000000000001);
#216=CIRCLE('',#6772,0.75);
#217=CIRCLE('',#6773,0.75);
#218=CIRCLE('',#6776,0.75);
#219=CIRCLE('',#6777,0.75);
#220=CIRCLE('',#6781,0.750000000000011);
#221=CIRCLE('',#6782,0.750000000000011);
#222=CIRCLE('',#6785,0.749999999999993);
#223=CIRCLE('',#6786,0.749999999999993);
#224=CIRCLE('',#6790,0.75);
#225=CIRCLE('',#6791,0.75);
#226=CIRCLE('',#6794,0.75);
#227=CIRCLE('',#6795,0.75);
#228=CIRCLE('',#6799,0.749999999999993);
#229=CIRCLE('',#6800,0.749999999999993);
#230=CIRCLE('',#6803,0.749999999999993);
#231=CIRCLE('',#6804,0.749999999999993);
#232=CIRCLE('',#6807,1.19999999999997);
#233=CIRCLE('',#6808,1.19999999999997);
#234=CIRCLE('',#6811,1.20000000000001);
#235=CIRCLE('',#6812,1.20000000000001);
#236=CIRCLE('',#6814,1.99999999999999);
#237=CIRCLE('',#6816,1.2);
#238=CIRCLE('',#6817,1.2);
#239=CIRCLE('',#6820,1.19999999999997);
#240=CIRCLE('',#6821,1.19999999999997);
#241=CIRCLE('',#6824,1.20000000000001);
#242=CIRCLE('',#6825,1.20000000000001);
#243=CIRCLE('',#6827,1.99999999999999);
#244=CIRCLE('',#6829,1.2);
#245=CIRCLE('',#6830,1.2);
#246=CIRCLE('',#6847,15.);
#247=CIRCLE('',#6848,16.);
#248=CIRCLE('',#6850,2.);
#249=CIRCLE('',#6851,2.99999999999997);
#250=CIRCLE('',#6854,4.29999999999992);
#251=CIRCLE('',#6855,5.29999999999996);
#252=CIRCLE('',#6858,4.30000000000001);
#253=CIRCLE('',#6859,5.30000000000001);
#254=CIRCLE('',#6862,4.3);
#255=CIRCLE('',#6863,5.3);
#256=CIRCLE('',#6866,4.29999999999997);
#257=CIRCLE('',#6867,5.30000000000001);
#258=CIRCLE('',#6870,2.);
#259=CIRCLE('',#6871,2.99999999999997);
#260=CIRCLE('',#6873,5.30000000000001);
#261=CIRCLE('',#6875,3.50000000000004);
#262=CIRCLE('',#6876,3.5);
#263=CIRCLE('',#6878,5.29999999999996);
#264=CIRCLE('',#6883,2.19999999999999);
#265=CIRCLE('',#6884,2.80000000000001);
#266=CIRCLE('',#6885,2.8);
#267=CIRCLE('',#6886,2.80000000000001);
#268=CIRCLE('',#6887,2.79999999999996);
#269=CIRCLE('',#6888,2.19999999999999);
#270=CIRCLE('',#6889,13.5);
#271=CIRCLE('',#6891,0.8);
#272=CIRCLE('',#6892,0.8);
#273=CIRCLE('',#6894,0.8);
#274=CIRCLE('',#6895,0.499999999999936);
#275=CIRCLE('',#6896,3.5000000000001);
#276=CIRCLE('',#6897,1.49999999999971);
#277=CIRCLE('',#6898,1.50000000000022);
#278=CIRCLE('',#6899,0.500000000000351);
#279=CIRCLE('',#6900,0.500000000000309);
#280=CIRCLE('',#6901,1.49999999999997);
#281=CIRCLE('',#6902,1.49999999999984);
#282=CIRCLE('',#6903,3.49999999999995);
#283=CIRCLE('',#6904,1.50000000000021);
#284=CIRCLE('',#6905,1.49999999999988);
#285=CIRCLE('',#6906,0.500000000000037);
#286=CIRCLE('',#6907,0.500000000000043);
#287=CIRCLE('',#6908,1.49999999999997);
#288=CIRCLE('',#6909,1.50000000000006);
#289=CIRCLE('',#6910,3.49999999999992);
#290=CIRCLE('',#6911,1.5);
#291=CIRCLE('',#6912,1.49999999999971);
#292=CIRCLE('',#6913,0.500000000000187);
#293=CIRCLE('',#6914,0.500000000000167);
#294=CIRCLE('',#6915,1.50000000000022);
#295=CIRCLE('',#6916,1.49999999999997);
#296=CIRCLE('',#6917,3.5);
#297=CIRCLE('',#6918,0.499999999999972);
#298=CIRCLE('',#6919,2.49999999999998);
#299=CIRCLE('',#6920,2.5);
#300=CIRCLE('',#6921,0.499999999999996);
#301=CIRCLE('',#6922,1.50000000000001);
#302=CIRCLE('',#6923,1.49999999999999);
#303=CIRCLE('',#6924,3.50000000000001);
#304=CIRCLE('',#6925,1.49999999999999);
#305=CIRCLE('',#6926,1.50000000000003);
#306=CIRCLE('',#6927,0.499999999999945);
#307=CIRCLE('',#6928,0.500000000000005);
#308=CIRCLE('',#6929,1.5);
#309=CIRCLE('',#6930,1.49999999999999);
#310=CIRCLE('',#6931,3.49999999999996);
#311=CIRCLE('',#6932,1.50000000000006);
#312=CIRCLE('',#6933,1.49999999999981);
#313=CIRCLE('',#6934,0.500000000000039);
#314=CIRCLE('',#6935,0.499999999999896);
#315=CIRCLE('',#6936,1.50000000000012);
#316=CIRCLE('',#6937,1.49999999999998);
#317=CIRCLE('',#6938,3.5);
#318=CIRCLE('',#6939,1.50000000000003);
#319=CIRCLE('',#6940,1.50000000000006);
#320=CIRCLE('',#6941,0.499999999999964);
#321=CIRCLE('',#6942,0.500000000000265);
#322=CIRCLE('',#6943,1.49999999999992);
#323=CIRCLE('',#6944,1.49999999999988);
#324=CIRCLE('',#6945,3.49999999999998);
#325=CIRCLE('',#6946,1.50000000000005);
#326=CIRCLE('',#6947,1.50000000000068);
#327=CIRCLE('',#6948,0.499999999999767);
#328=CIRCLE('',#6949,2.49999999999986);
#329=CIRCLE('',#6950,1.50000000000006);
#330=CIRCLE('',#6951,0.799999999999983);
#331=CIRCLE('',#6952,3.88125000000002);
#332=CIRCLE('',#6953,3.88125000000014);
#333=CIRCLE('',#6954,3.8812500000001);
#334=CIRCLE('',#6955,1.25);
#335=CIRCLE('',#6956,1.25);
#336=CIRCLE('',#6957,1.25);
#337=CIRCLE('',#6958,1.25);
#338=CIRCLE('',#6959,1.25);
#339=CIRCLE('',#6960,1.25);
#340=CIRCLE('',#6961,1.25);
#341=CIRCLE('',#6962,1.25);
#342=CIRCLE('',#6965,0.8);
#343=CIRCLE('',#6966,0.8);
#344=CIRCLE('',#6969,0.8);
#345=CIRCLE('',#6970,0.8);
#346=CIRCLE('',#6973,0.8);
#347=CIRCLE('',#6975,2.80000000000001);
#348=CIRCLE('',#6976,2.8);
#349=CIRCLE('',#6977,2.80000000000001);
#350=CIRCLE('',#6978,2.19999999999999);
#351=CIRCLE('',#6979,13.5000000000163);
#352=CIRCLE('',#6980,0.0875000000164761);
#353=CIRCLE('',#6981,0.799999999999983);
#354=CIRCLE('',#6982,1.50000000000006);
#355=CIRCLE('',#6983,2.49999999999986);
#356=CIRCLE('',#6984,0.499999999999767);
#357=CIRCLE('',#6985,1.50000000000068);
#358=CIRCLE('',#6986,1.50000000000005);
#359=CIRCLE('',#6987,3.49999999999998);
#360=CIRCLE('',#6988,1.49999999999988);
#361=CIRCLE('',#6989,1.49999999999992);
#362=CIRCLE('',#6990,0.500000000000265);
#363=CIRCLE('',#6991,0.499999999999964);
#364=CIRCLE('',#6992,1.50000000000006);
#365=CIRCLE('',#6993,1.50000000000003);
#366=CIRCLE('',#6994,3.5);
#367=CIRCLE('',#6995,1.49999999999998);
#368=CIRCLE('',#6996,1.50000000000012);
#369=CIRCLE('',#6997,0.499999999999896);
#370=CIRCLE('',#6998,0.500000000000039);
#371=CIRCLE('',#6999,1.49999999999981);
#372=CIRCLE('',#7000,1.50000000000006);
#373=CIRCLE('',#7001,3.49999999999996);
#374=CIRCLE('',#7002,1.49999999999999);
#375=CIRCLE('',#7003,1.5);
#376=CIRCLE('',#7004,0.500000000000005);
#377=CIRCLE('',#7005,0.499999999999945);
#378=CIRCLE('',#7006,1.50000000000003);
#379=CIRCLE('',#7007,1.49999999999999);
#380=CIRCLE('',#7008,3.50000000000001);
#381=CIRCLE('',#7009,1.49999999999999);
#382=CIRCLE('',#7010,1.50000000000001);
#383=CIRCLE('',#7011,0.499999999999996);
#384=CIRCLE('',#7012,2.5);
#385=CIRCLE('',#7013,2.49999999999998);
#386=CIRCLE('',#7014,0.499999999999972);
#387=CIRCLE('',#7015,3.5);
#388=CIRCLE('',#7016,1.49999999999997);
#389=CIRCLE('',#7017,1.50000000000022);
#390=CIRCLE('',#7018,0.500000000000167);
#391=CIRCLE('',#7019,0.500000000000187);
#392=CIRCLE('',#7020,1.49999999999971);
#393=CIRCLE('',#7021,1.5);
#394=CIRCLE('',#7022,3.49999999999992);
#395=CIRCLE('',#7023,1.50000000000006);
#396=CIRCLE('',#7024,1.49999999999997);
#397=CIRCLE('',#7025,0.500000000000043);
#398=CIRCLE('',#7026,0.500000000000037);
#399=CIRCLE('',#7027,1.49999999999988);
#400=CIRCLE('',#7028,1.50000000000021);
#401=CIRCLE('',#7029,3.49999999999995);
#402=CIRCLE('',#7030,1.49999999999984);
#403=CIRCLE('',#7031,1.49999999999997);
#404=CIRCLE('',#7032,0.500000000000309);
#405=CIRCLE('',#7033,0.500000000000351);
#406=CIRCLE('',#7034,1.50000000000022);
#407=CIRCLE('',#7035,1.49999999999971);
#408=CIRCLE('',#7036,3.5000000000001);
#409=CIRCLE('',#7037,0.499999999999936);
#410=CIRCLE('',#7040,2.5);
#411=CIRCLE('',#7041,3.50000000000004);
#412=CIRCLE('',#7044,2.5);
#413=CIRCLE('',#7045,3.5);
#414=CIRCLE('',#7051,2.5);
#415=CIRCLE('',#7054,2.5);
#416=CIRCLE('',#7060,2.5);
#417=CIRCLE('',#7062,2.5);
#418=CIRCLE('',#7065,2.5);
#419=CIRCLE('',#7068,2.5);
#420=CIRCLE('',#7075,0.799999999999912);
#421=CIRCLE('',#7076,0.799999999999912);
#422=CIRCLE('',#7078,1.50000000000006);
#423=CIRCLE('',#7079,1.50000000000006);
#424=CIRCLE('',#7081,2.50000000000002);
#425=CIRCLE('',#7082,0.0875000000000092);
#426=CIRCLE('',#7083,13.5);
#427=CIRCLE('',#7084,2.19999999999999);
#428=CIRCLE('',#7085,2.79999999999996);
#429=CIRCLE('',#7088,13.5000000000163);
#430=CIRCLE('',#7092,2.80000000000003);
#431=CIRCLE('',#7094,2.79999999999994);
#432=CIRCLE('',#7103,1.25);
#433=CIRCLE('',#7106,1.25);
#434=CIRCLE('',#7109,1.25);
#435=CIRCLE('',#7112,1.25);
#436=CIRCLE('',#7115,1.25);
#437=CIRCLE('',#7118,1.25);
#438=CIRCLE('',#7121,1.25);
#439=CIRCLE('',#7124,1.25);
#440=CIRCLE('',#7127,3.88125000000002);
#441=CIRCLE('',#7130,3.88125000000014);
#442=CIRCLE('',#7133,3.8812500000001);
#443=CIRCLE('',#7136,0.0875000000164761);
#444=CIRCLE('',#7138,0.0875000000000092);
#445=CIRCLE('',#7141,3.88125000000027);
#446=CIRCLE('',#7142,3.88125000000027);
#447=CIRCLE('',#7242,2.50000000000002);
#448=CYLINDRICAL_SURFACE('',#6574,1.64999999999992);
#449=CYLINDRICAL_SURFACE('',#6578,1.64999999999989);
#450=CYLINDRICAL_SURFACE('',#6582,1.65000000000006);
#451=CYLINDRICAL_SURFACE('',#6586,1.65000000000003);
#452=CYLINDRICAL_SURFACE('',#6593,1.64999999999992);
#453=CYLINDRICAL_SURFACE('',#6597,1.64999999999989);
#454=CYLINDRICAL_SURFACE('',#6601,1.65000000000006);
#455=CYLINDRICAL_SURFACE('',#6605,1.65000000000003);
#456=CYLINDRICAL_SURFACE('',#6612,1.64999999999989);
#457=CYLINDRICAL_SURFACE('',#6616,1.65000000000003);
#458=CYLINDRICAL_SURFACE('',#6620,1.65000000000003);
#459=CYLINDRICAL_SURFACE('',#6624,1.64999999999988);
#460=CYLINDRICAL_SURFACE('',#6633,1.65000000000003);
#461=CYLINDRICAL_SURFACE('',#6637,1.64999999999988);
#462=CYLINDRICAL_SURFACE('',#6641,1.64999999999989);
#463=CYLINDRICAL_SURFACE('',#6645,1.65000000000003);
#464=CYLINDRICAL_SURFACE('',#6653,1.64999999999989);
#465=CYLINDRICAL_SURFACE('',#6657,1.65000000000003);
#466=CYLINDRICAL_SURFACE('',#6661,1.65000000000003);
#467=CYLINDRICAL_SURFACE('',#6665,1.64999999999988);
#468=CYLINDRICAL_SURFACE('',#6674,1.65000000000003);
#469=CYLINDRICAL_SURFACE('',#6678,1.65000000000003);
#470=CYLINDRICAL_SURFACE('',#6682,1.64999999999988);
#471=CYLINDRICAL_SURFACE('',#6686,1.64999999999989);
#472=CYLINDRICAL_SURFACE('',#6695,2.00000000000003);
#473=CYLINDRICAL_SURFACE('',#6702,2.00000000000003);
#474=CYLINDRICAL_SURFACE('',#6709,1.44999999999992);
#475=CYLINDRICAL_SURFACE('',#6715,2.);
#476=CYLINDRICAL_SURFACE('',#6721,1.44999999999993);
#477=CYLINDRICAL_SURFACE('',#6727,2.);
#478=CYLINDRICAL_SURFACE('',#6734,1.44999999999992);
#479=CYLINDRICAL_SURFACE('',#6736,1.44999999999993);
#480=CYLINDRICAL_SURFACE('',#6746,1.44999999999992);
#481=CYLINDRICAL_SURFACE('',#6753,1.45000000000001);
#482=CYLINDRICAL_SURFACE('',#6761,1.45000000000001);
#483=CYLINDRICAL_SURFACE('',#6768,1.45000000000001);
#484=CYLINDRICAL_SURFACE('',#6771,0.75);
#485=CYLINDRICAL_SURFACE('',#6775,0.75);
#486=CYLINDRICAL_SURFACE('',#6780,0.750000000000011);
#487=CYLINDRICAL_SURFACE('',#6784,0.749999999999993);
#488=CYLINDRICAL_SURFACE('',#6789,0.75);
#489=CYLINDRICAL_SURFACE('',#6793,0.75);
#490=CYLINDRICAL_SURFACE('',#6798,0.749999999999993);
#491=CYLINDRICAL_SURFACE('',#6802,0.749999999999993);
#492=CYLINDRICAL_SURFACE('',#6806,1.19999999999997);
#493=CYLINDRICAL_SURFACE('',#6810,1.20000000000001);
#494=CYLINDRICAL_SURFACE('',#6815,1.2);
#495=CYLINDRICAL_SURFACE('',#6819,1.19999999999997);
#496=CYLINDRICAL_SURFACE('',#6823,1.20000000000001);
#497=CYLINDRICAL_SURFACE('',#6828,1.2);
#498=CYLINDRICAL_SURFACE('',#6832,1.99999999999999);
#499=CYLINDRICAL_SURFACE('',#6833,1.99999999999999);
#500=CYLINDRICAL_SURFACE('',#6872,5.30000000000001);
#501=CYLINDRICAL_SURFACE('',#6877,5.29999999999996);
#502=CYLINDRICAL_SURFACE('',#6880,2.);
#503=CYLINDRICAL_SURFACE('',#6881,16.);
#504=CYLINDRICAL_SURFACE('',#6890,0.8);
#505=CYLINDRICAL_SURFACE('',#6964,0.8);
#506=CYLINDRICAL_SURFACE('',#6968,0.8);
#507=CYLINDRICAL_SURFACE('',#6972,0.8);
#508=CYLINDRICAL_SURFACE('',#7059,2.5);
#509=CYLINDRICAL_SURFACE('',#7061,2.5);
#510=CYLINDRICAL_SURFACE('',#7064,2.5);
#511=CYLINDRICAL_SURFACE('',#7067,2.5);
#512=CYLINDRICAL_SURFACE('',#7070,2.);
#513=CYLINDRICAL_SURFACE('',#7072,0.799999999999983);
#514=CYLINDRICAL_SURFACE('',#7074,0.799999999999912);
#515=CYLINDRICAL_SURFACE('',#7077,1.50000000000006);
#516=CYLINDRICAL_SURFACE('',#7086,2.19999999999999);
#517=CYLINDRICAL_SURFACE('',#7087,13.5);
#518=CYLINDRICAL_SURFACE('',#7089,2.19999999999999);
#519=CYLINDRICAL_SURFACE('',#7096,2.79999999999994);
#520=CYLINDRICAL_SURFACE('',#7099,2.80000000000003);
#521=CYLINDRICAL_SURFACE('',#7102,1.25);
#522=CYLINDRICAL_SURFACE('',#7105,1.25);
#523=CYLINDRICAL_SURFACE('',#7108,1.25);
#524=CYLINDRICAL_SURFACE('',#7111,1.25);
#525=CYLINDRICAL_SURFACE('',#7114,1.25);
#526=CYLINDRICAL_SURFACE('',#7117,1.25);
#527=CYLINDRICAL_SURFACE('',#7120,1.25);
#528=CYLINDRICAL_SURFACE('',#7123,1.25);
#529=CYLINDRICAL_SURFACE('',#7126,3.88125000000002);
#530=CYLINDRICAL_SURFACE('',#7129,3.88125000000014);
#531=CYLINDRICAL_SURFACE('',#7132,3.8812500000001);
#532=CYLINDRICAL_SURFACE('',#7135,0.0875000000164761);
#533=CYLINDRICAL_SURFACE('',#7137,0.0875000000000092);
#534=CYLINDRICAL_SURFACE('',#7140,3.88125000000027);
#535=CYLINDRICAL_SURFACE('',#7145,0.499999999999936);
#536=CYLINDRICAL_SURFACE('',#7146,3.5000000000001);
#537=CYLINDRICAL_SURFACE('',#7147,1.49999999999971);
#538=CYLINDRICAL_SURFACE('',#7149,1.50000000000022);
#539=CYLINDRICAL_SURFACE('',#7151,0.500000000000351);
#540=CYLINDRICAL_SURFACE('',#7153,0.500000000000309);
#541=CYLINDRICAL_SURFACE('',#7155,1.49999999999997);
#542=CYLINDRICAL_SURFACE('',#7157,1.49999999999984);
#543=CYLINDRICAL_SURFACE('',#7158,3.49999999999995);
#544=CYLINDRICAL_SURFACE('',#7159,1.50000000000021);
#545=CYLINDRICAL_SURFACE('',#7161,1.49999999999988);
#546=CYLINDRICAL_SURFACE('',#7163,0.500000000000037);
#547=CYLINDRICAL_SURFACE('',#7165,0.500000000000043);
#548=CYLINDRICAL_SURFACE('',#7167,1.49999999999997);
#549=CYLINDRICAL_SURFACE('',#7169,1.50000000000006);
#550=CYLINDRICAL_SURFACE('',#7170,3.49999999999992);
#551=CYLINDRICAL_SURFACE('',#7171,1.5);
#552=CYLINDRICAL_SURFACE('',#7173,1.49999999999971);
#553=CYLINDRICAL_SURFACE('',#7175,0.500000000000187);
#554=CYLINDRICAL_SURFACE('',#7177,0.500000000000167);
#555=CYLINDRICAL_SURFACE('',#7179,1.50000000000022);
#556=CYLINDRICAL_SURFACE('',#7181,1.49999999999997);
#557=CYLINDRICAL_SURFACE('',#7182,3.5);
#558=CYLINDRICAL_SURFACE('',#7183,0.499999999999972);
#559=CYLINDRICAL_SURFACE('',#7185,2.49999999999998);
#560=CYLINDRICAL_SURFACE('',#7187,2.5);
#561=CYLINDRICAL_SURFACE('',#7189,0.499999999999996);
#562=CYLINDRICAL_SURFACE('',#7191,1.50000000000001);
#563=CYLINDRICAL_SURFACE('',#7193,1.49999999999999);
#564=CYLINDRICAL_SURFACE('',#7194,3.50000000000001);
#565=CYLINDRICAL_SURFACE('',#7195,1.49999999999999);
#566=CYLINDRICAL_SURFACE('',#7197,1.50000000000003);
#567=CYLINDRICAL_SURFACE('',#7199,0.499999999999945);
#568=CYLINDRICAL_SURFACE('',#7201,0.500000000000005);
#569=CYLINDRICAL_SURFACE('',#7203,1.5);
#570=CYLINDRICAL_SURFACE('',#7205,1.49999999999999);
#571=CYLINDRICAL_SURFACE('',#7206,3.49999999999996);
#572=CYLINDRICAL_SURFACE('',#7207,1.50000000000006);
#573=CYLINDRICAL_SURFACE('',#7209,1.49999999999981);
#574=CYLINDRICAL_SURFACE('',#7211,0.500000000000039);
#575=CYLINDRICAL_SURFACE('',#7213,0.499999999999896);
#576=CYLINDRICAL_SURFACE('',#7215,1.50000000000012);
#577=CYLINDRICAL_SURFACE('',#7217,1.49999999999998);
#578=CYLINDRICAL_SURFACE('',#7218,3.5);
#579=CYLINDRICAL_SURFACE('',#7219,1.50000000000003);
#580=CYLINDRICAL_SURFACE('',#7221,1.50000000000006);
#581=CYLINDRICAL_SURFACE('',#7223,0.499999999999964);
#582=CYLINDRICAL_SURFACE('',#7225,0.500000000000265);
#583=CYLINDRICAL_SURFACE('',#7227,1.49999999999992);
#584=CYLINDRICAL_SURFACE('',#7229,1.49999999999988);
#585=CYLINDRICAL_SURFACE('',#7230,3.49999999999998);
#586=CYLINDRICAL_SURFACE('',#7231,1.50000000000005);
#587=CYLINDRICAL_SURFACE('',#7233,1.50000000000068);
#588=CYLINDRICAL_SURFACE('',#7235,0.499999999999767);
#589=CYLINDRICAL_SURFACE('',#7237,2.49999999999986);
#590=CYLINDRICAL_SURFACE('',#7239,1.50000000000006);
#591=CYLINDRICAL_SURFACE('',#7241,2.50000000000002);
#592=CYLINDRICAL_SURFACE('',#7245,2.79999999999996);
#593=CYLINDRICAL_SURFACE('',#7246,2.80000000000001);
#594=CYLINDRICAL_SURFACE('',#7248,2.8);
#595=CYLINDRICAL_SURFACE('',#7250,2.80000000000001);
#596=CYLINDRICAL_SURFACE('',#7252,5.3);
#597=CYLINDRICAL_SURFACE('',#7254,5.30000000000001);
#598=FACE_OUTER_BOUND('',#957,.T.);
#599=FACE_OUTER_BOUND('',#958,.T.);
#600=FACE_OUTER_BOUND('',#959,.T.);
#601=FACE_OUTER_BOUND('',#960,.T.);
#602=FACE_OUTER_BOUND('',#961,.T.);
#603=FACE_OUTER_BOUND('',#962,.T.);
#604=FACE_OUTER_BOUND('',#963,.T.);
#605=FACE_OUTER_BOUND('',#964,.T.);
#606=FACE_OUTER_BOUND('',#965,.T.);
#607=FACE_OUTER_BOUND('',#967,.T.);
#608=FACE_OUTER_BOUND('',#968,.T.);
#609=FACE_OUTER_BOUND('',#969,.T.);
#610=FACE_OUTER_BOUND('',#970,.T.);
#611=FACE_OUTER_BOUND('',#971,.T.);
#612=FACE_OUTER_BOUND('',#972,.T.);
#613=FACE_OUTER_BOUND('',#973,.T.);
#614=FACE_OUTER_BOUND('',#974,.T.);
#615=FACE_OUTER_BOUND('',#975,.T.);
#616=FACE_OUTER_BOUND('',#977,.T.);
#617=FACE_OUTER_BOUND('',#978,.T.);
#618=FACE_OUTER_BOUND('',#979,.T.);
#619=FACE_OUTER_BOUND('',#980,.T.);
#620=FACE_OUTER_BOUND('',#981,.T.);
#621=FACE_OUTER_BOUND('',#982,.T.);
#622=FACE_OUTER_BOUND('',#983,.T.);
#623=FACE_OUTER_BOUND('',#984,.T.);
#624=FACE_OUTER_BOUND('',#985,.T.);
#625=FACE_OUTER_BOUND('',#987,.T.);
#626=FACE_OUTER_BOUND('',#988,.T.);
#627=FACE_OUTER_BOUND('',#989,.T.);
#628=FACE_OUTER_BOUND('',#990,.T.);
#629=FACE_OUTER_BOUND('',#991,.T.);
#630=FACE_OUTER_BOUND('',#992,.T.);
#631=FACE_OUTER_BOUND('',#993,.T.);
#632=FACE_OUTER_BOUND('',#994,.T.);
#633=FACE_OUTER_BOUND('',#995,.T.);
#634=FACE_OUTER_BOUND('',#997,.T.);
#635=FACE_OUTER_BOUND('',#998,.T.);
#636=FACE_OUTER_BOUND('',#999,.T.);
#637=FACE_OUTER_BOUND('',#1000,.T.);
#638=FACE_OUTER_BOUND('',#1001,.T.);
#639=FACE_OUTER_BOUND('',#1002,.T.);
#640=FACE_OUTER_BOUND('',#1003,.T.);
#641=FACE_OUTER_BOUND('',#1004,.T.);
#642=FACE_OUTER_BOUND('',#1005,.T.);
#643=FACE_OUTER_BOUND('',#1007,.T.);
#644=FACE_OUTER_BOUND('',#1008,.T.);
#645=FACE_OUTER_BOUND('',#1009,.T.);
#646=FACE_OUTER_BOUND('',#1010,.T.);
#647=FACE_OUTER_BOUND('',#1011,.T.);
#648=FACE_OUTER_BOUND('',#1012,.T.);
#649=FACE_OUTER_BOUND('',#1013,.T.);
#650=FACE_OUTER_BOUND('',#1014,.T.);
#651=FACE_OUTER_BOUND('',#1015,.T.);
#652=FACE_OUTER_BOUND('',#1017,.T.);
#653=FACE_OUTER_BOUND('',#1018,.T.);
#654=FACE_OUTER_BOUND('',#1019,.T.);
#655=FACE_OUTER_BOUND('',#1020,.T.);
#656=FACE_OUTER_BOUND('',#1021,.T.);
#657=FACE_OUTER_BOUND('',#1022,.T.);
#658=FACE_OUTER_BOUND('',#1023,.T.);
#659=FACE_OUTER_BOUND('',#1024,.T.);
#660=FACE_OUTER_BOUND('',#1025,.T.);
#661=FACE_OUTER_BOUND('',#1026,.T.);
#662=FACE_OUTER_BOUND('',#1027,.T.);
#663=FACE_OUTER_BOUND('',#1028,.T.);
#664=FACE_OUTER_BOUND('',#1029,.T.);
#665=FACE_OUTER_BOUND('',#1030,.T.);
#666=FACE_OUTER_BOUND('',#1031,.T.);
#667=FACE_OUTER_BOUND('',#1032,.T.);
#668=FACE_OUTER_BOUND('',#1033,.T.);
#669=FACE_OUTER_BOUND('',#1034,.T.);
#670=FACE_OUTER_BOUND('',#1035,.T.);
#671=FACE_OUTER_BOUND('',#1036,.T.);
#672=FACE_OUTER_BOUND('',#1037,.T.);
#673=FACE_OUTER_BOUND('',#1038,.T.);
#674=FACE_OUTER_BOUND('',#1039,.T.);
#675=FACE_OUTER_BOUND('',#1040,.T.);
#676=FACE_OUTER_BOUND('',#1041,.T.);
#677=FACE_OUTER_BOUND('',#1042,.T.);
#678=FACE_OUTER_BOUND('',#1043,.T.);
#679=FACE_OUTER_BOUND('',#1044,.T.);
#680=FACE_OUTER_BOUND('',#1045,.T.);
#681=FACE_OUTER_BOUND('',#1046,.T.);
#682=FACE_OUTER_BOUND('',#1047,.T.);
#683=FACE_OUTER_BOUND('',#1048,.T.);
#684=FACE_OUTER_BOUND('',#1049,.T.);
#685=FACE_OUTER_BOUND('',#1050,.T.);
#686=FACE_OUTER_BOUND('',#1051,.T.);
#687=FACE_OUTER_BOUND('',#1052,.T.);
#688=FACE_OUTER_BOUND('',#1053,.T.);
#689=FACE_OUTER_BOUND('',#1060,.T.);
#690=FACE_OUTER_BOUND('',#1061,.T.);
#691=FACE_OUTER_BOUND('',#1062,.T.);
#692=FACE_OUTER_BOUND('',#1063,.T.);
#693=FACE_OUTER_BOUND('',#1064,.T.);
#694=FACE_OUTER_BOUND('',#1065,.T.);
#695=FACE_OUTER_BOUND('',#1066,.T.);
#696=FACE_OUTER_BOUND('',#1067,.T.);
#697=FACE_OUTER_BOUND('',#1068,.T.);
#698=FACE_OUTER_BOUND('',#1069,.T.);
#699=FACE_OUTER_BOUND('',#1070,.T.);
#700=FACE_OUTER_BOUND('',#1071,.T.);
#701=FACE_OUTER_BOUND('',#1072,.T.);
#702=FACE_OUTER_BOUND('',#1073,.T.);
#703=FACE_OUTER_BOUND('',#1074,.T.);
#704=FACE_OUTER_BOUND('',#1075,.T.);
#705=FACE_OUTER_BOUND('',#1076,.T.);
#706=FACE_OUTER_BOUND('',#1077,.T.);
#707=FACE_OUTER_BOUND('',#1078,.T.);
#708=FACE_OUTER_BOUND('',#1079,.T.);
#709=FACE_OUTER_BOUND('',#1080,.T.);
#710=FACE_OUTER_BOUND('',#1081,.T.);
#711=FACE_OUTER_BOUND('',#1083,.T.);
#712=FACE_OUTER_BOUND('',#1084,.T.);
#713=FACE_OUTER_BOUND('',#1086,.T.);
#714=FACE_OUTER_BOUND('',#1087,.T.);
#715=FACE_OUTER_BOUND('',#1089,.T.);
#716=FACE_OUTER_BOUND('',#1090,.T.);
#717=FACE_OUTER_BOUND('',#1092,.T.);
#718=FACE_OUTER_BOUND('',#1093,.T.);
#719=FACE_OUTER_BOUND('',#1095,.T.);
#720=FACE_OUTER_BOUND('',#1096,.T.);
#721=FACE_OUTER_BOUND('',#1098,.T.);
#722=FACE_OUTER_BOUND('',#1099,.T.);
#723=FACE_OUTER_BOUND('',#1100,.T.);
#724=FACE_OUTER_BOUND('',#1101,.T.);
#725=FACE_OUTER_BOUND('',#1102,.T.);
#726=FACE_OUTER_BOUND('',#1103,.T.);
#727=FACE_OUTER_BOUND('',#1104,.T.);
#728=FACE_OUTER_BOUND('',#1105,.T.);
#729=FACE_OUTER_BOUND('',#1106,.T.);
#730=FACE_OUTER_BOUND('',#1107,.T.);
#731=FACE_OUTER_BOUND('',#1108,.T.);
#732=FACE_OUTER_BOUND('',#1109,.T.);
#733=FACE_OUTER_BOUND('',#1110,.T.);
#734=FACE_OUTER_BOUND('',#1111,.T.);
#735=FACE_OUTER_BOUND('',#1112,.T.);
#736=FACE_OUTER_BOUND('',#1113,.T.);
#737=FACE_OUTER_BOUND('',#1114,.T.);
#738=FACE_OUTER_BOUND('',#1115,.T.);
#739=FACE_OUTER_BOUND('',#1116,.T.);
#740=FACE_OUTER_BOUND('',#1117,.T.);
#741=FACE_OUTER_BOUND('',#1118,.T.);
#742=FACE_OUTER_BOUND('',#1119,.T.);
#743=FACE_OUTER_BOUND('',#1120,.T.);
#744=FACE_OUTER_BOUND('',#1121,.T.);
#745=FACE_OUTER_BOUND('',#1122,.T.);
#746=FACE_OUTER_BOUND('',#1123,.T.);
#747=FACE_OUTER_BOUND('',#1124,.T.);
#748=FACE_OUTER_BOUND('',#1125,.T.);
#749=FACE_OUTER_BOUND('',#1126,.T.);
#750=FACE_OUTER_BOUND('',#1127,.T.);
#751=FACE_OUTER_BOUND('',#1128,.T.);
#752=FACE_OUTER_BOUND('',#1129,.T.);
#753=FACE_OUTER_BOUND('',#1130,.T.);
#754=FACE_OUTER_BOUND('',#1131,.T.);
#755=FACE_OUTER_BOUND('',#1132,.T.);
#756=FACE_OUTER_BOUND('',#1133,.T.);
#757=FACE_OUTER_BOUND('',#1134,.T.);
#758=FACE_OUTER_BOUND('',#1135,.T.);
#759=FACE_OUTER_BOUND('',#1136,.T.);
#760=FACE_OUTER_BOUND('',#1137,.T.);
#761=FACE_OUTER_BOUND('',#1138,.T.);
#762=FACE_OUTER_BOUND('',#1139,.T.);
#763=FACE_OUTER_BOUND('',#1140,.T.);
#764=FACE_OUTER_BOUND('',#1141,.T.);
#765=FACE_OUTER_BOUND('',#1142,.T.);
#766=FACE_OUTER_BOUND('',#1143,.T.);
#767=FACE_OUTER_BOUND('',#1144,.T.);
#768=FACE_OUTER_BOUND('',#1145,.T.);
#769=FACE_OUTER_BOUND('',#1147,.T.);
#770=FACE_OUTER_BOUND('',#1148,.T.);
#771=FACE_OUTER_BOUND('',#1157,.T.);
#772=FACE_OUTER_BOUND('',#1158,.T.);
#773=FACE_OUTER_BOUND('',#1159,.T.);
#774=FACE_OUTER_BOUND('',#1160,.T.);
#775=FACE_OUTER_BOUND('',#1161,.T.);
#776=FACE_OUTER_BOUND('',#1162,.T.);
#777=FACE_OUTER_BOUND('',#1163,.T.);
#778=FACE_OUTER_BOUND('',#1173,.T.);
#779=FACE_OUTER_BOUND('',#1174,.T.);
#780=FACE_OUTER_BOUND('',#1175,.T.);
#781=FACE_OUTER_BOUND('',#1176,.T.);
#782=FACE_OUTER_BOUND('',#1177,.T.);
#783=FACE_OUTER_BOUND('',#1178,.T.);
#784=FACE_OUTER_BOUND('',#1179,.T.);
#785=FACE_OUTER_BOUND('',#1180,.T.);
#786=FACE_OUTER_BOUND('',#1181,.T.);
#787=FACE_OUTER_BOUND('',#1182,.T.);
#788=FACE_OUTER_BOUND('',#1183,.T.);
#789=FACE_OUTER_BOUND('',#1184,.T.);
#790=FACE_OUTER_BOUND('',#1185,.T.);
#791=FACE_OUTER_BOUND('',#1186,.T.);
#792=FACE_OUTER_BOUND('',#1187,.T.);
#793=FACE_OUTER_BOUND('',#1188,.T.);
#794=FACE_OUTER_BOUND('',#1189,.T.);
#795=FACE_OUTER_BOUND('',#1190,.T.);
#796=FACE_OUTER_BOUND('',#1191,.T.);
#797=FACE_OUTER_BOUND('',#1192,.T.);
#798=FACE_OUTER_BOUND('',#1193,.T.);
#799=FACE_OUTER_BOUND('',#1194,.T.);
#800=FACE_OUTER_BOUND('',#1195,.T.);
#801=FACE_OUTER_BOUND('',#1196,.T.);
#802=FACE_OUTER_BOUND('',#1197,.T.);
#803=FACE_OUTER_BOUND('',#1198,.T.);
#804=FACE_OUTER_BOUND('',#1199,.T.);
#805=FACE_OUTER_BOUND('',#1200,.T.);
#806=FACE_OUTER_BOUND('',#1201,.T.);
#807=FACE_OUTER_BOUND('',#1203,.T.);
#808=FACE_OUTER_BOUND('',#1204,.T.);
#809=FACE_OUTER_BOUND('',#1205,.T.);
#810=FACE_OUTER_BOUND('',#1206,.T.);
#811=FACE_OUTER_BOUND('',#1207,.T.);
#812=FACE_OUTER_BOUND('',#1208,.T.);
#813=FACE_OUTER_BOUND('',#1209,.T.);
#814=FACE_OUTER_BOUND('',#1210,.T.);
#815=FACE_OUTER_BOUND('',#1211,.T.);
#816=FACE_OUTER_BOUND('',#1212,.T.);
#817=FACE_OUTER_BOUND('',#1213,.T.);
#818=FACE_OUTER_BOUND('',#1214,.T.);
#819=FACE_OUTER_BOUND('',#1215,.T.);
#820=FACE_OUTER_BOUND('',#1216,.T.);
#821=FACE_OUTER_BOUND('',#1217,.T.);
#822=FACE_OUTER_BOUND('',#1218,.T.);
#823=FACE_OUTER_BOUND('',#1219,.T.);
#824=FACE_OUTER_BOUND('',#1220,.T.);
#825=FACE_OUTER_BOUND('',#1221,.T.);
#826=FACE_OUTER_BOUND('',#1222,.T.);
#827=FACE_OUTER_BOUND('',#1223,.T.);
#828=FACE_OUTER_BOUND('',#1224,.T.);
#829=FACE_OUTER_BOUND('',#1225,.T.);
#830=FACE_OUTER_BOUND('',#1226,.T.);
#831=FACE_OUTER_BOUND('',#1227,.T.);
#832=FACE_OUTER_BOUND('',#1228,.T.);
#833=FACE_OUTER_BOUND('',#1229,.T.);
#834=FACE_OUTER_BOUND('',#1230,.T.);
#835=FACE_OUTER_BOUND('',#1231,.T.);
#836=FACE_OUTER_BOUND('',#1232,.T.);
#837=FACE_OUTER_BOUND('',#1233,.T.);
#838=FACE_OUTER_BOUND('',#1234,.T.);
#839=FACE_OUTER_BOUND('',#1235,.T.);
#840=FACE_OUTER_BOUND('',#1236,.T.);
#841=FACE_OUTER_BOUND('',#1237,.T.);
#842=FACE_OUTER_BOUND('',#1238,.T.);
#843=FACE_OUTER_BOUND('',#1239,.T.);
#844=FACE_OUTER_BOUND('',#1240,.T.);
#845=FACE_OUTER_BOUND('',#1241,.T.);
#846=FACE_OUTER_BOUND('',#1242,.T.);
#847=FACE_OUTER_BOUND('',#1243,.T.);
#848=FACE_OUTER_BOUND('',#1244,.T.);
#849=FACE_OUTER_BOUND('',#1245,.T.);
#850=FACE_OUTER_BOUND('',#1246,.T.);
#851=FACE_OUTER_BOUND('',#1247,.T.);
#852=FACE_OUTER_BOUND('',#1248,.T.);
#853=FACE_OUTER_BOUND('',#1249,.T.);
#854=FACE_OUTER_BOUND('',#1250,.T.);
#855=FACE_OUTER_BOUND('',#1251,.T.);
#856=FACE_OUTER_BOUND('',#1252,.T.);
#857=FACE_OUTER_BOUND('',#1253,.T.);
#858=FACE_OUTER_BOUND('',#1254,.T.);
#859=FACE_OUTER_BOUND('',#1255,.T.);
#860=FACE_OUTER_BOUND('',#1256,.T.);
#861=FACE_OUTER_BOUND('',#1257,.T.);
#862=FACE_OUTER_BOUND('',#1258,.T.);
#863=FACE_OUTER_BOUND('',#1259,.T.);
#864=FACE_OUTER_BOUND('',#1260,.T.);
#865=FACE_OUTER_BOUND('',#1261,.T.);
#866=FACE_OUTER_BOUND('',#1262,.T.);
#867=FACE_OUTER_BOUND('',#1263,.T.);
#868=FACE_OUTER_BOUND('',#1264,.T.);
#869=FACE_OUTER_BOUND('',#1265,.T.);
#870=FACE_OUTER_BOUND('',#1266,.T.);
#871=FACE_OUTER_BOUND('',#1267,.T.);
#872=FACE_OUTER_BOUND('',#1268,.T.);
#873=FACE_OUTER_BOUND('',#1269,.T.);
#874=FACE_OUTER_BOUND('',#1270,.T.);
#875=FACE_OUTER_BOUND('',#1271,.T.);
#876=FACE_OUTER_BOUND('',#1272,.T.);
#877=FACE_OUTER_BOUND('',#1273,.T.);
#878=FACE_OUTER_BOUND('',#1274,.T.);
#879=FACE_OUTER_BOUND('',#1275,.T.);
#880=FACE_OUTER_BOUND('',#1276,.T.);
#881=FACE_OUTER_BOUND('',#1277,.T.);
#882=FACE_OUTER_BOUND('',#1278,.T.);
#883=FACE_OUTER_BOUND('',#1279,.T.);
#884=FACE_OUTER_BOUND('',#1280,.T.);
#885=FACE_OUTER_BOUND('',#1281,.T.);
#886=FACE_OUTER_BOUND('',#1282,.T.);
#887=FACE_OUTER_BOUND('',#1283,.T.);
#888=FACE_OUTER_BOUND('',#1284,.T.);
#889=FACE_OUTER_BOUND('',#1285,.T.);
#890=FACE_OUTER_BOUND('',#1286,.T.);
#891=FACE_OUTER_BOUND('',#1287,.T.);
#892=FACE_OUTER_BOUND('',#1288,.T.);
#893=FACE_OUTER_BOUND('',#1289,.T.);
#894=FACE_OUTER_BOUND('',#1290,.T.);
#895=FACE_OUTER_BOUND('',#1291,.T.);
#896=FACE_OUTER_BOUND('',#1292,.T.);
#897=FACE_OUTER_BOUND('',#1293,.T.);
#898=FACE_OUTER_BOUND('',#1294,.T.);
#899=FACE_OUTER_BOUND('',#1295,.T.);
#900=FACE_OUTER_BOUND('',#1296,.T.);
#901=FACE_OUTER_BOUND('',#1297,.T.);
#902=FACE_OUTER_BOUND('',#1298,.T.);
#903=FACE_OUTER_BOUND('',#1299,.T.);
#904=FACE_OUTER_BOUND('',#1300,.T.);
#905=FACE_OUTER_BOUND('',#1301,.T.);
#906=FACE_OUTER_BOUND('',#1302,.T.);
#907=FACE_OUTER_BOUND('',#1303,.T.);
#908=FACE_OUTER_BOUND('',#1304,.T.);
#909=FACE_OUTER_BOUND('',#1305,.T.);
#910=FACE_OUTER_BOUND('',#1306,.T.);
#911=FACE_OUTER_BOUND('',#1307,.T.);
#912=FACE_OUTER_BOUND('',#1308,.T.);
#913=FACE_OUTER_BOUND('',#1309,.T.);
#914=FACE_OUTER_BOUND('',#1310,.T.);
#915=FACE_OUTER_BOUND('',#1311,.T.);
#916=FACE_OUTER_BOUND('',#1312,.T.);
#917=FACE_OUTER_BOUND('',#1313,.T.);
#918=FACE_OUTER_BOUND('',#1314,.T.);
#919=FACE_OUTER_BOUND('',#1315,.T.);
#920=FACE_OUTER_BOUND('',#1316,.T.);
#921=FACE_OUTER_BOUND('',#1317,.T.);
#922=FACE_OUTER_BOUND('',#1318,.T.);
#923=FACE_OUTER_BOUND('',#1319,.T.);
#924=FACE_OUTER_BOUND('',#1320,.T.);
#925=FACE_OUTER_BOUND('',#1321,.T.);
#926=FACE_OUTER_BOUND('',#1322,.T.);
#927=FACE_OUTER_BOUND('',#1323,.T.);
#928=FACE_OUTER_BOUND('',#1324,.T.);
#929=FACE_OUTER_BOUND('',#1325,.T.);
#930=FACE_OUTER_BOUND('',#1326,.T.);
#931=FACE_OUTER_BOUND('',#1327,.T.);
#932=FACE_OUTER_BOUND('',#1328,.T.);
#933=FACE_OUTER_BOUND('',#1329,.T.);
#934=FACE_OUTER_BOUND('',#1330,.T.);
#935=FACE_OUTER_BOUND('',#1331,.T.);
#936=FACE_OUTER_BOUND('',#1332,.T.);
#937=FACE_OUTER_BOUND('',#1333,.T.);
#938=FACE_OUTER_BOUND('',#1334,.T.);
#939=FACE_OUTER_BOUND('',#1335,.T.);
#940=FACE_OUTER_BOUND('',#1336,.T.);
#941=FACE_OUTER_BOUND('',#1337,.T.);
#942=FACE_OUTER_BOUND('',#1338,.T.);
#943=FACE_OUTER_BOUND('',#1339,.T.);
#944=FACE_OUTER_BOUND('',#1340,.T.);
#945=FACE_OUTER_BOUND('',#1341,.T.);
#946=FACE_OUTER_BOUND('',#1342,.T.);
#947=FACE_OUTER_BOUND('',#1343,.T.);
#948=FACE_OUTER_BOUND('',#1344,.T.);
#949=FACE_OUTER_BOUND('',#1345,.T.);
#950=FACE_OUTER_BOUND('',#1346,.T.);
#951=FACE_OUTER_BOUND('',#1347,.T.);
#952=FACE_OUTER_BOUND('',#1348,.T.);
#953=FACE_OUTER_BOUND('',#1349,.T.);
#954=FACE_OUTER_BOUND('',#1350,.T.);
#955=FACE_OUTER_BOUND('',#1351,.T.);
#956=FACE_OUTER_BOUND('',#1352,.T.);
#957=EDGE_LOOP('',(#4107,#4108,#4109,#4110));
#958=EDGE_LOOP('',(#4111,#4112,#4113,#4114));
#959=EDGE_LOOP('',(#4115,#4116,#4117,#4118));
#960=EDGE_LOOP('',(#4119,#4120,#4121,#4122));
#961=EDGE_LOOP('',(#4123,#4124,#4125,#4126));
#962=EDGE_LOOP('',(#4127,#4128,#4129,#4130));
#963=EDGE_LOOP('',(#4131,#4132,#4133,#4134));
#964=EDGE_LOOP('',(#4135,#4136,#4137,#4138));
#965=EDGE_LOOP('',(#4139,#4140,#4141,#4142,#4143,#4144,#4145,#4146));
#966=EDGE_LOOP('',(#4147,#4148,#4149,#4150));
#967=EDGE_LOOP('',(#4151,#4152,#4153,#4154));
#968=EDGE_LOOP('',(#4155,#4156,#4157,#4158));
#969=EDGE_LOOP('',(#4159,#4160,#4161,#4162));
#970=EDGE_LOOP('',(#4163,#4164,#4165,#4166));
#971=EDGE_LOOP('',(#4167,#4168,#4169,#4170));
#972=EDGE_LOOP('',(#4171,#4172,#4173,#4174));
#973=EDGE_LOOP('',(#4175,#4176,#4177,#4178));
#974=EDGE_LOOP('',(#4179,#4180,#4181,#4182));
#975=EDGE_LOOP('',(#4183,#4184,#4185,#4186,#4187,#4188,#4189,#4190));
#976=EDGE_LOOP('',(#4191,#4192,#4193,#4194));
#977=EDGE_LOOP('',(#4195,#4196,#4197,#4198));
#978=EDGE_LOOP('',(#4199,#4200,#4201,#4202));
#979=EDGE_LOOP('',(#4203,#4204,#4205,#4206));
#980=EDGE_LOOP('',(#4207,#4208,#4209,#4210));
#981=EDGE_LOOP('',(#4211,#4212,#4213,#4214));
#982=EDGE_LOOP('',(#4215,#4216,#4217,#4218));
#983=EDGE_LOOP('',(#4219,#4220,#4221,#4222));
#984=EDGE_LOOP('',(#4223,#4224,#4225,#4226));
#985=EDGE_LOOP('',(#4227,#4228,#4229,#4230,#4231,#4232,#4233,#4234));
#986=EDGE_LOOP('',(#4235,#4236,#4237,#4238,#4239,#4240,#4241,#4242));
#987=EDGE_LOOP('',(#4243,#4244,#4245,#4246));
#988=EDGE_LOOP('',(#4247,#4248,#4249,#4250));
#989=EDGE_LOOP('',(#4251,#4252,#4253,#4254));
#990=EDGE_LOOP('',(#4255,#4256,#4257,#4258));
#991=EDGE_LOOP('',(#4259,#4260,#4261,#4262));
#992=EDGE_LOOP('',(#4263,#4264,#4265,#4266));
#993=EDGE_LOOP('',(#4267,#4268,#4269,#4270));
#994=EDGE_LOOP('',(#4271,#4272,#4273,#4274));
#995=EDGE_LOOP('',(#4275,#4276,#4277,#4278,#4279,#4280,#4281,#4282));
#996=EDGE_LOOP('',(#4283,#4284,#4285,#4286,#4287));
#997=EDGE_LOOP('',(#4288,#4289,#4290,#4291));
#998=EDGE_LOOP('',(#4292,#4293,#4294,#4295));
#999=EDGE_LOOP('',(#4296,#4297,#4298,#4299));
#1000=EDGE_LOOP('',(#4300,#4301,#4302,#4303));
#1001=EDGE_LOOP('',(#4304,#4305,#4306,#4307));
#1002=EDGE_LOOP('',(#4308,#4309,#4310,#4311));
#1003=EDGE_LOOP('',(#4312,#4313,#4314,#4315));
#1004=EDGE_LOOP('',(#4316,#4317,#4318,#4319));
#1005=EDGE_LOOP('',(#4320,#4321,#4322,#4323,#4324,#4325,#4326,#4327));
#1006=EDGE_LOOP('',(#4328,#4329,#4330,#4331,#4332,#4333,#4334,#4335));
#1007=EDGE_LOOP('',(#4336,#4337,#4338,#4339));
#1008=EDGE_LOOP('',(#4340,#4341,#4342,#4343));
#1009=EDGE_LOOP('',(#4344,#4345,#4346,#4347));
#1010=EDGE_LOOP('',(#4348,#4349,#4350,#4351));
#1011=EDGE_LOOP('',(#4352,#4353,#4354,#4355));
#1012=EDGE_LOOP('',(#4356,#4357,#4358,#4359));
#1013=EDGE_LOOP('',(#4360,#4361,#4362,#4363));
#1014=EDGE_LOOP('',(#4364,#4365,#4366,#4367));
#1015=EDGE_LOOP('',(#4368,#4369,#4370,#4371,#4372,#4373,#4374,#4375));
#1016=EDGE_LOOP('',(#4376,#4377,#4378,#4379,#4380));
#1017=EDGE_LOOP('',(#4381,#4382,#4383,#4384));
#1018=EDGE_LOOP('',(#4385,#4386,#4387,#4388,#4389,#4390,#4391,#4392));
#1019=EDGE_LOOP('',(#4393,#4394,#4395,#4396));
#1020=EDGE_LOOP('',(#4397,#4398,#4399,#4400,#4401,#4402,#4403,#4404));
#1021=EDGE_LOOP('',(#4405,#4406,#4407,#4408));
#1022=EDGE_LOOP('',(#4409,#4410,#4411,#4412));
#1023=EDGE_LOOP('',(#4413,#4414,#4415,#4416));
#1024=EDGE_LOOP('',(#4417,#4418,#4419,#4420));
#1025=EDGE_LOOP('',(#4421,#4422,#4423,#4424,#4425,#4426,#4427,#4428));
#1026=EDGE_LOOP('',(#4429,#4430,#4431,#4432));
#1027=EDGE_LOOP('',(#4433,#4434,#4435,#4436));
#1028=EDGE_LOOP('',(#4437,#4438,#4439,#4440));
#1029=EDGE_LOOP('',(#4441,#4442,#4443,#4444));
#1030=EDGE_LOOP('',(#4445,#4446,#4447,#4448,#4449,#4450,#4451,#4452));
#1031=EDGE_LOOP('',(#4453,#4454,#4455,#4456));
#1032=EDGE_LOOP('',(#4457,#4458,#4459,#4460,#4461));
#1033=EDGE_LOOP('',(#4462,#4463,#4464,#4465));
#1034=EDGE_LOOP('',(#4466,#4467,#4468,#4469));
#1035=EDGE_LOOP('',(#4470,#4471,#4472,#4473));
#1036=EDGE_LOOP('',(#4474,#4475,#4476,#4477,#4478));
#1037=EDGE_LOOP('',(#4479,#4480,#4481,#4482,#4483));
#1038=EDGE_LOOP('',(#4484,#4485,#4486,#4487));
#1039=EDGE_LOOP('',(#4488,#4489,#4490,#4491));
#1040=EDGE_LOOP('',(#4492,#4493,#4494,#4495));
#1041=EDGE_LOOP('',(#4496,#4497,#4498,#4499));
#1042=EDGE_LOOP('',(#4500,#4501,#4502,#4503));
#1043=EDGE_LOOP('',(#4504,#4505,#4506,#4507));
#1044=EDGE_LOOP('',(#4508,#4509,#4510,#4511));
#1045=EDGE_LOOP('',(#4512,#4513,#4514,#4515,#4516));
#1046=EDGE_LOOP('',(#4517,#4518,#4519,#4520));
#1047=EDGE_LOOP('',(#4521,#4522,#4523,#4524));
#1048=EDGE_LOOP('',(#4525,#4526,#4527,#4528));
#1049=EDGE_LOOP('',(#4529,#4530,#4531,#4532));
#1050=EDGE_LOOP('',(#4533,#4534,#4535,#4536));
#1051=EDGE_LOOP('',(#4537,#4538,#4539,#4540));
#1052=EDGE_LOOP('',(#4541,#4542,#4543,#4544));
#1053=EDGE_LOOP('',(#4545,#4546,#4547,#4548,#4549,#4550,#4551,#4552,#4553,
#4554,#4555,#4556,#4557,#4558,#4559,#4560,#4561,#4562,#4563,#4564,#4565,
#4566,#4567,#4568));
#1054=EDGE_LOOP('',(#4569,#4570,#4571,#4572,#4573,#4574,#4575,#4576));
#1055=EDGE_LOOP('',(#4577,#4578,#4579,#4580,#4581,#4582,#4583,#4584));
#1056=EDGE_LOOP('',(#4585,#4586,#4587,#4588,#4589,#4590,#4591,#4592));
#1057=EDGE_LOOP('',(#4593,#4594,#4595,#4596,#4597,#4598,#4599,#4600));
#1058=EDGE_LOOP('',(#4601,#4602,#4603,#4604,#4605,#4606,#4607,#4608));
#1059=EDGE_LOOP('',(#4609,#4610,#4611,#4612,#4613,#4614,#4615,#4616));
#1060=EDGE_LOOP('',(#4617,#4618,#4619,#4620));
#1061=EDGE_LOOP('',(#4621,#4622,#4623,#4624));
#1062=EDGE_LOOP('',(#4625,#4626,#4627,#4628));
#1063=EDGE_LOOP('',(#4629,#4630,#4631,#4632));
#1064=EDGE_LOOP('',(#4633,#4634,#4635,#4636));
#1065=EDGE_LOOP('',(#4637,#4638,#4639,#4640));
#1066=EDGE_LOOP('',(#4641,#4642,#4643,#4644));
#1067=EDGE_LOOP('',(#4645,#4646,#4647,#4648));
#1068=EDGE_LOOP('',(#4649,#4650,#4651,#4652));
#1069=EDGE_LOOP('',(#4653,#4654,#4655,#4656));
#1070=EDGE_LOOP('',(#4657,#4658,#4659,#4660));
#1071=EDGE_LOOP('',(#4661,#4662,#4663,#4664));
#1072=EDGE_LOOP('',(#4665,#4666,#4667,#4668));
#1073=EDGE_LOOP('',(#4669,#4670,#4671,#4672));
#1074=EDGE_LOOP('',(#4673,#4674,#4675,#4676));
#1075=EDGE_LOOP('',(#4677,#4678,#4679,#4680));
#1076=EDGE_LOOP('',(#4681,#4682,#4683,#4684));
#1077=EDGE_LOOP('',(#4685,#4686,#4687,#4688));
#1078=EDGE_LOOP('',(#4689,#4690,#4691,#4692));
#1079=EDGE_LOOP('',(#4693,#4694,#4695,#4696));
#1080=EDGE_LOOP('',(#4697,#4698,#4699,#4700));
#1081=EDGE_LOOP('',(#4701));
#1082=EDGE_LOOP('',(#4702));
#1083=EDGE_LOOP('',(#4703,#4704,#4705,#4706));
#1084=EDGE_LOOP('',(#4707));
#1085=EDGE_LOOP('',(#4708));
#1086=EDGE_LOOP('',(#4709,#4710,#4711,#4712));
#1087=EDGE_LOOP('',(#4713));
#1088=EDGE_LOOP('',(#4714));
#1089=EDGE_LOOP('',(#4715,#4716,#4717,#4718));
#1090=EDGE_LOOP('',(#4719));
#1091=EDGE_LOOP('',(#4720));
#1092=EDGE_LOOP('',(#4721,#4722,#4723,#4724));
#1093=EDGE_LOOP('',(#4725));
#1094=EDGE_LOOP('',(#4726));
#1095=EDGE_LOOP('',(#4727,#4728,#4729,#4730));
#1096=EDGE_LOOP('',(#4731));
#1097=EDGE_LOOP('',(#4732));
#1098=EDGE_LOOP('',(#4733,#4734,#4735,#4736,#4737,#4738,#4739,#4740,#4741,
#4742,#4743,#4744));
#1099=EDGE_LOOP('',(#4745,#4746,#4747,#4748,#4749,#4750,#4751,#4752,#4753,
#4754,#4755,#4756));
#1100=EDGE_LOOP('',(#4757,#4758,#4759,#4760,#4761,#4762));
#1101=EDGE_LOOP('',(#4763,#4764,#4765,#4766));
#1102=EDGE_LOOP('',(#4767,#4768,#4769,#4770,#4771,#4772));
#1103=EDGE_LOOP('',(#4773,#4774,#4775,#4776,#4777,#4778,#4779,#4780));
#1104=EDGE_LOOP('',(#4781,#4782,#4783,#4784));
#1105=EDGE_LOOP('',(#4785,#4786,#4787,#4788));
#1106=EDGE_LOOP('',(#4789,#4790,#4791,#4792));
#1107=EDGE_LOOP('',(#4793,#4794,#4795,#4796));
#1108=EDGE_LOOP('',(#4797,#4798,#4799,#4800));
#1109=EDGE_LOOP('',(#4801,#4802,#4803,#4804));
#1110=EDGE_LOOP('',(#4805,#4806,#4807,#4808));
#1111=EDGE_LOOP('',(#4809,#4810,#4811,#4812));
#1112=EDGE_LOOP('',(#4813,#4814,#4815,#4816));
#1113=EDGE_LOOP('',(#4817,#4818,#4819,#4820));
#1114=EDGE_LOOP('',(#4821,#4822,#4823,#4824));
#1115=EDGE_LOOP('',(#4825,#4826,#4827,#4828));
#1116=EDGE_LOOP('',(#4829,#4830,#4831,#4832));
#1117=EDGE_LOOP('',(#4833,#4834,#4835,#4836));
#1118=EDGE_LOOP('',(#4837,#4838,#4839,#4840));
#1119=EDGE_LOOP('',(#4841,#4842,#4843,#4844));
#1120=EDGE_LOOP('',(#4845,#4846,#4847,#4848));
#1121=EDGE_LOOP('',(#4849,#4850,#4851,#4852));
#1122=EDGE_LOOP('',(#4853,#4854,#4855,#4856));
#1123=EDGE_LOOP('',(#4857,#4858,#4859,#4860));
#1124=EDGE_LOOP('',(#4861,#4862,#4863,#4864));
#1125=EDGE_LOOP('',(#4865,#4866,#4867,#4868));
#1126=EDGE_LOOP('',(#4869,#4870,#4871,#4872));
#1127=EDGE_LOOP('',(#4873,#4874,#4875,#4876));
#1128=EDGE_LOOP('',(#4877,#4878,#4879,#4880));
#1129=EDGE_LOOP('',(#4881,#4882,#4883,#4884));
#1130=EDGE_LOOP('',(#4885,#4886,#4887,#4888));
#1131=EDGE_LOOP('',(#4889,#4890,#4891,#4892));
#1132=EDGE_LOOP('',(#4893,#4894,#4895,#4896));
#1133=EDGE_LOOP('',(#4897,#4898,#4899,#4900));
#1134=EDGE_LOOP('',(#4901,#4902,#4903,#4904));
#1135=EDGE_LOOP('',(#4905,#4906,#4907,#4908));
#1136=EDGE_LOOP('',(#4909,#4910,#4911,#4912));
#1137=EDGE_LOOP('',(#4913,#4914,#4915,#4916));
#1138=EDGE_LOOP('',(#4917,#4918,#4919,#4920));
#1139=EDGE_LOOP('',(#4921,#4922,#4923,#4924));
#1140=EDGE_LOOP('',(#4925,#4926,#4927,#4928,#4929,#4930,#4931,#4932,#4933,
#4934));
#1141=EDGE_LOOP('',(#4935,#4936,#4937,#4938));
#1142=EDGE_LOOP('',(#4939,#4940,#4941,#4942,#4943,#4944,#4945,#4946));
#1143=EDGE_LOOP('',(#4947,#4948,#4949,#4950,#4951));
#1144=EDGE_LOOP('',(#4952,#4953,#4954,#4955,#4956));
#1145=EDGE_LOOP('',(#4957,#4958,#4959,#4960,#4961,#4962,#4963,#4964,#4965,
#4966,#4967,#4968));
#1146=EDGE_LOOP('',(#4969,#4970,#4971,#4972,#4973,#4974,#4975,#4976,#4977,
#4978,#4979,#4980));
#1147=EDGE_LOOP('',(#4981,#4982,#4983,#4984));
#1148=EDGE_LOOP('',(#4985,#4986,#4987,#4988,#4989,#4990,#4991,#4992,#4993,
#4994,#4995,#4996,#4997,#4998,#4999,#5000,#5001,#5002,#5003,#5004,#5005,
#5006,#5007,#5008,#5009,#5010,#5011,#5012,#5013,#5014,#5015,#5016,#5017,
#5018,#5019,#5020,#5021,#5022,#5023,#5024,#5025,#5026,#5027,#5028,#5029,
#5030,#5031,#5032,#5033,#5034,#5035,#5036,#5037,#5038,#5039,#5040,#5041,
#5042,#5043,#5044,#5045,#5046,#5047,#5048,#5049,#5050,#5051,#5052,#5053,
#5054,#5055,#5056,#5057,#5058,#5059,#5060,#5061,#5062,#5063,#5064,#5065,
#5066,#5067,#5068,#5069,#5070,#5071,#5072,#5073,#5074,#5075,#5076,#5077,
#5078,#5079,#5080,#5081,#5082,#5083,#5084,#5085,#5086,#5087,#5088,#5089,
#5090,#5091));
#1149=EDGE_LOOP('',(#5092));
#1150=EDGE_LOOP('',(#5093));
#1151=EDGE_LOOP('',(#5094));
#1152=EDGE_LOOP('',(#5095));
#1153=EDGE_LOOP('',(#5096));
#1154=EDGE_LOOP('',(#5097));
#1155=EDGE_LOOP('',(#5098));
#1156=EDGE_LOOP('',(#5099));
#1157=EDGE_LOOP('',(#5100,#5101,#5102,#5103,#5104,#5105,#5106,#5107,#5108,
#5109,#5110,#5111));
#1158=EDGE_LOOP('',(#5112,#5113,#5114,#5115));
#1159=EDGE_LOOP('',(#5116,#5117,#5118,#5119));
#1160=EDGE_LOOP('',(#5120,#5121,#5122,#5123));
#1161=EDGE_LOOP('',(#5124,#5125,#5126,#5127));
#1162=EDGE_LOOP('',(#5128,#5129,#5130,#5131));
#1163=EDGE_LOOP('',(#5132,#5133,#5134,#5135,#5136,#5137,#5138,#5139,#5140,
#5141,#5142,#5143,#5144,#5145,#5146,#5147,#5148,#5149,#5150,#5151,#5152,
#5153,#5154,#5155,#5156,#5157,#5158,#5159,#5160,#5161,#5162,#5163,#5164,
#5165,#5166,#5167,#5168,#5169,#5170,#5171,#5172,#5173,#5174,#5175,#5176,
#5177,#5178,#5179,#5180,#5181,#5182,#5183,#5184,#5185,#5186,#5187,#5188,
#5189,#5190,#5191,#5192,#5193,#5194,#5195,#5196,#5197,#5198,#5199,#5200,
#5201,#5202,#5203,#5204,#5205,#5206,#5207,#5208,#5209,#5210,#5211,#5212,
#5213,#5214,#5215,#5216,#5217,#5218,#5219,#5220,#5221,#5222,#5223,#5224,
#5225,#5226,#5227,#5228,#5229,#5230,#5231,#5232,#5233,#5234,#5235,#5236,
#5237,#5238,#5239,#5240,#5241));
#1164=EDGE_LOOP('',(#5242,#5243,#5244,#5245));
#1165=EDGE_LOOP('',(#5246,#5247,#5248,#5249));
#1166=EDGE_LOOP('',(#5250,#5251,#5252,#5253));
#1167=EDGE_LOOP('',(#5254,#5255,#5256,#5257));
#1168=EDGE_LOOP('',(#5258));
#1169=EDGE_LOOP('',(#5259));
#1170=EDGE_LOOP('',(#5260));
#1171=EDGE_LOOP('',(#5261));
#1172=EDGE_LOOP('',(#5262));
#1173=EDGE_LOOP('',(#5263,#5264,#5265));
#1174=EDGE_LOOP('',(#5266,#5267,#5268,#5269));
#1175=EDGE_LOOP('',(#5270,#5271,#5272,#5273));
#1176=EDGE_LOOP('',(#5274,#5275,#5276,#5277));
#1177=EDGE_LOOP('',(#5278,#5279,#5280));
#1178=EDGE_LOOP('',(#5281,#5282,#5283,#5284,#5285,#5286,#5287,#5288));
#1179=EDGE_LOOP('',(#5289,#5290,#5291,#5292));
#1180=EDGE_LOOP('',(#5293,#5294,#5295,#5296));
#1181=EDGE_LOOP('',(#5297,#5298,#5299,#5300));
#1182=EDGE_LOOP('',(#5301,#5302,#5303,#5304));
#1183=EDGE_LOOP('',(#5305,#5306,#5307,#5308));
#1184=EDGE_LOOP('',(#5309,#5310,#5311,#5312));
#1185=EDGE_LOOP('',(#5313,#5314,#5315,#5316));
#1186=EDGE_LOOP('',(#5317,#5318,#5319,#5320));
#1187=EDGE_LOOP('',(#5321,#5322,#5323,#5324));
#1188=EDGE_LOOP('',(#5325,#5326,#5327,#5328));
#1189=EDGE_LOOP('',(#5329,#5330,#5331,#5332));
#1190=EDGE_LOOP('',(#5333,#5334,#5335,#5336));
#1191=EDGE_LOOP('',(#5337,#5338,#5339,#5340));
#1192=EDGE_LOOP('',(#5341,#5342,#5343,#5344,#5345,#5346,#5347,#5348,#5349,
#5350,#5351,#5352));
#1193=EDGE_LOOP('',(#5353,#5354,#5355,#5356));
#1194=EDGE_LOOP('',(#5357,#5358,#5359,#5360,#5361,#5362));
#1195=EDGE_LOOP('',(#5363,#5364,#5365,#5366,#5367));
#1196=EDGE_LOOP('',(#5368,#5369,#5370,#5371,#5372));
#1197=EDGE_LOOP('',(#5373,#5374,#5375,#5376));
#1198=EDGE_LOOP('',(#5377,#5378,#5379,#5380,#5381,#5382));
#1199=EDGE_LOOP('',(#5383,#5384,#5385,#5386));
#1200=EDGE_LOOP('',(#5387,#5388,#5389,#5390));
#1201=EDGE_LOOP('',(#5391,#5392,#5393,#5394,#5395,#5396,#5397,#5398,#5399,
#5400,#5401,#5402,#5403,#5404));
#1202=EDGE_LOOP('',(#5405));
#1203=EDGE_LOOP('',(#5406,#5407,#5408,#5409));
#1204=EDGE_LOOP('',(#5410,#5411,#5412,#5413,#5414,#5415,#5416,#5417));
#1205=EDGE_LOOP('',(#5418,#5419,#5420,#5421));
#1206=EDGE_LOOP('',(#5422,#5423,#5424,#5425));
#1207=EDGE_LOOP('',(#5426,#5427,#5428,#5429));
#1208=EDGE_LOOP('',(#5430,#5431,#5432,#5433));
#1209=EDGE_LOOP('',(#5434,#5435,#5436,#5437));
#1210=EDGE_LOOP('',(#5438,#5439,#5440,#5441,#5442));
#1211=EDGE_LOOP('',(#5443,#5444,#5445,#5446,#5447));
#1212=EDGE_LOOP('',(#5448,#5449,#5450,#5451,#5452));
#1213=EDGE_LOOP('',(#5453,#5454,#5455,#5456,#5457));
#1214=EDGE_LOOP('',(#5458,#5459,#5460,#5461,#5462,#5463,#5464,#5465,#5466,
#5467));
#1215=EDGE_LOOP('',(#5468,#5469,#5470,#5471));
#1216=EDGE_LOOP('',(#5472,#5473,#5474,#5475));
#1217=EDGE_LOOP('',(#5476));
#1218=EDGE_LOOP('',(#5477,#5478,#5479,#5480));
#1219=EDGE_LOOP('',(#5481));
#1220=EDGE_LOOP('',(#5482,#5483,#5484,#5485));
#1221=EDGE_LOOP('',(#5486));
#1222=EDGE_LOOP('',(#5487,#5488,#5489,#5490));
#1223=EDGE_LOOP('',(#5491));
#1224=EDGE_LOOP('',(#5492,#5493,#5494,#5495));
#1225=EDGE_LOOP('',(#5496));
#1226=EDGE_LOOP('',(#5497,#5498,#5499,#5500));
#1227=EDGE_LOOP('',(#5501));
#1228=EDGE_LOOP('',(#5502,#5503,#5504,#5505));
#1229=EDGE_LOOP('',(#5506));
#1230=EDGE_LOOP('',(#5507,#5508,#5509,#5510));
#1231=EDGE_LOOP('',(#5511));
#1232=EDGE_LOOP('',(#5512,#5513,#5514,#5515));
#1233=EDGE_LOOP('',(#5516,#5517,#5518,#5519));
#1234=EDGE_LOOP('',(#5520,#5521,#5522,#5523));
#1235=EDGE_LOOP('',(#5524,#5525,#5526,#5527));
#1236=EDGE_LOOP('',(#5528,#5529,#5530,#5531));
#1237=EDGE_LOOP('',(#5532,#5533,#5534,#5535));
#1238=EDGE_LOOP('',(#5536,#5537,#5538,#5539));
#1239=EDGE_LOOP('',(#5540,#5541,#5542,#5543));
#1240=EDGE_LOOP('',(#5544,#5545,#5546,#5547,#5548,#5549));
#1241=EDGE_LOOP('',(#5550,#5551,#5552,#5553));
#1242=EDGE_LOOP('',(#5554,#5555,#5556,#5557,#5558,#5559,#5560,#5561,#5562,
#5563,#5564,#5565,#5566,#5567,#5568,#5569,#5570,#5571));
#1243=EDGE_LOOP('',(#5572,#5573,#5574,#5575));
#1244=EDGE_LOOP('',(#5576,#5577,#5578,#5579));
#1245=EDGE_LOOP('',(#5580,#5581,#5582,#5583));
#1246=EDGE_LOOP('',(#5584,#5585,#5586,#5587));
#1247=EDGE_LOOP('',(#5588,#5589,#5590,#5591));
#1248=EDGE_LOOP('',(#5592,#5593,#5594,#5595));
#1249=EDGE_LOOP('',(#5596,#5597,#5598,#5599));
#1250=EDGE_LOOP('',(#5600,#5601,#5602,#5603));
#1251=EDGE_LOOP('',(#5604,#5605,#5606,#5607));
#1252=EDGE_LOOP('',(#5608,#5609,#5610,#5611));
#1253=EDGE_LOOP('',(#5612,#5613,#5614,#5615));
#1254=EDGE_LOOP('',(#5616,#5617,#5618,#5619));
#1255=EDGE_LOOP('',(#5620,#5621,#5622,#5623));
#1256=EDGE_LOOP('',(#5624,#5625,#5626,#5627));
#1257=EDGE_LOOP('',(#5628,#5629,#5630,#5631));
#1258=EDGE_LOOP('',(#5632,#5633,#5634,#5635));
#1259=EDGE_LOOP('',(#5636,#5637,#5638,#5639));
#1260=EDGE_LOOP('',(#5640,#5641,#5642,#5643));
#1261=EDGE_LOOP('',(#5644,#5645,#5646,#5647));
#1262=EDGE_LOOP('',(#5648,#5649,#5650,#5651));
#1263=EDGE_LOOP('',(#5652,#5653,#5654,#5655));
#1264=EDGE_LOOP('',(#5656,#5657,#5658,#5659));
#1265=EDGE_LOOP('',(#5660,#5661,#5662,#5663));
#1266=EDGE_LOOP('',(#5664,#5665,#5666,#5667));
#1267=EDGE_LOOP('',(#5668,#5669,#5670,#5671));
#1268=EDGE_LOOP('',(#5672,#5673,#5674,#5675));
#1269=EDGE_LOOP('',(#5676,#5677,#5678,#5679));
#1270=EDGE_LOOP('',(#5680,#5681,#5682,#5683));
#1271=EDGE_LOOP('',(#5684,#5685,#5686,#5687));
#1272=EDGE_LOOP('',(#5688,#5689,#5690,#5691));
#1273=EDGE_LOOP('',(#5692,#5693,#5694,#5695));
#1274=EDGE_LOOP('',(#5696,#5697,#5698,#5699));
#1275=EDGE_LOOP('',(#5700,#5701,#5702,#5703));
#1276=EDGE_LOOP('',(#5704,#5705,#5706,#5707));
#1277=EDGE_LOOP('',(#5708,#5709,#5710,#5711));
#1278=EDGE_LOOP('',(#5712,#5713,#5714,#5715));
#1279=EDGE_LOOP('',(#5716,#5717,#5718,#5719));
#1280=EDGE_LOOP('',(#5720,#5721,#5722,#5723));
#1281=EDGE_LOOP('',(#5724,#5725,#5726,#5727));
#1282=EDGE_LOOP('',(#5728,#5729,#5730,#5731));
#1283=EDGE_LOOP('',(#5732,#5733,#5734,#5735));
#1284=EDGE_LOOP('',(#5736,#5737,#5738,#5739));
#1285=EDGE_LOOP('',(#5740,#5741,#5742,#5743));
#1286=EDGE_LOOP('',(#5744,#5745,#5746,#5747));
#1287=EDGE_LOOP('',(#5748,#5749,#5750,#5751));
#1288=EDGE_LOOP('',(#5752,#5753,#5754,#5755));
#1289=EDGE_LOOP('',(#5756,#5757,#5758,#5759));
#1290=EDGE_LOOP('',(#5760,#5761,#5762,#5763));
#1291=EDGE_LOOP('',(#5764,#5765,#5766,#5767));
#1292=EDGE_LOOP('',(#5768,#5769,#5770,#5771));
#1293=EDGE_LOOP('',(#5772,#5773,#5774,#5775));
#1294=EDGE_LOOP('',(#5776,#5777,#5778,#5779));
#1295=EDGE_LOOP('',(#5780,#5781,#5782,#5783));
#1296=EDGE_LOOP('',(#5784,#5785,#5786,#5787));
#1297=EDGE_LOOP('',(#5788,#5789,#5790,#5791));
#1298=EDGE_LOOP('',(#5792,#5793,#5794,#5795));
#1299=EDGE_LOOP('',(#5796,#5797,#5798,#5799));
#1300=EDGE_LOOP('',(#5800,#5801,#5802,#5803));
#1301=EDGE_LOOP('',(#5804,#5805,#5806,#5807));
#1302=EDGE_LOOP('',(#5808,#5809,#5810,#5811));
#1303=EDGE_LOOP('',(#5812,#5813,#5814,#5815));
#1304=EDGE_LOOP('',(#5816,#5817,#5818,#5819));
#1305=EDGE_LOOP('',(#5820,#5821,#5822,#5823));
#1306=EDGE_LOOP('',(#5824,#5825,#5826,#5827));
#1307=EDGE_LOOP('',(#5828,#5829,#5830,#5831));
#1308=EDGE_LOOP('',(#5832,#5833,#5834,#5835));
#1309=EDGE_LOOP('',(#5836,#5837,#5838,#5839));
#1310=EDGE_LOOP('',(#5840,#5841,#5842,#5843));
#1311=EDGE_LOOP('',(#5844,#5845,#5846,#5847));
#1312=EDGE_LOOP('',(#5848,#5849,#5850,#5851));
#1313=EDGE_LOOP('',(#5852,#5853,#5854,#5855));
#1314=EDGE_LOOP('',(#5856,#5857,#5858,#5859));
#1315=EDGE_LOOP('',(#5860,#5861,#5862,#5863));
#1316=EDGE_LOOP('',(#5864,#5865,#5866,#5867));
#1317=EDGE_LOOP('',(#5868,#5869,#5870,#5871));
#1318=EDGE_LOOP('',(#5872,#5873,#5874,#5875));
#1319=EDGE_LOOP('',(#5876,#5877,#5878,#5879));
#1320=EDGE_LOOP('',(#5880,#5881,#5882,#5883));
#1321=EDGE_LOOP('',(#5884,#5885,#5886,#5887));
#1322=EDGE_LOOP('',(#5888,#5889,#5890,#5891));
#1323=EDGE_LOOP('',(#5892,#5893,#5894,#5895));
#1324=EDGE_LOOP('',(#5896,#5897,#5898,#5899));
#1325=EDGE_LOOP('',(#5900,#5901,#5902,#5903));
#1326=EDGE_LOOP('',(#5904,#5905,#5906,#5907));
#1327=EDGE_LOOP('',(#5908,#5909,#5910,#5911));
#1328=EDGE_LOOP('',(#5912,#5913,#5914,#5915));
#1329=EDGE_LOOP('',(#5916,#5917,#5918,#5919));
#1330=EDGE_LOOP('',(#5920,#5921,#5922,#5923));
#1331=EDGE_LOOP('',(#5924,#5925,#5926,#5927));
#1332=EDGE_LOOP('',(#5928,#5929,#5930,#5931));
#1333=EDGE_LOOP('',(#5932,#5933,#5934,#5935));
#1334=EDGE_LOOP('',(#5936,#5937,#5938,#5939));
#1335=EDGE_LOOP('',(#5940,#5941,#5942,#5943));
#1336=EDGE_LOOP('',(#5944,#5945,#5946,#5947));
#1337=EDGE_LOOP('',(#5948,#5949,#5950,#5951));
#1338=EDGE_LOOP('',(#5952,#5953,#5954,#5955));
#1339=EDGE_LOOP('',(#5956,#5957,#5958,#5959));
#1340=EDGE_LOOP('',(#5960,#5961,#5962,#5963));
#1341=EDGE_LOOP('',(#5964,#5965,#5966,#5967,#5968,#5969,#5970,#5971,#5972,
#5973,#5974));
#1342=EDGE_LOOP('',(#5975,#5976,#5977,#5978));
#1343=EDGE_LOOP('',(#5979,#5980,#5981,#5982));
#1344=EDGE_LOOP('',(#5983,#5984,#5985,#5986));
#1345=EDGE_LOOP('',(#5987,#5988,#5989,#5990));
#1346=EDGE_LOOP('',(#5991,#5992,#5993,#5994));
#1347=EDGE_LOOP('',(#5995,#5996,#5997,#5998));
#1348=EDGE_LOOP('',(#5999,#6000,#6001,#6002));
#1349=EDGE_LOOP('',(#6003,#6004,#6005,#6006));
#1350=EDGE_LOOP('',(#6007,#6008,#6009,#6010));
#1351=EDGE_LOOP('',(#6011,#6012,#6013,#6014));
#1352=EDGE_LOOP('',(#6015,#6016,#6017,#6018));
#1353=LINE('',#9213,#1941);
#1354=LINE('',#9215,#1942);
#1355=LINE('',#9217,#1943);
#1356=LINE('',#9218,#1944);
#1357=LINE('',#9223,#1945);
#1358=LINE('',#9227,#1946);
#1359=LINE('',#9229,#1947);
#1360=LINE('',#9230,#1948);
#1361=LINE('',#9235,#1949);
#1362=LINE('',#9239,#1950);
#1363=LINE('',#9241,#1951);
#1364=LINE('',#9242,#1952);
#1365=LINE('',#9247,#1953);
#1366=LINE('',#9251,#1954);
#1367=LINE('',#9253,#1955);
#1368=LINE('',#9254,#1956);
#1369=LINE('',#9261,#1957);
#1370=LINE('',#9265,#1958);
#1371=LINE('',#9270,#1959);
#1372=LINE('',#9272,#1960);
#1373=LINE('',#9274,#1961);
#1374=LINE('',#9275,#1962);
#1375=LINE('',#9280,#1963);
#1376=LINE('',#9284,#1964);
#1377=LINE('',#9286,#1965);
#1378=LINE('',#9287,#1966);
#1379=LINE('',#9292,#1967);
#1380=LINE('',#9296,#1968);
#1381=LINE('',#9298,#1969);
#1382=LINE('',#9299,#1970);
#1383=LINE('',#9304,#1971);
#1384=LINE('',#9308,#1972);
#1385=LINE('',#9310,#1973);
#1386=LINE('',#9311,#1974);
#1387=LINE('',#9318,#1975);
#1388=LINE('',#9322,#1976);
#1389=LINE('',#9327,#1977);
#1390=LINE('',#9329,#1978);
#1391=LINE('',#9331,#1979);
#1392=LINE('',#9332,#1980);
#1393=LINE('',#9337,#1981);
#1394=LINE('',#9341,#1982);
#1395=LINE('',#9343,#1983);
#1396=LINE('',#9344,#1984);
#1397=LINE('',#9349,#1985);
#1398=LINE('',#9353,#1986);
#1399=LINE('',#9355,#1987);
#1400=LINE('',#9356,#1988);
#1401=LINE('',#9361,#1989);
#1402=LINE('',#9365,#1990);
#1403=LINE('',#9367,#1991);
#1404=LINE('',#9368,#1992);
#1405=LINE('',#9375,#1993);
#1406=LINE('',#9379,#1994);
#1407=LINE('',#9383,#1995);
#1408=LINE('',#9387,#1996);
#1409=LINE('',#9392,#1997);
#1410=LINE('',#9394,#1998);
#1411=LINE('',#9396,#1999);
#1412=LINE('',#9397,#2000);
#1413=LINE('',#9402,#2001);
#1414=LINE('',#9406,#2002);
#1415=LINE('',#9408,#2003);
#1416=LINE('',#9409,#2004);
#1417=LINE('',#9414,#2005);
#1418=LINE('',#9418,#2006);
#1419=LINE('',#9420,#2007);
#1420=LINE('',#9421,#2008);
#1421=LINE('',#9426,#2009);
#1422=LINE('',#9430,#2010);
#1423=LINE('',#9432,#2011);
#1424=LINE('',#9433,#2012);
#1425=LINE('',#9440,#2013);
#1426=LINE('',#9446,#2014);
#1427=LINE('',#9451,#2015);
#1428=LINE('',#9453,#2016);
#1429=LINE('',#9455,#2017);
#1430=LINE('',#9456,#2018);
#1431=LINE('',#9461,#2019);
#1432=LINE('',#9465,#2020);
#1433=LINE('',#9467,#2021);
#1434=LINE('',#9468,#2022);
#1435=LINE('',#9473,#2023);
#1436=LINE('',#9477,#2024);
#1437=LINE('',#9479,#2025);
#1438=LINE('',#9480,#2026);
#1439=LINE('',#9485,#2027);
#1440=LINE('',#9489,#2028);
#1441=LINE('',#9491,#2029);
#1442=LINE('',#9492,#2030);
#1443=LINE('',#9499,#2031);
#1444=LINE('',#9503,#2032);
#1445=LINE('',#9507,#2033);
#1446=LINE('',#9511,#2034);
#1447=LINE('',#9516,#2035);
#1448=LINE('',#9518,#2036);
#1449=LINE('',#9520,#2037);
#1450=LINE('',#9521,#2038);
#1451=LINE('',#9526,#2039);
#1452=LINE('',#9530,#2040);
#1453=LINE('',#9532,#2041);
#1454=LINE('',#9533,#2042);
#1455=LINE('',#9538,#2043);
#1456=LINE('',#9542,#2044);
#1457=LINE('',#9544,#2045);
#1458=LINE('',#9545,#2046);
#1459=LINE('',#9550,#2047);
#1460=LINE('',#9554,#2048);
#1461=LINE('',#9556,#2049);
#1462=LINE('',#9557,#2050);
#1463=LINE('',#9564,#2051);
#1464=LINE('',#9570,#2052);
#1465=LINE('',#9576,#2053);
#1466=LINE('',#9577,#2054);
#1467=LINE('',#9582,#2055);
#1468=LINE('',#9591,#2056);
#1469=LINE('',#9592,#2057);
#1470=LINE('',#9597,#2058);
#1471=LINE('',#9604,#2059);
#1472=LINE('',#9606,#2060);
#1473=LINE('',#9610,#2061);
#1474=LINE('',#9615,#2062);
#1475=LINE('',#9620,#2063);
#1476=LINE('',#9621,#2064);
#1477=LINE('',#9625,#2065);
#1478=LINE('',#9631,#2066);
#1479=LINE('',#9633,#2067);
#1480=LINE('',#9637,#2068);
#1481=LINE('',#9642,#2069);
#1482=LINE('',#9647,#2070);
#1483=LINE('',#9648,#2071);
#1484=LINE('',#9652,#2072);
#1485=LINE('',#9658,#2073);
#1486=LINE('',#9659,#2074);
#1487=LINE('',#9665,#2075);
#1488=LINE('',#9666,#2076);
#1489=LINE('',#9678,#2077);
#1490=LINE('',#9679,#2078);
#1491=LINE('',#9682,#2079);
#1492=LINE('',#9684,#2080);
#1493=LINE('',#9692,#2081);
#1494=LINE('',#9693,#2082);
#1495=LINE('',#9705,#2083);
#1496=LINE('',#9706,#2084);
#1497=LINE('',#9709,#2085);
#1498=LINE('',#9711,#2086);
#1499=LINE('',#9719,#2087);
#1500=LINE('',#9720,#2088);
#1501=LINE('',#9727,#2089);
#1502=LINE('',#9729,#2090);
#1503=LINE('',#9769,#2091);
#1504=LINE('',#9783,#2092);
#1505=LINE('',#9796,#2093);
#1506=LINE('',#9798,#2094);
#1507=LINE('',#9800,#2095);
#1508=LINE('',#9813,#2096);
#1509=LINE('',#9825,#2097);
#1510=LINE('',#9829,#2098);
#1511=LINE('',#9831,#2099);
#1512=LINE('',#9833,#2100);
#1513=LINE('',#9834,#2101);
#1514=LINE('',#9840,#2102);
#1515=LINE('',#9843,#2103);
#1516=LINE('',#9845,#2104);
#1517=LINE('',#9846,#2105);
#1518=LINE('',#9854,#2106);
#1519=LINE('',#9856,#2107);
#1520=LINE('',#9858,#2108);
#1521=LINE('',#9859,#2109);
#1522=LINE('',#9865,#2110);
#1523=LINE('',#9868,#2111);
#1524=LINE('',#9870,#2112);
#1525=LINE('',#9871,#2113);
#1526=LINE('',#9879,#2114);
#1527=LINE('',#9881,#2115);
#1528=LINE('',#9883,#2116);
#1529=LINE('',#9884,#2117);
#1530=LINE('',#9890,#2118);
#1531=LINE('',#9893,#2119);
#1532=LINE('',#9895,#2120);
#1533=LINE('',#9896,#2121);
#1534=LINE('',#9904,#2122);
#1535=LINE('',#9906,#2123);
#1536=LINE('',#9908,#2124);
#1537=LINE('',#9909,#2125);
#1538=LINE('',#9915,#2126);
#1539=LINE('',#9918,#2127);
#1540=LINE('',#9920,#2128);
#1541=LINE('',#9921,#2129);
#1542=LINE('',#9930,#2130);
#1543=LINE('',#9937,#2131);
#1544=LINE('',#9946,#2132);
#1545=LINE('',#9953,#2133);
#1546=LINE('',#9960,#2134);
#1547=LINE('',#9969,#2135);
#1548=LINE('',#9973,#2136);
#1549=LINE('',#9975,#2137);
#1550=LINE('',#9978,#2138);
#1551=LINE('',#9980,#2139);
#1552=LINE('',#9982,#2140);
#1553=LINE('',#9984,#2141);
#1554=LINE('',#9985,#2142);
#1555=LINE('',#9988,#2143);
#1556=LINE('',#9990,#2144);
#1557=LINE('',#9991,#2145);
#1558=LINE('',#9995,#2146);
#1559=LINE('',#9997,#2147);
#1560=LINE('',#9999,#2148);
#1561=LINE('',#10000,#2149);
#1562=LINE('',#10001,#2150);
#1563=LINE('',#10004,#2151);
#1564=LINE('',#10011,#2152);
#1565=LINE('',#10013,#2153);
#1566=LINE('',#10015,#2154);
#1567=LINE('',#10017,#2155);
#1568=LINE('',#10018,#2156);
#1569=LINE('',#10020,#2157);
#1570=LINE('',#10023,#2158);
#1571=LINE('',#10024,#2159);
#1572=LINE('',#10046,#2160);
#1573=LINE('',#10048,#2161);
#1574=LINE('',#10056,#2162);
#1575=LINE('',#10057,#2163);
#1576=LINE('',#10079,#2164);
#1577=LINE('',#10107,#2165);
#1578=LINE('',#10108,#2166);
#1579=LINE('',#10131,#2167);
#1580=LINE('',#10132,#2168);
#1581=LINE('',#10150,#2169);
#1582=LINE('',#10156,#2170);
#1583=LINE('',#10206,#2171);
#1584=LINE('',#10215,#2172);
#1585=LINE('',#10253,#2173);
#1586=LINE('',#10259,#2174);
#1587=LINE('',#10282,#2175);
#1588=LINE('',#10284,#2176);
#1589=LINE('',#10285,#2177);
#1590=LINE('',#10331,#2178);
#1591=LINE('',#10339,#2179);
#1592=LINE('',#10342,#2180);
#1593=LINE('',#10343,#2181);
#1594=LINE('',#10364,#2182);
#1595=LINE('',#10408,#2183);
#1596=LINE('',#10409,#2184);
#1597=LINE('',#10413,#2185);
#1598=LINE('',#10417,#2186);
#1599=LINE('',#10423,#2187);
#1600=LINE('',#10428,#2188);
#1601=LINE('',#10429,#2189);
#1602=LINE('',#10430,#2190);
#1603=LINE('',#10434,#2191);
#1604=LINE('',#10440,#2192);
#1605=LINE('',#10441,#2193);
#1606=LINE('',#10442,#2194);
#1607=LINE('',#10445,#2195);
#1608=LINE('',#10450,#2196);
#1609=LINE('',#10451,#2197);
#1610=LINE('',#10455,#2198);
#1611=LINE('',#10461,#2199);
#1612=LINE('',#10462,#2200);
#1613=LINE('',#10463,#2201);
#1614=LINE('',#10467,#2202);
#1615=LINE('',#10473,#2203);
#1616=LINE('',#10474,#2204);
#1617=LINE('',#10475,#2205);
#1618=LINE('',#10481,#2206);
#1619=LINE('',#10485,#2207);
#1620=LINE('',#10487,#2208);
#1621=LINE('',#10489,#2209);
#1622=LINE('',#10493,#2210);
#1623=LINE('',#10497,#2211);
#1624=LINE('',#10498,#2212);
#1625=LINE('',#10501,#2213);
#1626=LINE('',#10504,#2214);
#1627=LINE('',#10505,#2215);
#1628=LINE('',#10507,#2216);
#1629=LINE('',#10509,#2217);
#1630=LINE('',#10515,#2218);
#1631=LINE('',#10519,#2219);
#1632=LINE('',#10523,#2220);
#1633=LINE('',#10527,#2221);
#1634=LINE('',#10531,#2222);
#1635=LINE('',#10540,#2223);
#1636=LINE('',#10543,#2224);
#1637=LINE('',#10546,#2225);
#1638=LINE('',#10550,#2226);
#1639=LINE('',#10558,#2227);
#1640=LINE('',#10562,#2228);
#1641=LINE('',#10566,#2229);
#1642=LINE('',#10570,#2230);
#1643=LINE('',#10574,#2231);
#1644=LINE('',#10582,#2232);
#1645=LINE('',#10586,#2233);
#1646=LINE('',#10590,#2234);
#1647=LINE('',#10594,#2235);
#1648=LINE('',#10598,#2236);
#1649=LINE('',#10606,#2237);
#1650=LINE('',#10610,#2238);
#1651=LINE('',#10614,#2239);
#1652=LINE('',#10618,#2240);
#1653=LINE('',#10622,#2241);
#1654=LINE('',#10630,#2242);
#1655=LINE('',#10634,#2243);
#1656=LINE('',#10638,#2244);
#1657=LINE('',#10642,#2245);
#1658=LINE('',#10646,#2246);
#1659=LINE('',#10654,#2247);
#1660=LINE('',#10658,#2248);
#1661=LINE('',#10662,#2249);
#1662=LINE('',#10666,#2250);
#1663=LINE('',#10670,#2251);
#1664=LINE('',#10678,#2252);
#1665=LINE('',#10682,#2253);
#1666=LINE('',#10686,#2254);
#1667=LINE('',#10690,#2255);
#1668=LINE('',#10694,#2256);
#1669=LINE('',#10702,#2257);
#1670=LINE('',#10706,#2258);
#1671=LINE('',#10710,#2259);
#1672=LINE('',#10714,#2260);
#1673=LINE('',#10718,#2261);
#1674=LINE('',#10726,#2262);
#1675=LINE('',#10730,#2263);
#1676=LINE('',#10734,#2264);
#1677=LINE('',#10738,#2265);
#1678=LINE('',#10744,#2266);
#1679=LINE('',#10748,#2267);
#1680=LINE('',#10752,#2268);
#1681=LINE('',#10755,#2269);
#1682=LINE('',#10774,#2270);
#1683=LINE('',#10776,#2271);
#1684=LINE('',#10778,#2272);
#1685=LINE('',#10780,#2273);
#1686=LINE('',#10782,#2274);
#1687=LINE('',#10784,#2275);
#1688=LINE('',#10786,#2276);
#1689=LINE('',#10788,#2277);
#1690=LINE('',#10790,#2278);
#1691=LINE('',#10791,#2279);
#1692=LINE('',#10797,#2280);
#1693=LINE('',#10800,#2281);
#1694=LINE('',#10803,#2282);
#1695=LINE('',#10805,#2283);
#1696=LINE('',#10806,#2284);
#1697=LINE('',#10812,#2285);
#1698=LINE('',#10815,#2286);
#1699=LINE('',#10818,#2287);
#1700=LINE('',#10820,#2288);
#1701=LINE('',#10821,#2289);
#1702=LINE('',#10825,#2290);
#1703=LINE('',#10828,#2291);
#1704=LINE('',#10832,#2292);
#1705=LINE('',#10836,#2293);
#1706=LINE('',#10840,#2294);
#1707=LINE('',#10848,#2295);
#1708=LINE('',#10854,#2296);
#1709=LINE('',#10858,#2297);
#1710=LINE('',#10862,#2298);
#1711=LINE('',#10866,#2299);
#1712=LINE('',#10874,#2300);
#1713=LINE('',#10878,#2301);
#1714=LINE('',#10882,#2302);
#1715=LINE('',#10886,#2303);
#1716=LINE('',#10890,#2304);
#1717=LINE('',#10898,#2305);
#1718=LINE('',#10902,#2306);
#1719=LINE('',#10906,#2307);
#1720=LINE('',#10910,#2308);
#1721=LINE('',#10914,#2309);
#1722=LINE('',#10922,#2310);
#1723=LINE('',#10926,#2311);
#1724=LINE('',#10930,#2312);
#1725=LINE('',#10934,#2313);
#1726=LINE('',#10938,#2314);
#1727=LINE('',#10946,#2315);
#1728=LINE('',#10950,#2316);
#1729=LINE('',#10954,#2317);
#1730=LINE('',#10958,#2318);
#1731=LINE('',#10962,#2319);
#1732=LINE('',#10970,#2320);
#1733=LINE('',#10974,#2321);
#1734=LINE('',#10978,#2322);
#1735=LINE('',#10982,#2323);
#1736=LINE('',#10986,#2324);
#1737=LINE('',#10994,#2325);
#1738=LINE('',#10998,#2326);
#1739=LINE('',#11002,#2327);
#1740=LINE('',#11006,#2328);
#1741=LINE('',#11010,#2329);
#1742=LINE('',#11018,#2330);
#1743=LINE('',#11022,#2331);
#1744=LINE('',#11026,#2332);
#1745=LINE('',#11030,#2333);
#1746=LINE('',#11034,#2334);
#1747=LINE('',#11041,#2335);
#1748=LINE('',#11045,#2336);
#1749=LINE('',#11047,#2337);
#1750=LINE('',#11048,#2338);
#1751=LINE('',#11052,#2339);
#1752=LINE('',#11058,#2340);
#1753=LINE('',#11059,#2341);
#1754=LINE('',#11060,#2342);
#1755=LINE('',#11063,#2343);
#1756=LINE('',#11067,#2344);
#1757=LINE('',#11070,#2345);
#1758=LINE('',#11071,#2346);
#1759=LINE('',#11073,#2347);
#1760=LINE('',#11074,#2348);
#1761=LINE('',#11078,#2349);
#1762=LINE('',#11079,#2350);
#1763=LINE('',#11080,#2351);
#1764=LINE('',#11082,#2352);
#1765=LINE('',#11083,#2353);
#1766=LINE('',#11087,#2354);
#1767=LINE('',#11090,#2355);
#1768=LINE('',#11091,#2356);
#1769=LINE('',#11094,#2357);
#1770=LINE('',#11096,#2358);
#1771=LINE('',#11098,#2359);
#1772=LINE('',#11100,#2360);
#1773=LINE('',#11102,#2361);
#1774=LINE('',#11105,#2362);
#1775=LINE('',#11109,#2363);
#1776=LINE('',#11112,#2364);
#1777=LINE('',#11114,#2365);
#1778=LINE('',#11117,#2366);
#1779=LINE('',#11120,#2367);
#1780=LINE('',#11122,#2368);
#1781=LINE('',#11124,#2369);
#1782=LINE('',#11125,#2370);
#1783=LINE('',#11127,#2371);
#1784=LINE('',#11128,#2372);
#1785=LINE('',#11132,#2373);
#1786=LINE('',#11134,#2374);
#1787=LINE('',#11135,#2375);
#1788=LINE('',#11137,#2376);
#1789=LINE('',#11139,#2377);
#1790=LINE('',#11141,#2378);
#1791=LINE('',#11142,#2379);
#1792=LINE('',#11145,#2380);
#1793=LINE('',#11147,#2381);
#1794=LINE('',#11148,#2382);
#1795=LINE('',#11154,#2383);
#1796=LINE('',#11157,#2384);
#1797=LINE('',#11162,#2385);
#1798=LINE('',#11167,#2386);
#1799=LINE('',#11169,#2387);
#1800=LINE('',#11177,#2388);
#1801=LINE('',#11180,#2389);
#1802=LINE('',#11182,#2390);
#1803=LINE('',#11183,#2391);
#1804=LINE('',#11185,#2392);
#1805=LINE('',#11187,#2393);
#1806=LINE('',#11190,#2394);
#1807=LINE('',#11192,#2395);
#1808=LINE('',#11195,#2396);
#1809=LINE('',#11196,#2397);
#1810=LINE('',#11201,#2398);
#1811=LINE('',#11204,#2399);
#1812=LINE('',#11206,#2400);
#1813=LINE('',#11209,#2401);
#1814=LINE('',#11212,#2402);
#1815=LINE('',#11213,#2403);
#1816=LINE('',#11217,#2404);
#1817=LINE('',#11222,#2405);
#1818=LINE('',#11227,#2406);
#1819=LINE('',#11232,#2407);
#1820=LINE('',#11237,#2408);
#1821=LINE('',#11242,#2409);
#1822=LINE('',#11247,#2410);
#1823=LINE('',#11252,#2411);
#1824=LINE('',#11258,#2412);
#1825=LINE('',#11261,#2413);
#1826=LINE('',#11262,#2414);
#1827=LINE('',#11266,#2415);
#1828=LINE('',#11269,#2416);
#1829=LINE('',#11270,#2417);
#1830=LINE('',#11274,#2418);
#1831=LINE('',#11276,#2419);
#1832=LINE('',#11281,#2420);
#1833=LINE('',#11285,#2421);
#1834=LINE('',#11287,#2422);
#1835=LINE('',#11288,#2423);
#1836=LINE('',#11294,#2424);
#1837=LINE('',#11296,#2425);
#1838=LINE('',#11298,#2426);
#1839=LINE('',#11300,#2427);
#1840=LINE('',#11302,#2428);
#1841=LINE('',#11304,#2429);
#1842=LINE('',#11306,#2430);
#1843=LINE('',#11308,#2431);
#1844=LINE('',#11310,#2432);
#1845=LINE('',#11312,#2433);
#1846=LINE('',#11314,#2434);
#1847=LINE('',#11316,#2435);
#1848=LINE('',#11318,#2436);
#1849=LINE('',#11320,#2437);
#1850=LINE('',#11322,#2438);
#1851=LINE('',#11324,#2439);
#1852=LINE('',#11326,#2440);
#1853=LINE('',#11328,#2441);
#1854=LINE('',#11330,#2442);
#1855=LINE('',#11332,#2443);
#1856=LINE('',#11334,#2444);
#1857=LINE('',#11336,#2445);
#1858=LINE('',#11338,#2446);
#1859=LINE('',#11340,#2447);
#1860=LINE('',#11342,#2448);
#1861=LINE('',#11344,#2449);
#1862=LINE('',#11346,#2450);
#1863=LINE('',#11348,#2451);
#1864=LINE('',#11350,#2452);
#1865=LINE('',#11352,#2453);
#1866=LINE('',#11354,#2454);
#1867=LINE('',#11356,#2455);
#1868=LINE('',#11358,#2456);
#1869=LINE('',#11360,#2457);
#1870=LINE('',#11362,#2458);
#1871=LINE('',#11364,#2459);
#1872=LINE('',#11366,#2460);
#1873=LINE('',#11368,#2461);
#1874=LINE('',#11370,#2462);
#1875=LINE('',#11372,#2463);
#1876=LINE('',#11374,#2464);
#1877=LINE('',#11376,#2465);
#1878=LINE('',#11378,#2466);
#1879=LINE('',#11380,#2467);
#1880=LINE('',#11382,#2468);
#1881=LINE('',#11384,#2469);
#1882=LINE('',#11386,#2470);
#1883=LINE('',#11388,#2471);
#1884=LINE('',#11390,#2472);
#1885=LINE('',#11392,#2473);
#1886=LINE('',#11394,#2474);
#1887=LINE('',#11396,#2475);
#1888=LINE('',#11398,#2476);
#1889=LINE('',#11400,#2477);
#1890=LINE('',#11402,#2478);
#1891=LINE('',#11404,#2479);
#1892=LINE('',#11406,#2480);
#1893=LINE('',#11408,#2481);
#1894=LINE('',#11410,#2482);
#1895=LINE('',#11412,#2483);
#1896=LINE('',#11414,#2484);
#1897=LINE('',#11416,#2485);
#1898=LINE('',#11418,#2486);
#1899=LINE('',#11420,#2487);
#1900=LINE('',#11422,#2488);
#1901=LINE('',#11424,#2489);
#1902=LINE('',#11426,#2490);
#1903=LINE('',#11428,#2491);
#1904=LINE('',#11430,#2492);
#1905=LINE('',#11432,#2493);
#1906=LINE('',#11434,#2494);
#1907=LINE('',#11436,#2495);
#1908=LINE('',#11438,#2496);
#1909=LINE('',#11440,#2497);
#1910=LINE('',#11442,#2498);
#1911=LINE('',#11444,#2499);
#1912=LINE('',#11446,#2500);
#1913=LINE('',#11448,#2501);
#1914=LINE('',#11450,#2502);
#1915=LINE('',#11452,#2503);
#1916=LINE('',#11454,#2504);
#1917=LINE('',#11456,#2505);
#1918=LINE('',#11458,#2506);
#1919=LINE('',#11460,#2507);
#1920=LINE('',#11462,#2508);
#1921=LINE('',#11464,#2509);
#1922=LINE('',#11466,#2510);
#1923=LINE('',#11468,#2511);
#1924=LINE('',#11470,#2512);
#1925=LINE('',#11472,#2513);
#1926=LINE('',#11474,#2514);
#1927=LINE('',#11476,#2515);
#1928=LINE('',#11478,#2516);
#1929=LINE('',#11480,#2517);
#1930=LINE('',#11482,#2518);
#1931=LINE('',#11486,#2519);
#1932=LINE('',#11487,#2520);
#1933=LINE('',#11492,#2521);
#1934=LINE('',#11495,#2522);
#1935=LINE('',#11497,#2523);
#1936=LINE('',#11499,#2524);
#1937=LINE('',#11501,#2525);
#1938=LINE('',#11503,#2526);
#1939=LINE('',#11506,#2527);
#1940=LINE('',#11508,#2528);
#1941=VECTOR('',#7259,10.);
#1942=VECTOR('',#7260,10.);
#1943=VECTOR('',#7261,10.);
#1944=VECTOR('',#7262,10.);
#1945=VECTOR('',#7267,10.);
#1946=VECTOR('',#7272,10.);
#1947=VECTOR('',#7273,10.);
#1948=VECTOR('',#7274,10.);
#1949=VECTOR('',#7279,10.);
#1950=VECTOR('',#7284,10.);
#1951=VECTOR('',#7285,10.);
#1952=VECTOR('',#7286,10.);
#1953=VECTOR('',#7291,10.);
#1954=VECTOR('',#7296,10.);
#1955=VECTOR('',#7297,10.);
#1956=VECTOR('',#7298,10.);
#1957=VECTOR('',#7307,10.);
#1958=VECTOR('',#7310,10.);
#1959=VECTOR('',#7315,10.);
#1960=VECTOR('',#7316,10.);
#1961=VECTOR('',#7317,10.);
#1962=VECTOR('',#7318,10.);
#1963=VECTOR('',#7323,10.);
#1964=VECTOR('',#7328,10.);
#1965=VECTOR('',#7329,10.);
#1966=VECTOR('',#7330,10.);
#1967=VECTOR('',#7335,10.);
#1968=VECTOR('',#7340,10.);
#1969=VECTOR('',#7341,10.);
#1970=VECTOR('',#7342,10.);
#1971=VECTOR('',#7347,10.);
#1972=VECTOR('',#7352,10.);
#1973=VECTOR('',#7353,10.);
#1974=VECTOR('',#7354,10.);
#1975=VECTOR('',#7363,10.);
#1976=VECTOR('',#7366,10.);
#1977=VECTOR('',#7371,10.);
#1978=VECTOR('',#7372,10.);
#1979=VECTOR('',#7373,10.);
#1980=VECTOR('',#7374,10.);
#1981=VECTOR('',#7379,10.);
#1982=VECTOR('',#7384,10.);
#1983=VECTOR('',#7385,10.);
#1984=VECTOR('',#7386,10.);
#1985=VECTOR('',#7391,10.);
#1986=VECTOR('',#7396,10.);
#1987=VECTOR('',#7397,10.);
#1988=VECTOR('',#7398,10.);
#1989=VECTOR('',#7403,10.);
#1990=VECTOR('',#7408,10.);
#1991=VECTOR('',#7409,10.);
#1992=VECTOR('',#7410,10.);
#1993=VECTOR('',#7419,10.);
#1994=VECTOR('',#7422,10.);
#1995=VECTOR('',#7425,10.);
#1996=VECTOR('',#7428,10.);
#1997=VECTOR('',#7433,10.);
#1998=VECTOR('',#7434,10.);
#1999=VECTOR('',#7435,10.);
#2000=VECTOR('',#7436,10.);
#2001=VECTOR('',#7441,10.);
#2002=VECTOR('',#7446,10.);
#2003=VECTOR('',#7447,10.);
#2004=VECTOR('',#7448,10.);
#2005=VECTOR('',#7453,10.);
#2006=VECTOR('',#7458,10.);
#2007=VECTOR('',#7459,10.);
#2008=VECTOR('',#7460,10.);
#2009=VECTOR('',#7465,10.);
#2010=VECTOR('',#7470,10.);
#2011=VECTOR('',#7471,10.);
#2012=VECTOR('',#7472,10.);
#2013=VECTOR('',#7481,10.);
#2014=VECTOR('',#7486,10.);
#2015=VECTOR('',#7491,10.);
#2016=VECTOR('',#7492,10.);
#2017=VECTOR('',#7493,10.);
#2018=VECTOR('',#7494,10.);
#2019=VECTOR('',#7499,10.);
#2020=VECTOR('',#7504,10.);
#2021=VECTOR('',#7505,10.);
#2022=VECTOR('',#7506,10.);
#2023=VECTOR('',#7511,10.);
#2024=VECTOR('',#7516,10.);
#2025=VECTOR('',#7517,10.);
#2026=VECTOR('',#7518,10.);
#2027=VECTOR('',#7523,10.);
#2028=VECTOR('',#7528,10.);
#2029=VECTOR('',#7529,10.);
#2030=VECTOR('',#7530,10.);
#2031=VECTOR('',#7539,10.);
#2032=VECTOR('',#7542,10.);
#2033=VECTOR('',#7545,10.);
#2034=VECTOR('',#7548,10.);
#2035=VECTOR('',#7553,10.);
#2036=VECTOR('',#7554,10.);
#2037=VECTOR('',#7555,10.);
#2038=VECTOR('',#7556,10.);
#2039=VECTOR('',#7561,10.);
#2040=VECTOR('',#7566,10.);
#2041=VECTOR('',#7567,10.);
#2042=VECTOR('',#7568,10.);
#2043=VECTOR('',#7573,10.);
#2044=VECTOR('',#7578,10.);
#2045=VECTOR('',#7579,10.);
#2046=VECTOR('',#7580,10.);
#2047=VECTOR('',#7585,10.);
#2048=VECTOR('',#7590,10.);
#2049=VECTOR('',#7591,10.);
#2050=VECTOR('',#7592,10.);
#2051=VECTOR('',#7601,10.);
#2052=VECTOR('',#7606,10.);
#2053=VECTOR('',#7613,10.);
#2054=VECTOR('',#7614,10.);
#2055=VECTOR('',#7619,2.00000000000003);
#2056=VECTOR('',#7630,10.);
#2057=VECTOR('',#7631,10.);
#2058=VECTOR('',#7636,2.00000000000003);
#2059=VECTOR('',#7645,10.);
#2060=VECTOR('',#7646,10.);
#2061=VECTOR('',#7651,10.);
#2062=VECTOR('',#7658,10.);
#2063=VECTOR('',#7663,10.);
#2064=VECTOR('',#7664,10.);
#2065=VECTOR('',#7669,2.);
#2066=VECTOR('',#7676,10.);
#2067=VECTOR('',#7677,10.);
#2068=VECTOR('',#7682,10.);
#2069=VECTOR('',#7689,10.);
#2070=VECTOR('',#7694,10.);
#2071=VECTOR('',#7695,10.);
#2072=VECTOR('',#7700,2.);
#2073=VECTOR('',#7707,10.);
#2074=VECTOR('',#7708,10.);
#2075=VECTOR('',#7717,10.);
#2076=VECTOR('',#7718,10.);
#2077=VECTOR('',#7735,10.);
#2078=VECTOR('',#7736,10.);
#2079=VECTOR('',#7739,10.);
#2080=VECTOR('',#7740,10.);
#2081=VECTOR('',#7753,10.);
#2082=VECTOR('',#7754,10.);
#2083=VECTOR('',#7771,10.);
#2084=VECTOR('',#7772,10.);
#2085=VECTOR('',#7775,10.);
#2086=VECTOR('',#7776,10.);
#2087=VECTOR('',#7789,10.);
#2088=VECTOR('',#7790,10.);
#2089=VECTOR('',#7799,10.);
#2090=VECTOR('',#7800,10.);
#2091=VECTOR('',#7801,10.);
#2092=VECTOR('',#7802,10.);
#2093=VECTOR('',#7803,10.);
#2094=VECTOR('',#7804,10.);
#2095=VECTOR('',#7805,10.);
#2096=VECTOR('',#7806,10.);
#2097=VECTOR('',#7807,10.);
#2098=VECTOR('',#7810,10.);
#2099=VECTOR('',#7811,10.);
#2100=VECTOR('',#7812,10.);
#2101=VECTOR('',#7813,10.);
#2102=VECTOR('',#7820,10.);
#2103=VECTOR('',#7823,10.);
#2104=VECTOR('',#7824,10.);
#2105=VECTOR('',#7825,10.);
#2106=VECTOR('',#7836,10.);
#2107=VECTOR('',#7837,10.);
#2108=VECTOR('',#7838,10.);
#2109=VECTOR('',#7839,10.);
#2110=VECTOR('',#7846,10.);
#2111=VECTOR('',#7849,10.);
#2112=VECTOR('',#7850,10.);
#2113=VECTOR('',#7851,10.);
#2114=VECTOR('',#7862,10.);
#2115=VECTOR('',#7863,10.);
#2116=VECTOR('',#7864,10.);
#2117=VECTOR('',#7865,10.);
#2118=VECTOR('',#7872,10.);
#2119=VECTOR('',#7875,10.);
#2120=VECTOR('',#7876,10.);
#2121=VECTOR('',#7877,10.);
#2122=VECTOR('',#7888,10.);
#2123=VECTOR('',#7889,10.);
#2124=VECTOR('',#7890,10.);
#2125=VECTOR('',#7891,10.);
#2126=VECTOR('',#7898,10.);
#2127=VECTOR('',#7901,10.);
#2128=VECTOR('',#7902,10.);
#2129=VECTOR('',#7903,10.);
#2130=VECTOR('',#7916,1.19999999999997);
#2131=VECTOR('',#7925,1.20000000000001);
#2132=VECTOR('',#7936,1.2);
#2133=VECTOR('',#7945,1.19999999999997);
#2134=VECTOR('',#7954,1.20000000000001);
#2135=VECTOR('',#7965,1.2);
#2136=VECTOR('',#7972,1.99999999999999);
#2137=VECTOR('',#7975,1.99999999999999);
#2138=VECTOR('',#7978,10.);
#2139=VECTOR('',#7979,10.);
#2140=VECTOR('',#7980,10.);
#2141=VECTOR('',#7981,10.);
#2142=VECTOR('',#7982,10.);
#2143=VECTOR('',#7985,10.);
#2144=VECTOR('',#7986,10.);
#2145=VECTOR('',#7987,10.);
#2146=VECTOR('',#7990,10.);
#2147=VECTOR('',#7991,10.);
#2148=VECTOR('',#7992,10.);
#2149=VECTOR('',#7993,10.);
#2150=VECTOR('',#7994,10.);
#2151=VECTOR('',#7997,10.);
#2152=VECTOR('',#7998,10.);
#2153=VECTOR('',#7999,10.);
#2154=VECTOR('',#8000,10.);
#2155=VECTOR('',#8001,10.);
#2156=VECTOR('',#8002,10.);
#2157=VECTOR('',#8005,10.);
#2158=VECTOR('',#8008,10.);
#2159=VECTOR('',#8009,10.);
#2160=VECTOR('',#8010,10.);
#2161=VECTOR('',#8011,10.);
#2162=VECTOR('',#8014,10.);
#2163=VECTOR('',#8015,10.);
#2164=VECTOR('',#8016,10.);
#2165=VECTOR('',#8019,10.);
#2166=VECTOR('',#8020,10.);
#2167=VECTOR('',#8023,10.);
#2168=VECTOR('',#8024,10.);
#2169=VECTOR('',#8025,10.);
#2170=VECTOR('',#8026,10.);
#2171=VECTOR('',#8027,10.);
#2172=VECTOR('',#8028,10.);
#2173=VECTOR('',#8029,10.);
#2174=VECTOR('',#8030,10.);
#2175=VECTOR('',#8033,10.);
#2176=VECTOR('',#8034,10.);
#2177=VECTOR('',#8035,10.);
#2178=VECTOR('',#8036,10.);
#2179=VECTOR('',#8037,10.);
#2180=VECTOR('',#8040,10.);
#2181=VECTOR('',#8041,10.);
#2182=VECTOR('',#8042,10.);
#2183=VECTOR('',#8045,10.);
#2184=VECTOR('',#8046,10.);
#2185=VECTOR('',#8049,10.);
#2186=VECTOR('',#8052,10.);
#2187=VECTOR('',#8059,10.);
#2188=VECTOR('',#8064,10.);
#2189=VECTOR('',#8065,10.);
#2190=VECTOR('',#8066,10.);
#2191=VECTOR('',#8069,10.);
#2192=VECTOR('',#8076,10.);
#2193=VECTOR('',#8077,10.);
#2194=VECTOR('',#8078,10.);
#2195=VECTOR('',#8081,10.);
#2196=VECTOR('',#8088,10.);
#2197=VECTOR('',#8089,10.);
#2198=VECTOR('',#8092,10.);
#2199=VECTOR('',#8099,10.);
#2200=VECTOR('',#8100,10.);
#2201=VECTOR('',#8101,10.);
#2202=VECTOR('',#8104,10.);
#2203=VECTOR('',#8111,10.);
#2204=VECTOR('',#8112,10.);
#2205=VECTOR('',#8113,10.);
#2206=VECTOR('',#8122,10.);
#2207=VECTOR('',#8127,10.);
#2208=VECTOR('',#8128,10.);
#2209=VECTOR('',#8129,10.);
#2210=VECTOR('',#8132,10.);
#2211=VECTOR('',#8135,10.);
#2212=VECTOR('',#8136,10.);
#2213=VECTOR('',#8139,10.);
#2214=VECTOR('',#8144,10.);
#2215=VECTOR('',#8145,10.);
#2216=VECTOR('',#8148,10.);
#2217=VECTOR('',#8151,10.);
#2218=VECTOR('',#8156,10.);
#2219=VECTOR('',#8159,10.);
#2220=VECTOR('',#8162,10.);
#2221=VECTOR('',#8165,10.);
#2222=VECTOR('',#8168,10.);
#2223=VECTOR('',#8177,10.);
#2224=VECTOR('',#8180,10.);
#2225=VECTOR('',#8183,10.);
#2226=VECTOR('',#8186,10.);
#2227=VECTOR('',#8193,10.);
#2228=VECTOR('',#8196,10.);
#2229=VECTOR('',#8199,10.);
#2230=VECTOR('',#8202,10.);
#2231=VECTOR('',#8205,10.);
#2232=VECTOR('',#8212,10.);
#2233=VECTOR('',#8215,10.);
#2234=VECTOR('',#8218,10.);
#2235=VECTOR('',#8221,10.);
#2236=VECTOR('',#8224,10.);
#2237=VECTOR('',#8231,10.);
#2238=VECTOR('',#8234,10.);
#2239=VECTOR('',#8237,10.);
#2240=VECTOR('',#8240,10.);
#2241=VECTOR('',#8243,10.);
#2242=VECTOR('',#8250,10.);
#2243=VECTOR('',#8253,10.);
#2244=VECTOR('',#8256,10.);
#2245=VECTOR('',#8259,10.);
#2246=VECTOR('',#8262,10.);
#2247=VECTOR('',#8269,10.);
#2248=VECTOR('',#8272,10.);
#2249=VECTOR('',#8275,10.);
#2250=VECTOR('',#8278,10.);
#2251=VECTOR('',#8281,10.);
#2252=VECTOR('',#8288,10.);
#2253=VECTOR('',#8291,10.);
#2254=VECTOR('',#8294,10.);
#2255=VECTOR('',#8297,10.);
#2256=VECTOR('',#8300,10.);
#2257=VECTOR('',#8307,10.);
#2258=VECTOR('',#8310,10.);
#2259=VECTOR('',#8313,10.);
#2260=VECTOR('',#8316,10.);
#2261=VECTOR('',#8319,10.);
#2262=VECTOR('',#8326,10.);
#2263=VECTOR('',#8329,10.);
#2264=VECTOR('',#8332,10.);
#2265=VECTOR('',#8335,10.);
#2266=VECTOR('',#8340,10.);
#2267=VECTOR('',#8343,10.);
#2268=VECTOR('',#8346,10.);
#2269=VECTOR('',#8349,10.);
#2270=VECTOR('',#8368,10.);
#2271=VECTOR('',#8369,10.);
#2272=VECTOR('',#8370,10.);
#2273=VECTOR('',#8371,10.);
#2274=VECTOR('',#8372,10.);
#2275=VECTOR('',#8373,10.);
#2276=VECTOR('',#8374,10.);
#2277=VECTOR('',#8375,10.);
#2278=VECTOR('',#8376,10.);
#2279=VECTOR('',#8377,10.);
#2280=VECTOR('',#8382,10.);
#2281=VECTOR('',#8385,10.);
#2282=VECTOR('',#8388,10.);
#2283=VECTOR('',#8389,10.);
#2284=VECTOR('',#8390,10.);
#2285=VECTOR('',#8395,10.);
#2286=VECTOR('',#8398,10.);
#2287=VECTOR('',#8401,10.);
#2288=VECTOR('',#8402,10.);
#2289=VECTOR('',#8403,10.);
#2290=VECTOR('',#8408,10.);
#2291=VECTOR('',#8411,10.);
#2292=VECTOR('',#8414,10.);
#2293=VECTOR('',#8417,10.);
#2294=VECTOR('',#8420,10.);
#2295=VECTOR('',#8427,10.);
#2296=VECTOR('',#8432,10.);
#2297=VECTOR('',#8435,10.);
#2298=VECTOR('',#8438,10.);
#2299=VECTOR('',#8441,10.);
#2300=VECTOR('',#8448,10.);
#2301=VECTOR('',#8451,10.);
#2302=VECTOR('',#8454,10.);
#2303=VECTOR('',#8457,10.);
#2304=VECTOR('',#8460,10.);
#2305=VECTOR('',#8467,10.);
#2306=VECTOR('',#8470,10.);
#2307=VECTOR('',#8473,10.);
#2308=VECTOR('',#8476,10.);
#2309=VECTOR('',#8479,10.);
#2310=VECTOR('',#8486,10.);
#2311=VECTOR('',#8489,10.);
#2312=VECTOR('',#8492,10.);
#2313=VECTOR('',#8495,10.);
#2314=VECTOR('',#8498,10.);
#2315=VECTOR('',#8505,10.);
#2316=VECTOR('',#8508,10.);
#2317=VECTOR('',#8511,10.);
#2318=VECTOR('',#8514,10.);
#2319=VECTOR('',#8517,10.);
#2320=VECTOR('',#8524,10.);
#2321=VECTOR('',#8527,10.);
#2322=VECTOR('',#8530,10.);
#2323=VECTOR('',#8533,10.);
#2324=VECTOR('',#8536,10.);
#2325=VECTOR('',#8543,10.);
#2326=VECTOR('',#8546,10.);
#2327=VECTOR('',#8549,10.);
#2328=VECTOR('',#8552,10.);
#2329=VECTOR('',#8555,10.);
#2330=VECTOR('',#8562,10.);
#2331=VECTOR('',#8565,10.);
#2332=VECTOR('',#8568,10.);
#2333=VECTOR('',#8571,10.);
#2334=VECTOR('',#8574,10.);
#2335=VECTOR('',#8581,10.);
#2336=VECTOR('',#8584,10.);
#2337=VECTOR('',#8585,10.);
#2338=VECTOR('',#8586,10.);
#2339=VECTOR('',#8589,10.);
#2340=VECTOR('',#8596,10.);
#2341=VECTOR('',#8597,10.);
#2342=VECTOR('',#8598,10.);
#2343=VECTOR('',#8601,10.);
#2344=VECTOR('',#8608,10.);
#2345=VECTOR('',#8611,10.);
#2346=VECTOR('',#8612,10.);
#2347=VECTOR('',#8613,10.);
#2348=VECTOR('',#8614,10.);
#2349=VECTOR('',#8617,10.);
#2350=VECTOR('',#8618,10.);
#2351=VECTOR('',#8619,10.);
#2352=VECTOR('',#8622,10.);
#2353=VECTOR('',#8623,10.);
#2354=VECTOR('',#8628,10.);
#2355=VECTOR('',#8631,10.);
#2356=VECTOR('',#8632,10.);
#2357=VECTOR('',#8637,10.);
#2358=VECTOR('',#8640,10.);
#2359=VECTOR('',#8643,10.);
#2360=VECTOR('',#8646,10.);
#2361=VECTOR('',#8649,10.);
#2362=VECTOR('',#8652,10.);
#2363=VECTOR('',#8657,10.);
#2364=VECTOR('',#8660,10.);
#2365=VECTOR('',#8663,10.);
#2366=VECTOR('',#8666,10.);
#2367=VECTOR('',#8669,10.);
#2368=VECTOR('',#8672,10.);
#2369=VECTOR('',#8673,10.);
#2370=VECTOR('',#8674,10.);
#2371=VECTOR('',#8675,10.);
#2372=VECTOR('',#8676,10.);
#2373=VECTOR('',#8681,10.);
#2374=VECTOR('',#8684,10.);
#2375=VECTOR('',#8685,10.);
#2376=VECTOR('',#8688,10.);
#2377=VECTOR('',#8691,10.);
#2378=VECTOR('',#8694,0.799999999999983);
#2379=VECTOR('',#8695,0.799999999999983);
#2380=VECTOR('',#8698,10.);
#2381=VECTOR('',#8699,10.);
#2382=VECTOR('',#8700,10.);
#2383=VECTOR('',#8705,0.799999999999912);
#2384=VECTOR('',#8708,0.799999999999912);
#2385=VECTOR('',#8713,10.);
#2386=VECTOR('',#8720,10.);
#2387=VECTOR('',#8721,10.);
#2388=VECTOR('',#8728,10.);
#2389=VECTOR('',#8731,10.);
#2390=VECTOR('',#8734,2.19999999999999);
#2391=VECTOR('',#8735,2.19999999999999);
#2392=VECTOR('',#8738,2.19999999999999);
#2393=VECTOR('',#8739,10.);
#2394=VECTOR('',#8742,10.);
#2395=VECTOR('',#8745,2.19999999999999);
#2396=VECTOR('',#8748,10.);
#2397=VECTOR('',#8749,10.);
#2398=VECTOR('',#8756,10.);
#2399=VECTOR('',#8761,10.);
#2400=VECTOR('',#8764,10.);
#2401=VECTOR('',#8769,10.);
#2402=VECTOR('',#8774,10.);
#2403=VECTOR('',#8775,10.);
#2404=VECTOR('',#8780,1.25);
#2405=VECTOR('',#8787,1.25);
#2406=VECTOR('',#8794,1.25);
#2407=VECTOR('',#8801,1.25);
#2408=VECTOR('',#8808,1.25);
#2409=VECTOR('',#8815,1.25);
#2410=VECTOR('',#8822,1.25);
#2411=VECTOR('',#8829,1.25);
#2412=VECTOR('',#8838,10.);
#2413=VECTOR('',#8841,10.);
#2414=VECTOR('',#8842,10.);
#2415=VECTOR('',#8847,10.);
#2416=VECTOR('',#8850,10.);
#2417=VECTOR('',#8851,10.);
#2418=VECTOR('',#8856,10.);
#2419=VECTOR('',#8859,10.);
#2420=VECTOR('',#8866,10.);
#2421=VECTOR('',#8871,10.);
#2422=VECTOR('',#8872,10.);
#2423=VECTOR('',#8873,10.);
#2424=VECTOR('',#8884,10.);
#2425=VECTOR('',#8887,10.);
#2426=VECTOR('',#8890,10.);
#2427=VECTOR('',#8893,10.);
#2428=VECTOR('',#8896,10.);
#2429=VECTOR('',#8899,10.);
#2430=VECTOR('',#8902,10.);
#2431=VECTOR('',#8905,10.);
#2432=VECTOR('',#8908,10.);
#2433=VECTOR('',#8911,10.);
#2434=VECTOR('',#8914,10.);
#2435=VECTOR('',#8917,10.);
#2436=VECTOR('',#8920,10.);
#2437=VECTOR('',#8923,10.);
#2438=VECTOR('',#8926,10.);
#2439=VECTOR('',#8929,10.);
#2440=VECTOR('',#8932,10.);
#2441=VECTOR('',#8935,10.);
#2442=VECTOR('',#8938,10.);
#2443=VECTOR('',#8941,10.);
#2444=VECTOR('',#8944,10.);
#2445=VECTOR('',#8947,10.);
#2446=VECTOR('',#8950,10.);
#2447=VECTOR('',#8953,10.);
#2448=VECTOR('',#8956,10.);
#2449=VECTOR('',#8959,10.);
#2450=VECTOR('',#8962,10.);
#2451=VECTOR('',#8965,10.);
#2452=VECTOR('',#8968,10.);
#2453=VECTOR('',#8971,10.);
#2454=VECTOR('',#8974,10.);
#2455=VECTOR('',#8977,10.);
#2456=VECTOR('',#8980,10.);
#2457=VECTOR('',#8983,10.);
#2458=VECTOR('',#8986,10.);
#2459=VECTOR('',#8989,10.);
#2460=VECTOR('',#8992,10.);
#2461=VECTOR('',#8995,10.);
#2462=VECTOR('',#8998,10.);
#2463=VECTOR('',#9001,10.);
#2464=VECTOR('',#9004,10.);
#2465=VECTOR('',#9007,10.);
#2466=VECTOR('',#9010,10.);
#2467=VECTOR('',#9013,10.);
#2468=VECTOR('',#9016,10.);
#2469=VECTOR('',#9019,10.);
#2470=VECTOR('',#9022,10.);
#2471=VECTOR('',#9025,10.);
#2472=VECTOR('',#9028,10.);
#2473=VECTOR('',#9031,10.);
#2474=VECTOR('',#9034,10.);
#2475=VECTOR('',#9037,10.);
#2476=VECTOR('',#9040,10.);
#2477=VECTOR('',#9043,10.);
#2478=VECTOR('',#9046,10.);
#2479=VECTOR('',#9049,10.);
#2480=VECTOR('',#9052,10.);
#2481=VECTOR('',#9055,10.);
#2482=VECTOR('',#9058,10.);
#2483=VECTOR('',#9061,10.);
#2484=VECTOR('',#9064,10.);
#2485=VECTOR('',#9067,10.);
#2486=VECTOR('',#9070,10.);
#2487=VECTOR('',#9073,10.);
#2488=VECTOR('',#9076,10.);
#2489=VECTOR('',#9079,10.);
#2490=VECTOR('',#9082,10.);
#2491=VECTOR('',#9085,10.);
#2492=VECTOR('',#9088,10.);
#2493=VECTOR('',#9091,10.);
#2494=VECTOR('',#9094,10.);
#2495=VECTOR('',#9097,10.);
#2496=VECTOR('',#9100,10.);
#2497=VECTOR('',#9103,10.);
#2498=VECTOR('',#9106,10.);
#2499=VECTOR('',#9109,10.);
#2500=VECTOR('',#9112,10.);
#2501=VECTOR('',#9115,10.);
#2502=VECTOR('',#9118,10.);
#2503=VECTOR('',#9121,10.);
#2504=VECTOR('',#9124,10.);
#2505=VECTOR('',#9127,10.);
#2506=VECTOR('',#9130,10.);
#2507=VECTOR('',#9133,10.);
#2508=VECTOR('',#9136,10.);
#2509=VECTOR('',#9139,10.);
#2510=VECTOR('',#9142,10.);
#2511=VECTOR('',#9145,10.);
#2512=VECTOR('',#9148,10.);
#2513=VECTOR('',#9151,10.);
#2514=VECTOR('',#9154,10.);
#2515=VECTOR('',#9157,10.);
#2516=VECTOR('',#9160,10.);
#2517=VECTOR('',#9163,10.);
#2518=VECTOR('',#9166,10.);
#2519=VECTOR('',#9171,10.);
#2520=VECTOR('',#9172,10.);
#2521=VECTOR('',#9181,10.);
#2522=VECTOR('',#9186,10.);
#2523=VECTOR('',#9189,10.);
#2524=VECTOR('',#9192,10.);
#2525=VECTOR('',#9195,10.);
#2526=VECTOR('',#9198,10.);
#2527=VECTOR('',#9203,10.);
#2528=VECTOR('',#9206,10.);
#2529=VERTEX_POINT('',#9211);
#2530=VERTEX_POINT('',#9212);
#2531=VERTEX_POINT('',#9214);
#2532=VERTEX_POINT('',#9216);
#2533=VERTEX_POINT('',#9220);
#2534=VERTEX_POINT('',#9222);
#2535=VERTEX_POINT('',#9226);
#2536=VERTEX_POINT('',#9228);
#2537=VERTEX_POINT('',#9232);
#2538=VERTEX_POINT('',#9234);
#2539=VERTEX_POINT('',#9238);
#2540=VERTEX_POINT('',#9240);
#2541=VERTEX_POINT('',#9244);
#2542=VERTEX_POINT('',#9246);
#2543=VERTEX_POINT('',#9250);
#2544=VERTEX_POINT('',#9252);
#2545=VERTEX_POINT('',#9259);
#2546=VERTEX_POINT('',#9260);
#2547=VERTEX_POINT('',#9262);
#2548=VERTEX_POINT('',#9264);
#2549=VERTEX_POINT('',#9268);
#2550=VERTEX_POINT('',#9269);
#2551=VERTEX_POINT('',#9271);
#2552=VERTEX_POINT('',#9273);
#2553=VERTEX_POINT('',#9277);
#2554=VERTEX_POINT('',#9279);
#2555=VERTEX_POINT('',#9283);
#2556=VERTEX_POINT('',#9285);
#2557=VERTEX_POINT('',#9289);
#2558=VERTEX_POINT('',#9291);
#2559=VERTEX_POINT('',#9295);
#2560=VERTEX_POINT('',#9297);
#2561=VERTEX_POINT('',#9301);
#2562=VERTEX_POINT('',#9303);
#2563=VERTEX_POINT('',#9307);
#2564=VERTEX_POINT('',#9309);
#2565=VERTEX_POINT('',#9316);
#2566=VERTEX_POINT('',#9317);
#2567=VERTEX_POINT('',#9319);
#2568=VERTEX_POINT('',#9321);
#2569=VERTEX_POINT('',#9325);
#2570=VERTEX_POINT('',#9326);
#2571=VERTEX_POINT('',#9328);
#2572=VERTEX_POINT('',#9330);
#2573=VERTEX_POINT('',#9334);
#2574=VERTEX_POINT('',#9336);
#2575=VERTEX_POINT('',#9340);
#2576=VERTEX_POINT('',#9342);
#2577=VERTEX_POINT('',#9346);
#2578=VERTEX_POINT('',#9348);
#2579=VERTEX_POINT('',#9352);
#2580=VERTEX_POINT('',#9354);
#2581=VERTEX_POINT('',#9358);
#2582=VERTEX_POINT('',#9360);
#2583=VERTEX_POINT('',#9364);
#2584=VERTEX_POINT('',#9366);
#2585=VERTEX_POINT('',#9373);
#2586=VERTEX_POINT('',#9374);
#2587=VERTEX_POINT('',#9376);
#2588=VERTEX_POINT('',#9378);
#2589=VERTEX_POINT('',#9380);
#2590=VERTEX_POINT('',#9382);
#2591=VERTEX_POINT('',#9384);
#2592=VERTEX_POINT('',#9386);
#2593=VERTEX_POINT('',#9390);
#2594=VERTEX_POINT('',#9391);
#2595=VERTEX_POINT('',#9393);
#2596=VERTEX_POINT('',#9395);
#2597=VERTEX_POINT('',#9399);
#2598=VERTEX_POINT('',#9401);
#2599=VERTEX_POINT('',#9405);
#2600=VERTEX_POINT('',#9407);
#2601=VERTEX_POINT('',#9411);
#2602=VERTEX_POINT('',#9413);
#2603=VERTEX_POINT('',#9417);
#2604=VERTEX_POINT('',#9419);
#2605=VERTEX_POINT('',#9423);
#2606=VERTEX_POINT('',#9425);
#2607=VERTEX_POINT('',#9429);
#2608=VERTEX_POINT('',#9431);
#2609=VERTEX_POINT('',#9438);
#2610=VERTEX_POINT('',#9439);
#2611=VERTEX_POINT('',#9441);
#2612=VERTEX_POINT('',#9443);
#2613=VERTEX_POINT('',#9445);
#2614=VERTEX_POINT('',#9449);
#2615=VERTEX_POINT('',#9450);
#2616=VERTEX_POINT('',#9452);
#2617=VERTEX_POINT('',#9454);
#2618=VERTEX_POINT('',#9458);
#2619=VERTEX_POINT('',#9460);
#2620=VERTEX_POINT('',#9464);
#2621=VERTEX_POINT('',#9466);
#2622=VERTEX_POINT('',#9470);
#2623=VERTEX_POINT('',#9472);
#2624=VERTEX_POINT('',#9476);
#2625=VERTEX_POINT('',#9478);
#2626=VERTEX_POINT('',#9482);
#2627=VERTEX_POINT('',#9484);
#2628=VERTEX_POINT('',#9488);
#2629=VERTEX_POINT('',#9490);
#2630=VERTEX_POINT('',#9497);
#2631=VERTEX_POINT('',#9498);
#2632=VERTEX_POINT('',#9500);
#2633=VERTEX_POINT('',#9502);
#2634=VERTEX_POINT('',#9504);
#2635=VERTEX_POINT('',#9506);
#2636=VERTEX_POINT('',#9508);
#2637=VERTEX_POINT('',#9510);
#2638=VERTEX_POINT('',#9514);
#2639=VERTEX_POINT('',#9515);
#2640=VERTEX_POINT('',#9517);
#2641=VERTEX_POINT('',#9519);
#2642=VERTEX_POINT('',#9523);
#2643=VERTEX_POINT('',#9525);
#2644=VERTEX_POINT('',#9529);
#2645=VERTEX_POINT('',#9531);
#2646=VERTEX_POINT('',#9535);
#2647=VERTEX_POINT('',#9537);
#2648=VERTEX_POINT('',#9541);
#2649=VERTEX_POINT('',#9543);
#2650=VERTEX_POINT('',#9547);
#2651=VERTEX_POINT('',#9549);
#2652=VERTEX_POINT('',#9553);
#2653=VERTEX_POINT('',#9555);
#2654=VERTEX_POINT('',#9562);
#2655=VERTEX_POINT('',#9563);
#2656=VERTEX_POINT('',#9565);
#2657=VERTEX_POINT('',#9567);
#2658=VERTEX_POINT('',#9569);
#2659=VERTEX_POINT('',#9573);
#2660=VERTEX_POINT('',#9575);
#2661=VERTEX_POINT('',#9579);
#2662=VERTEX_POINT('',#9581);
#2663=VERTEX_POINT('',#9584);
#2664=VERTEX_POINT('',#9588);
#2665=VERTEX_POINT('',#9590);
#2666=VERTEX_POINT('',#9594);
#2667=VERTEX_POINT('',#9596);
#2668=VERTEX_POINT('',#9599);
#2669=VERTEX_POINT('',#9603);
#2670=VERTEX_POINT('',#9605);
#2671=VERTEX_POINT('',#9609);
#2672=VERTEX_POINT('',#9613);
#2673=VERTEX_POINT('',#9617);
#2674=VERTEX_POINT('',#9619);
#2675=VERTEX_POINT('',#9623);
#2676=VERTEX_POINT('',#9626);
#2677=VERTEX_POINT('',#9630);
#2678=VERTEX_POINT('',#9632);
#2679=VERTEX_POINT('',#9636);
#2680=VERTEX_POINT('',#9640);
#2681=VERTEX_POINT('',#9644);
#2682=VERTEX_POINT('',#9646);
#2683=VERTEX_POINT('',#9650);
#2684=VERTEX_POINT('',#9653);
#2685=VERTEX_POINT('',#9657);
#2686=VERTEX_POINT('',#9664);
#2687=VERTEX_POINT('',#9671);
#2688=VERTEX_POINT('',#9675);
#2689=VERTEX_POINT('',#9677);
#2690=VERTEX_POINT('',#9681);
#2691=VERTEX_POINT('',#9683);
#2692=VERTEX_POINT('',#9691);
#2693=VERTEX_POINT('',#9698);
#2694=VERTEX_POINT('',#9702);
#2695=VERTEX_POINT('',#9704);
#2696=VERTEX_POINT('',#9708);
#2697=VERTEX_POINT('',#9710);
#2698=VERTEX_POINT('',#9718);
#2699=VERTEX_POINT('',#9725);
#2700=VERTEX_POINT('',#9726);
#2701=VERTEX_POINT('',#9728);
#2702=VERTEX_POINT('',#9730);
#2703=VERTEX_POINT('',#9735);
#2704=VERTEX_POINT('',#9740);
#2705=VERTEX_POINT('',#9745);
#2706=VERTEX_POINT('',#9753);
#2707=VERTEX_POINT('',#9758);
#2708=VERTEX_POINT('',#9763);
#2709=VERTEX_POINT('',#9768);
#2710=VERTEX_POINT('',#9770);
#2711=VERTEX_POINT('',#9775);
#2712=VERTEX_POINT('',#9782);
#2713=VERTEX_POINT('',#9784);
#2714=VERTEX_POINT('',#9790);
#2715=VERTEX_POINT('',#9795);
#2716=VERTEX_POINT('',#9797);
#2717=VERTEX_POINT('',#9799);
#2718=VERTEX_POINT('',#9801);
#2719=VERTEX_POINT('',#9806);
#2720=VERTEX_POINT('',#9812);
#2721=VERTEX_POINT('',#9814);
#2722=VERTEX_POINT('',#9820);
#2723=VERTEX_POINT('',#9827);
#2724=VERTEX_POINT('',#9828);
#2725=VERTEX_POINT('',#9830);
#2726=VERTEX_POINT('',#9832);
#2727=VERTEX_POINT('',#9836);
#2728=VERTEX_POINT('',#9838);
#2729=VERTEX_POINT('',#9842);
#2730=VERTEX_POINT('',#9844);
#2731=VERTEX_POINT('',#9852);
#2732=VERTEX_POINT('',#9853);
#2733=VERTEX_POINT('',#9855);
#2734=VERTEX_POINT('',#9857);
#2735=VERTEX_POINT('',#9861);
#2736=VERTEX_POINT('',#9863);
#2737=VERTEX_POINT('',#9867);
#2738=VERTEX_POINT('',#9869);
#2739=VERTEX_POINT('',#9877);
#2740=VERTEX_POINT('',#9878);
#2741=VERTEX_POINT('',#9880);
#2742=VERTEX_POINT('',#9882);
#2743=VERTEX_POINT('',#9886);
#2744=VERTEX_POINT('',#9888);
#2745=VERTEX_POINT('',#9892);
#2746=VERTEX_POINT('',#9894);
#2747=VERTEX_POINT('',#9902);
#2748=VERTEX_POINT('',#9903);
#2749=VERTEX_POINT('',#9905);
#2750=VERTEX_POINT('',#9907);
#2751=VERTEX_POINT('',#9911);
#2752=VERTEX_POINT('',#9913);
#2753=VERTEX_POINT('',#9917);
#2754=VERTEX_POINT('',#9919);
#2755=VERTEX_POINT('',#9927);
#2756=VERTEX_POINT('',#9929);
#2757=VERTEX_POINT('',#9934);
#2758=VERTEX_POINT('',#9936);
#2759=VERTEX_POINT('',#9940);
#2760=VERTEX_POINT('',#9943);
#2761=VERTEX_POINT('',#9945);
#2762=VERTEX_POINT('',#9950);
#2763=VERTEX_POINT('',#9952);
#2764=VERTEX_POINT('',#9957);
#2765=VERTEX_POINT('',#9959);
#2766=VERTEX_POINT('',#9963);
#2767=VERTEX_POINT('',#9966);
#2768=VERTEX_POINT('',#9968);
#2769=VERTEX_POINT('',#9977);
#2770=VERTEX_POINT('',#9979);
#2771=VERTEX_POINT('',#9981);
#2772=VERTEX_POINT('',#9983);
#2773=VERTEX_POINT('',#9987);
#2774=VERTEX_POINT('',#9989);
#2775=VERTEX_POINT('',#9993);
#2776=VERTEX_POINT('',#9994);
#2777=VERTEX_POINT('',#9996);
#2778=VERTEX_POINT('',#9998);
#2779=VERTEX_POINT('',#10003);
#2780=VERTEX_POINT('',#10005);
#2781=VERTEX_POINT('',#10010);
#2782=VERTEX_POINT('',#10012);
#2783=VERTEX_POINT('',#10014);
#2784=VERTEX_POINT('',#10016);
#2785=VERTEX_POINT('',#10022);
#2786=VERTEX_POINT('',#10045);
#2787=VERTEX_POINT('',#10047);
#2788=VERTEX_POINT('',#10055);
#2789=VERTEX_POINT('',#10078);
#2790=VERTEX_POINT('',#10106);
#2791=VERTEX_POINT('',#10130);
#2792=VERTEX_POINT('',#10149);
#2793=VERTEX_POINT('',#10151);
#2794=VERTEX_POINT('',#10205);
#2795=VERTEX_POINT('',#10207);
#2796=VERTEX_POINT('',#10252);
#2797=VERTEX_POINT('',#10254);
#2798=VERTEX_POINT('',#10281);
#2799=VERTEX_POINT('',#10283);
#2800=VERTEX_POINT('',#10330);
#2801=VERTEX_POINT('',#10332);
#2802=VERTEX_POINT('',#10341);
#2803=VERTEX_POINT('',#10407);
#2804=VERTEX_POINT('',#10411);
#2805=VERTEX_POINT('',#10412);
#2806=VERTEX_POINT('',#10414);
#2807=VERTEX_POINT('',#10416);
#2808=VERTEX_POINT('',#10420);
#2809=VERTEX_POINT('',#10422);
#2810=VERTEX_POINT('',#10426);
#2811=VERTEX_POINT('',#10427);
#2812=VERTEX_POINT('',#10432);
#2813=VERTEX_POINT('',#10433);
#2814=VERTEX_POINT('',#10438);
#2815=VERTEX_POINT('',#10439);
#2816=VERTEX_POINT('',#10444);
#2817=VERTEX_POINT('',#10449);
#2818=VERTEX_POINT('',#10453);
#2819=VERTEX_POINT('',#10454);
#2820=VERTEX_POINT('',#10459);
#2821=VERTEX_POINT('',#10460);
#2822=VERTEX_POINT('',#10465);
#2823=VERTEX_POINT('',#10466);
#2824=VERTEX_POINT('',#10471);
#2825=VERTEX_POINT('',#10472);
#2826=VERTEX_POINT('',#10480);
#2827=VERTEX_POINT('',#10484);
#2828=VERTEX_POINT('',#10486);
#2829=VERTEX_POINT('',#10488);
#2830=VERTEX_POINT('',#10490);
#2831=VERTEX_POINT('',#10492);
#2832=VERTEX_POINT('',#10494);
#2833=VERTEX_POINT('',#10496);
#2834=VERTEX_POINT('',#10500);
#2835=VERTEX_POINT('',#10511);
#2836=VERTEX_POINT('',#10512);
#2837=VERTEX_POINT('',#10514);
#2838=VERTEX_POINT('',#10516);
#2839=VERTEX_POINT('',#10518);
#2840=VERTEX_POINT('',#10520);
#2841=VERTEX_POINT('',#10522);
#2842=VERTEX_POINT('',#10524);
#2843=VERTEX_POINT('',#10526);
#2844=VERTEX_POINT('',#10528);
#2845=VERTEX_POINT('',#10530);
#2846=VERTEX_POINT('',#10532);
#2847=VERTEX_POINT('',#10536);
#2848=VERTEX_POINT('',#10537);
#2849=VERTEX_POINT('',#10539);
#2850=VERTEX_POINT('',#10541);
#2851=VERTEX_POINT('',#10545);
#2852=VERTEX_POINT('',#10547);
#2853=VERTEX_POINT('',#10549);
#2854=VERTEX_POINT('',#10551);
#2855=VERTEX_POINT('',#10553);
#2856=VERTEX_POINT('',#10555);
#2857=VERTEX_POINT('',#10557);
#2858=VERTEX_POINT('',#10559);
#2859=VERTEX_POINT('',#10561);
#2860=VERTEX_POINT('',#10563);
#2861=VERTEX_POINT('',#10565);
#2862=VERTEX_POINT('',#10567);
#2863=VERTEX_POINT('',#10569);
#2864=VERTEX_POINT('',#10571);
#2865=VERTEX_POINT('',#10573);
#2866=VERTEX_POINT('',#10575);
#2867=VERTEX_POINT('',#10577);
#2868=VERTEX_POINT('',#10579);
#2869=VERTEX_POINT('',#10581);
#2870=VERTEX_POINT('',#10583);
#2871=VERTEX_POINT('',#10585);
#2872=VERTEX_POINT('',#10587);
#2873=VERTEX_POINT('',#10589);
#2874=VERTEX_POINT('',#10591);
#2875=VERTEX_POINT('',#10593);
#2876=VERTEX_POINT('',#10595);
#2877=VERTEX_POINT('',#10597);
#2878=VERTEX_POINT('',#10599);
#2879=VERTEX_POINT('',#10601);
#2880=VERTEX_POINT('',#10603);
#2881=VERTEX_POINT('',#10605);
#2882=VERTEX_POINT('',#10607);
#2883=VERTEX_POINT('',#10609);
#2884=VERTEX_POINT('',#10611);
#2885=VERTEX_POINT('',#10613);
#2886=VERTEX_POINT('',#10615);
#2887=VERTEX_POINT('',#10617);
#2888=VERTEX_POINT('',#10619);
#2889=VERTEX_POINT('',#10621);
#2890=VERTEX_POINT('',#10623);
#2891=VERTEX_POINT('',#10625);
#2892=VERTEX_POINT('',#10627);
#2893=VERTEX_POINT('',#10629);
#2894=VERTEX_POINT('',#10631);
#2895=VERTEX_POINT('',#10633);
#2896=VERTEX_POINT('',#10635);
#2897=VERTEX_POINT('',#10637);
#2898=VERTEX_POINT('',#10639);
#2899=VERTEX_POINT('',#10641);
#2900=VERTEX_POINT('',#10643);
#2901=VERTEX_POINT('',#10645);
#2902=VERTEX_POINT('',#10647);
#2903=VERTEX_POINT('',#10649);
#2904=VERTEX_POINT('',#10651);
#2905=VERTEX_POINT('',#10653);
#2906=VERTEX_POINT('',#10655);
#2907=VERTEX_POINT('',#10657);
#2908=VERTEX_POINT('',#10659);
#2909=VERTEX_POINT('',#10661);
#2910=VERTEX_POINT('',#10663);
#2911=VERTEX_POINT('',#10665);
#2912=VERTEX_POINT('',#10667);
#2913=VERTEX_POINT('',#10669);
#2914=VERTEX_POINT('',#10671);
#2915=VERTEX_POINT('',#10673);
#2916=VERTEX_POINT('',#10675);
#2917=VERTEX_POINT('',#10677);
#2918=VERTEX_POINT('',#10679);
#2919=VERTEX_POINT('',#10681);
#2920=VERTEX_POINT('',#10683);
#2921=VERTEX_POINT('',#10685);
#2922=VERTEX_POINT('',#10687);
#2923=VERTEX_POINT('',#10689);
#2924=VERTEX_POINT('',#10691);
#2925=VERTEX_POINT('',#10693);
#2926=VERTEX_POINT('',#10695);
#2927=VERTEX_POINT('',#10697);
#2928=VERTEX_POINT('',#10699);
#2929=VERTEX_POINT('',#10701);
#2930=VERTEX_POINT('',#10703);
#2931=VERTEX_POINT('',#10705);
#2932=VERTEX_POINT('',#10707);
#2933=VERTEX_POINT('',#10709);
#2934=VERTEX_POINT('',#10711);
#2935=VERTEX_POINT('',#10713);
#2936=VERTEX_POINT('',#10715);
#2937=VERTEX_POINT('',#10717);
#2938=VERTEX_POINT('',#10719);
#2939=VERTEX_POINT('',#10721);
#2940=VERTEX_POINT('',#10723);
#2941=VERTEX_POINT('',#10725);
#2942=VERTEX_POINT('',#10727);
#2943=VERTEX_POINT('',#10729);
#2944=VERTEX_POINT('',#10731);
#2945=VERTEX_POINT('',#10733);
#2946=VERTEX_POINT('',#10735);
#2947=VERTEX_POINT('',#10737);
#2948=VERTEX_POINT('',#10739);
#2949=VERTEX_POINT('',#10741);
#2950=VERTEX_POINT('',#10743);
#2951=VERTEX_POINT('',#10745);
#2952=VERTEX_POINT('',#10747);
#2953=VERTEX_POINT('',#10749);
#2954=VERTEX_POINT('',#10751);
#2955=VERTEX_POINT('',#10753);
#2956=VERTEX_POINT('',#10756);
#2957=VERTEX_POINT('',#10758);
#2958=VERTEX_POINT('',#10760);
#2959=VERTEX_POINT('',#10762);
#2960=VERTEX_POINT('',#10764);
#2961=VERTEX_POINT('',#10766);
#2962=VERTEX_POINT('',#10768);
#2963=VERTEX_POINT('',#10770);
#2964=VERTEX_POINT('',#10773);
#2965=VERTEX_POINT('',#10775);
#2966=VERTEX_POINT('',#10777);
#2967=VERTEX_POINT('',#10779);
#2968=VERTEX_POINT('',#10781);
#2969=VERTEX_POINT('',#10783);
#2970=VERTEX_POINT('',#10785);
#2971=VERTEX_POINT('',#10787);
#2972=VERTEX_POINT('',#10789);
#2973=VERTEX_POINT('',#10793);
#2974=VERTEX_POINT('',#10794);
#2975=VERTEX_POINT('',#10796);
#2976=VERTEX_POINT('',#10798);
#2977=VERTEX_POINT('',#10802);
#2978=VERTEX_POINT('',#10804);
#2979=VERTEX_POINT('',#10808);
#2980=VERTEX_POINT('',#10809);
#2981=VERTEX_POINT('',#10811);
#2982=VERTEX_POINT('',#10813);
#2983=VERTEX_POINT('',#10817);
#2984=VERTEX_POINT('',#10819);
#2985=VERTEX_POINT('',#10823);
#2986=VERTEX_POINT('',#10827);
#2987=VERTEX_POINT('',#10829);
#2988=VERTEX_POINT('',#10831);
#2989=VERTEX_POINT('',#10833);
#2990=VERTEX_POINT('',#10835);
#2991=VERTEX_POINT('',#10837);
#2992=VERTEX_POINT('',#10839);
#2993=VERTEX_POINT('',#10841);
#2994=VERTEX_POINT('',#10843);
#2995=VERTEX_POINT('',#10845);
#2996=VERTEX_POINT('',#10847);
#2997=VERTEX_POINT('',#10849);
#2998=VERTEX_POINT('',#10851);
#2999=VERTEX_POINT('',#10853);
#3000=VERTEX_POINT('',#10855);
#3001=VERTEX_POINT('',#10857);
#3002=VERTEX_POINT('',#10859);
#3003=VERTEX_POINT('',#10861);
#3004=VERTEX_POINT('',#10863);
#3005=VERTEX_POINT('',#10865);
#3006=VERTEX_POINT('',#10867);
#3007=VERTEX_POINT('',#10869);
#3008=VERTEX_POINT('',#10871);
#3009=VERTEX_POINT('',#10873);
#3010=VERTEX_POINT('',#10875);
#3011=VERTEX_POINT('',#10877);
#3012=VERTEX_POINT('',#10879);
#3013=VERTEX_POINT('',#10881);
#3014=VERTEX_POINT('',#10883);
#3015=VERTEX_POINT('',#10885);
#3016=VERTEX_POINT('',#10887);
#3017=VERTEX_POINT('',#10889);
#3018=VERTEX_POINT('',#10891);
#3019=VERTEX_POINT('',#10893);
#3020=VERTEX_POINT('',#10895);
#3021=VERTEX_POINT('',#10897);
#3022=VERTEX_POINT('',#10899);
#3023=VERTEX_POINT('',#10901);
#3024=VERTEX_POINT('',#10903);
#3025=VERTEX_POINT('',#10905);
#3026=VERTEX_POINT('',#10907);
#3027=VERTEX_POINT('',#10909);
#3028=VERTEX_POINT('',#10911);
#3029=VERTEX_POINT('',#10913);
#3030=VERTEX_POINT('',#10915);
#3031=VERTEX_POINT('',#10917);
#3032=VERTEX_POINT('',#10919);
#3033=VERTEX_POINT('',#10921);
#3034=VERTEX_POINT('',#10923);
#3035=VERTEX_POINT('',#10925);
#3036=VERTEX_POINT('',#10927);
#3037=VERTEX_POINT('',#10929);
#3038=VERTEX_POINT('',#10931);
#3039=VERTEX_POINT('',#10933);
#3040=VERTEX_POINT('',#10935);
#3041=VERTEX_POINT('',#10937);
#3042=VERTEX_POINT('',#10939);
#3043=VERTEX_POINT('',#10941);
#3044=VERTEX_POINT('',#10943);
#3045=VERTEX_POINT('',#10945);
#3046=VERTEX_POINT('',#10947);
#3047=VERTEX_POINT('',#10949);
#3048=VERTEX_POINT('',#10951);
#3049=VERTEX_POINT('',#10953);
#3050=VERTEX_POINT('',#10955);
#3051=VERTEX_POINT('',#10957);
#3052=VERTEX_POINT('',#10959);
#3053=VERTEX_POINT('',#10961);
#3054=VERTEX_POINT('',#10963);
#3055=VERTEX_POINT('',#10965);
#3056=VERTEX_POINT('',#10967);
#3057=VERTEX_POINT('',#10969);
#3058=VERTEX_POINT('',#10971);
#3059=VERTEX_POINT('',#10973);
#3060=VERTEX_POINT('',#10975);
#3061=VERTEX_POINT('',#10977);
#3062=VERTEX_POINT('',#10979);
#3063=VERTEX_POINT('',#10981);
#3064=VERTEX_POINT('',#10983);
#3065=VERTEX_POINT('',#10985);
#3066=VERTEX_POINT('',#10987);
#3067=VERTEX_POINT('',#10989);
#3068=VERTEX_POINT('',#10991);
#3069=VERTEX_POINT('',#10993);
#3070=VERTEX_POINT('',#10995);
#3071=VERTEX_POINT('',#10997);
#3072=VERTEX_POINT('',#10999);
#3073=VERTEX_POINT('',#11001);
#3074=VERTEX_POINT('',#11003);
#3075=VERTEX_POINT('',#11005);
#3076=VERTEX_POINT('',#11007);
#3077=VERTEX_POINT('',#11009);
#3078=VERTEX_POINT('',#11011);
#3079=VERTEX_POINT('',#11013);
#3080=VERTEX_POINT('',#11015);
#3081=VERTEX_POINT('',#11017);
#3082=VERTEX_POINT('',#11019);
#3083=VERTEX_POINT('',#11021);
#3084=VERTEX_POINT('',#11023);
#3085=VERTEX_POINT('',#11025);
#3086=VERTEX_POINT('',#11027);
#3087=VERTEX_POINT('',#11029);
#3088=VERTEX_POINT('',#11031);
#3089=VERTEX_POINT('',#11033);
#3090=VERTEX_POINT('',#11035);
#3091=VERTEX_POINT('',#11037);
#3092=VERTEX_POINT('',#11039);
#3093=VERTEX_POINT('',#11043);
#3094=VERTEX_POINT('',#11044);
#3095=VERTEX_POINT('',#11046);
#3096=VERTEX_POINT('',#11050);
#3097=VERTEX_POINT('',#11051);
#3098=VERTEX_POINT('',#11056);
#3099=VERTEX_POINT('',#11057);
#3100=VERTEX_POINT('',#11062);
#3101=VERTEX_POINT('',#11069);
#3102=VERTEX_POINT('',#11072);
#3103=VERTEX_POINT('',#11076);
#3104=VERTEX_POINT('',#11077);
#3105=VERTEX_POINT('',#11085);
#3106=VERTEX_POINT('',#11089);
#3107=VERTEX_POINT('',#11104);
#3108=VERTEX_POINT('',#11108);
#3109=VERTEX_POINT('',#11110);
#3110=VERTEX_POINT('',#11116);
#3111=VERTEX_POINT('',#11118);
#3112=VERTEX_POINT('',#11123);
#3113=VERTEX_POINT('',#11126);
#3114=VERTEX_POINT('',#11130);
#3115=VERTEX_POINT('',#11144);
#3116=VERTEX_POINT('',#11146);
#3117=VERTEX_POINT('',#11150);
#3118=VERTEX_POINT('',#11151);
#3119=VERTEX_POINT('',#11153);
#3120=VERTEX_POINT('',#11155);
#3121=VERTEX_POINT('',#11159);
#3122=VERTEX_POINT('',#11161);
#3123=VERTEX_POINT('',#11165);
#3124=VERTEX_POINT('',#11168);
#3125=VERTEX_POINT('',#11170);
#3126=VERTEX_POINT('',#11172);
#3127=VERTEX_POINT('',#11174);
#3128=VERTEX_POINT('',#11176);
#3129=VERTEX_POINT('',#11178);
#3130=VERTEX_POINT('',#11186);
#3131=VERTEX_POINT('',#11188);
#3132=VERTEX_POINT('',#11194);
#3133=VERTEX_POINT('',#11200);
#3134=VERTEX_POINT('',#11216);
#3135=VERTEX_POINT('',#11221);
#3136=VERTEX_POINT('',#11226);
#3137=VERTEX_POINT('',#11231);
#3138=VERTEX_POINT('',#11236);
#3139=VERTEX_POINT('',#11241);
#3140=VERTEX_POINT('',#11246);
#3141=VERTEX_POINT('',#11251);
#3142=VERTEX_POINT('',#11256);
#3143=VERTEX_POINT('',#11260);
#3144=VERTEX_POINT('',#11264);
#3145=VERTEX_POINT('',#11268);
#3146=VERTEX_POINT('',#11272);
#3147=VERTEX_POINT('',#11280);
#3148=VERTEX_POINT('',#11284);
#3149=VERTEX_POINT('',#11286);
#3150=VERTEX_POINT('',#11485);
#3151=EDGE_CURVE('',#2529,#2530,#1353,.T.);
#3152=EDGE_CURVE('',#2529,#2531,#1354,.T.);
#3153=EDGE_CURVE('',#2531,#2532,#1355,.T.);
#3154=EDGE_CURVE('',#2530,#2532,#1356,.T.);
#3155=EDGE_CURVE('',#2533,#2529,#148,.T.);
#3156=EDGE_CURVE('',#2533,#2534,#1357,.T.);
#3157=EDGE_CURVE('',#2534,#2531,#149,.T.);
#3158=EDGE_CURVE('',#2535,#2533,#1358,.T.);
#3159=EDGE_CURVE('',#2535,#2536,#1359,.T.);
#3160=EDGE_CURVE('',#2536,#2534,#1360,.T.);
#3161=EDGE_CURVE('',#2537,#2535,#150,.T.);
#3162=EDGE_CURVE('',#2537,#2538,#1361,.T.);
#3163=EDGE_CURVE('',#2538,#2536,#151,.T.);
#3164=EDGE_CURVE('',#2539,#2537,#1362,.T.);
#3165=EDGE_CURVE('',#2539,#2540,#1363,.T.);
#3166=EDGE_CURVE('',#2540,#2538,#1364,.T.);
#3167=EDGE_CURVE('',#2541,#2539,#152,.T.);
#3168=EDGE_CURVE('',#2541,#2542,#1365,.T.);
#3169=EDGE_CURVE('',#2542,#2540,#153,.T.);
#3170=EDGE_CURVE('',#2543,#2541,#1366,.T.);
#3171=EDGE_CURVE('',#2543,#2544,#1367,.T.);
#3172=EDGE_CURVE('',#2544,#2542,#1368,.T.);
#3173=EDGE_CURVE('',#2530,#2543,#154,.T.);
#3174=EDGE_CURVE('',#2532,#2544,#155,.T.);
#3175=EDGE_CURVE('',#2545,#2546,#1369,.T.);
#3176=EDGE_CURVE('',#2547,#2545,#110,.T.);
#3177=EDGE_CURVE('',#2548,#2547,#1370,.T.);
#3178=EDGE_CURVE('',#2546,#2548,#156,.T.);
#3179=EDGE_CURVE('',#2549,#2550,#1371,.T.);
#3180=EDGE_CURVE('',#2549,#2551,#1372,.T.);
#3181=EDGE_CURVE('',#2551,#2552,#1373,.T.);
#3182=EDGE_CURVE('',#2550,#2552,#1374,.T.);
#3183=EDGE_CURVE('',#2553,#2549,#157,.T.);
#3184=EDGE_CURVE('',#2553,#2554,#1375,.T.);
#3185=EDGE_CURVE('',#2554,#2551,#158,.T.);
#3186=EDGE_CURVE('',#2555,#2553,#1376,.T.);
#3187=EDGE_CURVE('',#2555,#2556,#1377,.T.);
#3188=EDGE_CURVE('',#2556,#2554,#1378,.T.);
#3189=EDGE_CURVE('',#2557,#2555,#159,.T.);
#3190=EDGE_CURVE('',#2557,#2558,#1379,.T.);
#3191=EDGE_CURVE('',#2558,#2556,#160,.T.);
#3192=EDGE_CURVE('',#2559,#2557,#1380,.T.);
#3193=EDGE_CURVE('',#2559,#2560,#1381,.T.);
#3194=EDGE_CURVE('',#2560,#2558,#1382,.T.);
#3195=EDGE_CURVE('',#2561,#2559,#161,.T.);
#3196=EDGE_CURVE('',#2561,#2562,#1383,.T.);
#3197=EDGE_CURVE('',#2562,#2560,#162,.T.);
#3198=EDGE_CURVE('',#2563,#2561,#1384,.T.);
#3199=EDGE_CURVE('',#2563,#2564,#1385,.T.);
#3200=EDGE_CURVE('',#2564,#2562,#1386,.T.);
#3201=EDGE_CURVE('',#2550,#2563,#163,.T.);
#3202=EDGE_CURVE('',#2552,#2564,#164,.T.);
#3203=EDGE_CURVE('',#2565,#2566,#1387,.T.);
#3204=EDGE_CURVE('',#2567,#2565,#111,.T.);
#3205=EDGE_CURVE('',#2568,#2567,#1388,.T.);
#3206=EDGE_CURVE('',#2566,#2568,#165,.T.);
#3207=EDGE_CURVE('',#2569,#2570,#1389,.T.);
#3208=EDGE_CURVE('',#2569,#2571,#1390,.T.);
#3209=EDGE_CURVE('',#2571,#2572,#1391,.T.);
#3210=EDGE_CURVE('',#2570,#2572,#1392,.T.);
#3211=EDGE_CURVE('',#2573,#2569,#166,.T.);
#3212=EDGE_CURVE('',#2573,#2574,#1393,.T.);
#3213=EDGE_CURVE('',#2574,#2571,#167,.T.);
#3214=EDGE_CURVE('',#2575,#2573,#1394,.T.);
#3215=EDGE_CURVE('',#2575,#2576,#1395,.T.);
#3216=EDGE_CURVE('',#2576,#2574,#1396,.T.);
#3217=EDGE_CURVE('',#2577,#2575,#168,.T.);
#3218=EDGE_CURVE('',#2577,#2578,#1397,.T.);
#3219=EDGE_CURVE('',#2578,#2576,#169,.T.);
#3220=EDGE_CURVE('',#2579,#2577,#1398,.T.);
#3221=EDGE_CURVE('',#2579,#2580,#1399,.T.);
#3222=EDGE_CURVE('',#2580,#2578,#1400,.T.);
#3223=EDGE_CURVE('',#2581,#2579,#170,.T.);
#3224=EDGE_CURVE('',#2581,#2582,#1401,.T.);
#3225=EDGE_CURVE('',#2582,#2580,#171,.T.);
#3226=EDGE_CURVE('',#2583,#2581,#1402,.T.);
#3227=EDGE_CURVE('',#2583,#2584,#1403,.T.);
#3228=EDGE_CURVE('',#2584,#2582,#1404,.T.);
#3229=EDGE_CURVE('',#2570,#2583,#172,.T.);
#3230=EDGE_CURVE('',#2572,#2584,#173,.T.);
#3231=EDGE_CURVE('',#2585,#2586,#1405,.T.);
#3232=EDGE_CURVE('',#2587,#2585,#112,.T.);
#3233=EDGE_CURVE('',#2588,#2587,#1406,.T.);
#3234=EDGE_CURVE('',#2589,#2588,#174,.T.);
#3235=EDGE_CURVE('',#2590,#2589,#1407,.T.);
#3236=EDGE_CURVE('',#2591,#2590,#113,.T.);
#3237=EDGE_CURVE('',#2592,#2591,#1408,.T.);
#3238=EDGE_CURVE('',#2586,#2592,#175,.T.);
#3239=EDGE_CURVE('',#2593,#2594,#1409,.T.);
#3240=EDGE_CURVE('',#2593,#2595,#1410,.T.);
#3241=EDGE_CURVE('',#2595,#2596,#1411,.T.);
#3242=EDGE_CURVE('',#2594,#2596,#1412,.T.);
#3243=EDGE_CURVE('',#2597,#2593,#176,.T.);
#3244=EDGE_CURVE('',#2597,#2598,#1413,.T.);
#3245=EDGE_CURVE('',#2598,#2595,#177,.T.);
#3246=EDGE_CURVE('',#2599,#2597,#1414,.T.);
#3247=EDGE_CURVE('',#2599,#2600,#1415,.T.);
#3248=EDGE_CURVE('',#2600,#2598,#1416,.T.);
#3249=EDGE_CURVE('',#2601,#2599,#178,.T.);
#3250=EDGE_CURVE('',#2601,#2602,#1417,.T.);
#3251=EDGE_CURVE('',#2602,#2600,#179,.T.);
#3252=EDGE_CURVE('',#2603,#2601,#1418,.T.);
#3253=EDGE_CURVE('',#2603,#2604,#1419,.T.);
#3254=EDGE_CURVE('',#2604,#2602,#1420,.T.);
#3255=EDGE_CURVE('',#2605,#2603,#180,.T.);
#3256=EDGE_CURVE('',#2605,#2606,#1421,.T.);
#3257=EDGE_CURVE('',#2606,#2604,#181,.T.);
#3258=EDGE_CURVE('',#2607,#2605,#1422,.T.);
#3259=EDGE_CURVE('',#2607,#2608,#1423,.T.);
#3260=EDGE_CURVE('',#2608,#2606,#1424,.T.);
#3261=EDGE_CURVE('',#2594,#2607,#182,.T.);
#3262=EDGE_CURVE('',#2596,#2608,#183,.T.);
#3263=EDGE_CURVE('',#2609,#2610,#1425,.T.);
#3264=EDGE_CURVE('',#2611,#2609,#114,.T.);
#3265=EDGE_CURVE('',#2612,#2611,#115,.T.);
#3266=EDGE_CURVE('',#2613,#2612,#1426,.T.);
#3267=EDGE_CURVE('',#2610,#2613,#184,.T.);
#3268=EDGE_CURVE('',#2614,#2615,#1427,.T.);
#3269=EDGE_CURVE('',#2614,#2616,#1428,.T.);
#3270=EDGE_CURVE('',#2616,#2617,#1429,.T.);
#3271=EDGE_CURVE('',#2615,#2617,#1430,.T.);
#3272=EDGE_CURVE('',#2618,#2614,#185,.T.);
#3273=EDGE_CURVE('',#2618,#2619,#1431,.T.);
#3274=EDGE_CURVE('',#2619,#2616,#186,.T.);
#3275=EDGE_CURVE('',#2620,#2618,#1432,.T.);
#3276=EDGE_CURVE('',#2620,#2621,#1433,.T.);
#3277=EDGE_CURVE('',#2621,#2619,#1434,.T.);
#3278=EDGE_CURVE('',#2622,#2620,#187,.T.);
#3279=EDGE_CURVE('',#2622,#2623,#1435,.T.);
#3280=EDGE_CURVE('',#2623,#2621,#188,.T.);
#3281=EDGE_CURVE('',#2624,#2622,#1436,.T.);
#3282=EDGE_CURVE('',#2624,#2625,#1437,.T.);
#3283=EDGE_CURVE('',#2625,#2623,#1438,.T.);
#3284=EDGE_CURVE('',#2626,#2624,#189,.T.);
#3285=EDGE_CURVE('',#2626,#2627,#1439,.T.);
#3286=EDGE_CURVE('',#2627,#2625,#190,.T.);
#3287=EDGE_CURVE('',#2628,#2626,#1440,.T.);
#3288=EDGE_CURVE('',#2628,#2629,#1441,.T.);
#3289=EDGE_CURVE('',#2629,#2627,#1442,.T.);
#3290=EDGE_CURVE('',#2615,#2628,#191,.T.);
#3291=EDGE_CURVE('',#2617,#2629,#192,.T.);
#3292=EDGE_CURVE('',#2630,#2631,#1443,.T.);
#3293=EDGE_CURVE('',#2632,#2630,#116,.T.);
#3294=EDGE_CURVE('',#2633,#2632,#1444,.T.);
#3295=EDGE_CURVE('',#2634,#2633,#193,.T.);
#3296=EDGE_CURVE('',#2635,#2634,#1445,.T.);
#3297=EDGE_CURVE('',#2636,#2635,#117,.T.);
#3298=EDGE_CURVE('',#2637,#2636,#1446,.T.);
#3299=EDGE_CURVE('',#2631,#2637,#194,.T.);
#3300=EDGE_CURVE('',#2638,#2639,#1447,.T.);
#3301=EDGE_CURVE('',#2638,#2640,#1448,.T.);
#3302=EDGE_CURVE('',#2640,#2641,#1449,.T.);
#3303=EDGE_CURVE('',#2639,#2641,#1450,.T.);
#3304=EDGE_CURVE('',#2642,#2638,#195,.T.);
#3305=EDGE_CURVE('',#2642,#2643,#1451,.T.);
#3306=EDGE_CURVE('',#2643,#2640,#196,.T.);
#3307=EDGE_CURVE('',#2644,#2642,#1452,.T.);
#3308=EDGE_CURVE('',#2644,#2645,#1453,.T.);
#3309=EDGE_CURVE('',#2645,#2643,#1454,.T.);
#3310=EDGE_CURVE('',#2646,#2644,#197,.T.);
#3311=EDGE_CURVE('',#2646,#2647,#1455,.T.);
#3312=EDGE_CURVE('',#2647,#2645,#198,.T.);
#3313=EDGE_CURVE('',#2648,#2646,#1456,.T.);
#3314=EDGE_CURVE('',#2648,#2649,#1457,.T.);
#3315=EDGE_CURVE('',#2649,#2647,#1458,.T.);
#3316=EDGE_CURVE('',#2650,#2648,#199,.T.);
#3317=EDGE_CURVE('',#2650,#2651,#1459,.T.);
#3318=EDGE_CURVE('',#2651,#2649,#200,.T.);
#3319=EDGE_CURVE('',#2652,#2650,#1460,.T.);
#3320=EDGE_CURVE('',#2652,#2653,#1461,.T.);
#3321=EDGE_CURVE('',#2653,#2651,#1462,.T.);
#3322=EDGE_CURVE('',#2639,#2652,#201,.T.);
#3323=EDGE_CURVE('',#2641,#2653,#202,.T.);
#3324=EDGE_CURVE('',#2654,#2655,#1463,.T.);
#3325=EDGE_CURVE('',#2656,#2654,#118,.T.);
#3326=EDGE_CURVE('',#2657,#2656,#119,.T.);
#3327=EDGE_CURVE('',#2658,#2657,#1464,.T.);
#3328=EDGE_CURVE('',#2655,#2658,#203,.T.);
#3329=EDGE_CURVE('',#2659,#2547,#120,.T.);
#3330=EDGE_CURVE('',#2659,#2660,#1465,.T.);
#3331=EDGE_CURVE('',#2548,#2660,#1466,.T.);
#3332=EDGE_CURVE('',#2661,#2661,#204,.T.);
#3333=EDGE_CURVE('',#2661,#2662,#1467,.T.);
#3334=EDGE_CURVE('',#2662,#2659,#121,.T.);
#3335=EDGE_CURVE('',#2545,#2663,#122,.T.);
#3336=EDGE_CURVE('',#2663,#2662,#123,.T.);
#3337=EDGE_CURVE('',#2664,#2567,#124,.T.);
#3338=EDGE_CURVE('',#2664,#2665,#1468,.T.);
#3339=EDGE_CURVE('',#2568,#2665,#1469,.T.);
#3340=EDGE_CURVE('',#2666,#2666,#205,.T.);
#3341=EDGE_CURVE('',#2666,#2667,#1470,.T.);
#3342=EDGE_CURVE('',#2667,#2664,#125,.T.);
#3343=EDGE_CURVE('',#2565,#2668,#126,.T.);
#3344=EDGE_CURVE('',#2668,#2667,#127,.T.);
#3345=EDGE_CURVE('',#2589,#2669,#1471,.T.);
#3346=EDGE_CURVE('',#2669,#2670,#1472,.T.);
#3347=EDGE_CURVE('',#2590,#2670,#128,.T.);
#3348=EDGE_CURVE('',#2588,#2671,#1473,.T.);
#3349=EDGE_CURVE('',#2671,#2669,#206,.T.);
#3350=EDGE_CURVE('',#2672,#2587,#129,.T.);
#3351=EDGE_CURVE('',#2672,#2671,#1474,.T.);
#3352=EDGE_CURVE('',#2673,#2612,#130,.T.);
#3353=EDGE_CURVE('',#2673,#2674,#1475,.T.);
#3354=EDGE_CURVE('',#2613,#2674,#1476,.T.);
#3355=EDGE_CURVE('',#2675,#2675,#207,.T.);
#3356=EDGE_CURVE('',#2675,#2611,#1477,.T.);
#3357=EDGE_CURVE('',#2609,#2676,#131,.T.);
#3358=EDGE_CURVE('',#2676,#2673,#132,.T.);
#3359=EDGE_CURVE('',#2634,#2677,#1478,.T.);
#3360=EDGE_CURVE('',#2677,#2678,#1479,.T.);
#3361=EDGE_CURVE('',#2635,#2678,#133,.T.);
#3362=EDGE_CURVE('',#2633,#2679,#1480,.T.);
#3363=EDGE_CURVE('',#2679,#2677,#208,.T.);
#3364=EDGE_CURVE('',#2680,#2632,#134,.T.);
#3365=EDGE_CURVE('',#2680,#2679,#1481,.T.);
#3366=EDGE_CURVE('',#2681,#2657,#135,.T.);
#3367=EDGE_CURVE('',#2681,#2682,#1482,.T.);
#3368=EDGE_CURVE('',#2658,#2682,#1483,.T.);
#3369=EDGE_CURVE('',#2683,#2683,#209,.T.);
#3370=EDGE_CURVE('',#2683,#2656,#1484,.T.);
#3371=EDGE_CURVE('',#2654,#2684,#136,.T.);
#3372=EDGE_CURVE('',#2684,#2681,#137,.T.);
#3373=EDGE_CURVE('',#2546,#2685,#1485,.T.);
#3374=EDGE_CURVE('',#2685,#2663,#1486,.T.);
#3375=EDGE_CURVE('',#2660,#2685,#210,.T.);
#3376=EDGE_CURVE('',#2566,#2686,#1487,.T.);
#3377=EDGE_CURVE('',#2686,#2668,#1488,.T.);
#3378=EDGE_CURVE('',#2665,#2686,#211,.T.);
#3379=EDGE_CURVE('',#2670,#2687,#138,.T.);
#3380=EDGE_CURVE('',#2687,#2672,#139,.T.);
#3381=EDGE_CURVE('',#2688,#2591,#140,.T.);
#3382=EDGE_CURVE('',#2688,#2689,#1489,.T.);
#3383=EDGE_CURVE('',#2592,#2689,#1490,.T.);
#3384=EDGE_CURVE('',#2586,#2690,#1491,.T.);
#3385=EDGE_CURVE('',#2690,#2691,#1492,.T.);
#3386=EDGE_CURVE('',#2585,#2691,#141,.T.);
#3387=EDGE_CURVE('',#2689,#2690,#212,.T.);
#3388=EDGE_CURVE('',#2691,#2688,#142,.T.);
#3389=EDGE_CURVE('',#2610,#2692,#1493,.T.);
#3390=EDGE_CURVE('',#2692,#2676,#1494,.T.);
#3391=EDGE_CURVE('',#2674,#2692,#213,.T.);
#3392=EDGE_CURVE('',#2678,#2693,#143,.T.);
#3393=EDGE_CURVE('',#2693,#2680,#144,.T.);
#3394=EDGE_CURVE('',#2694,#2636,#145,.T.);
#3395=EDGE_CURVE('',#2694,#2695,#1495,.T.);
#3396=EDGE_CURVE('',#2637,#2695,#1496,.T.);
#3397=EDGE_CURVE('',#2631,#2696,#1497,.T.);
#3398=EDGE_CURVE('',#2696,#2697,#1498,.T.);
#3399=EDGE_CURVE('',#2630,#2697,#146,.T.);
#3400=EDGE_CURVE('',#2695,#2696,#214,.T.);
#3401=EDGE_CURVE('',#2697,#2694,#147,.T.);
#3402=EDGE_CURVE('',#2655,#2698,#1499,.T.);
#3403=EDGE_CURVE('',#2698,#2684,#1500,.T.);
#3404=EDGE_CURVE('',#2682,#2698,#215,.T.);
#3405=EDGE_CURVE('',#2699,#2700,#1501,.T.);
#3406=EDGE_CURVE('',#2701,#2699,#1502,.T.);
#3407=EDGE_CURVE('',#2702,#2701,#43,.T.);
#3408=EDGE_CURVE('',#2703,#2702,#44,.T.);
#3409=EDGE_CURVE('',#2704,#2703,#45,.T.);
#3410=EDGE_CURVE('',#2705,#2704,#46,.T.);
#3411=EDGE_CURVE('',#2706,#2705,#47,.T.);
#3412=EDGE_CURVE('',#2707,#2706,#48,.T.);
#3413=EDGE_CURVE('',#2708,#2707,#49,.T.);
#3414=EDGE_CURVE('',#2709,#2708,#1503,.T.);
#3415=EDGE_CURVE('',#2710,#2709,#50,.T.);
#3416=EDGE_CURVE('',#2711,#2710,#51,.T.);
#3417=EDGE_CURVE('',#2712,#2711,#1504,.T.);
#3418=EDGE_CURVE('',#2713,#2712,#52,.T.);
#3419=EDGE_CURVE('',#2714,#2713,#53,.T.);
#3420=EDGE_CURVE('',#2715,#2714,#1505,.T.);
#3421=EDGE_CURVE('',#2716,#2715,#1506,.T.);
#3422=EDGE_CURVE('',#2717,#2716,#1507,.T.);
#3423=EDGE_CURVE('',#2718,#2717,#54,.T.);
#3424=EDGE_CURVE('',#2719,#2718,#55,.T.);
#3425=EDGE_CURVE('',#2720,#2719,#1508,.T.);
#3426=EDGE_CURVE('',#2721,#2720,#56,.T.);
#3427=EDGE_CURVE('',#2722,#2721,#57,.T.);
#3428=EDGE_CURVE('',#2700,#2722,#1509,.T.);
#3429=EDGE_CURVE('',#2723,#2724,#1510,.T.);
#3430=EDGE_CURVE('',#2723,#2725,#1511,.T.);
#3431=EDGE_CURVE('',#2726,#2725,#1512,.T.);
#3432=EDGE_CURVE('',#2724,#2726,#1513,.T.);
#3433=EDGE_CURVE('',#2724,#2727,#216,.T.);
#3434=EDGE_CURVE('',#2728,#2726,#217,.T.);
#3435=EDGE_CURVE('',#2727,#2728,#1514,.T.);
#3436=EDGE_CURVE('',#2727,#2729,#1515,.T.);
#3437=EDGE_CURVE('',#2730,#2728,#1516,.T.);
#3438=EDGE_CURVE('',#2729,#2730,#1517,.T.);
#3439=EDGE_CURVE('',#2729,#2723,#218,.T.);
#3440=EDGE_CURVE('',#2725,#2730,#219,.T.);
#3441=EDGE_CURVE('',#2731,#2732,#1518,.T.);
#3442=EDGE_CURVE('',#2731,#2733,#1519,.T.);
#3443=EDGE_CURVE('',#2734,#2733,#1520,.T.);
#3444=EDGE_CURVE('',#2732,#2734,#1521,.T.);
#3445=EDGE_CURVE('',#2732,#2735,#220,.T.);
#3446=EDGE_CURVE('',#2736,#2734,#221,.T.);
#3447=EDGE_CURVE('',#2735,#2736,#1522,.T.);
#3448=EDGE_CURVE('',#2735,#2737,#1523,.T.);
#3449=EDGE_CURVE('',#2738,#2736,#1524,.T.);
#3450=EDGE_CURVE('',#2737,#2738,#1525,.T.);
#3451=EDGE_CURVE('',#2737,#2731,#222,.T.);
#3452=EDGE_CURVE('',#2733,#2738,#223,.T.);
#3453=EDGE_CURVE('',#2739,#2740,#1526,.T.);
#3454=EDGE_CURVE('',#2739,#2741,#1527,.T.);
#3455=EDGE_CURVE('',#2742,#2741,#1528,.T.);
#3456=EDGE_CURVE('',#2740,#2742,#1529,.T.);
#3457=EDGE_CURVE('',#2740,#2743,#224,.T.);
#3458=EDGE_CURVE('',#2744,#2742,#225,.T.);
#3459=EDGE_CURVE('',#2743,#2744,#1530,.T.);
#3460=EDGE_CURVE('',#2743,#2745,#1531,.T.);
#3461=EDGE_CURVE('',#2746,#2744,#1532,.T.);
#3462=EDGE_CURVE('',#2745,#2746,#1533,.T.);
#3463=EDGE_CURVE('',#2745,#2739,#226,.T.);
#3464=EDGE_CURVE('',#2741,#2746,#227,.T.);
#3465=EDGE_CURVE('',#2747,#2748,#1534,.T.);
#3466=EDGE_CURVE('',#2747,#2749,#1535,.T.);
#3467=EDGE_CURVE('',#2750,#2749,#1536,.T.);
#3468=EDGE_CURVE('',#2748,#2750,#1537,.T.);
#3469=EDGE_CURVE('',#2748,#2751,#228,.T.);
#3470=EDGE_CURVE('',#2752,#2750,#229,.T.);
#3471=EDGE_CURVE('',#2751,#2752,#1538,.T.);
#3472=EDGE_CURVE('',#2751,#2753,#1539,.T.);
#3473=EDGE_CURVE('',#2754,#2752,#1540,.T.);
#3474=EDGE_CURVE('',#2753,#2754,#1541,.T.);
#3475=EDGE_CURVE('',#2753,#2747,#230,.T.);
#3476=EDGE_CURVE('',#2749,#2754,#231,.T.);
#3477=EDGE_CURVE('',#2755,#2755,#232,.T.);
#3478=EDGE_CURVE('',#2755,#2756,#1542,.T.);
#3479=EDGE_CURVE('',#2756,#2756,#233,.T.);
#3480=EDGE_CURVE('',#2757,#2757,#234,.T.);
#3481=EDGE_CURVE('',#2757,#2758,#1543,.T.);
#3482=EDGE_CURVE('',#2758,#2758,#235,.T.);
#3483=EDGE_CURVE('',#2759,#2759,#236,.T.);
#3484=EDGE_CURVE('',#2760,#2760,#237,.T.);
#3485=EDGE_CURVE('',#2760,#2761,#1544,.T.);
#3486=EDGE_CURVE('',#2761,#2761,#238,.T.);
#3487=EDGE_CURVE('',#2762,#2762,#239,.T.);
#3488=EDGE_CURVE('',#2762,#2763,#1545,.T.);
#3489=EDGE_CURVE('',#2763,#2763,#240,.T.);
#3490=EDGE_CURVE('',#2764,#2764,#241,.T.);
#3491=EDGE_CURVE('',#2764,#2765,#1546,.T.);
#3492=EDGE_CURVE('',#2765,#2765,#242,.T.);
#3493=EDGE_CURVE('',#2766,#2766,#243,.T.);
#3494=EDGE_CURVE('',#2767,#2767,#244,.T.);
#3495=EDGE_CURVE('',#2767,#2768,#1547,.T.);
#3496=EDGE_CURVE('',#2768,#2768,#245,.T.);
#3497=EDGE_CURVE('',#2766,#2687,#1548,.T.);
#3498=EDGE_CURVE('',#2759,#2693,#1549,.T.);
#3499=EDGE_CURVE('',#2769,#2699,#1550,.T.);
#3500=EDGE_CURVE('',#2770,#2700,#1551,.T.);
#3501=EDGE_CURVE('',#2771,#2770,#1552,.T.);
#3502=EDGE_CURVE('',#2771,#2772,#1553,.T.);
#3503=EDGE_CURVE('',#2772,#2769,#1554,.T.);
#3504=EDGE_CURVE('',#2771,#2773,#1555,.T.);
#3505=EDGE_CURVE('',#2773,#2774,#1556,.T.);
#3506=EDGE_CURVE('',#2774,#2772,#1557,.T.);
#3507=EDGE_CURVE('',#2775,#2776,#1558,.T.);
#3508=EDGE_CURVE('',#2776,#2777,#1559,.T.);
#3509=EDGE_CURVE('',#2777,#2778,#1560,.F.);
#3510=EDGE_CURVE('',#2778,#2716,#1561,.F.);
#3511=EDGE_CURVE('',#2715,#2775,#1562,.T.);
#3512=EDGE_CURVE('',#2779,#2775,#1563,.T.);
#3513=EDGE_CURVE('',#2780,#2779,#58,.T.);
#3514=EDGE_CURVE('',#2781,#2780,#1564,.T.);
#3515=EDGE_CURVE('',#2782,#2781,#1565,.T.);
#3516=EDGE_CURVE('',#2782,#2783,#1566,.T.);
#3517=EDGE_CURVE('',#2783,#2784,#1567,.T.);
#3518=EDGE_CURVE('',#2776,#2784,#1568,.T.);
#3519=EDGE_CURVE('',#2714,#2779,#1569,.T.);
#3520=EDGE_CURVE('',#2785,#2717,#1570,.T.);
#3521=EDGE_CURVE('',#2778,#2785,#1571,.T.);
#3522=EDGE_CURVE('',#2786,#2719,#1572,.T.);
#3523=EDGE_CURVE('',#2718,#2787,#1573,.T.);
#3524=EDGE_CURVE('',#2787,#2786,#59,.T.);
#3525=EDGE_CURVE('',#2788,#2720,#1574,.T.);
#3526=EDGE_CURVE('',#2786,#2788,#1575,.T.);
#3527=EDGE_CURVE('',#2789,#2721,#1576,.T.);
#3528=EDGE_CURVE('',#2788,#2789,#60,.T.);
#3529=EDGE_CURVE('',#2785,#2787,#61,.T.);
#3530=EDGE_CURVE('',#2722,#2790,#1577,.T.);
#3531=EDGE_CURVE('',#2790,#2770,#1578,.T.);
#3532=EDGE_CURVE('',#2789,#2790,#62,.T.);
#3533=EDGE_CURVE('',#2769,#2791,#1579,.T.);
#3534=EDGE_CURVE('',#2791,#2701,#1580,.T.);
#3535=EDGE_CURVE('',#2702,#2792,#1581,.T.);
#3536=EDGE_CURVE('',#2792,#2793,#63,.T.);
#3537=EDGE_CURVE('',#2793,#2703,#1582,.T.);
#3538=EDGE_CURVE('',#2791,#2792,#64,.T.);
#3539=EDGE_CURVE('',#2704,#2794,#1583,.T.);
#3540=EDGE_CURVE('',#2794,#2795,#65,.T.);
#3541=EDGE_CURVE('',#2795,#2705,#1584,.T.);
#3542=EDGE_CURVE('',#2793,#2794,#66,.T.);
#3543=EDGE_CURVE('',#2706,#2796,#1585,.T.);
#3544=EDGE_CURVE('',#2796,#2797,#67,.T.);
#3545=EDGE_CURVE('',#2797,#2707,#1586,.T.);
#3546=EDGE_CURVE('',#2795,#2796,#68,.T.);
#3547=EDGE_CURVE('',#2708,#2798,#1587,.T.);
#3548=EDGE_CURVE('',#2798,#2799,#1588,.T.);
#3549=EDGE_CURVE('',#2799,#2709,#1589,.T.);
#3550=EDGE_CURVE('',#2797,#2798,#69,.T.);
#3551=EDGE_CURVE('',#2710,#2800,#1590,.T.);
#3552=EDGE_CURVE('',#2800,#2801,#70,.T.);
#3553=EDGE_CURVE('',#2801,#2711,#1591,.T.);
#3554=EDGE_CURVE('',#2802,#2712,#1592,.T.);
#3555=EDGE_CURVE('',#2801,#2802,#1593,.T.);
#3556=EDGE_CURVE('',#2780,#2713,#1594,.T.);
#3557=EDGE_CURVE('',#2802,#2780,#71,.T.);
#3558=EDGE_CURVE('',#2799,#2800,#72,.T.);
#3559=EDGE_CURVE('',#2803,#2784,#1595,.T.);
#3560=EDGE_CURVE('',#2803,#2777,#1596,.T.);
#3561=EDGE_CURVE('',#2804,#2805,#1597,.T.);
#3562=EDGE_CURVE('',#2805,#2806,#246,.T.);
#3563=EDGE_CURVE('',#2806,#2807,#1598,.T.);
#3564=EDGE_CURVE('',#2807,#2804,#247,.T.);
#3565=EDGE_CURVE('',#2804,#2808,#248,.T.);
#3566=EDGE_CURVE('',#2808,#2809,#1599,.T.);
#3567=EDGE_CURVE('',#2809,#2805,#249,.T.);
#3568=EDGE_CURVE('',#2810,#2811,#1600,.T.);
#3569=EDGE_CURVE('',#2811,#2809,#1601,.T.);
#3570=EDGE_CURVE('',#2808,#2810,#1602,.T.);
#3571=EDGE_CURVE('',#2812,#2813,#1603,.T.);
#3572=EDGE_CURVE('',#2813,#2811,#250,.T.);
#3573=EDGE_CURVE('',#2810,#2812,#251,.T.);
#3574=EDGE_CURVE('',#2814,#2815,#1604,.T.);
#3575=EDGE_CURVE('',#2815,#2813,#1605,.T.);
#3576=EDGE_CURVE('',#2812,#2814,#1606,.T.);
#3577=EDGE_CURVE('',#2782,#2816,#1607,.T.);
#3578=EDGE_CURVE('',#2816,#2815,#252,.T.);
#3579=EDGE_CURVE('',#2814,#2782,#253,.T.);
#3580=EDGE_CURVE('',#2781,#2817,#1608,.T.);
#3581=EDGE_CURVE('',#2817,#2816,#1609,.T.);
#3582=EDGE_CURVE('',#2818,#2819,#1610,.T.);
#3583=EDGE_CURVE('',#2819,#2817,#254,.T.);
#3584=EDGE_CURVE('',#2781,#2818,#255,.T.);
#3585=EDGE_CURVE('',#2820,#2821,#1611,.T.);
#3586=EDGE_CURVE('',#2821,#2819,#1612,.T.);
#3587=EDGE_CURVE('',#2818,#2820,#1613,.T.);
#3588=EDGE_CURVE('',#2822,#2823,#1614,.T.);
#3589=EDGE_CURVE('',#2823,#2821,#256,.T.);
#3590=EDGE_CURVE('',#2820,#2822,#257,.T.);
#3591=EDGE_CURVE('',#2824,#2825,#1615,.T.);
#3592=EDGE_CURVE('',#2825,#2823,#1616,.T.);
#3593=EDGE_CURVE('',#2822,#2824,#1617,.T.);
#3594=EDGE_CURVE('',#2824,#2807,#258,.T.);
#3595=EDGE_CURVE('',#2806,#2825,#259,.T.);
#3596=EDGE_CURVE('',#2814,#2826,#1618,.T.);
#3597=EDGE_CURVE('',#2826,#2783,#260,.T.);
#3598=EDGE_CURVE('',#2812,#2827,#1619,.T.);
#3599=EDGE_CURVE('',#2827,#2828,#1620,.T.);
#3600=EDGE_CURVE('',#2829,#2828,#1621,.T.);
#3601=EDGE_CURVE('',#2830,#2829,#261,.T.);
#3602=EDGE_CURVE('',#2831,#2830,#1622,.T.);
#3603=EDGE_CURVE('',#2832,#2831,#262,.T.);
#3604=EDGE_CURVE('',#2833,#2832,#1623,.T.);
#3605=EDGE_CURVE('',#2833,#2826,#1624,.T.);
#3606=EDGE_CURVE('',#2834,#2810,#1625,.T.);
#3607=EDGE_CURVE('',#2834,#2827,#263,.T.);
#3608=EDGE_CURVE('',#2774,#2834,#1626,.T.);
#3609=EDGE_CURVE('',#2792,#2808,#1627,.T.);
#3610=EDGE_CURVE('',#2804,#2794,#1628,.T.);
#3611=EDGE_CURVE('',#2796,#2807,#1629,.T.);
#3612=EDGE_CURVE('',#2835,#2836,#264,.T.);
#3613=EDGE_CURVE('',#2835,#2837,#1630,.T.);
#3614=EDGE_CURVE('',#2837,#2838,#265,.T.);
#3615=EDGE_CURVE('',#2838,#2839,#1631,.T.);
#3616=EDGE_CURVE('',#2839,#2840,#266,.T.);
#3617=EDGE_CURVE('',#2840,#2841,#1632,.T.);
#3618=EDGE_CURVE('',#2841,#2842,#267,.T.);
#3619=EDGE_CURVE('',#2842,#2843,#1633,.T.);
#3620=EDGE_CURVE('',#2843,#2844,#268,.T.);
#3621=EDGE_CURVE('',#2844,#2845,#1634,.T.);
#3622=EDGE_CURVE('',#2846,#2845,#269,.T.);
#3623=EDGE_CURVE('',#2846,#2836,#270,.T.);
#3624=EDGE_CURVE('',#2847,#2848,#271,.T.);
#3625=EDGE_CURVE('',#2848,#2849,#1635,.T.);
#3626=EDGE_CURVE('',#2849,#2850,#272,.F.);
#3627=EDGE_CURVE('',#2850,#2847,#1636,.T.);
#3628=EDGE_CURVE('',#2851,#2847,#1637,.T.);
#3629=EDGE_CURVE('',#2852,#2851,#273,.F.);
#3630=EDGE_CURVE('',#2853,#2852,#1638,.T.);
#3631=EDGE_CURVE('',#2854,#2853,#274,.T.);
#3632=EDGE_CURVE('',#2855,#2854,#275,.T.);
#3633=EDGE_CURVE('',#2856,#2855,#276,.T.);
#3634=EDGE_CURVE('',#2857,#2856,#1639,.T.);
#3635=EDGE_CURVE('',#2858,#2857,#277,.T.);
#3636=EDGE_CURVE('',#2859,#2858,#1640,.T.);
#3637=EDGE_CURVE('',#2860,#2859,#278,.T.);
#3638=EDGE_CURVE('',#2861,#2860,#1641,.T.);
#3639=EDGE_CURVE('',#2862,#2861,#279,.T.);
#3640=EDGE_CURVE('',#2863,#2862,#1642,.T.);
#3641=EDGE_CURVE('',#2864,#2863,#280,.T.);
#3642=EDGE_CURVE('',#2865,#2864,#1643,.T.);
#3643=EDGE_CURVE('',#2866,#2865,#281,.T.);
#3644=EDGE_CURVE('',#2867,#2866,#282,.T.);
#3645=EDGE_CURVE('',#2868,#2867,#283,.T.);
#3646=EDGE_CURVE('',#2869,#2868,#1644,.T.);
#3647=EDGE_CURVE('',#2870,#2869,#284,.T.);
#3648=EDGE_CURVE('',#2871,#2870,#1645,.T.);
#3649=EDGE_CURVE('',#2872,#2871,#285,.T.);
#3650=EDGE_CURVE('',#2873,#2872,#1646,.T.);
#3651=EDGE_CURVE('',#2874,#2873,#286,.T.);
#3652=EDGE_CURVE('',#2875,#2874,#1647,.T.);
#3653=EDGE_CURVE('',#2876,#2875,#287,.T.);
#3654=EDGE_CURVE('',#2877,#2876,#1648,.T.);
#3655=EDGE_CURVE('',#2878,#2877,#288,.T.);
#3656=EDGE_CURVE('',#2879,#2878,#289,.T.);
#3657=EDGE_CURVE('',#2880,#2879,#290,.T.);
#3658=EDGE_CURVE('',#2881,#2880,#1649,.T.);
#3659=EDGE_CURVE('',#2882,#2881,#291,.T.);
#3660=EDGE_CURVE('',#2883,#2882,#1650,.T.);
#3661=EDGE_CURVE('',#2884,#2883,#292,.T.);
#3662=EDGE_CURVE('',#2885,#2884,#1651,.T.);
#3663=EDGE_CURVE('',#2886,#2885,#293,.T.);
#3664=EDGE_CURVE('',#2887,#2886,#1652,.T.);
#3665=EDGE_CURVE('',#2888,#2887,#294,.T.);
#3666=EDGE_CURVE('',#2889,#2888,#1653,.T.);
#3667=EDGE_CURVE('',#2890,#2889,#295,.T.);
#3668=EDGE_CURVE('',#2891,#2890,#296,.T.);
#3669=EDGE_CURVE('',#2892,#2891,#297,.T.);
#3670=EDGE_CURVE('',#2893,#2892,#1654,.T.);
#3671=EDGE_CURVE('',#2894,#2893,#298,.T.);
#3672=EDGE_CURVE('',#2895,#2894,#1655,.T.);
#3673=EDGE_CURVE('',#2896,#2895,#299,.T.);
#3674=EDGE_CURVE('',#2897,#2896,#1656,.T.);
#3675=EDGE_CURVE('',#2898,#2897,#300,.T.);
#3676=EDGE_CURVE('',#2899,#2898,#1657,.T.);
#3677=EDGE_CURVE('',#2900,#2899,#301,.T.);
#3678=EDGE_CURVE('',#2901,#2900,#1658,.T.);
#3679=EDGE_CURVE('',#2902,#2901,#302,.T.);
#3680=EDGE_CURVE('',#2903,#2902,#303,.T.);
#3681=EDGE_CURVE('',#2904,#2903,#304,.T.);
#3682=EDGE_CURVE('',#2905,#2904,#1659,.T.);
#3683=EDGE_CURVE('',#2906,#2905,#305,.T.);
#3684=EDGE_CURVE('',#2907,#2906,#1660,.T.);
#3685=EDGE_CURVE('',#2908,#2907,#306,.T.);
#3686=EDGE_CURVE('',#2909,#2908,#1661,.T.);
#3687=EDGE_CURVE('',#2910,#2909,#307,.T.);
#3688=EDGE_CURVE('',#2911,#2910,#1662,.T.);
#3689=EDGE_CURVE('',#2912,#2911,#308,.T.);
#3690=EDGE_CURVE('',#2913,#2912,#1663,.T.);
#3691=EDGE_CURVE('',#2914,#2913,#309,.T.);
#3692=EDGE_CURVE('',#2915,#2914,#310,.T.);
#3693=EDGE_CURVE('',#2916,#2915,#311,.T.);
#3694=EDGE_CURVE('',#2917,#2916,#1664,.T.);
#3695=EDGE_CURVE('',#2918,#2917,#312,.T.);
#3696=EDGE_CURVE('',#2919,#2918,#1665,.T.);
#3697=EDGE_CURVE('',#2920,#2919,#313,.T.);
#3698=EDGE_CURVE('',#2921,#2920,#1666,.T.);
#3699=EDGE_CURVE('',#2922,#2921,#314,.T.);
#3700=EDGE_CURVE('',#2923,#2922,#1667,.T.);
#3701=EDGE_CURVE('',#2924,#2923,#315,.T.);
#3702=EDGE_CURVE('',#2925,#2924,#1668,.T.);
#3703=EDGE_CURVE('',#2926,#2925,#316,.T.);
#3704=EDGE_CURVE('',#2927,#2926,#317,.T.);
#3705=EDGE_CURVE('',#2928,#2927,#318,.T.);
#3706=EDGE_CURVE('',#2929,#2928,#1669,.T.);
#3707=EDGE_CURVE('',#2930,#2929,#319,.T.);
#3708=EDGE_CURVE('',#2931,#2930,#1670,.T.);
#3709=EDGE_CURVE('',#2932,#2931,#320,.T.);
#3710=EDGE_CURVE('',#2933,#2932,#1671,.T.);
#3711=EDGE_CURVE('',#2934,#2933,#321,.T.);
#3712=EDGE_CURVE('',#2935,#2934,#1672,.T.);
#3713=EDGE_CURVE('',#2936,#2935,#322,.T.);
#3714=EDGE_CURVE('',#2937,#2936,#1673,.T.);
#3715=EDGE_CURVE('',#2938,#2937,#323,.T.);
#3716=EDGE_CURVE('',#2939,#2938,#324,.T.);
#3717=EDGE_CURVE('',#2940,#2939,#325,.T.);
#3718=EDGE_CURVE('',#2941,#2940,#1674,.T.);
#3719=EDGE_CURVE('',#2942,#2941,#326,.T.);
#3720=EDGE_CURVE('',#2943,#2942,#1675,.T.);
#3721=EDGE_CURVE('',#2944,#2943,#327,.T.);
#3722=EDGE_CURVE('',#2945,#2944,#1676,.T.);
#3723=EDGE_CURVE('',#2946,#2945,#328,.T.);
#3724=EDGE_CURVE('',#2947,#2946,#1677,.T.);
#3725=EDGE_CURVE('',#2948,#2947,#329,.T.);
#3726=EDGE_CURVE('',#2949,#2948,#330,.F.);
#3727=EDGE_CURVE('',#2949,#2950,#1678,.T.);
#3728=EDGE_CURVE('',#2951,#2950,#331,.T.);
#3729=EDGE_CURVE('',#2952,#2951,#1679,.T.);
#3730=EDGE_CURVE('',#2953,#2952,#332,.T.);
#3731=EDGE_CURVE('',#2954,#2953,#1680,.T.);
#3732=EDGE_CURVE('',#2955,#2954,#333,.T.);
#3733=EDGE_CURVE('',#2848,#2955,#1681,.T.);
#3734=EDGE_CURVE('',#2956,#2956,#334,.T.);
#3735=EDGE_CURVE('',#2957,#2957,#335,.T.);
#3736=EDGE_CURVE('',#2958,#2958,#336,.T.);
#3737=EDGE_CURVE('',#2959,#2959,#337,.T.);
#3738=EDGE_CURVE('',#2960,#2960,#338,.T.);
#3739=EDGE_CURVE('',#2961,#2961,#339,.T.);
#3740=EDGE_CURVE('',#2962,#2962,#340,.T.);
#3741=EDGE_CURVE('',#2963,#2963,#341,.T.);
#3742=EDGE_CURVE('',#2850,#2964,#1682,.T.);
#3743=EDGE_CURVE('',#2964,#2965,#1683,.T.);
#3744=EDGE_CURVE('',#2966,#2965,#1684,.T.);
#3745=EDGE_CURVE('',#2967,#2966,#1685,.T.);
#3746=EDGE_CURVE('',#2968,#2967,#1686,.T.);
#3747=EDGE_CURVE('',#2969,#2968,#1687,.T.);
#3748=EDGE_CURVE('',#2970,#2969,#1688,.T.);
#3749=EDGE_CURVE('',#2970,#2971,#1689,.T.);
#3750=EDGE_CURVE('',#2972,#2971,#1690,.T.);
#3751=EDGE_CURVE('',#2851,#2972,#1691,.T.);
#3752=EDGE_CURVE('',#2973,#2974,#342,.T.);
#3753=EDGE_CURVE('',#2974,#2975,#1692,.T.);
#3754=EDGE_CURVE('',#2975,#2976,#343,.F.);
#3755=EDGE_CURVE('',#2976,#2973,#1693,.T.);
#3756=EDGE_CURVE('',#2976,#2977,#1694,.T.);
#3757=EDGE_CURVE('',#2978,#2977,#1695,.T.);
#3758=EDGE_CURVE('',#2978,#2973,#1696,.T.);
#3759=EDGE_CURVE('',#2979,#2980,#344,.T.);
#3760=EDGE_CURVE('',#2980,#2981,#1697,.T.);
#3761=EDGE_CURVE('',#2981,#2982,#345,.F.);
#3762=EDGE_CURVE('',#2982,#2979,#1698,.T.);
#3763=EDGE_CURVE('',#2982,#2983,#1699,.T.);
#3764=EDGE_CURVE('',#2984,#2983,#1700,.T.);
#3765=EDGE_CURVE('',#2979,#2984,#1701,.T.);
#3766=EDGE_CURVE('',#2972,#2985,#346,.T.);
#3767=EDGE_CURVE('',#2985,#2852,#1702,.T.);
#3768=EDGE_CURVE('',#2971,#2986,#1703,.T.);
#3769=EDGE_CURVE('',#2986,#2987,#347,.T.);
#3770=EDGE_CURVE('',#2987,#2988,#1704,.T.);
#3771=EDGE_CURVE('',#2988,#2989,#348,.T.);
#3772=EDGE_CURVE('',#2989,#2990,#1705,.T.);
#3773=EDGE_CURVE('',#2990,#2991,#349,.T.);
#3774=EDGE_CURVE('',#2991,#2992,#1706,.T.);
#3775=EDGE_CURVE('',#2993,#2992,#350,.F.);
#3776=EDGE_CURVE('',#2993,#2994,#351,.T.);
#3777=EDGE_CURVE('',#2994,#2995,#352,.T.);
#3778=EDGE_CURVE('',#2995,#2996,#1707,.T.);
#3779=EDGE_CURVE('',#2997,#2996,#353,.T.);
#3780=EDGE_CURVE('',#2997,#2998,#354,.T.);
#3781=EDGE_CURVE('',#2998,#2999,#1708,.T.);
#3782=EDGE_CURVE('',#2999,#3000,#355,.T.);
#3783=EDGE_CURVE('',#3000,#3001,#1709,.T.);
#3784=EDGE_CURVE('',#3001,#3002,#356,.T.);
#3785=EDGE_CURVE('',#3002,#3003,#1710,.T.);
#3786=EDGE_CURVE('',#3003,#3004,#357,.T.);
#3787=EDGE_CURVE('',#3004,#3005,#1711,.T.);
#3788=EDGE_CURVE('',#3005,#3006,#358,.T.);
#3789=EDGE_CURVE('',#3006,#3007,#359,.T.);
#3790=EDGE_CURVE('',#3007,#3008,#360,.T.);
#3791=EDGE_CURVE('',#3008,#3009,#1712,.T.);
#3792=EDGE_CURVE('',#3009,#3010,#361,.T.);
#3793=EDGE_CURVE('',#3010,#3011,#1713,.T.);
#3794=EDGE_CURVE('',#3011,#3012,#362,.T.);
#3795=EDGE_CURVE('',#3012,#3013,#1714,.T.);
#3796=EDGE_CURVE('',#3013,#3014,#363,.T.);
#3797=EDGE_CURVE('',#3014,#3015,#1715,.T.);
#3798=EDGE_CURVE('',#3015,#3016,#364,.T.);
#3799=EDGE_CURVE('',#3016,#3017,#1716,.T.);
#3800=EDGE_CURVE('',#3017,#3018,#365,.T.);
#3801=EDGE_CURVE('',#3018,#3019,#366,.T.);
#3802=EDGE_CURVE('',#3019,#3020,#367,.T.);
#3803=EDGE_CURVE('',#3020,#3021,#1717,.T.);
#3804=EDGE_CURVE('',#3021,#3022,#368,.T.);
#3805=EDGE_CURVE('',#3022,#3023,#1718,.T.);
#3806=EDGE_CURVE('',#3023,#3024,#369,.T.);
#3807=EDGE_CURVE('',#3024,#3025,#1719,.T.);
#3808=EDGE_CURVE('',#3025,#3026,#370,.T.);
#3809=EDGE_CURVE('',#3026,#3027,#1720,.T.);
#3810=EDGE_CURVE('',#3027,#3028,#371,.T.);
#3811=EDGE_CURVE('',#3028,#3029,#1721,.T.);
#3812=EDGE_CURVE('',#3029,#3030,#372,.T.);
#3813=EDGE_CURVE('',#3030,#3031,#373,.T.);
#3814=EDGE_CURVE('',#3031,#3032,#374,.T.);
#3815=EDGE_CURVE('',#3032,#3033,#1722,.T.);
#3816=EDGE_CURVE('',#3033,#3034,#375,.T.);
#3817=EDGE_CURVE('',#3034,#3035,#1723,.T.);
#3818=EDGE_CURVE('',#3035,#3036,#376,.T.);
#3819=EDGE_CURVE('',#3036,#3037,#1724,.T.);
#3820=EDGE_CURVE('',#3037,#3038,#377,.T.);
#3821=EDGE_CURVE('',#3038,#3039,#1725,.T.);
#3822=EDGE_CURVE('',#3039,#3040,#378,.T.);
#3823=EDGE_CURVE('',#3040,#3041,#1726,.T.);
#3824=EDGE_CURVE('',#3041,#3042,#379,.T.);
#3825=EDGE_CURVE('',#3042,#3043,#380,.T.);
#3826=EDGE_CURVE('',#3043,#3044,#381,.T.);
#3827=EDGE_CURVE('',#3044,#3045,#1727,.T.);
#3828=EDGE_CURVE('',#3045,#3046,#382,.T.);
#3829=EDGE_CURVE('',#3046,#3047,#1728,.T.);
#3830=EDGE_CURVE('',#3047,#3048,#383,.T.);
#3831=EDGE_CURVE('',#3048,#3049,#1729,.T.);
#3832=EDGE_CURVE('',#3049,#3050,#384,.T.);
#3833=EDGE_CURVE('',#3050,#3051,#1730,.T.);
#3834=EDGE_CURVE('',#3051,#3052,#385,.T.);
#3835=EDGE_CURVE('',#3052,#3053,#1731,.T.);
#3836=EDGE_CURVE('',#3053,#3054,#386,.T.);
#3837=EDGE_CURVE('',#3054,#3055,#387,.T.);
#3838=EDGE_CURVE('',#3055,#3056,#388,.T.);
#3839=EDGE_CURVE('',#3056,#3057,#1732,.T.);
#3840=EDGE_CURVE('',#3057,#3058,#389,.T.);
#3841=EDGE_CURVE('',#3058,#3059,#1733,.T.);
#3842=EDGE_CURVE('',#3059,#3060,#390,.T.);
#3843=EDGE_CURVE('',#3060,#3061,#1734,.T.);
#3844=EDGE_CURVE('',#3061,#3062,#391,.T.);
#3845=EDGE_CURVE('',#3062,#3063,#1735,.T.);
#3846=EDGE_CURVE('',#3063,#3064,#392,.T.);
#3847=EDGE_CURVE('',#3064,#3065,#1736,.T.);
#3848=EDGE_CURVE('',#3065,#3066,#393,.T.);
#3849=EDGE_CURVE('',#3066,#3067,#394,.T.);
#3850=EDGE_CURVE('',#3067,#3068,#395,.T.);
#3851=EDGE_CURVE('',#3068,#3069,#1737,.T.);
#3852=EDGE_CURVE('',#3069,#3070,#396,.T.);
#3853=EDGE_CURVE('',#3070,#3071,#1738,.T.);
#3854=EDGE_CURVE('',#3071,#3072,#397,.T.);
#3855=EDGE_CURVE('',#3072,#3073,#1739,.T.);
#3856=EDGE_CURVE('',#3073,#3074,#398,.T.);
#3857=EDGE_CURVE('',#3074,#3075,#1740,.T.);
#3858=EDGE_CURVE('',#3075,#3076,#399,.T.);
#3859=EDGE_CURVE('',#3076,#3077,#1741,.T.);
#3860=EDGE_CURVE('',#3077,#3078,#400,.T.);
#3861=EDGE_CURVE('',#3078,#3079,#401,.T.);
#3862=EDGE_CURVE('',#3079,#3080,#402,.T.);
#3863=EDGE_CURVE('',#3080,#3081,#1742,.T.);
#3864=EDGE_CURVE('',#3081,#3082,#403,.T.);
#3865=EDGE_CURVE('',#3082,#3083,#1743,.T.);
#3866=EDGE_CURVE('',#3083,#3084,#404,.T.);
#3867=EDGE_CURVE('',#3084,#3085,#1744,.T.);
#3868=EDGE_CURVE('',#3085,#3086,#405,.T.);
#3869=EDGE_CURVE('',#3086,#3087,#1745,.T.);
#3870=EDGE_CURVE('',#3087,#3088,#406,.T.);
#3871=EDGE_CURVE('',#3088,#3089,#1746,.T.);
#3872=EDGE_CURVE('',#3089,#3090,#407,.T.);
#3873=EDGE_CURVE('',#3090,#3091,#408,.T.);
#3874=EDGE_CURVE('',#3091,#3092,#409,.T.);
#3875=EDGE_CURVE('',#3092,#2985,#1747,.T.);
#3876=EDGE_CURVE('',#3093,#3094,#1748,.T.);
#3877=EDGE_CURVE('',#3093,#3095,#1749,.T.);
#3878=EDGE_CURVE('',#3095,#3094,#1750,.T.);
#3879=EDGE_CURVE('',#3096,#3097,#1751,.T.);
#3880=EDGE_CURVE('',#3097,#3095,#410,.T.);
#3881=EDGE_CURVE('',#3093,#3096,#411,.T.);
#3882=EDGE_CURVE('',#3098,#3099,#1752,.T.);
#3883=EDGE_CURVE('',#3099,#3097,#1753,.T.);
#3884=EDGE_CURVE('',#3096,#3098,#1754,.T.);
#3885=EDGE_CURVE('',#3100,#2966,#1755,.T.);
#3886=EDGE_CURVE('',#2966,#3099,#412,.T.);
#3887=EDGE_CURVE('',#3098,#3100,#413,.T.);
#3888=EDGE_CURVE('',#2967,#3100,#1756,.T.);
#3889=EDGE_CURVE('',#3101,#2786,#1757,.T.);
#3890=EDGE_CURVE('',#3100,#3101,#1758,.T.);
#3891=EDGE_CURVE('',#3102,#3093,#1759,.T.);
#3892=EDGE_CURVE('',#3102,#2788,#1760,.T.);
#3893=EDGE_CURVE('',#3103,#3104,#1761,.T.);
#3894=EDGE_CURVE('',#3104,#2829,#1762,.T.);
#3895=EDGE_CURVE('',#2828,#3103,#1763,.T.);
#3896=EDGE_CURVE('',#2828,#3093,#1764,.T.);
#3897=EDGE_CURVE('',#3094,#3103,#1765,.T.);
#3898=EDGE_CURVE('',#3104,#3105,#414,.T.);
#3899=EDGE_CURVE('',#3105,#2830,#1766,.T.);
#3900=EDGE_CURVE('',#3106,#2831,#1767,.T.);
#3901=EDGE_CURVE('',#3105,#3106,#1768,.T.);
#3902=EDGE_CURVE('',#3106,#2969,#415,.T.);
#3903=EDGE_CURVE('',#2969,#2832,#1769,.T.);
#3904=EDGE_CURVE('',#2968,#2833,#1770,.T.);
#3905=EDGE_CURVE('',#3100,#2833,#1771,.T.);
#3906=EDGE_CURVE('',#2827,#3102,#1772,.T.);
#3907=EDGE_CURVE('',#2826,#3101,#1773,.T.);
#3908=EDGE_CURVE('',#3106,#3107,#1774,.T.);
#3909=EDGE_CURVE('',#2970,#3107,#416,.F.);
#3910=EDGE_CURVE('',#3104,#3108,#1775,.T.);
#3911=EDGE_CURVE('',#3108,#3109,#417,.T.);
#3912=EDGE_CURVE('',#3109,#3105,#1776,.T.);
#3913=EDGE_CURVE('',#3107,#3109,#1777,.T.);
#3914=EDGE_CURVE('',#3097,#3110,#1778,.T.);
#3915=EDGE_CURVE('',#3111,#3110,#418,.T.);
#3916=EDGE_CURVE('',#3111,#3095,#1779,.T.);
#3917=EDGE_CURVE('',#2974,#2981,#1780,.T.);
#3918=EDGE_CURVE('',#3112,#2980,#1781,.T.);
#3919=EDGE_CURVE('',#3112,#3108,#1782,.T.);
#3920=EDGE_CURVE('',#3113,#3111,#1783,.T.);
#3921=EDGE_CURVE('',#3113,#2975,#1784,.T.);
#3922=EDGE_CURVE('',#3114,#2965,#419,.T.);
#3923=EDGE_CURVE('',#3114,#3099,#1785,.T.);
#3924=EDGE_CURVE('',#3110,#3114,#1786,.T.);
#3925=EDGE_CURVE('',#2964,#3113,#1787,.T.);
#3926=EDGE_CURVE('',#2824,#2798,#1788,.T.);
#3927=EDGE_CURVE('',#2822,#2800,#1789,.T.);
#3928=EDGE_CURVE('',#2948,#2997,#1790,.T.);
#3929=EDGE_CURVE('',#2996,#2949,#1791,.T.);
#3930=EDGE_CURVE('',#2995,#3115,#1792,.T.);
#3931=EDGE_CURVE('',#3115,#3116,#1793,.T.);
#3932=EDGE_CURVE('',#2950,#3116,#1794,.T.);
#3933=EDGE_CURVE('',#3117,#3118,#420,.T.);
#3934=EDGE_CURVE('',#3118,#3119,#1795,.T.);
#3935=EDGE_CURVE('',#3120,#3119,#421,.T.);
#3936=EDGE_CURVE('',#3120,#3117,#1796,.T.);
#3937=EDGE_CURVE('',#3121,#3118,#422,.T.);
#3938=EDGE_CURVE('',#3121,#3122,#1797,.T.);
#3939=EDGE_CURVE('',#3122,#3119,#423,.T.);
#3940=EDGE_CURVE('',#2984,#3123,#424,.T.);
#3941=EDGE_CURVE('',#3123,#3121,#1798,.T.);
#3942=EDGE_CURVE('',#3117,#3124,#1799,.T.);
#3943=EDGE_CURVE('',#3124,#3125,#425,.T.);
#3944=EDGE_CURVE('',#3125,#3126,#426,.T.);
#3945=EDGE_CURVE('',#3126,#3127,#427,.T.);
#3946=EDGE_CURVE('',#3127,#3128,#1800,.T.);
#3947=EDGE_CURVE('',#3128,#3129,#428,.T.);
#3948=EDGE_CURVE('',#3129,#3112,#1801,.T.);
#3949=EDGE_CURVE('',#2836,#2993,#1802,.T.);
#3950=EDGE_CURVE('',#2992,#2835,#1803,.T.);
#3951=EDGE_CURVE('',#3126,#2846,#1804,.T.);
#3952=EDGE_CURVE('',#3125,#3130,#1805,.T.);
#3953=EDGE_CURVE('',#3130,#3131,#429,.T.);
#3954=EDGE_CURVE('',#2994,#3131,#1806,.T.);
#3955=EDGE_CURVE('',#2845,#3127,#1807,.T.);
#3956=EDGE_CURVE('',#2783,#3132,#1808,.T.);
#3957=EDGE_CURVE('',#3132,#2803,#1809,.T.);
#3958=EDGE_CURVE('',#3101,#3132,#430,.T.);
#3959=EDGE_CURVE('',#2834,#3133,#1810,.T.);
#3960=EDGE_CURVE('',#3133,#3102,#431,.T.);
#3961=EDGE_CURVE('',#2773,#3133,#1811,.T.);
#3962=EDGE_CURVE('',#3133,#2790,#1812,.T.);
#3963=EDGE_CURVE('',#3132,#2785,#1813,.T.);
#3964=EDGE_CURVE('',#3129,#2843,#1814,.T.);
#3965=EDGE_CURVE('',#2986,#2842,#1815,.T.);
#3966=EDGE_CURVE('',#2957,#3134,#1816,.T.);
#3967=EDGE_CURVE('',#3134,#3134,#432,.T.);
#3968=EDGE_CURVE('',#2960,#3135,#1817,.T.);
#3969=EDGE_CURVE('',#3135,#3135,#433,.T.);
#3970=EDGE_CURVE('',#2963,#3136,#1818,.T.);
#3971=EDGE_CURVE('',#3136,#3136,#434,.T.);
#3972=EDGE_CURVE('',#2959,#3137,#1819,.T.);
#3973=EDGE_CURVE('',#3137,#3137,#435,.T.);
#3974=EDGE_CURVE('',#2958,#3138,#1820,.T.);
#3975=EDGE_CURVE('',#3138,#3138,#436,.T.);
#3976=EDGE_CURVE('',#2962,#3139,#1821,.T.);
#3977=EDGE_CURVE('',#3139,#3139,#437,.T.);
#3978=EDGE_CURVE('',#2956,#3140,#1822,.T.);
#3979=EDGE_CURVE('',#3140,#3140,#438,.T.);
#3980=EDGE_CURVE('',#2961,#3141,#1823,.T.);
#3981=EDGE_CURVE('',#3141,#3141,#439,.T.);
#3982=EDGE_CURVE('',#3116,#3142,#440,.T.);
#3983=EDGE_CURVE('',#2951,#3142,#1824,.T.);
#3984=EDGE_CURVE('',#3142,#3143,#1825,.T.);
#3985=EDGE_CURVE('',#2952,#3143,#1826,.T.);
#3986=EDGE_CURVE('',#3143,#3144,#441,.T.);
#3987=EDGE_CURVE('',#2953,#3144,#1827,.T.);
#3988=EDGE_CURVE('',#3144,#3145,#1828,.T.);
#3989=EDGE_CURVE('',#2954,#3145,#1829,.T.);
#3990=EDGE_CURVE('',#3145,#3146,#442,.T.);
#3991=EDGE_CURVE('',#2955,#3146,#1830,.T.);
#3992=EDGE_CURVE('',#3146,#2849,#1831,.T.);
#3993=EDGE_CURVE('',#3131,#3115,#443,.T.);
#3994=EDGE_CURVE('',#3124,#3147,#1832,.T.);
#3995=EDGE_CURVE('',#3147,#3130,#444,.T.);
#3996=EDGE_CURVE('',#3148,#3120,#1833,.T.);
#3997=EDGE_CURVE('',#3148,#3149,#1834,.T.);
#3998=EDGE_CURVE('',#3149,#3147,#1835,.T.);
#3999=EDGE_CURVE('',#3148,#2978,#445,.T.);
#4000=EDGE_CURVE('',#2977,#3149,#446,.T.);
#4001=EDGE_CURVE('',#3092,#2853,#1836,.T.);
#4002=EDGE_CURVE('',#3091,#2854,#1837,.T.);
#4003=EDGE_CURVE('',#3090,#2855,#1838,.T.);
#4004=EDGE_CURVE('',#3089,#2856,#1839,.T.);
#4005=EDGE_CURVE('',#3088,#2857,#1840,.T.);
#4006=EDGE_CURVE('',#3087,#2858,#1841,.T.);
#4007=EDGE_CURVE('',#3086,#2859,#1842,.T.);
#4008=EDGE_CURVE('',#3085,#2860,#1843,.T.);
#4009=EDGE_CURVE('',#3084,#2861,#1844,.T.);
#4010=EDGE_CURVE('',#3083,#2862,#1845,.T.);
#4011=EDGE_CURVE('',#3082,#2863,#1846,.T.);
#4012=EDGE_CURVE('',#3081,#2864,#1847,.T.);
#4013=EDGE_CURVE('',#3080,#2865,#1848,.T.);
#4014=EDGE_CURVE('',#3079,#2866,#1849,.T.);
#4015=EDGE_CURVE('',#3078,#2867,#1850,.T.);
#4016=EDGE_CURVE('',#3077,#2868,#1851,.T.);
#4017=EDGE_CURVE('',#3076,#2869,#1852,.T.);
#4018=EDGE_CURVE('',#3075,#2870,#1853,.T.);
#4019=EDGE_CURVE('',#3074,#2871,#1854,.T.);
#4020=EDGE_CURVE('',#3073,#2872,#1855,.T.);
#4021=EDGE_CURVE('',#3072,#2873,#1856,.T.);
#4022=EDGE_CURVE('',#3071,#2874,#1857,.T.);
#4023=EDGE_CURVE('',#3070,#2875,#1858,.T.);
#4024=EDGE_CURVE('',#3069,#2876,#1859,.T.);
#4025=EDGE_CURVE('',#3068,#2877,#1860,.T.);
#4026=EDGE_CURVE('',#3067,#2878,#1861,.T.);
#4027=EDGE_CURVE('',#3066,#2879,#1862,.T.);
#4028=EDGE_CURVE('',#3065,#2880,#1863,.T.);
#4029=EDGE_CURVE('',#3064,#2881,#1864,.T.);
#4030=EDGE_CURVE('',#3063,#2882,#1865,.T.);
#4031=EDGE_CURVE('',#3062,#2883,#1866,.T.);
#4032=EDGE_CURVE('',#3061,#2884,#1867,.T.);
#4033=EDGE_CURVE('',#3060,#2885,#1868,.T.);
#4034=EDGE_CURVE('',#3059,#2886,#1869,.T.);
#4035=EDGE_CURVE('',#3058,#2887,#1870,.T.);
#4036=EDGE_CURVE('',#3057,#2888,#1871,.T.);
#4037=EDGE_CURVE('',#3056,#2889,#1872,.T.);
#4038=EDGE_CURVE('',#3055,#2890,#1873,.T.);
#4039=EDGE_CURVE('',#3054,#2891,#1874,.T.);
#4040=EDGE_CURVE('',#3053,#2892,#1875,.T.);
#4041=EDGE_CURVE('',#3052,#2893,#1876,.T.);
#4042=EDGE_CURVE('',#3051,#2894,#1877,.T.);
#4043=EDGE_CURVE('',#3050,#2895,#1878,.T.);
#4044=EDGE_CURVE('',#3049,#2896,#1879,.T.);
#4045=EDGE_CURVE('',#3048,#2897,#1880,.T.);
#4046=EDGE_CURVE('',#3047,#2898,#1881,.T.);
#4047=EDGE_CURVE('',#3046,#2899,#1882,.T.);
#4048=EDGE_CURVE('',#3045,#2900,#1883,.T.);
#4049=EDGE_CURVE('',#3044,#2901,#1884,.T.);
#4050=EDGE_CURVE('',#3043,#2902,#1885,.T.);
#4051=EDGE_CURVE('',#3042,#2903,#1886,.T.);
#4052=EDGE_CURVE('',#3041,#2904,#1887,.T.);
#4053=EDGE_CURVE('',#3040,#2905,#1888,.T.);
#4054=EDGE_CURVE('',#3039,#2906,#1889,.T.);
#4055=EDGE_CURVE('',#3038,#2907,#1890,.T.);
#4056=EDGE_CURVE('',#3037,#2908,#1891,.T.);
#4057=EDGE_CURVE('',#3036,#2909,#1892,.T.);
#4058=EDGE_CURVE('',#3035,#2910,#1893,.T.);
#4059=EDGE_CURVE('',#3034,#2911,#1894,.T.);
#4060=EDGE_CURVE('',#3033,#2912,#1895,.T.);
#4061=EDGE_CURVE('',#3032,#2913,#1896,.T.);
#4062=EDGE_CURVE('',#3031,#2914,#1897,.T.);
#4063=EDGE_CURVE('',#3030,#2915,#1898,.T.);
#4064=EDGE_CURVE('',#3029,#2916,#1899,.T.);
#4065=EDGE_CURVE('',#3028,#2917,#1900,.T.);
#4066=EDGE_CURVE('',#3027,#2918,#1901,.T.);
#4067=EDGE_CURVE('',#3026,#2919,#1902,.T.);
#4068=EDGE_CURVE('',#3025,#2920,#1903,.T.);
#4069=EDGE_CURVE('',#3024,#2921,#1904,.T.);
#4070=EDGE_CURVE('',#3023,#2922,#1905,.T.);
#4071=EDGE_CURVE('',#3022,#2923,#1906,.T.);
#4072=EDGE_CURVE('',#3021,#2924,#1907,.T.);
#4073=EDGE_CURVE('',#3020,#2925,#1908,.T.);
#4074=EDGE_CURVE('',#3019,#2926,#1909,.T.);
#4075=EDGE_CURVE('',#3018,#2927,#1910,.T.);
#4076=EDGE_CURVE('',#3017,#2928,#1911,.T.);
#4077=EDGE_CURVE('',#3016,#2929,#1912,.T.);
#4078=EDGE_CURVE('',#3015,#2930,#1913,.T.);
#4079=EDGE_CURVE('',#3014,#2931,#1914,.T.);
#4080=EDGE_CURVE('',#3013,#2932,#1915,.T.);
#4081=EDGE_CURVE('',#3012,#2933,#1916,.T.);
#4082=EDGE_CURVE('',#3011,#2934,#1917,.T.);
#4083=EDGE_CURVE('',#3010,#2935,#1918,.T.);
#4084=EDGE_CURVE('',#3009,#2936,#1919,.T.);
#4085=EDGE_CURVE('',#3008,#2937,#1920,.T.);
#4086=EDGE_CURVE('',#3007,#2938,#1921,.T.);
#4087=EDGE_CURVE('',#3006,#2939,#1922,.T.);
#4088=EDGE_CURVE('',#3005,#2940,#1923,.T.);
#4089=EDGE_CURVE('',#3004,#2941,#1924,.T.);
#4090=EDGE_CURVE('',#3003,#2942,#1925,.T.);
#4091=EDGE_CURVE('',#3002,#2943,#1926,.T.);
#4092=EDGE_CURVE('',#3001,#2944,#1927,.T.);
#4093=EDGE_CURVE('',#3000,#2945,#1928,.T.);
#4094=EDGE_CURVE('',#2999,#2946,#1929,.T.);
#4095=EDGE_CURVE('',#2998,#2947,#1930,.T.);
#4096=EDGE_CURVE('',#3123,#3150,#1931,.T.);
#4097=EDGE_CURVE('',#3150,#3122,#1932,.T.);
#4098=EDGE_CURVE('',#2983,#3150,#447,.T.);
#4099=EDGE_CURVE('',#3128,#2844,#1933,.T.);
#4100=EDGE_CURVE('',#2987,#2841,#1934,.T.);
#4101=EDGE_CURVE('',#2988,#2840,#1935,.T.);
#4102=EDGE_CURVE('',#2989,#2839,#1936,.T.);
#4103=EDGE_CURVE('',#2990,#2838,#1937,.T.);
#4104=EDGE_CURVE('',#2991,#2837,#1938,.T.);
#4105=EDGE_CURVE('',#2818,#2802,#1939,.T.);
#4106=EDGE_CURVE('',#2820,#2801,#1940,.T.);
#4107=ORIENTED_EDGE('',*,*,#3151,.F.);
#4108=ORIENTED_EDGE('',*,*,#3152,.T.);
#4109=ORIENTED_EDGE('',*,*,#3153,.T.);
#4110=ORIENTED_EDGE('',*,*,#3154,.F.);
#4111=ORIENTED_EDGE('',*,*,#3155,.F.);
#4112=ORIENTED_EDGE('',*,*,#3156,.T.);
#4113=ORIENTED_EDGE('',*,*,#3157,.T.);
#4114=ORIENTED_EDGE('',*,*,#3152,.F.);
#4115=ORIENTED_EDGE('',*,*,#3158,.F.);
#4116=ORIENTED_EDGE('',*,*,#3159,.T.);
#4117=ORIENTED_EDGE('',*,*,#3160,.T.);
#4118=ORIENTED_EDGE('',*,*,#3156,.F.);
#4119=ORIENTED_EDGE('',*,*,#3161,.F.);
#4120=ORIENTED_EDGE('',*,*,#3162,.T.);
#4121=ORIENTED_EDGE('',*,*,#3163,.T.);
#4122=ORIENTED_EDGE('',*,*,#3159,.F.);
#4123=ORIENTED_EDGE('',*,*,#3164,.F.);
#4124=ORIENTED_EDGE('',*,*,#3165,.T.);
#4125=ORIENTED_EDGE('',*,*,#3166,.T.);
#4126=ORIENTED_EDGE('',*,*,#3162,.F.);
#4127=ORIENTED_EDGE('',*,*,#3167,.F.);
#4128=ORIENTED_EDGE('',*,*,#3168,.T.);
#4129=ORIENTED_EDGE('',*,*,#3169,.T.);
#4130=ORIENTED_EDGE('',*,*,#3165,.F.);
#4131=ORIENTED_EDGE('',*,*,#3170,.F.);
#4132=ORIENTED_EDGE('',*,*,#3171,.T.);
#4133=ORIENTED_EDGE('',*,*,#3172,.T.);
#4134=ORIENTED_EDGE('',*,*,#3168,.F.);
#4135=ORIENTED_EDGE('',*,*,#3173,.F.);
#4136=ORIENTED_EDGE('',*,*,#3154,.T.);
#4137=ORIENTED_EDGE('',*,*,#3174,.T.);
#4138=ORIENTED_EDGE('',*,*,#3171,.F.);
#4139=ORIENTED_EDGE('',*,*,#3174,.F.);
#4140=ORIENTED_EDGE('',*,*,#3153,.F.);
#4141=ORIENTED_EDGE('',*,*,#3157,.F.);
#4142=ORIENTED_EDGE('',*,*,#3160,.F.);
#4143=ORIENTED_EDGE('',*,*,#3163,.F.);
#4144=ORIENTED_EDGE('',*,*,#3166,.F.);
#4145=ORIENTED_EDGE('',*,*,#3169,.F.);
#4146=ORIENTED_EDGE('',*,*,#3172,.F.);
#4147=ORIENTED_EDGE('',*,*,#3175,.F.);
#4148=ORIENTED_EDGE('',*,*,#3176,.F.);
#4149=ORIENTED_EDGE('',*,*,#3177,.F.);
#4150=ORIENTED_EDGE('',*,*,#3178,.F.);
#4151=ORIENTED_EDGE('',*,*,#3179,.F.);
#4152=ORIENTED_EDGE('',*,*,#3180,.T.);
#4153=ORIENTED_EDGE('',*,*,#3181,.T.);
#4154=ORIENTED_EDGE('',*,*,#3182,.F.);
#4155=ORIENTED_EDGE('',*,*,#3183,.F.);
#4156=ORIENTED_EDGE('',*,*,#3184,.T.);
#4157=ORIENTED_EDGE('',*,*,#3185,.T.);
#4158=ORIENTED_EDGE('',*,*,#3180,.F.);
#4159=ORIENTED_EDGE('',*,*,#3186,.F.);
#4160=ORIENTED_EDGE('',*,*,#3187,.T.);
#4161=ORIENTED_EDGE('',*,*,#3188,.T.);
#4162=ORIENTED_EDGE('',*,*,#3184,.F.);
#4163=ORIENTED_EDGE('',*,*,#3189,.F.);
#4164=ORIENTED_EDGE('',*,*,#3190,.T.);
#4165=ORIENTED_EDGE('',*,*,#3191,.T.);
#4166=ORIENTED_EDGE('',*,*,#3187,.F.);
#4167=ORIENTED_EDGE('',*,*,#3192,.F.);
#4168=ORIENTED_EDGE('',*,*,#3193,.T.);
#4169=ORIENTED_EDGE('',*,*,#3194,.T.);
#4170=ORIENTED_EDGE('',*,*,#3190,.F.);
#4171=ORIENTED_EDGE('',*,*,#3195,.F.);
#4172=ORIENTED_EDGE('',*,*,#3196,.T.);
#4173=ORIENTED_EDGE('',*,*,#3197,.T.);
#4174=ORIENTED_EDGE('',*,*,#3193,.F.);
#4175=ORIENTED_EDGE('',*,*,#3198,.F.);
#4176=ORIENTED_EDGE('',*,*,#3199,.T.);
#4177=ORIENTED_EDGE('',*,*,#3200,.T.);
#4178=ORIENTED_EDGE('',*,*,#3196,.F.);
#4179=ORIENTED_EDGE('',*,*,#3201,.F.);
#4180=ORIENTED_EDGE('',*,*,#3182,.T.);
#4181=ORIENTED_EDGE('',*,*,#3202,.T.);
#4182=ORIENTED_EDGE('',*,*,#3199,.F.);
#4183=ORIENTED_EDGE('',*,*,#3202,.F.);
#4184=ORIENTED_EDGE('',*,*,#3181,.F.);
#4185=ORIENTED_EDGE('',*,*,#3185,.F.);
#4186=ORIENTED_EDGE('',*,*,#3188,.F.);
#4187=ORIENTED_EDGE('',*,*,#3191,.F.);
#4188=ORIENTED_EDGE('',*,*,#3194,.F.);
#4189=ORIENTED_EDGE('',*,*,#3197,.F.);
#4190=ORIENTED_EDGE('',*,*,#3200,.F.);
#4191=ORIENTED_EDGE('',*,*,#3203,.F.);
#4192=ORIENTED_EDGE('',*,*,#3204,.F.);
#4193=ORIENTED_EDGE('',*,*,#3205,.F.);
#4194=ORIENTED_EDGE('',*,*,#3206,.F.);
#4195=ORIENTED_EDGE('',*,*,#3207,.F.);
#4196=ORIENTED_EDGE('',*,*,#3208,.T.);
#4197=ORIENTED_EDGE('',*,*,#3209,.T.);
#4198=ORIENTED_EDGE('',*,*,#3210,.F.);
#4199=ORIENTED_EDGE('',*,*,#3211,.F.);
#4200=ORIENTED_EDGE('',*,*,#3212,.T.);
#4201=ORIENTED_EDGE('',*,*,#3213,.T.);
#4202=ORIENTED_EDGE('',*,*,#3208,.F.);
#4203=ORIENTED_EDGE('',*,*,#3214,.F.);
#4204=ORIENTED_EDGE('',*,*,#3215,.T.);
#4205=ORIENTED_EDGE('',*,*,#3216,.T.);
#4206=ORIENTED_EDGE('',*,*,#3212,.F.);
#4207=ORIENTED_EDGE('',*,*,#3217,.F.);
#4208=ORIENTED_EDGE('',*,*,#3218,.T.);
#4209=ORIENTED_EDGE('',*,*,#3219,.T.);
#4210=ORIENTED_EDGE('',*,*,#3215,.F.);
#4211=ORIENTED_EDGE('',*,*,#3220,.F.);
#4212=ORIENTED_EDGE('',*,*,#3221,.T.);
#4213=ORIENTED_EDGE('',*,*,#3222,.T.);
#4214=ORIENTED_EDGE('',*,*,#3218,.F.);
#4215=ORIENTED_EDGE('',*,*,#3223,.F.);
#4216=ORIENTED_EDGE('',*,*,#3224,.T.);
#4217=ORIENTED_EDGE('',*,*,#3225,.T.);
#4218=ORIENTED_EDGE('',*,*,#3221,.F.);
#4219=ORIENTED_EDGE('',*,*,#3226,.F.);
#4220=ORIENTED_EDGE('',*,*,#3227,.T.);
#4221=ORIENTED_EDGE('',*,*,#3228,.T.);
#4222=ORIENTED_EDGE('',*,*,#3224,.F.);
#4223=ORIENTED_EDGE('',*,*,#3229,.F.);
#4224=ORIENTED_EDGE('',*,*,#3210,.T.);
#4225=ORIENTED_EDGE('',*,*,#3230,.T.);
#4226=ORIENTED_EDGE('',*,*,#3227,.F.);
#4227=ORIENTED_EDGE('',*,*,#3230,.F.);
#4228=ORIENTED_EDGE('',*,*,#3209,.F.);
#4229=ORIENTED_EDGE('',*,*,#3213,.F.);
#4230=ORIENTED_EDGE('',*,*,#3216,.F.);
#4231=ORIENTED_EDGE('',*,*,#3219,.F.);
#4232=ORIENTED_EDGE('',*,*,#3222,.F.);
#4233=ORIENTED_EDGE('',*,*,#3225,.F.);
#4234=ORIENTED_EDGE('',*,*,#3228,.F.);
#4235=ORIENTED_EDGE('',*,*,#3231,.F.);
#4236=ORIENTED_EDGE('',*,*,#3232,.F.);
#4237=ORIENTED_EDGE('',*,*,#3233,.F.);
#4238=ORIENTED_EDGE('',*,*,#3234,.F.);
#4239=ORIENTED_EDGE('',*,*,#3235,.F.);
#4240=ORIENTED_EDGE('',*,*,#3236,.F.);
#4241=ORIENTED_EDGE('',*,*,#3237,.F.);
#4242=ORIENTED_EDGE('',*,*,#3238,.F.);
#4243=ORIENTED_EDGE('',*,*,#3239,.F.);
#4244=ORIENTED_EDGE('',*,*,#3240,.T.);
#4245=ORIENTED_EDGE('',*,*,#3241,.T.);
#4246=ORIENTED_EDGE('',*,*,#3242,.F.);
#4247=ORIENTED_EDGE('',*,*,#3243,.F.);
#4248=ORIENTED_EDGE('',*,*,#3244,.T.);
#4249=ORIENTED_EDGE('',*,*,#3245,.T.);
#4250=ORIENTED_EDGE('',*,*,#3240,.F.);
#4251=ORIENTED_EDGE('',*,*,#3246,.F.);
#4252=ORIENTED_EDGE('',*,*,#3247,.T.);
#4253=ORIENTED_EDGE('',*,*,#3248,.T.);
#4254=ORIENTED_EDGE('',*,*,#3244,.F.);
#4255=ORIENTED_EDGE('',*,*,#3249,.F.);
#4256=ORIENTED_EDGE('',*,*,#3250,.T.);
#4257=ORIENTED_EDGE('',*,*,#3251,.T.);
#4258=ORIENTED_EDGE('',*,*,#3247,.F.);
#4259=ORIENTED_EDGE('',*,*,#3252,.F.);
#4260=ORIENTED_EDGE('',*,*,#3253,.T.);
#4261=ORIENTED_EDGE('',*,*,#3254,.T.);
#4262=ORIENTED_EDGE('',*,*,#3250,.F.);
#4263=ORIENTED_EDGE('',*,*,#3255,.F.);
#4264=ORIENTED_EDGE('',*,*,#3256,.T.);
#4265=ORIENTED_EDGE('',*,*,#3257,.T.);
#4266=ORIENTED_EDGE('',*,*,#3253,.F.);
#4267=ORIENTED_EDGE('',*,*,#3258,.F.);
#4268=ORIENTED_EDGE('',*,*,#3259,.T.);
#4269=ORIENTED_EDGE('',*,*,#3260,.T.);
#4270=ORIENTED_EDGE('',*,*,#3256,.F.);
#4271=ORIENTED_EDGE('',*,*,#3261,.F.);
#4272=ORIENTED_EDGE('',*,*,#3242,.T.);
#4273=ORIENTED_EDGE('',*,*,#3262,.T.);
#4274=ORIENTED_EDGE('',*,*,#3259,.F.);
#4275=ORIENTED_EDGE('',*,*,#3262,.F.);
#4276=ORIENTED_EDGE('',*,*,#3241,.F.);
#4277=ORIENTED_EDGE('',*,*,#3245,.F.);
#4278=ORIENTED_EDGE('',*,*,#3248,.F.);
#4279=ORIENTED_EDGE('',*,*,#3251,.F.);
#4280=ORIENTED_EDGE('',*,*,#3254,.F.);
#4281=ORIENTED_EDGE('',*,*,#3257,.F.);
#4282=ORIENTED_EDGE('',*,*,#3260,.F.);
#4283=ORIENTED_EDGE('',*,*,#3263,.F.);
#4284=ORIENTED_EDGE('',*,*,#3264,.F.);
#4285=ORIENTED_EDGE('',*,*,#3265,.F.);
#4286=ORIENTED_EDGE('',*,*,#3266,.F.);
#4287=ORIENTED_EDGE('',*,*,#3267,.F.);
#4288=ORIENTED_EDGE('',*,*,#3268,.F.);
#4289=ORIENTED_EDGE('',*,*,#3269,.T.);
#4290=ORIENTED_EDGE('',*,*,#3270,.T.);
#4291=ORIENTED_EDGE('',*,*,#3271,.F.);
#4292=ORIENTED_EDGE('',*,*,#3272,.F.);
#4293=ORIENTED_EDGE('',*,*,#3273,.T.);
#4294=ORIENTED_EDGE('',*,*,#3274,.T.);
#4295=ORIENTED_EDGE('',*,*,#3269,.F.);
#4296=ORIENTED_EDGE('',*,*,#3275,.F.);
#4297=ORIENTED_EDGE('',*,*,#3276,.T.);
#4298=ORIENTED_EDGE('',*,*,#3277,.T.);
#4299=ORIENTED_EDGE('',*,*,#3273,.F.);
#4300=ORIENTED_EDGE('',*,*,#3278,.F.);
#4301=ORIENTED_EDGE('',*,*,#3279,.T.);
#4302=ORIENTED_EDGE('',*,*,#3280,.T.);
#4303=ORIENTED_EDGE('',*,*,#3276,.F.);
#4304=ORIENTED_EDGE('',*,*,#3281,.F.);
#4305=ORIENTED_EDGE('',*,*,#3282,.T.);
#4306=ORIENTED_EDGE('',*,*,#3283,.T.);
#4307=ORIENTED_EDGE('',*,*,#3279,.F.);
#4308=ORIENTED_EDGE('',*,*,#3284,.F.);
#4309=ORIENTED_EDGE('',*,*,#3285,.T.);
#4310=ORIENTED_EDGE('',*,*,#3286,.T.);
#4311=ORIENTED_EDGE('',*,*,#3282,.F.);
#4312=ORIENTED_EDGE('',*,*,#3287,.F.);
#4313=ORIENTED_EDGE('',*,*,#3288,.T.);
#4314=ORIENTED_EDGE('',*,*,#3289,.T.);
#4315=ORIENTED_EDGE('',*,*,#3285,.F.);
#4316=ORIENTED_EDGE('',*,*,#3290,.F.);
#4317=ORIENTED_EDGE('',*,*,#3271,.T.);
#4318=ORIENTED_EDGE('',*,*,#3291,.T.);
#4319=ORIENTED_EDGE('',*,*,#3288,.F.);
#4320=ORIENTED_EDGE('',*,*,#3291,.F.);
#4321=ORIENTED_EDGE('',*,*,#3270,.F.);
#4322=ORIENTED_EDGE('',*,*,#3274,.F.);
#4323=ORIENTED_EDGE('',*,*,#3277,.F.);
#4324=ORIENTED_EDGE('',*,*,#3280,.F.);
#4325=ORIENTED_EDGE('',*,*,#3283,.F.);
#4326=ORIENTED_EDGE('',*,*,#3286,.F.);
#4327=ORIENTED_EDGE('',*,*,#3289,.F.);
#4328=ORIENTED_EDGE('',*,*,#3292,.F.);
#4329=ORIENTED_EDGE('',*,*,#3293,.F.);
#4330=ORIENTED_EDGE('',*,*,#3294,.F.);
#4331=ORIENTED_EDGE('',*,*,#3295,.F.);
#4332=ORIENTED_EDGE('',*,*,#3296,.F.);
#4333=ORIENTED_EDGE('',*,*,#3297,.F.);
#4334=ORIENTED_EDGE('',*,*,#3298,.F.);
#4335=ORIENTED_EDGE('',*,*,#3299,.F.);
#4336=ORIENTED_EDGE('',*,*,#3300,.F.);
#4337=ORIENTED_EDGE('',*,*,#3301,.T.);
#4338=ORIENTED_EDGE('',*,*,#3302,.T.);
#4339=ORIENTED_EDGE('',*,*,#3303,.F.);
#4340=ORIENTED_EDGE('',*,*,#3304,.F.);
#4341=ORIENTED_EDGE('',*,*,#3305,.T.);
#4342=ORIENTED_EDGE('',*,*,#3306,.T.);
#4343=ORIENTED_EDGE('',*,*,#3301,.F.);
#4344=ORIENTED_EDGE('',*,*,#3307,.F.);
#4345=ORIENTED_EDGE('',*,*,#3308,.T.);
#4346=ORIENTED_EDGE('',*,*,#3309,.T.);
#4347=ORIENTED_EDGE('',*,*,#3305,.F.);
#4348=ORIENTED_EDGE('',*,*,#3310,.F.);
#4349=ORIENTED_EDGE('',*,*,#3311,.T.);
#4350=ORIENTED_EDGE('',*,*,#3312,.T.);
#4351=ORIENTED_EDGE('',*,*,#3308,.F.);
#4352=ORIENTED_EDGE('',*,*,#3313,.F.);
#4353=ORIENTED_EDGE('',*,*,#3314,.T.);
#4354=ORIENTED_EDGE('',*,*,#3315,.T.);
#4355=ORIENTED_EDGE('',*,*,#3311,.F.);
#4356=ORIENTED_EDGE('',*,*,#3316,.F.);
#4357=ORIENTED_EDGE('',*,*,#3317,.T.);
#4358=ORIENTED_EDGE('',*,*,#3318,.T.);
#4359=ORIENTED_EDGE('',*,*,#3314,.F.);
#4360=ORIENTED_EDGE('',*,*,#3319,.F.);
#4361=ORIENTED_EDGE('',*,*,#3320,.T.);
#4362=ORIENTED_EDGE('',*,*,#3321,.T.);
#4363=ORIENTED_EDGE('',*,*,#3317,.F.);
#4364=ORIENTED_EDGE('',*,*,#3322,.F.);
#4365=ORIENTED_EDGE('',*,*,#3303,.T.);
#4366=ORIENTED_EDGE('',*,*,#3323,.T.);
#4367=ORIENTED_EDGE('',*,*,#3320,.F.);
#4368=ORIENTED_EDGE('',*,*,#3323,.F.);
#4369=ORIENTED_EDGE('',*,*,#3302,.F.);
#4370=ORIENTED_EDGE('',*,*,#3306,.F.);
#4371=ORIENTED_EDGE('',*,*,#3309,.F.);
#4372=ORIENTED_EDGE('',*,*,#3312,.F.);
#4373=ORIENTED_EDGE('',*,*,#3315,.F.);
#4374=ORIENTED_EDGE('',*,*,#3318,.F.);
#4375=ORIENTED_EDGE('',*,*,#3321,.F.);
#4376=ORIENTED_EDGE('',*,*,#3324,.F.);
#4377=ORIENTED_EDGE('',*,*,#3325,.F.);
#4378=ORIENTED_EDGE('',*,*,#3326,.F.);
#4379=ORIENTED_EDGE('',*,*,#3327,.F.);
#4380=ORIENTED_EDGE('',*,*,#3328,.F.);
#4381=ORIENTED_EDGE('',*,*,#3177,.T.);
#4382=ORIENTED_EDGE('',*,*,#3329,.F.);
#4383=ORIENTED_EDGE('',*,*,#3330,.T.);
#4384=ORIENTED_EDGE('',*,*,#3331,.F.);
#4385=ORIENTED_EDGE('',*,*,#3332,.T.);
#4386=ORIENTED_EDGE('',*,*,#3333,.T.);
#4387=ORIENTED_EDGE('',*,*,#3334,.T.);
#4388=ORIENTED_EDGE('',*,*,#3329,.T.);
#4389=ORIENTED_EDGE('',*,*,#3176,.T.);
#4390=ORIENTED_EDGE('',*,*,#3335,.T.);
#4391=ORIENTED_EDGE('',*,*,#3336,.T.);
#4392=ORIENTED_EDGE('',*,*,#3333,.F.);
#4393=ORIENTED_EDGE('',*,*,#3205,.T.);
#4394=ORIENTED_EDGE('',*,*,#3337,.F.);
#4395=ORIENTED_EDGE('',*,*,#3338,.T.);
#4396=ORIENTED_EDGE('',*,*,#3339,.F.);
#4397=ORIENTED_EDGE('',*,*,#3340,.T.);
#4398=ORIENTED_EDGE('',*,*,#3341,.T.);
#4399=ORIENTED_EDGE('',*,*,#3342,.T.);
#4400=ORIENTED_EDGE('',*,*,#3337,.T.);
#4401=ORIENTED_EDGE('',*,*,#3204,.T.);
#4402=ORIENTED_EDGE('',*,*,#3343,.T.);
#4403=ORIENTED_EDGE('',*,*,#3344,.T.);
#4404=ORIENTED_EDGE('',*,*,#3341,.F.);
#4405=ORIENTED_EDGE('',*,*,#3235,.T.);
#4406=ORIENTED_EDGE('',*,*,#3345,.T.);
#4407=ORIENTED_EDGE('',*,*,#3346,.T.);
#4408=ORIENTED_EDGE('',*,*,#3347,.F.);
#4409=ORIENTED_EDGE('',*,*,#3234,.T.);
#4410=ORIENTED_EDGE('',*,*,#3348,.T.);
#4411=ORIENTED_EDGE('',*,*,#3349,.T.);
#4412=ORIENTED_EDGE('',*,*,#3345,.F.);
#4413=ORIENTED_EDGE('',*,*,#3233,.T.);
#4414=ORIENTED_EDGE('',*,*,#3350,.F.);
#4415=ORIENTED_EDGE('',*,*,#3351,.T.);
#4416=ORIENTED_EDGE('',*,*,#3348,.F.);
#4417=ORIENTED_EDGE('',*,*,#3266,.T.);
#4418=ORIENTED_EDGE('',*,*,#3352,.F.);
#4419=ORIENTED_EDGE('',*,*,#3353,.T.);
#4420=ORIENTED_EDGE('',*,*,#3354,.F.);
#4421=ORIENTED_EDGE('',*,*,#3355,.T.);
#4422=ORIENTED_EDGE('',*,*,#3356,.T.);
#4423=ORIENTED_EDGE('',*,*,#3264,.T.);
#4424=ORIENTED_EDGE('',*,*,#3357,.T.);
#4425=ORIENTED_EDGE('',*,*,#3358,.T.);
#4426=ORIENTED_EDGE('',*,*,#3352,.T.);
#4427=ORIENTED_EDGE('',*,*,#3265,.T.);
#4428=ORIENTED_EDGE('',*,*,#3356,.F.);
#4429=ORIENTED_EDGE('',*,*,#3296,.T.);
#4430=ORIENTED_EDGE('',*,*,#3359,.T.);
#4431=ORIENTED_EDGE('',*,*,#3360,.T.);
#4432=ORIENTED_EDGE('',*,*,#3361,.F.);
#4433=ORIENTED_EDGE('',*,*,#3295,.T.);
#4434=ORIENTED_EDGE('',*,*,#3362,.T.);
#4435=ORIENTED_EDGE('',*,*,#3363,.T.);
#4436=ORIENTED_EDGE('',*,*,#3359,.F.);
#4437=ORIENTED_EDGE('',*,*,#3294,.T.);
#4438=ORIENTED_EDGE('',*,*,#3364,.F.);
#4439=ORIENTED_EDGE('',*,*,#3365,.T.);
#4440=ORIENTED_EDGE('',*,*,#3362,.F.);
#4441=ORIENTED_EDGE('',*,*,#3327,.T.);
#4442=ORIENTED_EDGE('',*,*,#3366,.F.);
#4443=ORIENTED_EDGE('',*,*,#3367,.T.);
#4444=ORIENTED_EDGE('',*,*,#3368,.F.);
#4445=ORIENTED_EDGE('',*,*,#3369,.T.);
#4446=ORIENTED_EDGE('',*,*,#3370,.T.);
#4447=ORIENTED_EDGE('',*,*,#3325,.T.);
#4448=ORIENTED_EDGE('',*,*,#3371,.T.);
#4449=ORIENTED_EDGE('',*,*,#3372,.T.);
#4450=ORIENTED_EDGE('',*,*,#3366,.T.);
#4451=ORIENTED_EDGE('',*,*,#3326,.T.);
#4452=ORIENTED_EDGE('',*,*,#3370,.F.);
#4453=ORIENTED_EDGE('',*,*,#3175,.T.);
#4454=ORIENTED_EDGE('',*,*,#3373,.T.);
#4455=ORIENTED_EDGE('',*,*,#3374,.T.);
#4456=ORIENTED_EDGE('',*,*,#3335,.F.);
#4457=ORIENTED_EDGE('',*,*,#3336,.F.);
#4458=ORIENTED_EDGE('',*,*,#3374,.F.);
#4459=ORIENTED_EDGE('',*,*,#3375,.F.);
#4460=ORIENTED_EDGE('',*,*,#3330,.F.);
#4461=ORIENTED_EDGE('',*,*,#3334,.F.);
#4462=ORIENTED_EDGE('',*,*,#3178,.T.);
#4463=ORIENTED_EDGE('',*,*,#3331,.T.);
#4464=ORIENTED_EDGE('',*,*,#3375,.T.);
#4465=ORIENTED_EDGE('',*,*,#3373,.F.);
#4466=ORIENTED_EDGE('',*,*,#3203,.T.);
#4467=ORIENTED_EDGE('',*,*,#3376,.T.);
#4468=ORIENTED_EDGE('',*,*,#3377,.T.);
#4469=ORIENTED_EDGE('',*,*,#3343,.F.);
#4470=ORIENTED_EDGE('',*,*,#3206,.T.);
#4471=ORIENTED_EDGE('',*,*,#3339,.T.);
#4472=ORIENTED_EDGE('',*,*,#3378,.T.);
#4473=ORIENTED_EDGE('',*,*,#3376,.F.);
#4474=ORIENTED_EDGE('',*,*,#3344,.F.);
#4475=ORIENTED_EDGE('',*,*,#3377,.F.);
#4476=ORIENTED_EDGE('',*,*,#3378,.F.);
#4477=ORIENTED_EDGE('',*,*,#3338,.F.);
#4478=ORIENTED_EDGE('',*,*,#3342,.F.);
#4479=ORIENTED_EDGE('',*,*,#3379,.F.);
#4480=ORIENTED_EDGE('',*,*,#3346,.F.);
#4481=ORIENTED_EDGE('',*,*,#3349,.F.);
#4482=ORIENTED_EDGE('',*,*,#3351,.F.);
#4483=ORIENTED_EDGE('',*,*,#3380,.F.);
#4484=ORIENTED_EDGE('',*,*,#3237,.T.);
#4485=ORIENTED_EDGE('',*,*,#3381,.F.);
#4486=ORIENTED_EDGE('',*,*,#3382,.T.);
#4487=ORIENTED_EDGE('',*,*,#3383,.F.);
#4488=ORIENTED_EDGE('',*,*,#3231,.T.);
#4489=ORIENTED_EDGE('',*,*,#3384,.T.);
#4490=ORIENTED_EDGE('',*,*,#3385,.T.);
#4491=ORIENTED_EDGE('',*,*,#3386,.F.);
#4492=ORIENTED_EDGE('',*,*,#3238,.T.);
#4493=ORIENTED_EDGE('',*,*,#3383,.T.);
#4494=ORIENTED_EDGE('',*,*,#3387,.T.);
#4495=ORIENTED_EDGE('',*,*,#3384,.F.);
#4496=ORIENTED_EDGE('',*,*,#3388,.F.);
#4497=ORIENTED_EDGE('',*,*,#3385,.F.);
#4498=ORIENTED_EDGE('',*,*,#3387,.F.);
#4499=ORIENTED_EDGE('',*,*,#3382,.F.);
#4500=ORIENTED_EDGE('',*,*,#3263,.T.);
#4501=ORIENTED_EDGE('',*,*,#3389,.T.);
#4502=ORIENTED_EDGE('',*,*,#3390,.T.);
#4503=ORIENTED_EDGE('',*,*,#3357,.F.);
#4504=ORIENTED_EDGE('',*,*,#3358,.F.);
#4505=ORIENTED_EDGE('',*,*,#3390,.F.);
#4506=ORIENTED_EDGE('',*,*,#3391,.F.);
#4507=ORIENTED_EDGE('',*,*,#3353,.F.);
#4508=ORIENTED_EDGE('',*,*,#3267,.T.);
#4509=ORIENTED_EDGE('',*,*,#3354,.T.);
#4510=ORIENTED_EDGE('',*,*,#3391,.T.);
#4511=ORIENTED_EDGE('',*,*,#3389,.F.);
#4512=ORIENTED_EDGE('',*,*,#3392,.F.);
#4513=ORIENTED_EDGE('',*,*,#3360,.F.);
#4514=ORIENTED_EDGE('',*,*,#3363,.F.);
#4515=ORIENTED_EDGE('',*,*,#3365,.F.);
#4516=ORIENTED_EDGE('',*,*,#3393,.F.);
#4517=ORIENTED_EDGE('',*,*,#3298,.T.);
#4518=ORIENTED_EDGE('',*,*,#3394,.F.);
#4519=ORIENTED_EDGE('',*,*,#3395,.T.);
#4520=ORIENTED_EDGE('',*,*,#3396,.F.);
#4521=ORIENTED_EDGE('',*,*,#3292,.T.);
#4522=ORIENTED_EDGE('',*,*,#3397,.T.);
#4523=ORIENTED_EDGE('',*,*,#3398,.T.);
#4524=ORIENTED_EDGE('',*,*,#3399,.F.);
#4525=ORIENTED_EDGE('',*,*,#3299,.T.);
#4526=ORIENTED_EDGE('',*,*,#3396,.T.);
#4527=ORIENTED_EDGE('',*,*,#3400,.T.);
#4528=ORIENTED_EDGE('',*,*,#3397,.F.);
#4529=ORIENTED_EDGE('',*,*,#3401,.F.);
#4530=ORIENTED_EDGE('',*,*,#3398,.F.);
#4531=ORIENTED_EDGE('',*,*,#3400,.F.);
#4532=ORIENTED_EDGE('',*,*,#3395,.F.);
#4533=ORIENTED_EDGE('',*,*,#3324,.T.);
#4534=ORIENTED_EDGE('',*,*,#3402,.T.);
#4535=ORIENTED_EDGE('',*,*,#3403,.T.);
#4536=ORIENTED_EDGE('',*,*,#3371,.F.);
#4537=ORIENTED_EDGE('',*,*,#3372,.F.);
#4538=ORIENTED_EDGE('',*,*,#3403,.F.);
#4539=ORIENTED_EDGE('',*,*,#3404,.F.);
#4540=ORIENTED_EDGE('',*,*,#3367,.F.);
#4541=ORIENTED_EDGE('',*,*,#3328,.T.);
#4542=ORIENTED_EDGE('',*,*,#3368,.T.);
#4543=ORIENTED_EDGE('',*,*,#3404,.T.);
#4544=ORIENTED_EDGE('',*,*,#3402,.F.);
#4545=ORIENTED_EDGE('',*,*,#3405,.F.);
#4546=ORIENTED_EDGE('',*,*,#3406,.F.);
#4547=ORIENTED_EDGE('',*,*,#3407,.F.);
#4548=ORIENTED_EDGE('',*,*,#3408,.F.);
#4549=ORIENTED_EDGE('',*,*,#3409,.F.);
#4550=ORIENTED_EDGE('',*,*,#3410,.F.);
#4551=ORIENTED_EDGE('',*,*,#3411,.F.);
#4552=ORIENTED_EDGE('',*,*,#3412,.F.);
#4553=ORIENTED_EDGE('',*,*,#3413,.F.);
#4554=ORIENTED_EDGE('',*,*,#3414,.F.);
#4555=ORIENTED_EDGE('',*,*,#3415,.F.);
#4556=ORIENTED_EDGE('',*,*,#3416,.F.);
#4557=ORIENTED_EDGE('',*,*,#3417,.F.);
#4558=ORIENTED_EDGE('',*,*,#3418,.F.);
#4559=ORIENTED_EDGE('',*,*,#3419,.F.);
#4560=ORIENTED_EDGE('',*,*,#3420,.F.);
#4561=ORIENTED_EDGE('',*,*,#3421,.F.);
#4562=ORIENTED_EDGE('',*,*,#3422,.F.);
#4563=ORIENTED_EDGE('',*,*,#3423,.F.);
#4564=ORIENTED_EDGE('',*,*,#3424,.F.);
#4565=ORIENTED_EDGE('',*,*,#3425,.F.);
#4566=ORIENTED_EDGE('',*,*,#3426,.F.);
#4567=ORIENTED_EDGE('',*,*,#3427,.F.);
#4568=ORIENTED_EDGE('',*,*,#3428,.F.);
#4569=ORIENTED_EDGE('',*,*,#3151,.T.);
#4570=ORIENTED_EDGE('',*,*,#3173,.T.);
#4571=ORIENTED_EDGE('',*,*,#3170,.T.);
#4572=ORIENTED_EDGE('',*,*,#3167,.T.);
#4573=ORIENTED_EDGE('',*,*,#3164,.T.);
#4574=ORIENTED_EDGE('',*,*,#3161,.T.);
#4575=ORIENTED_EDGE('',*,*,#3158,.T.);
#4576=ORIENTED_EDGE('',*,*,#3155,.T.);
#4577=ORIENTED_EDGE('',*,*,#3179,.T.);
#4578=ORIENTED_EDGE('',*,*,#3201,.T.);
#4579=ORIENTED_EDGE('',*,*,#3198,.T.);
#4580=ORIENTED_EDGE('',*,*,#3195,.T.);
#4581=ORIENTED_EDGE('',*,*,#3192,.T.);
#4582=ORIENTED_EDGE('',*,*,#3189,.T.);
#4583=ORIENTED_EDGE('',*,*,#3186,.T.);
#4584=ORIENTED_EDGE('',*,*,#3183,.T.);
#4585=ORIENTED_EDGE('',*,*,#3207,.T.);
#4586=ORIENTED_EDGE('',*,*,#3229,.T.);
#4587=ORIENTED_EDGE('',*,*,#3226,.T.);
#4588=ORIENTED_EDGE('',*,*,#3223,.T.);
#4589=ORIENTED_EDGE('',*,*,#3220,.T.);
#4590=ORIENTED_EDGE('',*,*,#3217,.T.);
#4591=ORIENTED_EDGE('',*,*,#3214,.T.);
#4592=ORIENTED_EDGE('',*,*,#3211,.T.);
#4593=ORIENTED_EDGE('',*,*,#3239,.T.);
#4594=ORIENTED_EDGE('',*,*,#3261,.T.);
#4595=ORIENTED_EDGE('',*,*,#3258,.T.);
#4596=ORIENTED_EDGE('',*,*,#3255,.T.);
#4597=ORIENTED_EDGE('',*,*,#3252,.T.);
#4598=ORIENTED_EDGE('',*,*,#3249,.T.);
#4599=ORIENTED_EDGE('',*,*,#3246,.T.);
#4600=ORIENTED_EDGE('',*,*,#3243,.T.);
#4601=ORIENTED_EDGE('',*,*,#3268,.T.);
#4602=ORIENTED_EDGE('',*,*,#3290,.T.);
#4603=ORIENTED_EDGE('',*,*,#3287,.T.);
#4604=ORIENTED_EDGE('',*,*,#3284,.T.);
#4605=ORIENTED_EDGE('',*,*,#3281,.T.);
#4606=ORIENTED_EDGE('',*,*,#3278,.T.);
#4607=ORIENTED_EDGE('',*,*,#3275,.T.);
#4608=ORIENTED_EDGE('',*,*,#3272,.T.);
#4609=ORIENTED_EDGE('',*,*,#3300,.T.);
#4610=ORIENTED_EDGE('',*,*,#3322,.T.);
#4611=ORIENTED_EDGE('',*,*,#3319,.T.);
#4612=ORIENTED_EDGE('',*,*,#3316,.T.);
#4613=ORIENTED_EDGE('',*,*,#3313,.T.);
#4614=ORIENTED_EDGE('',*,*,#3310,.T.);
#4615=ORIENTED_EDGE('',*,*,#3307,.T.);
#4616=ORIENTED_EDGE('',*,*,#3304,.T.);
#4617=ORIENTED_EDGE('',*,*,#3429,.F.);
#4618=ORIENTED_EDGE('',*,*,#3430,.T.);
#4619=ORIENTED_EDGE('',*,*,#3431,.F.);
#4620=ORIENTED_EDGE('',*,*,#3432,.F.);
#4621=ORIENTED_EDGE('',*,*,#3433,.F.);
#4622=ORIENTED_EDGE('',*,*,#3432,.T.);
#4623=ORIENTED_EDGE('',*,*,#3434,.F.);
#4624=ORIENTED_EDGE('',*,*,#3435,.F.);
#4625=ORIENTED_EDGE('',*,*,#3436,.F.);
#4626=ORIENTED_EDGE('',*,*,#3435,.T.);
#4627=ORIENTED_EDGE('',*,*,#3437,.F.);
#4628=ORIENTED_EDGE('',*,*,#3438,.F.);
#4629=ORIENTED_EDGE('',*,*,#3439,.F.);
#4630=ORIENTED_EDGE('',*,*,#3438,.T.);
#4631=ORIENTED_EDGE('',*,*,#3440,.F.);
#4632=ORIENTED_EDGE('',*,*,#3430,.F.);
#4633=ORIENTED_EDGE('',*,*,#3440,.T.);
#4634=ORIENTED_EDGE('',*,*,#3437,.T.);
#4635=ORIENTED_EDGE('',*,*,#3434,.T.);
#4636=ORIENTED_EDGE('',*,*,#3431,.T.);
#4637=ORIENTED_EDGE('',*,*,#3441,.F.);
#4638=ORIENTED_EDGE('',*,*,#3442,.T.);
#4639=ORIENTED_EDGE('',*,*,#3443,.F.);
#4640=ORIENTED_EDGE('',*,*,#3444,.F.);
#4641=ORIENTED_EDGE('',*,*,#3445,.F.);
#4642=ORIENTED_EDGE('',*,*,#3444,.T.);
#4643=ORIENTED_EDGE('',*,*,#3446,.F.);
#4644=ORIENTED_EDGE('',*,*,#3447,.F.);
#4645=ORIENTED_EDGE('',*,*,#3448,.F.);
#4646=ORIENTED_EDGE('',*,*,#3447,.T.);
#4647=ORIENTED_EDGE('',*,*,#3449,.F.);
#4648=ORIENTED_EDGE('',*,*,#3450,.F.);
#4649=ORIENTED_EDGE('',*,*,#3451,.F.);
#4650=ORIENTED_EDGE('',*,*,#3450,.T.);
#4651=ORIENTED_EDGE('',*,*,#3452,.F.);
#4652=ORIENTED_EDGE('',*,*,#3442,.F.);
#4653=ORIENTED_EDGE('',*,*,#3452,.T.);
#4654=ORIENTED_EDGE('',*,*,#3449,.T.);
#4655=ORIENTED_EDGE('',*,*,#3446,.T.);
#4656=ORIENTED_EDGE('',*,*,#3443,.T.);
#4657=ORIENTED_EDGE('',*,*,#3453,.F.);
#4658=ORIENTED_EDGE('',*,*,#3454,.T.);
#4659=ORIENTED_EDGE('',*,*,#3455,.F.);
#4660=ORIENTED_EDGE('',*,*,#3456,.F.);
#4661=ORIENTED_EDGE('',*,*,#3457,.F.);
#4662=ORIENTED_EDGE('',*,*,#3456,.T.);
#4663=ORIENTED_EDGE('',*,*,#3458,.F.);
#4664=ORIENTED_EDGE('',*,*,#3459,.F.);
#4665=ORIENTED_EDGE('',*,*,#3460,.F.);
#4666=ORIENTED_EDGE('',*,*,#3459,.T.);
#4667=ORIENTED_EDGE('',*,*,#3461,.F.);
#4668=ORIENTED_EDGE('',*,*,#3462,.F.);
#4669=ORIENTED_EDGE('',*,*,#3463,.F.);
#4670=ORIENTED_EDGE('',*,*,#3462,.T.);
#4671=ORIENTED_EDGE('',*,*,#3464,.F.);
#4672=ORIENTED_EDGE('',*,*,#3454,.F.);
#4673=ORIENTED_EDGE('',*,*,#3464,.T.);
#4674=ORIENTED_EDGE('',*,*,#3461,.T.);
#4675=ORIENTED_EDGE('',*,*,#3458,.T.);
#4676=ORIENTED_EDGE('',*,*,#3455,.T.);
#4677=ORIENTED_EDGE('',*,*,#3465,.F.);
#4678=ORIENTED_EDGE('',*,*,#3466,.T.);
#4679=ORIENTED_EDGE('',*,*,#3467,.F.);
#4680=ORIENTED_EDGE('',*,*,#3468,.F.);
#4681=ORIENTED_EDGE('',*,*,#3469,.F.);
#4682=ORIENTED_EDGE('',*,*,#3468,.T.);
#4683=ORIENTED_EDGE('',*,*,#3470,.F.);
#4684=ORIENTED_EDGE('',*,*,#3471,.F.);
#4685=ORIENTED_EDGE('',*,*,#3472,.F.);
#4686=ORIENTED_EDGE('',*,*,#3471,.T.);
#4687=ORIENTED_EDGE('',*,*,#3473,.F.);
#4688=ORIENTED_EDGE('',*,*,#3474,.F.);
#4689=ORIENTED_EDGE('',*,*,#3475,.F.);
#4690=ORIENTED_EDGE('',*,*,#3474,.T.);
#4691=ORIENTED_EDGE('',*,*,#3476,.F.);
#4692=ORIENTED_EDGE('',*,*,#3466,.F.);
#4693=ORIENTED_EDGE('',*,*,#3476,.T.);
#4694=ORIENTED_EDGE('',*,*,#3473,.T.);
#4695=ORIENTED_EDGE('',*,*,#3470,.T.);
#4696=ORIENTED_EDGE('',*,*,#3467,.T.);
#4697=ORIENTED_EDGE('',*,*,#3477,.F.);
#4698=ORIENTED_EDGE('',*,*,#3478,.T.);
#4699=ORIENTED_EDGE('',*,*,#3479,.F.);
#4700=ORIENTED_EDGE('',*,*,#3478,.F.);
#4701=ORIENTED_EDGE('',*,*,#3340,.F.);
#4702=ORIENTED_EDGE('',*,*,#3477,.T.);
#4703=ORIENTED_EDGE('',*,*,#3480,.F.);
#4704=ORIENTED_EDGE('',*,*,#3481,.T.);
#4705=ORIENTED_EDGE('',*,*,#3482,.F.);
#4706=ORIENTED_EDGE('',*,*,#3481,.F.);
#4707=ORIENTED_EDGE('',*,*,#3483,.F.);
#4708=ORIENTED_EDGE('',*,*,#3480,.T.);
#4709=ORIENTED_EDGE('',*,*,#3484,.F.);
#4710=ORIENTED_EDGE('',*,*,#3485,.T.);
#4711=ORIENTED_EDGE('',*,*,#3486,.F.);
#4712=ORIENTED_EDGE('',*,*,#3485,.F.);
#4713=ORIENTED_EDGE('',*,*,#3355,.F.);
#4714=ORIENTED_EDGE('',*,*,#3484,.T.);
#4715=ORIENTED_EDGE('',*,*,#3487,.F.);
#4716=ORIENTED_EDGE('',*,*,#3488,.T.);
#4717=ORIENTED_EDGE('',*,*,#3489,.F.);
#4718=ORIENTED_EDGE('',*,*,#3488,.F.);
#4719=ORIENTED_EDGE('',*,*,#3332,.F.);
#4720=ORIENTED_EDGE('',*,*,#3487,.T.);
#4721=ORIENTED_EDGE('',*,*,#3490,.F.);
#4722=ORIENTED_EDGE('',*,*,#3491,.T.);
#4723=ORIENTED_EDGE('',*,*,#3492,.F.);
#4724=ORIENTED_EDGE('',*,*,#3491,.F.);
#4725=ORIENTED_EDGE('',*,*,#3493,.F.);
#4726=ORIENTED_EDGE('',*,*,#3490,.T.);
#4727=ORIENTED_EDGE('',*,*,#3494,.F.);
#4728=ORIENTED_EDGE('',*,*,#3495,.T.);
#4729=ORIENTED_EDGE('',*,*,#3496,.F.);
#4730=ORIENTED_EDGE('',*,*,#3495,.F.);
#4731=ORIENTED_EDGE('',*,*,#3369,.F.);
#4732=ORIENTED_EDGE('',*,*,#3494,.T.);
#4733=ORIENTED_EDGE('',*,*,#3493,.T.);
#4734=ORIENTED_EDGE('',*,*,#3497,.T.);
#4735=ORIENTED_EDGE('',*,*,#3380,.T.);
#4736=ORIENTED_EDGE('',*,*,#3350,.T.);
#4737=ORIENTED_EDGE('',*,*,#3232,.T.);
#4738=ORIENTED_EDGE('',*,*,#3386,.T.);
#4739=ORIENTED_EDGE('',*,*,#3388,.T.);
#4740=ORIENTED_EDGE('',*,*,#3381,.T.);
#4741=ORIENTED_EDGE('',*,*,#3236,.T.);
#4742=ORIENTED_EDGE('',*,*,#3347,.T.);
#4743=ORIENTED_EDGE('',*,*,#3379,.T.);
#4744=ORIENTED_EDGE('',*,*,#3497,.F.);
#4745=ORIENTED_EDGE('',*,*,#3483,.T.);
#4746=ORIENTED_EDGE('',*,*,#3498,.T.);
#4747=ORIENTED_EDGE('',*,*,#3393,.T.);
#4748=ORIENTED_EDGE('',*,*,#3364,.T.);
#4749=ORIENTED_EDGE('',*,*,#3293,.T.);
#4750=ORIENTED_EDGE('',*,*,#3399,.T.);
#4751=ORIENTED_EDGE('',*,*,#3401,.T.);
#4752=ORIENTED_EDGE('',*,*,#3394,.T.);
#4753=ORIENTED_EDGE('',*,*,#3297,.T.);
#4754=ORIENTED_EDGE('',*,*,#3361,.T.);
#4755=ORIENTED_EDGE('',*,*,#3392,.T.);
#4756=ORIENTED_EDGE('',*,*,#3498,.F.);
#4757=ORIENTED_EDGE('',*,*,#3499,.T.);
#4758=ORIENTED_EDGE('',*,*,#3405,.T.);
#4759=ORIENTED_EDGE('',*,*,#3500,.F.);
#4760=ORIENTED_EDGE('',*,*,#3501,.F.);
#4761=ORIENTED_EDGE('',*,*,#3502,.T.);
#4762=ORIENTED_EDGE('',*,*,#3503,.T.);
#4763=ORIENTED_EDGE('',*,*,#3502,.F.);
#4764=ORIENTED_EDGE('',*,*,#3504,.T.);
#4765=ORIENTED_EDGE('',*,*,#3505,.T.);
#4766=ORIENTED_EDGE('',*,*,#3506,.T.);
#4767=ORIENTED_EDGE('',*,*,#3507,.T.);
#4768=ORIENTED_EDGE('',*,*,#3508,.T.);
#4769=ORIENTED_EDGE('',*,*,#3509,.T.);
#4770=ORIENTED_EDGE('',*,*,#3510,.T.);
#4771=ORIENTED_EDGE('',*,*,#3421,.T.);
#4772=ORIENTED_EDGE('',*,*,#3511,.T.);
#4773=ORIENTED_EDGE('',*,*,#3507,.F.);
#4774=ORIENTED_EDGE('',*,*,#3512,.F.);
#4775=ORIENTED_EDGE('',*,*,#3513,.F.);
#4776=ORIENTED_EDGE('',*,*,#3514,.F.);
#4777=ORIENTED_EDGE('',*,*,#3515,.F.);
#4778=ORIENTED_EDGE('',*,*,#3516,.T.);
#4779=ORIENTED_EDGE('',*,*,#3517,.T.);
#4780=ORIENTED_EDGE('',*,*,#3518,.F.);
#4781=ORIENTED_EDGE('',*,*,#3511,.F.);
#4782=ORIENTED_EDGE('',*,*,#3420,.T.);
#4783=ORIENTED_EDGE('',*,*,#3519,.T.);
#4784=ORIENTED_EDGE('',*,*,#3512,.T.);
#4785=ORIENTED_EDGE('',*,*,#3520,.T.);
#4786=ORIENTED_EDGE('',*,*,#3422,.T.);
#4787=ORIENTED_EDGE('',*,*,#3510,.F.);
#4788=ORIENTED_EDGE('',*,*,#3521,.T.);
#4789=ORIENTED_EDGE('',*,*,#3522,.T.);
#4790=ORIENTED_EDGE('',*,*,#3424,.T.);
#4791=ORIENTED_EDGE('',*,*,#3523,.T.);
#4792=ORIENTED_EDGE('',*,*,#3524,.T.);
#4793=ORIENTED_EDGE('',*,*,#3525,.T.);
#4794=ORIENTED_EDGE('',*,*,#3425,.T.);
#4795=ORIENTED_EDGE('',*,*,#3522,.F.);
#4796=ORIENTED_EDGE('',*,*,#3526,.T.);
#4797=ORIENTED_EDGE('',*,*,#3527,.T.);
#4798=ORIENTED_EDGE('',*,*,#3426,.T.);
#4799=ORIENTED_EDGE('',*,*,#3525,.F.);
#4800=ORIENTED_EDGE('',*,*,#3528,.T.);
#4801=ORIENTED_EDGE('',*,*,#3523,.F.);
#4802=ORIENTED_EDGE('',*,*,#3423,.T.);
#4803=ORIENTED_EDGE('',*,*,#3520,.F.);
#4804=ORIENTED_EDGE('',*,*,#3529,.T.);
#4805=ORIENTED_EDGE('',*,*,#3530,.T.);
#4806=ORIENTED_EDGE('',*,*,#3531,.T.);
#4807=ORIENTED_EDGE('',*,*,#3500,.T.);
#4808=ORIENTED_EDGE('',*,*,#3428,.T.);
#4809=ORIENTED_EDGE('',*,*,#3530,.F.);
#4810=ORIENTED_EDGE('',*,*,#3427,.T.);
#4811=ORIENTED_EDGE('',*,*,#3527,.F.);
#4812=ORIENTED_EDGE('',*,*,#3532,.T.);
#4813=ORIENTED_EDGE('',*,*,#3499,.F.);
#4814=ORIENTED_EDGE('',*,*,#3533,.T.);
#4815=ORIENTED_EDGE('',*,*,#3534,.T.);
#4816=ORIENTED_EDGE('',*,*,#3406,.T.);
#4817=ORIENTED_EDGE('',*,*,#3535,.T.);
#4818=ORIENTED_EDGE('',*,*,#3536,.T.);
#4819=ORIENTED_EDGE('',*,*,#3537,.T.);
#4820=ORIENTED_EDGE('',*,*,#3408,.T.);
#4821=ORIENTED_EDGE('',*,*,#3535,.F.);
#4822=ORIENTED_EDGE('',*,*,#3407,.T.);
#4823=ORIENTED_EDGE('',*,*,#3534,.F.);
#4824=ORIENTED_EDGE('',*,*,#3538,.T.);
#4825=ORIENTED_EDGE('',*,*,#3539,.T.);
#4826=ORIENTED_EDGE('',*,*,#3540,.T.);
#4827=ORIENTED_EDGE('',*,*,#3541,.T.);
#4828=ORIENTED_EDGE('',*,*,#3410,.T.);
#4829=ORIENTED_EDGE('',*,*,#3539,.F.);
#4830=ORIENTED_EDGE('',*,*,#3409,.T.);
#4831=ORIENTED_EDGE('',*,*,#3537,.F.);
#4832=ORIENTED_EDGE('',*,*,#3542,.T.);
#4833=ORIENTED_EDGE('',*,*,#3543,.T.);
#4834=ORIENTED_EDGE('',*,*,#3544,.T.);
#4835=ORIENTED_EDGE('',*,*,#3545,.T.);
#4836=ORIENTED_EDGE('',*,*,#3412,.T.);
#4837=ORIENTED_EDGE('',*,*,#3543,.F.);
#4838=ORIENTED_EDGE('',*,*,#3411,.T.);
#4839=ORIENTED_EDGE('',*,*,#3541,.F.);
#4840=ORIENTED_EDGE('',*,*,#3546,.T.);
#4841=ORIENTED_EDGE('',*,*,#3547,.T.);
#4842=ORIENTED_EDGE('',*,*,#3548,.T.);
#4843=ORIENTED_EDGE('',*,*,#3549,.T.);
#4844=ORIENTED_EDGE('',*,*,#3414,.T.);
#4845=ORIENTED_EDGE('',*,*,#3547,.F.);
#4846=ORIENTED_EDGE('',*,*,#3413,.T.);
#4847=ORIENTED_EDGE('',*,*,#3545,.F.);
#4848=ORIENTED_EDGE('',*,*,#3550,.T.);
#4849=ORIENTED_EDGE('',*,*,#3551,.T.);
#4850=ORIENTED_EDGE('',*,*,#3552,.T.);
#4851=ORIENTED_EDGE('',*,*,#3553,.T.);
#4852=ORIENTED_EDGE('',*,*,#3416,.T.);
#4853=ORIENTED_EDGE('',*,*,#3554,.T.);
#4854=ORIENTED_EDGE('',*,*,#3417,.T.);
#4855=ORIENTED_EDGE('',*,*,#3553,.F.);
#4856=ORIENTED_EDGE('',*,*,#3555,.T.);
#4857=ORIENTED_EDGE('',*,*,#3556,.T.);
#4858=ORIENTED_EDGE('',*,*,#3418,.T.);
#4859=ORIENTED_EDGE('',*,*,#3554,.F.);
#4860=ORIENTED_EDGE('',*,*,#3557,.T.);
#4861=ORIENTED_EDGE('',*,*,#3551,.F.);
#4862=ORIENTED_EDGE('',*,*,#3415,.T.);
#4863=ORIENTED_EDGE('',*,*,#3549,.F.);
#4864=ORIENTED_EDGE('',*,*,#3558,.T.);
#4865=ORIENTED_EDGE('',*,*,#3519,.F.);
#4866=ORIENTED_EDGE('',*,*,#3419,.T.);
#4867=ORIENTED_EDGE('',*,*,#3556,.F.);
#4868=ORIENTED_EDGE('',*,*,#3513,.T.);
#4869=ORIENTED_EDGE('',*,*,#3508,.F.);
#4870=ORIENTED_EDGE('',*,*,#3518,.T.);
#4871=ORIENTED_EDGE('',*,*,#3559,.F.);
#4872=ORIENTED_EDGE('',*,*,#3560,.T.);
#4873=ORIENTED_EDGE('',*,*,#3561,.T.);
#4874=ORIENTED_EDGE('',*,*,#3562,.T.);
#4875=ORIENTED_EDGE('',*,*,#3563,.T.);
#4876=ORIENTED_EDGE('',*,*,#3564,.T.);
#4877=ORIENTED_EDGE('',*,*,#3561,.F.);
#4878=ORIENTED_EDGE('',*,*,#3565,.T.);
#4879=ORIENTED_EDGE('',*,*,#3566,.T.);
#4880=ORIENTED_EDGE('',*,*,#3567,.T.);
#4881=ORIENTED_EDGE('',*,*,#3568,.T.);
#4882=ORIENTED_EDGE('',*,*,#3569,.T.);
#4883=ORIENTED_EDGE('',*,*,#3566,.F.);
#4884=ORIENTED_EDGE('',*,*,#3570,.T.);
#4885=ORIENTED_EDGE('',*,*,#3571,.T.);
#4886=ORIENTED_EDGE('',*,*,#3572,.T.);
#4887=ORIENTED_EDGE('',*,*,#3568,.F.);
#4888=ORIENTED_EDGE('',*,*,#3573,.T.);
#4889=ORIENTED_EDGE('',*,*,#3574,.T.);
#4890=ORIENTED_EDGE('',*,*,#3575,.T.);
#4891=ORIENTED_EDGE('',*,*,#3571,.F.);
#4892=ORIENTED_EDGE('',*,*,#3576,.T.);
#4893=ORIENTED_EDGE('',*,*,#3577,.T.);
#4894=ORIENTED_EDGE('',*,*,#3578,.T.);
#4895=ORIENTED_EDGE('',*,*,#3574,.F.);
#4896=ORIENTED_EDGE('',*,*,#3579,.T.);
#4897=ORIENTED_EDGE('',*,*,#3580,.T.);
#4898=ORIENTED_EDGE('',*,*,#3581,.T.);
#4899=ORIENTED_EDGE('',*,*,#3577,.F.);
#4900=ORIENTED_EDGE('',*,*,#3515,.T.);
#4901=ORIENTED_EDGE('',*,*,#3582,.T.);
#4902=ORIENTED_EDGE('',*,*,#3583,.T.);
#4903=ORIENTED_EDGE('',*,*,#3580,.F.);
#4904=ORIENTED_EDGE('',*,*,#3584,.T.);
#4905=ORIENTED_EDGE('',*,*,#3585,.T.);
#4906=ORIENTED_EDGE('',*,*,#3586,.T.);
#4907=ORIENTED_EDGE('',*,*,#3582,.F.);
#4908=ORIENTED_EDGE('',*,*,#3587,.T.);
#4909=ORIENTED_EDGE('',*,*,#3588,.T.);
#4910=ORIENTED_EDGE('',*,*,#3589,.T.);
#4911=ORIENTED_EDGE('',*,*,#3585,.F.);
#4912=ORIENTED_EDGE('',*,*,#3590,.T.);
#4913=ORIENTED_EDGE('',*,*,#3591,.T.);
#4914=ORIENTED_EDGE('',*,*,#3592,.T.);
#4915=ORIENTED_EDGE('',*,*,#3588,.F.);
#4916=ORIENTED_EDGE('',*,*,#3593,.T.);
#4917=ORIENTED_EDGE('',*,*,#3591,.F.);
#4918=ORIENTED_EDGE('',*,*,#3594,.T.);
#4919=ORIENTED_EDGE('',*,*,#3563,.F.);
#4920=ORIENTED_EDGE('',*,*,#3595,.T.);
#4921=ORIENTED_EDGE('',*,*,#3579,.F.);
#4922=ORIENTED_EDGE('',*,*,#3596,.T.);
#4923=ORIENTED_EDGE('',*,*,#3597,.T.);
#4924=ORIENTED_EDGE('',*,*,#3516,.F.);
#4925=ORIENTED_EDGE('',*,*,#3576,.F.);
#4926=ORIENTED_EDGE('',*,*,#3598,.T.);
#4927=ORIENTED_EDGE('',*,*,#3599,.T.);
#4928=ORIENTED_EDGE('',*,*,#3600,.F.);
#4929=ORIENTED_EDGE('',*,*,#3601,.F.);
#4930=ORIENTED_EDGE('',*,*,#3602,.F.);
#4931=ORIENTED_EDGE('',*,*,#3603,.F.);
#4932=ORIENTED_EDGE('',*,*,#3604,.F.);
#4933=ORIENTED_EDGE('',*,*,#3605,.T.);
#4934=ORIENTED_EDGE('',*,*,#3596,.F.);
#4935=ORIENTED_EDGE('',*,*,#3573,.F.);
#4936=ORIENTED_EDGE('',*,*,#3606,.F.);
#4937=ORIENTED_EDGE('',*,*,#3607,.T.);
#4938=ORIENTED_EDGE('',*,*,#3598,.F.);
#4939=ORIENTED_EDGE('',*,*,#3503,.F.);
#4940=ORIENTED_EDGE('',*,*,#3506,.F.);
#4941=ORIENTED_EDGE('',*,*,#3608,.T.);
#4942=ORIENTED_EDGE('',*,*,#3606,.T.);
#4943=ORIENTED_EDGE('',*,*,#3570,.F.);
#4944=ORIENTED_EDGE('',*,*,#3609,.F.);
#4945=ORIENTED_EDGE('',*,*,#3538,.F.);
#4946=ORIENTED_EDGE('',*,*,#3533,.F.);
#4947=ORIENTED_EDGE('',*,*,#3536,.F.);
#4948=ORIENTED_EDGE('',*,*,#3609,.T.);
#4949=ORIENTED_EDGE('',*,*,#3565,.F.);
#4950=ORIENTED_EDGE('',*,*,#3610,.T.);
#4951=ORIENTED_EDGE('',*,*,#3542,.F.);
#4952=ORIENTED_EDGE('',*,*,#3540,.F.);
#4953=ORIENTED_EDGE('',*,*,#3610,.F.);
#4954=ORIENTED_EDGE('',*,*,#3564,.F.);
#4955=ORIENTED_EDGE('',*,*,#3611,.F.);
#4956=ORIENTED_EDGE('',*,*,#3546,.F.);
#4957=ORIENTED_EDGE('',*,*,#3562,.F.);
#4958=ORIENTED_EDGE('',*,*,#3567,.F.);
#4959=ORIENTED_EDGE('',*,*,#3569,.F.);
#4960=ORIENTED_EDGE('',*,*,#3572,.F.);
#4961=ORIENTED_EDGE('',*,*,#3575,.F.);
#4962=ORIENTED_EDGE('',*,*,#3578,.F.);
#4963=ORIENTED_EDGE('',*,*,#3581,.F.);
#4964=ORIENTED_EDGE('',*,*,#3583,.F.);
#4965=ORIENTED_EDGE('',*,*,#3586,.F.);
#4966=ORIENTED_EDGE('',*,*,#3589,.F.);
#4967=ORIENTED_EDGE('',*,*,#3592,.F.);
#4968=ORIENTED_EDGE('',*,*,#3595,.F.);
#4969=ORIENTED_EDGE('',*,*,#3612,.F.);
#4970=ORIENTED_EDGE('',*,*,#3613,.T.);
#4971=ORIENTED_EDGE('',*,*,#3614,.T.);
#4972=ORIENTED_EDGE('',*,*,#3615,.T.);
#4973=ORIENTED_EDGE('',*,*,#3616,.T.);
#4974=ORIENTED_EDGE('',*,*,#3617,.T.);
#4975=ORIENTED_EDGE('',*,*,#3618,.T.);
#4976=ORIENTED_EDGE('',*,*,#3619,.T.);
#4977=ORIENTED_EDGE('',*,*,#3620,.T.);
#4978=ORIENTED_EDGE('',*,*,#3621,.T.);
#4979=ORIENTED_EDGE('',*,*,#3622,.F.);
#4980=ORIENTED_EDGE('',*,*,#3623,.T.);
#4981=ORIENTED_EDGE('',*,*,#3624,.T.);
#4982=ORIENTED_EDGE('',*,*,#3625,.T.);
#4983=ORIENTED_EDGE('',*,*,#3626,.T.);
#4984=ORIENTED_EDGE('',*,*,#3627,.T.);
#4985=ORIENTED_EDGE('',*,*,#3624,.F.);
#4986=ORIENTED_EDGE('',*,*,#3628,.F.);
#4987=ORIENTED_EDGE('',*,*,#3629,.F.);
#4988=ORIENTED_EDGE('',*,*,#3630,.F.);
#4989=ORIENTED_EDGE('',*,*,#3631,.F.);
#4990=ORIENTED_EDGE('',*,*,#3632,.F.);
#4991=ORIENTED_EDGE('',*,*,#3633,.F.);
#4992=ORIENTED_EDGE('',*,*,#3634,.F.);
#4993=ORIENTED_EDGE('',*,*,#3635,.F.);
#4994=ORIENTED_EDGE('',*,*,#3636,.F.);
#4995=ORIENTED_EDGE('',*,*,#3637,.F.);
#4996=ORIENTED_EDGE('',*,*,#3638,.F.);
#4997=ORIENTED_EDGE('',*,*,#3639,.F.);
#4998=ORIENTED_EDGE('',*,*,#3640,.F.);
#4999=ORIENTED_EDGE('',*,*,#3641,.F.);
#5000=ORIENTED_EDGE('',*,*,#3642,.F.);
#5001=ORIENTED_EDGE('',*,*,#3643,.F.);
#5002=ORIENTED_EDGE('',*,*,#3644,.F.);
#5003=ORIENTED_EDGE('',*,*,#3645,.F.);
#5004=ORIENTED_EDGE('',*,*,#3646,.F.);
#5005=ORIENTED_EDGE('',*,*,#3647,.F.);
#5006=ORIENTED_EDGE('',*,*,#3648,.F.);
#5007=ORIENTED_EDGE('',*,*,#3649,.F.);
#5008=ORIENTED_EDGE('',*,*,#3650,.F.);
#5009=ORIENTED_EDGE('',*,*,#3651,.F.);
#5010=ORIENTED_EDGE('',*,*,#3652,.F.);
#5011=ORIENTED_EDGE('',*,*,#3653,.F.);
#5012=ORIENTED_EDGE('',*,*,#3654,.F.);
#5013=ORIENTED_EDGE('',*,*,#3655,.F.);
#5014=ORIENTED_EDGE('',*,*,#3656,.F.);
#5015=ORIENTED_EDGE('',*,*,#3657,.F.);
#5016=ORIENTED_EDGE('',*,*,#3658,.F.);
#5017=ORIENTED_EDGE('',*,*,#3659,.F.);
#5018=ORIENTED_EDGE('',*,*,#3660,.F.);
#5019=ORIENTED_EDGE('',*,*,#3661,.F.);
#5020=ORIENTED_EDGE('',*,*,#3662,.F.);
#5021=ORIENTED_EDGE('',*,*,#3663,.F.);
#5022=ORIENTED_EDGE('',*,*,#3664,.F.);
#5023=ORIENTED_EDGE('',*,*,#3665,.F.);
#5024=ORIENTED_EDGE('',*,*,#3666,.F.);
#5025=ORIENTED_EDGE('',*,*,#3667,.F.);
#5026=ORIENTED_EDGE('',*,*,#3668,.F.);
#5027=ORIENTED_EDGE('',*,*,#3669,.F.);
#5028=ORIENTED_EDGE('',*,*,#3670,.F.);
#5029=ORIENTED_EDGE('',*,*,#3671,.F.);
#5030=ORIENTED_EDGE('',*,*,#3672,.F.);
#5031=ORIENTED_EDGE('',*,*,#3673,.F.);
#5032=ORIENTED_EDGE('',*,*,#3674,.F.);
#5033=ORIENTED_EDGE('',*,*,#3675,.F.);
#5034=ORIENTED_EDGE('',*,*,#3676,.F.);
#5035=ORIENTED_EDGE('',*,*,#3677,.F.);
#5036=ORIENTED_EDGE('',*,*,#3678,.F.);
#5037=ORIENTED_EDGE('',*,*,#3679,.F.);
#5038=ORIENTED_EDGE('',*,*,#3680,.F.);
#5039=ORIENTED_EDGE('',*,*,#3681,.F.);
#5040=ORIENTED_EDGE('',*,*,#3682,.F.);
#5041=ORIENTED_EDGE('',*,*,#3683,.F.);
#5042=ORIENTED_EDGE('',*,*,#3684,.F.);
#5043=ORIENTED_EDGE('',*,*,#3685,.F.);
#5044=ORIENTED_EDGE('',*,*,#3686,.F.);
#5045=ORIENTED_EDGE('',*,*,#3687,.F.);
#5046=ORIENTED_EDGE('',*,*,#3688,.F.);
#5047=ORIENTED_EDGE('',*,*,#3689,.F.);
#5048=ORIENTED_EDGE('',*,*,#3690,.F.);
#5049=ORIENTED_EDGE('',*,*,#3691,.F.);
#5050=ORIENTED_EDGE('',*,*,#3692,.F.);
#5051=ORIENTED_EDGE('',*,*,#3693,.F.);
#5052=ORIENTED_EDGE('',*,*,#3694,.F.);
#5053=ORIENTED_EDGE('',*,*,#3695,.F.);
#5054=ORIENTED_EDGE('',*,*,#3696,.F.);
#5055=ORIENTED_EDGE('',*,*,#3697,.F.);
#5056=ORIENTED_EDGE('',*,*,#3698,.F.);
#5057=ORIENTED_EDGE('',*,*,#3699,.F.);
#5058=ORIENTED_EDGE('',*,*,#3700,.F.);
#5059=ORIENTED_EDGE('',*,*,#3701,.F.);
#5060=ORIENTED_EDGE('',*,*,#3702,.F.);
#5061=ORIENTED_EDGE('',*,*,#3703,.F.);
#5062=ORIENTED_EDGE('',*,*,#3704,.F.);
#5063=ORIENTED_EDGE('',*,*,#3705,.F.);
#5064=ORIENTED_EDGE('',*,*,#3706,.F.);
#5065=ORIENTED_EDGE('',*,*,#3707,.F.);
#5066=ORIENTED_EDGE('',*,*,#3708,.F.);
#5067=ORIENTED_EDGE('',*,*,#3709,.F.);
#5068=ORIENTED_EDGE('',*,*,#3710,.F.);
#5069=ORIENTED_EDGE('',*,*,#3711,.F.);
#5070=ORIENTED_EDGE('',*,*,#3712,.F.);
#5071=ORIENTED_EDGE('',*,*,#3713,.F.);
#5072=ORIENTED_EDGE('',*,*,#3714,.F.);
#5073=ORIENTED_EDGE('',*,*,#3715,.F.);
#5074=ORIENTED_EDGE('',*,*,#3716,.F.);
#5075=ORIENTED_EDGE('',*,*,#3717,.F.);
#5076=ORIENTED_EDGE('',*,*,#3718,.F.);
#5077=ORIENTED_EDGE('',*,*,#3719,.F.);
#5078=ORIENTED_EDGE('',*,*,#3720,.F.);
#5079=ORIENTED_EDGE('',*,*,#3721,.F.);
#5080=ORIENTED_EDGE('',*,*,#3722,.F.);
#5081=ORIENTED_EDGE('',*,*,#3723,.F.);
#5082=ORIENTED_EDGE('',*,*,#3724,.F.);
#5083=ORIENTED_EDGE('',*,*,#3725,.F.);
#5084=ORIENTED_EDGE('',*,*,#3726,.F.);
#5085=ORIENTED_EDGE('',*,*,#3727,.T.);
#5086=ORIENTED_EDGE('',*,*,#3728,.F.);
#5087=ORIENTED_EDGE('',*,*,#3729,.F.);
#5088=ORIENTED_EDGE('',*,*,#3730,.F.);
#5089=ORIENTED_EDGE('',*,*,#3731,.F.);
#5090=ORIENTED_EDGE('',*,*,#3732,.F.);
#5091=ORIENTED_EDGE('',*,*,#3733,.F.);
#5092=ORIENTED_EDGE('',*,*,#3734,.F.);
#5093=ORIENTED_EDGE('',*,*,#3735,.F.);
#5094=ORIENTED_EDGE('',*,*,#3736,.F.);
#5095=ORIENTED_EDGE('',*,*,#3737,.F.);
#5096=ORIENTED_EDGE('',*,*,#3738,.F.);
#5097=ORIENTED_EDGE('',*,*,#3739,.F.);
#5098=ORIENTED_EDGE('',*,*,#3740,.F.);
#5099=ORIENTED_EDGE('',*,*,#3741,.F.);
#5100=ORIENTED_EDGE('',*,*,#3627,.F.);
#5101=ORIENTED_EDGE('',*,*,#3742,.T.);
#5102=ORIENTED_EDGE('',*,*,#3743,.T.);
#5103=ORIENTED_EDGE('',*,*,#3744,.F.);
#5104=ORIENTED_EDGE('',*,*,#3745,.F.);
#5105=ORIENTED_EDGE('',*,*,#3746,.F.);
#5106=ORIENTED_EDGE('',*,*,#3747,.F.);
#5107=ORIENTED_EDGE('',*,*,#3748,.F.);
#5108=ORIENTED_EDGE('',*,*,#3749,.T.);
#5109=ORIENTED_EDGE('',*,*,#3750,.F.);
#5110=ORIENTED_EDGE('',*,*,#3751,.F.);
#5111=ORIENTED_EDGE('',*,*,#3628,.T.);
#5112=ORIENTED_EDGE('',*,*,#3752,.T.);
#5113=ORIENTED_EDGE('',*,*,#3753,.T.);
#5114=ORIENTED_EDGE('',*,*,#3754,.T.);
#5115=ORIENTED_EDGE('',*,*,#3755,.T.);
#5116=ORIENTED_EDGE('',*,*,#3755,.F.);
#5117=ORIENTED_EDGE('',*,*,#3756,.T.);
#5118=ORIENTED_EDGE('',*,*,#3757,.F.);
#5119=ORIENTED_EDGE('',*,*,#3758,.T.);
#5120=ORIENTED_EDGE('',*,*,#3759,.T.);
#5121=ORIENTED_EDGE('',*,*,#3760,.T.);
#5122=ORIENTED_EDGE('',*,*,#3761,.T.);
#5123=ORIENTED_EDGE('',*,*,#3762,.T.);
#5124=ORIENTED_EDGE('',*,*,#3762,.F.);
#5125=ORIENTED_EDGE('',*,*,#3763,.T.);
#5126=ORIENTED_EDGE('',*,*,#3764,.F.);
#5127=ORIENTED_EDGE('',*,*,#3765,.F.);
#5128=ORIENTED_EDGE('',*,*,#3766,.T.);
#5129=ORIENTED_EDGE('',*,*,#3767,.T.);
#5130=ORIENTED_EDGE('',*,*,#3629,.T.);
#5131=ORIENTED_EDGE('',*,*,#3751,.T.);
#5132=ORIENTED_EDGE('',*,*,#3766,.F.);
#5133=ORIENTED_EDGE('',*,*,#3750,.T.);
#5134=ORIENTED_EDGE('',*,*,#3768,.T.);
#5135=ORIENTED_EDGE('',*,*,#3769,.T.);
#5136=ORIENTED_EDGE('',*,*,#3770,.T.);
#5137=ORIENTED_EDGE('',*,*,#3771,.T.);
#5138=ORIENTED_EDGE('',*,*,#3772,.T.);
#5139=ORIENTED_EDGE('',*,*,#3773,.T.);
#5140=ORIENTED_EDGE('',*,*,#3774,.T.);
#5141=ORIENTED_EDGE('',*,*,#3775,.F.);
#5142=ORIENTED_EDGE('',*,*,#3776,.T.);
#5143=ORIENTED_EDGE('',*,*,#3777,.T.);
#5144=ORIENTED_EDGE('',*,*,#3778,.T.);
#5145=ORIENTED_EDGE('',*,*,#3779,.F.);
#5146=ORIENTED_EDGE('',*,*,#3780,.T.);
#5147=ORIENTED_EDGE('',*,*,#3781,.T.);
#5148=ORIENTED_EDGE('',*,*,#3782,.T.);
#5149=ORIENTED_EDGE('',*,*,#3783,.T.);
#5150=ORIENTED_EDGE('',*,*,#3784,.T.);
#5151=ORIENTED_EDGE('',*,*,#3785,.T.);
#5152=ORIENTED_EDGE('',*,*,#3786,.T.);
#5153=ORIENTED_EDGE('',*,*,#3787,.T.);
#5154=ORIENTED_EDGE('',*,*,#3788,.T.);
#5155=ORIENTED_EDGE('',*,*,#3789,.T.);
#5156=ORIENTED_EDGE('',*,*,#3790,.T.);
#5157=ORIENTED_EDGE('',*,*,#3791,.T.);
#5158=ORIENTED_EDGE('',*,*,#3792,.T.);
#5159=ORIENTED_EDGE('',*,*,#3793,.T.);
#5160=ORIENTED_EDGE('',*,*,#3794,.T.);
#5161=ORIENTED_EDGE('',*,*,#3795,.T.);
#5162=ORIENTED_EDGE('',*,*,#3796,.T.);
#5163=ORIENTED_EDGE('',*,*,#3797,.T.);
#5164=ORIENTED_EDGE('',*,*,#3798,.T.);
#5165=ORIENTED_EDGE('',*,*,#3799,.T.);
#5166=ORIENTED_EDGE('',*,*,#3800,.T.);
#5167=ORIENTED_EDGE('',*,*,#3801,.T.);
#5168=ORIENTED_EDGE('',*,*,#3802,.T.);
#5169=ORIENTED_EDGE('',*,*,#3803,.T.);
#5170=ORIENTED_EDGE('',*,*,#3804,.T.);
#5171=ORIENTED_EDGE('',*,*,#3805,.T.);
#5172=ORIENTED_EDGE('',*,*,#3806,.T.);
#5173=ORIENTED_EDGE('',*,*,#3807,.T.);
#5174=ORIENTED_EDGE('',*,*,#3808,.T.);
#5175=ORIENTED_EDGE('',*,*,#3809,.T.);
#5176=ORIENTED_EDGE('',*,*,#3810,.T.);
#5177=ORIENTED_EDGE('',*,*,#3811,.T.);
#5178=ORIENTED_EDGE('',*,*,#3812,.T.);
#5179=ORIENTED_EDGE('',*,*,#3813,.T.);
#5180=ORIENTED_EDGE('',*,*,#3814,.T.);
#5181=ORIENTED_EDGE('',*,*,#3815,.T.);
#5182=ORIENTED_EDGE('',*,*,#3816,.T.);
#5183=ORIENTED_EDGE('',*,*,#3817,.T.);
#5184=ORIENTED_EDGE('',*,*,#3818,.T.);
#5185=ORIENTED_EDGE('',*,*,#3819,.T.);
#5186=ORIENTED_EDGE('',*,*,#3820,.T.);
#5187=ORIENTED_EDGE('',*,*,#3821,.T.);
#5188=ORIENTED_EDGE('',*,*,#3822,.T.);
#5189=ORIENTED_EDGE('',*,*,#3823,.T.);
#5190=ORIENTED_EDGE('',*,*,#3824,.T.);
#5191=ORIENTED_EDGE('',*,*,#3825,.T.);
#5192=ORIENTED_EDGE('',*,*,#3826,.T.);
#5193=ORIENTED_EDGE('',*,*,#3827,.T.);
#5194=ORIENTED_EDGE('',*,*,#3828,.T.);
#5195=ORIENTED_EDGE('',*,*,#3829,.T.);
#5196=ORIENTED_EDGE('',*,*,#3830,.T.);
#5197=ORIENTED_EDGE('',*,*,#3831,.T.);
#5198=ORIENTED_EDGE('',*,*,#3832,.T.);
#5199=ORIENTED_EDGE('',*,*,#3833,.T.);
#5200=ORIENTED_EDGE('',*,*,#3834,.T.);
#5201=ORIENTED_EDGE('',*,*,#3835,.T.);
#5202=ORIENTED_EDGE('',*,*,#3836,.T.);
#5203=ORIENTED_EDGE('',*,*,#3837,.T.);
#5204=ORIENTED_EDGE('',*,*,#3838,.T.);
#5205=ORIENTED_EDGE('',*,*,#3839,.T.);
#5206=ORIENTED_EDGE('',*,*,#3840,.T.);
#5207=ORIENTED_EDGE('',*,*,#3841,.T.);
#5208=ORIENTED_EDGE('',*,*,#3842,.T.);
#5209=ORIENTED_EDGE('',*,*,#3843,.T.);
#5210=ORIENTED_EDGE('',*,*,#3844,.T.);
#5211=ORIENTED_EDGE('',*,*,#3845,.T.);
#5212=ORIENTED_EDGE('',*,*,#3846,.T.);
#5213=ORIENTED_EDGE('',*,*,#3847,.T.);
#5214=ORIENTED_EDGE('',*,*,#3848,.T.);
#5215=ORIENTED_EDGE('',*,*,#3849,.T.);
#5216=ORIENTED_EDGE('',*,*,#3850,.T.);
#5217=ORIENTED_EDGE('',*,*,#3851,.T.);
#5218=ORIENTED_EDGE('',*,*,#3852,.T.);
#5219=ORIENTED_EDGE('',*,*,#3853,.T.);
#5220=ORIENTED_EDGE('',*,*,#3854,.T.);
#5221=ORIENTED_EDGE('',*,*,#3855,.T.);
#5222=ORIENTED_EDGE('',*,*,#3856,.T.);
#5223=ORIENTED_EDGE('',*,*,#3857,.T.);
#5224=ORIENTED_EDGE('',*,*,#3858,.T.);
#5225=ORIENTED_EDGE('',*,*,#3859,.T.);
#5226=ORIENTED_EDGE('',*,*,#3860,.T.);
#5227=ORIENTED_EDGE('',*,*,#3861,.T.);
#5228=ORIENTED_EDGE('',*,*,#3862,.T.);
#5229=ORIENTED_EDGE('',*,*,#3863,.T.);
#5230=ORIENTED_EDGE('',*,*,#3864,.T.);
#5231=ORIENTED_EDGE('',*,*,#3865,.T.);
#5232=ORIENTED_EDGE('',*,*,#3866,.T.);
#5233=ORIENTED_EDGE('',*,*,#3867,.T.);
#5234=ORIENTED_EDGE('',*,*,#3868,.T.);
#5235=ORIENTED_EDGE('',*,*,#3869,.T.);
#5236=ORIENTED_EDGE('',*,*,#3870,.T.);
#5237=ORIENTED_EDGE('',*,*,#3871,.T.);
#5238=ORIENTED_EDGE('',*,*,#3872,.T.);
#5239=ORIENTED_EDGE('',*,*,#3873,.T.);
#5240=ORIENTED_EDGE('',*,*,#3874,.T.);
#5241=ORIENTED_EDGE('',*,*,#3875,.T.);
#5242=ORIENTED_EDGE('',*,*,#3429,.T.);
#5243=ORIENTED_EDGE('',*,*,#3433,.T.);
#5244=ORIENTED_EDGE('',*,*,#3436,.T.);
#5245=ORIENTED_EDGE('',*,*,#3439,.T.);
#5246=ORIENTED_EDGE('',*,*,#3441,.T.);
#5247=ORIENTED_EDGE('',*,*,#3445,.T.);
#5248=ORIENTED_EDGE('',*,*,#3448,.T.);
#5249=ORIENTED_EDGE('',*,*,#3451,.T.);
#5250=ORIENTED_EDGE('',*,*,#3453,.T.);
#5251=ORIENTED_EDGE('',*,*,#3457,.T.);
#5252=ORIENTED_EDGE('',*,*,#3460,.T.);
#5253=ORIENTED_EDGE('',*,*,#3463,.T.);
#5254=ORIENTED_EDGE('',*,*,#3465,.T.);
#5255=ORIENTED_EDGE('',*,*,#3469,.T.);
#5256=ORIENTED_EDGE('',*,*,#3472,.T.);
#5257=ORIENTED_EDGE('',*,*,#3475,.T.);
#5258=ORIENTED_EDGE('',*,*,#3482,.T.);
#5259=ORIENTED_EDGE('',*,*,#3486,.T.);
#5260=ORIENTED_EDGE('',*,*,#3489,.T.);
#5261=ORIENTED_EDGE('',*,*,#3492,.T.);
#5262=ORIENTED_EDGE('',*,*,#3496,.T.);
#5263=ORIENTED_EDGE('',*,*,#3876,.F.);
#5264=ORIENTED_EDGE('',*,*,#3877,.T.);
#5265=ORIENTED_EDGE('',*,*,#3878,.T.);
#5266=ORIENTED_EDGE('',*,*,#3879,.T.);
#5267=ORIENTED_EDGE('',*,*,#3880,.T.);
#5268=ORIENTED_EDGE('',*,*,#3877,.F.);
#5269=ORIENTED_EDGE('',*,*,#3881,.T.);
#5270=ORIENTED_EDGE('',*,*,#3882,.T.);
#5271=ORIENTED_EDGE('',*,*,#3883,.T.);
#5272=ORIENTED_EDGE('',*,*,#3879,.F.);
#5273=ORIENTED_EDGE('',*,*,#3884,.T.);
#5274=ORIENTED_EDGE('',*,*,#3885,.T.);
#5275=ORIENTED_EDGE('',*,*,#3886,.T.);
#5276=ORIENTED_EDGE('',*,*,#3882,.F.);
#5277=ORIENTED_EDGE('',*,*,#3887,.T.);
#5278=ORIENTED_EDGE('',*,*,#3888,.F.);
#5279=ORIENTED_EDGE('',*,*,#3745,.T.);
#5280=ORIENTED_EDGE('',*,*,#3885,.F.);
#5281=ORIENTED_EDGE('',*,*,#3526,.F.);
#5282=ORIENTED_EDGE('',*,*,#3889,.F.);
#5283=ORIENTED_EDGE('',*,*,#3890,.F.);
#5284=ORIENTED_EDGE('',*,*,#3887,.F.);
#5285=ORIENTED_EDGE('',*,*,#3884,.F.);
#5286=ORIENTED_EDGE('',*,*,#3881,.F.);
#5287=ORIENTED_EDGE('',*,*,#3891,.F.);
#5288=ORIENTED_EDGE('',*,*,#3892,.T.);
#5289=ORIENTED_EDGE('',*,*,#3893,.T.);
#5290=ORIENTED_EDGE('',*,*,#3894,.T.);
#5291=ORIENTED_EDGE('',*,*,#3600,.T.);
#5292=ORIENTED_EDGE('',*,*,#3895,.T.);
#5293=ORIENTED_EDGE('',*,*,#3896,.T.);
#5294=ORIENTED_EDGE('',*,*,#3876,.T.);
#5295=ORIENTED_EDGE('',*,*,#3897,.T.);
#5296=ORIENTED_EDGE('',*,*,#3895,.F.);
#5297=ORIENTED_EDGE('',*,*,#3894,.F.);
#5298=ORIENTED_EDGE('',*,*,#3898,.T.);
#5299=ORIENTED_EDGE('',*,*,#3899,.T.);
#5300=ORIENTED_EDGE('',*,*,#3601,.T.);
#5301=ORIENTED_EDGE('',*,*,#3900,.T.);
#5302=ORIENTED_EDGE('',*,*,#3602,.T.);
#5303=ORIENTED_EDGE('',*,*,#3899,.F.);
#5304=ORIENTED_EDGE('',*,*,#3901,.T.);
#5305=ORIENTED_EDGE('',*,*,#3900,.F.);
#5306=ORIENTED_EDGE('',*,*,#3902,.T.);
#5307=ORIENTED_EDGE('',*,*,#3903,.T.);
#5308=ORIENTED_EDGE('',*,*,#3603,.T.);
#5309=ORIENTED_EDGE('',*,*,#3604,.T.);
#5310=ORIENTED_EDGE('',*,*,#3903,.F.);
#5311=ORIENTED_EDGE('',*,*,#3747,.T.);
#5312=ORIENTED_EDGE('',*,*,#3904,.T.);
#5313=ORIENTED_EDGE('',*,*,#3746,.T.);
#5314=ORIENTED_EDGE('',*,*,#3888,.T.);
#5315=ORIENTED_EDGE('',*,*,#3905,.T.);
#5316=ORIENTED_EDGE('',*,*,#3904,.F.);
#5317=ORIENTED_EDGE('',*,*,#3896,.F.);
#5318=ORIENTED_EDGE('',*,*,#3599,.F.);
#5319=ORIENTED_EDGE('',*,*,#3906,.T.);
#5320=ORIENTED_EDGE('',*,*,#3891,.T.);
#5321=ORIENTED_EDGE('',*,*,#3905,.F.);
#5322=ORIENTED_EDGE('',*,*,#3890,.T.);
#5323=ORIENTED_EDGE('',*,*,#3907,.F.);
#5324=ORIENTED_EDGE('',*,*,#3605,.F.);
#5325=ORIENTED_EDGE('',*,*,#3902,.F.);
#5326=ORIENTED_EDGE('',*,*,#3908,.T.);
#5327=ORIENTED_EDGE('',*,*,#3909,.F.);
#5328=ORIENTED_EDGE('',*,*,#3748,.T.);
#5329=ORIENTED_EDGE('',*,*,#3898,.F.);
#5330=ORIENTED_EDGE('',*,*,#3910,.T.);
#5331=ORIENTED_EDGE('',*,*,#3911,.T.);
#5332=ORIENTED_EDGE('',*,*,#3912,.T.);
#5333=ORIENTED_EDGE('',*,*,#3901,.F.);
#5334=ORIENTED_EDGE('',*,*,#3912,.F.);
#5335=ORIENTED_EDGE('',*,*,#3913,.F.);
#5336=ORIENTED_EDGE('',*,*,#3908,.F.);
#5337=ORIENTED_EDGE('',*,*,#3880,.F.);
#5338=ORIENTED_EDGE('',*,*,#3914,.T.);
#5339=ORIENTED_EDGE('',*,*,#3915,.F.);
#5340=ORIENTED_EDGE('',*,*,#3916,.T.);
#5341=ORIENTED_EDGE('',*,*,#3753,.F.);
#5342=ORIENTED_EDGE('',*,*,#3917,.T.);
#5343=ORIENTED_EDGE('',*,*,#3760,.F.);
#5344=ORIENTED_EDGE('',*,*,#3918,.F.);
#5345=ORIENTED_EDGE('',*,*,#3919,.T.);
#5346=ORIENTED_EDGE('',*,*,#3910,.F.);
#5347=ORIENTED_EDGE('',*,*,#3893,.F.);
#5348=ORIENTED_EDGE('',*,*,#3897,.F.);
#5349=ORIENTED_EDGE('',*,*,#3878,.F.);
#5350=ORIENTED_EDGE('',*,*,#3916,.F.);
#5351=ORIENTED_EDGE('',*,*,#3920,.F.);
#5352=ORIENTED_EDGE('',*,*,#3921,.T.);
#5353=ORIENTED_EDGE('',*,*,#3886,.F.);
#5354=ORIENTED_EDGE('',*,*,#3744,.T.);
#5355=ORIENTED_EDGE('',*,*,#3922,.F.);
#5356=ORIENTED_EDGE('',*,*,#3923,.T.);
#5357=ORIENTED_EDGE('',*,*,#3915,.T.);
#5358=ORIENTED_EDGE('',*,*,#3924,.T.);
#5359=ORIENTED_EDGE('',*,*,#3922,.T.);
#5360=ORIENTED_EDGE('',*,*,#3743,.F.);
#5361=ORIENTED_EDGE('',*,*,#3925,.T.);
#5362=ORIENTED_EDGE('',*,*,#3920,.T.);
#5363=ORIENTED_EDGE('',*,*,#3544,.F.);
#5364=ORIENTED_EDGE('',*,*,#3611,.T.);
#5365=ORIENTED_EDGE('',*,*,#3594,.F.);
#5366=ORIENTED_EDGE('',*,*,#3926,.T.);
#5367=ORIENTED_EDGE('',*,*,#3550,.F.);
#5368=ORIENTED_EDGE('',*,*,#3548,.F.);
#5369=ORIENTED_EDGE('',*,*,#3926,.F.);
#5370=ORIENTED_EDGE('',*,*,#3593,.F.);
#5371=ORIENTED_EDGE('',*,*,#3927,.T.);
#5372=ORIENTED_EDGE('',*,*,#3558,.F.);
#5373=ORIENTED_EDGE('',*,*,#3726,.T.);
#5374=ORIENTED_EDGE('',*,*,#3928,.T.);
#5375=ORIENTED_EDGE('',*,*,#3779,.T.);
#5376=ORIENTED_EDGE('',*,*,#3929,.T.);
#5377=ORIENTED_EDGE('',*,*,#3727,.F.);
#5378=ORIENTED_EDGE('',*,*,#3929,.F.);
#5379=ORIENTED_EDGE('',*,*,#3778,.F.);
#5380=ORIENTED_EDGE('',*,*,#3930,.T.);
#5381=ORIENTED_EDGE('',*,*,#3931,.T.);
#5382=ORIENTED_EDGE('',*,*,#3932,.F.);
#5383=ORIENTED_EDGE('',*,*,#3933,.T.);
#5384=ORIENTED_EDGE('',*,*,#3934,.T.);
#5385=ORIENTED_EDGE('',*,*,#3935,.F.);
#5386=ORIENTED_EDGE('',*,*,#3936,.T.);
#5387=ORIENTED_EDGE('',*,*,#3934,.F.);
#5388=ORIENTED_EDGE('',*,*,#3937,.F.);
#5389=ORIENTED_EDGE('',*,*,#3938,.T.);
#5390=ORIENTED_EDGE('',*,*,#3939,.T.);
#5391=ORIENTED_EDGE('',*,*,#3759,.F.);
#5392=ORIENTED_EDGE('',*,*,#3765,.T.);
#5393=ORIENTED_EDGE('',*,*,#3940,.T.);
#5394=ORIENTED_EDGE('',*,*,#3941,.T.);
#5395=ORIENTED_EDGE('',*,*,#3937,.T.);
#5396=ORIENTED_EDGE('',*,*,#3933,.F.);
#5397=ORIENTED_EDGE('',*,*,#3942,.T.);
#5398=ORIENTED_EDGE('',*,*,#3943,.T.);
#5399=ORIENTED_EDGE('',*,*,#3944,.T.);
#5400=ORIENTED_EDGE('',*,*,#3945,.T.);
#5401=ORIENTED_EDGE('',*,*,#3946,.T.);
#5402=ORIENTED_EDGE('',*,*,#3947,.T.);
#5403=ORIENTED_EDGE('',*,*,#3948,.T.);
#5404=ORIENTED_EDGE('',*,*,#3918,.T.);
#5405=ORIENTED_EDGE('',*,*,#3479,.T.);
#5406=ORIENTED_EDGE('',*,*,#3612,.T.);
#5407=ORIENTED_EDGE('',*,*,#3949,.T.);
#5408=ORIENTED_EDGE('',*,*,#3775,.T.);
#5409=ORIENTED_EDGE('',*,*,#3950,.T.);
#5410=ORIENTED_EDGE('',*,*,#3776,.F.);
#5411=ORIENTED_EDGE('',*,*,#3949,.F.);
#5412=ORIENTED_EDGE('',*,*,#3623,.F.);
#5413=ORIENTED_EDGE('',*,*,#3951,.F.);
#5414=ORIENTED_EDGE('',*,*,#3944,.F.);
#5415=ORIENTED_EDGE('',*,*,#3952,.T.);
#5416=ORIENTED_EDGE('',*,*,#3953,.T.);
#5417=ORIENTED_EDGE('',*,*,#3954,.F.);
#5418=ORIENTED_EDGE('',*,*,#3945,.F.);
#5419=ORIENTED_EDGE('',*,*,#3951,.T.);
#5420=ORIENTED_EDGE('',*,*,#3622,.T.);
#5421=ORIENTED_EDGE('',*,*,#3955,.T.);
#5422=ORIENTED_EDGE('',*,*,#3517,.F.);
#5423=ORIENTED_EDGE('',*,*,#3956,.T.);
#5424=ORIENTED_EDGE('',*,*,#3957,.T.);
#5425=ORIENTED_EDGE('',*,*,#3559,.T.);
#5426=ORIENTED_EDGE('',*,*,#3956,.F.);
#5427=ORIENTED_EDGE('',*,*,#3597,.F.);
#5428=ORIENTED_EDGE('',*,*,#3907,.T.);
#5429=ORIENTED_EDGE('',*,*,#3958,.T.);
#5430=ORIENTED_EDGE('',*,*,#3906,.F.);
#5431=ORIENTED_EDGE('',*,*,#3607,.F.);
#5432=ORIENTED_EDGE('',*,*,#3959,.T.);
#5433=ORIENTED_EDGE('',*,*,#3960,.T.);
#5434=ORIENTED_EDGE('',*,*,#3961,.T.);
#5435=ORIENTED_EDGE('',*,*,#3959,.F.);
#5436=ORIENTED_EDGE('',*,*,#3608,.F.);
#5437=ORIENTED_EDGE('',*,*,#3505,.F.);
#5438=ORIENTED_EDGE('',*,*,#3528,.F.);
#5439=ORIENTED_EDGE('',*,*,#3892,.F.);
#5440=ORIENTED_EDGE('',*,*,#3960,.F.);
#5441=ORIENTED_EDGE('',*,*,#3962,.T.);
#5442=ORIENTED_EDGE('',*,*,#3532,.F.);
#5443=ORIENTED_EDGE('',*,*,#3531,.F.);
#5444=ORIENTED_EDGE('',*,*,#3962,.F.);
#5445=ORIENTED_EDGE('',*,*,#3961,.F.);
#5446=ORIENTED_EDGE('',*,*,#3504,.F.);
#5447=ORIENTED_EDGE('',*,*,#3501,.T.);
#5448=ORIENTED_EDGE('',*,*,#3521,.F.);
#5449=ORIENTED_EDGE('',*,*,#3509,.F.);
#5450=ORIENTED_EDGE('',*,*,#3560,.F.);
#5451=ORIENTED_EDGE('',*,*,#3957,.F.);
#5452=ORIENTED_EDGE('',*,*,#3963,.T.);
#5453=ORIENTED_EDGE('',*,*,#3529,.F.);
#5454=ORIENTED_EDGE('',*,*,#3963,.F.);
#5455=ORIENTED_EDGE('',*,*,#3958,.F.);
#5456=ORIENTED_EDGE('',*,*,#3889,.T.);
#5457=ORIENTED_EDGE('',*,*,#3524,.F.);
#5458=ORIENTED_EDGE('',*,*,#3913,.T.);
#5459=ORIENTED_EDGE('',*,*,#3911,.F.);
#5460=ORIENTED_EDGE('',*,*,#3919,.F.);
#5461=ORIENTED_EDGE('',*,*,#3948,.F.);
#5462=ORIENTED_EDGE('',*,*,#3964,.T.);
#5463=ORIENTED_EDGE('',*,*,#3619,.F.);
#5464=ORIENTED_EDGE('',*,*,#3965,.F.);
#5465=ORIENTED_EDGE('',*,*,#3768,.F.);
#5466=ORIENTED_EDGE('',*,*,#3749,.F.);
#5467=ORIENTED_EDGE('',*,*,#3909,.T.);
#5468=ORIENTED_EDGE('',*,*,#3883,.F.);
#5469=ORIENTED_EDGE('',*,*,#3923,.F.);
#5470=ORIENTED_EDGE('',*,*,#3924,.F.);
#5471=ORIENTED_EDGE('',*,*,#3914,.F.);
#5472=ORIENTED_EDGE('',*,*,#3735,.T.);
#5473=ORIENTED_EDGE('',*,*,#3966,.T.);
#5474=ORIENTED_EDGE('',*,*,#3967,.T.);
#5475=ORIENTED_EDGE('',*,*,#3966,.F.);
#5476=ORIENTED_EDGE('',*,*,#3967,.F.);
#5477=ORIENTED_EDGE('',*,*,#3738,.T.);
#5478=ORIENTED_EDGE('',*,*,#3968,.T.);
#5479=ORIENTED_EDGE('',*,*,#3969,.T.);
#5480=ORIENTED_EDGE('',*,*,#3968,.F.);
#5481=ORIENTED_EDGE('',*,*,#3969,.F.);
#5482=ORIENTED_EDGE('',*,*,#3741,.T.);
#5483=ORIENTED_EDGE('',*,*,#3970,.T.);
#5484=ORIENTED_EDGE('',*,*,#3971,.T.);
#5485=ORIENTED_EDGE('',*,*,#3970,.F.);
#5486=ORIENTED_EDGE('',*,*,#3971,.F.);
#5487=ORIENTED_EDGE('',*,*,#3737,.T.);
#5488=ORIENTED_EDGE('',*,*,#3972,.T.);
#5489=ORIENTED_EDGE('',*,*,#3973,.T.);
#5490=ORIENTED_EDGE('',*,*,#3972,.F.);
#5491=ORIENTED_EDGE('',*,*,#3973,.F.);
#5492=ORIENTED_EDGE('',*,*,#3736,.T.);
#5493=ORIENTED_EDGE('',*,*,#3974,.T.);
#5494=ORIENTED_EDGE('',*,*,#3975,.T.);
#5495=ORIENTED_EDGE('',*,*,#3974,.F.);
#5496=ORIENTED_EDGE('',*,*,#3975,.F.);
#5497=ORIENTED_EDGE('',*,*,#3740,.T.);
#5498=ORIENTED_EDGE('',*,*,#3976,.T.);
#5499=ORIENTED_EDGE('',*,*,#3977,.T.);
#5500=ORIENTED_EDGE('',*,*,#3976,.F.);
#5501=ORIENTED_EDGE('',*,*,#3977,.F.);
#5502=ORIENTED_EDGE('',*,*,#3734,.T.);
#5503=ORIENTED_EDGE('',*,*,#3978,.T.);
#5504=ORIENTED_EDGE('',*,*,#3979,.T.);
#5505=ORIENTED_EDGE('',*,*,#3978,.F.);
#5506=ORIENTED_EDGE('',*,*,#3979,.F.);
#5507=ORIENTED_EDGE('',*,*,#3739,.T.);
#5508=ORIENTED_EDGE('',*,*,#3980,.T.);
#5509=ORIENTED_EDGE('',*,*,#3981,.T.);
#5510=ORIENTED_EDGE('',*,*,#3980,.F.);
#5511=ORIENTED_EDGE('',*,*,#3981,.F.);
#5512=ORIENTED_EDGE('',*,*,#3728,.T.);
#5513=ORIENTED_EDGE('',*,*,#3932,.T.);
#5514=ORIENTED_EDGE('',*,*,#3982,.T.);
#5515=ORIENTED_EDGE('',*,*,#3983,.F.);
#5516=ORIENTED_EDGE('',*,*,#3729,.T.);
#5517=ORIENTED_EDGE('',*,*,#3983,.T.);
#5518=ORIENTED_EDGE('',*,*,#3984,.T.);
#5519=ORIENTED_EDGE('',*,*,#3985,.F.);
#5520=ORIENTED_EDGE('',*,*,#3730,.T.);
#5521=ORIENTED_EDGE('',*,*,#3985,.T.);
#5522=ORIENTED_EDGE('',*,*,#3986,.T.);
#5523=ORIENTED_EDGE('',*,*,#3987,.F.);
#5524=ORIENTED_EDGE('',*,*,#3731,.T.);
#5525=ORIENTED_EDGE('',*,*,#3987,.T.);
#5526=ORIENTED_EDGE('',*,*,#3988,.T.);
#5527=ORIENTED_EDGE('',*,*,#3989,.F.);
#5528=ORIENTED_EDGE('',*,*,#3732,.T.);
#5529=ORIENTED_EDGE('',*,*,#3989,.T.);
#5530=ORIENTED_EDGE('',*,*,#3990,.T.);
#5531=ORIENTED_EDGE('',*,*,#3991,.F.);
#5532=ORIENTED_EDGE('',*,*,#3625,.F.);
#5533=ORIENTED_EDGE('',*,*,#3733,.T.);
#5534=ORIENTED_EDGE('',*,*,#3991,.T.);
#5535=ORIENTED_EDGE('',*,*,#3992,.T.);
#5536=ORIENTED_EDGE('',*,*,#3777,.F.);
#5537=ORIENTED_EDGE('',*,*,#3954,.T.);
#5538=ORIENTED_EDGE('',*,*,#3993,.T.);
#5539=ORIENTED_EDGE('',*,*,#3930,.F.);
#5540=ORIENTED_EDGE('',*,*,#3943,.F.);
#5541=ORIENTED_EDGE('',*,*,#3994,.T.);
#5542=ORIENTED_EDGE('',*,*,#3995,.T.);
#5543=ORIENTED_EDGE('',*,*,#3952,.F.);
#5544=ORIENTED_EDGE('',*,*,#3996,.F.);
#5545=ORIENTED_EDGE('',*,*,#3997,.T.);
#5546=ORIENTED_EDGE('',*,*,#3998,.T.);
#5547=ORIENTED_EDGE('',*,*,#3994,.F.);
#5548=ORIENTED_EDGE('',*,*,#3942,.F.);
#5549=ORIENTED_EDGE('',*,*,#3936,.F.);
#5550=ORIENTED_EDGE('',*,*,#3999,.T.);
#5551=ORIENTED_EDGE('',*,*,#3757,.T.);
#5552=ORIENTED_EDGE('',*,*,#4000,.T.);
#5553=ORIENTED_EDGE('',*,*,#3997,.F.);
#5554=ORIENTED_EDGE('',*,*,#3742,.F.);
#5555=ORIENTED_EDGE('',*,*,#3626,.F.);
#5556=ORIENTED_EDGE('',*,*,#3992,.F.);
#5557=ORIENTED_EDGE('',*,*,#3990,.F.);
#5558=ORIENTED_EDGE('',*,*,#3988,.F.);
#5559=ORIENTED_EDGE('',*,*,#3986,.F.);
#5560=ORIENTED_EDGE('',*,*,#3984,.F.);
#5561=ORIENTED_EDGE('',*,*,#3982,.F.);
#5562=ORIENTED_EDGE('',*,*,#3931,.F.);
#5563=ORIENTED_EDGE('',*,*,#3993,.F.);
#5564=ORIENTED_EDGE('',*,*,#3953,.F.);
#5565=ORIENTED_EDGE('',*,*,#3995,.F.);
#5566=ORIENTED_EDGE('',*,*,#3998,.F.);
#5567=ORIENTED_EDGE('',*,*,#4000,.F.);
#5568=ORIENTED_EDGE('',*,*,#3756,.F.);
#5569=ORIENTED_EDGE('',*,*,#3754,.F.);
#5570=ORIENTED_EDGE('',*,*,#3921,.F.);
#5571=ORIENTED_EDGE('',*,*,#3925,.F.);
#5572=ORIENTED_EDGE('',*,*,#3767,.F.);
#5573=ORIENTED_EDGE('',*,*,#3875,.F.);
#5574=ORIENTED_EDGE('',*,*,#4001,.T.);
#5575=ORIENTED_EDGE('',*,*,#3630,.T.);
#5576=ORIENTED_EDGE('',*,*,#3874,.F.);
#5577=ORIENTED_EDGE('',*,*,#4002,.T.);
#5578=ORIENTED_EDGE('',*,*,#3631,.T.);
#5579=ORIENTED_EDGE('',*,*,#4001,.F.);
#5580=ORIENTED_EDGE('',*,*,#3873,.F.);
#5581=ORIENTED_EDGE('',*,*,#4003,.T.);
#5582=ORIENTED_EDGE('',*,*,#3632,.T.);
#5583=ORIENTED_EDGE('',*,*,#4002,.F.);
#5584=ORIENTED_EDGE('',*,*,#3872,.F.);
#5585=ORIENTED_EDGE('',*,*,#4004,.T.);
#5586=ORIENTED_EDGE('',*,*,#3633,.T.);
#5587=ORIENTED_EDGE('',*,*,#4003,.F.);
#5588=ORIENTED_EDGE('',*,*,#3871,.F.);
#5589=ORIENTED_EDGE('',*,*,#4005,.T.);
#5590=ORIENTED_EDGE('',*,*,#3634,.T.);
#5591=ORIENTED_EDGE('',*,*,#4004,.F.);
#5592=ORIENTED_EDGE('',*,*,#3870,.F.);
#5593=ORIENTED_EDGE('',*,*,#4006,.T.);
#5594=ORIENTED_EDGE('',*,*,#3635,.T.);
#5595=ORIENTED_EDGE('',*,*,#4005,.F.);
#5596=ORIENTED_EDGE('',*,*,#3869,.F.);
#5597=ORIENTED_EDGE('',*,*,#4007,.T.);
#5598=ORIENTED_EDGE('',*,*,#3636,.T.);
#5599=ORIENTED_EDGE('',*,*,#4006,.F.);
#5600=ORIENTED_EDGE('',*,*,#3868,.F.);
#5601=ORIENTED_EDGE('',*,*,#4008,.T.);
#5602=ORIENTED_EDGE('',*,*,#3637,.T.);
#5603=ORIENTED_EDGE('',*,*,#4007,.F.);
#5604=ORIENTED_EDGE('',*,*,#3867,.F.);
#5605=ORIENTED_EDGE('',*,*,#4009,.T.);
#5606=ORIENTED_EDGE('',*,*,#3638,.T.);
#5607=ORIENTED_EDGE('',*,*,#4008,.F.);
#5608=ORIENTED_EDGE('',*,*,#3866,.F.);
#5609=ORIENTED_EDGE('',*,*,#4010,.T.);
#5610=ORIENTED_EDGE('',*,*,#3639,.T.);
#5611=ORIENTED_EDGE('',*,*,#4009,.F.);
#5612=ORIENTED_EDGE('',*,*,#3865,.F.);
#5613=ORIENTED_EDGE('',*,*,#4011,.T.);
#5614=ORIENTED_EDGE('',*,*,#3640,.T.);
#5615=ORIENTED_EDGE('',*,*,#4010,.F.);
#5616=ORIENTED_EDGE('',*,*,#3864,.F.);
#5617=ORIENTED_EDGE('',*,*,#4012,.T.);
#5618=ORIENTED_EDGE('',*,*,#3641,.T.);
#5619=ORIENTED_EDGE('',*,*,#4011,.F.);
#5620=ORIENTED_EDGE('',*,*,#3863,.F.);
#5621=ORIENTED_EDGE('',*,*,#4013,.T.);
#5622=ORIENTED_EDGE('',*,*,#3642,.T.);
#5623=ORIENTED_EDGE('',*,*,#4012,.F.);
#5624=ORIENTED_EDGE('',*,*,#3862,.F.);
#5625=ORIENTED_EDGE('',*,*,#4014,.T.);
#5626=ORIENTED_EDGE('',*,*,#3643,.T.);
#5627=ORIENTED_EDGE('',*,*,#4013,.F.);
#5628=ORIENTED_EDGE('',*,*,#3861,.F.);
#5629=ORIENTED_EDGE('',*,*,#4015,.T.);
#5630=ORIENTED_EDGE('',*,*,#3644,.T.);
#5631=ORIENTED_EDGE('',*,*,#4014,.F.);
#5632=ORIENTED_EDGE('',*,*,#3860,.F.);
#5633=ORIENTED_EDGE('',*,*,#4016,.T.);
#5634=ORIENTED_EDGE('',*,*,#3645,.T.);
#5635=ORIENTED_EDGE('',*,*,#4015,.F.);
#5636=ORIENTED_EDGE('',*,*,#3859,.F.);
#5637=ORIENTED_EDGE('',*,*,#4017,.T.);
#5638=ORIENTED_EDGE('',*,*,#3646,.T.);
#5639=ORIENTED_EDGE('',*,*,#4016,.F.);
#5640=ORIENTED_EDGE('',*,*,#3858,.F.);
#5641=ORIENTED_EDGE('',*,*,#4018,.T.);
#5642=ORIENTED_EDGE('',*,*,#3647,.T.);
#5643=ORIENTED_EDGE('',*,*,#4017,.F.);
#5644=ORIENTED_EDGE('',*,*,#3857,.F.);
#5645=ORIENTED_EDGE('',*,*,#4019,.T.);
#5646=ORIENTED_EDGE('',*,*,#3648,.T.);
#5647=ORIENTED_EDGE('',*,*,#4018,.F.);
#5648=ORIENTED_EDGE('',*,*,#3856,.F.);
#5649=ORIENTED_EDGE('',*,*,#4020,.T.);
#5650=ORIENTED_EDGE('',*,*,#3649,.T.);
#5651=ORIENTED_EDGE('',*,*,#4019,.F.);
#5652=ORIENTED_EDGE('',*,*,#3855,.F.);
#5653=ORIENTED_EDGE('',*,*,#4021,.T.);
#5654=ORIENTED_EDGE('',*,*,#3650,.T.);
#5655=ORIENTED_EDGE('',*,*,#4020,.F.);
#5656=ORIENTED_EDGE('',*,*,#3854,.F.);
#5657=ORIENTED_EDGE('',*,*,#4022,.T.);
#5658=ORIENTED_EDGE('',*,*,#3651,.T.);
#5659=ORIENTED_EDGE('',*,*,#4021,.F.);
#5660=ORIENTED_EDGE('',*,*,#3853,.F.);
#5661=ORIENTED_EDGE('',*,*,#4023,.T.);
#5662=ORIENTED_EDGE('',*,*,#3652,.T.);
#5663=ORIENTED_EDGE('',*,*,#4022,.F.);
#5664=ORIENTED_EDGE('',*,*,#3852,.F.);
#5665=ORIENTED_EDGE('',*,*,#4024,.T.);
#5666=ORIENTED_EDGE('',*,*,#3653,.T.);
#5667=ORIENTED_EDGE('',*,*,#4023,.F.);
#5668=ORIENTED_EDGE('',*,*,#3851,.F.);
#5669=ORIENTED_EDGE('',*,*,#4025,.T.);
#5670=ORIENTED_EDGE('',*,*,#3654,.T.);
#5671=ORIENTED_EDGE('',*,*,#4024,.F.);
#5672=ORIENTED_EDGE('',*,*,#3850,.F.);
#5673=ORIENTED_EDGE('',*,*,#4026,.T.);
#5674=ORIENTED_EDGE('',*,*,#3655,.T.);
#5675=ORIENTED_EDGE('',*,*,#4025,.F.);
#5676=ORIENTED_EDGE('',*,*,#3849,.F.);
#5677=ORIENTED_EDGE('',*,*,#4027,.T.);
#5678=ORIENTED_EDGE('',*,*,#3656,.T.);
#5679=ORIENTED_EDGE('',*,*,#4026,.F.);
#5680=ORIENTED_EDGE('',*,*,#3848,.F.);
#5681=ORIENTED_EDGE('',*,*,#4028,.T.);
#5682=ORIENTED_EDGE('',*,*,#3657,.T.);
#5683=ORIENTED_EDGE('',*,*,#4027,.F.);
#5684=ORIENTED_EDGE('',*,*,#3847,.F.);
#5685=ORIENTED_EDGE('',*,*,#4029,.T.);
#5686=ORIENTED_EDGE('',*,*,#3658,.T.);
#5687=ORIENTED_EDGE('',*,*,#4028,.F.);
#5688=ORIENTED_EDGE('',*,*,#3846,.F.);
#5689=ORIENTED_EDGE('',*,*,#4030,.T.);
#5690=ORIENTED_EDGE('',*,*,#3659,.T.);
#5691=ORIENTED_EDGE('',*,*,#4029,.F.);
#5692=ORIENTED_EDGE('',*,*,#3845,.F.);
#5693=ORIENTED_EDGE('',*,*,#4031,.T.);
#5694=ORIENTED_EDGE('',*,*,#3660,.T.);
#5695=ORIENTED_EDGE('',*,*,#4030,.F.);
#5696=ORIENTED_EDGE('',*,*,#3844,.F.);
#5697=ORIENTED_EDGE('',*,*,#4032,.T.);
#5698=ORIENTED_EDGE('',*,*,#3661,.T.);
#5699=ORIENTED_EDGE('',*,*,#4031,.F.);
#5700=ORIENTED_EDGE('',*,*,#3843,.F.);
#5701=ORIENTED_EDGE('',*,*,#4033,.T.);
#5702=ORIENTED_EDGE('',*,*,#3662,.T.);
#5703=ORIENTED_EDGE('',*,*,#4032,.F.);
#5704=ORIENTED_EDGE('',*,*,#3842,.F.);
#5705=ORIENTED_EDGE('',*,*,#4034,.T.);
#5706=ORIENTED_EDGE('',*,*,#3663,.T.);
#5707=ORIENTED_EDGE('',*,*,#4033,.F.);
#5708=ORIENTED_EDGE('',*,*,#3841,.F.);
#5709=ORIENTED_EDGE('',*,*,#4035,.T.);
#5710=ORIENTED_EDGE('',*,*,#3664,.T.);
#5711=ORIENTED_EDGE('',*,*,#4034,.F.);
#5712=ORIENTED_EDGE('',*,*,#3840,.F.);
#5713=ORIENTED_EDGE('',*,*,#4036,.T.);
#5714=ORIENTED_EDGE('',*,*,#3665,.T.);
#5715=ORIENTED_EDGE('',*,*,#4035,.F.);
#5716=ORIENTED_EDGE('',*,*,#3839,.F.);
#5717=ORIENTED_EDGE('',*,*,#4037,.T.);
#5718=ORIENTED_EDGE('',*,*,#3666,.T.);
#5719=ORIENTED_EDGE('',*,*,#4036,.F.);
#5720=ORIENTED_EDGE('',*,*,#3838,.F.);
#5721=ORIENTED_EDGE('',*,*,#4038,.T.);
#5722=ORIENTED_EDGE('',*,*,#3667,.T.);
#5723=ORIENTED_EDGE('',*,*,#4037,.F.);
#5724=ORIENTED_EDGE('',*,*,#3837,.F.);
#5725=ORIENTED_EDGE('',*,*,#4039,.T.);
#5726=ORIENTED_EDGE('',*,*,#3668,.T.);
#5727=ORIENTED_EDGE('',*,*,#4038,.F.);
#5728=ORIENTED_EDGE('',*,*,#3836,.F.);
#5729=ORIENTED_EDGE('',*,*,#4040,.T.);
#5730=ORIENTED_EDGE('',*,*,#3669,.T.);
#5731=ORIENTED_EDGE('',*,*,#4039,.F.);
#5732=ORIENTED_EDGE('',*,*,#3835,.F.);
#5733=ORIENTED_EDGE('',*,*,#4041,.T.);
#5734=ORIENTED_EDGE('',*,*,#3670,.T.);
#5735=ORIENTED_EDGE('',*,*,#4040,.F.);
#5736=ORIENTED_EDGE('',*,*,#3834,.F.);
#5737=ORIENTED_EDGE('',*,*,#4042,.T.);
#5738=ORIENTED_EDGE('',*,*,#3671,.T.);
#5739=ORIENTED_EDGE('',*,*,#4041,.F.);
#5740=ORIENTED_EDGE('',*,*,#3833,.F.);
#5741=ORIENTED_EDGE('',*,*,#4043,.T.);
#5742=ORIENTED_EDGE('',*,*,#3672,.T.);
#5743=ORIENTED_EDGE('',*,*,#4042,.F.);
#5744=ORIENTED_EDGE('',*,*,#3832,.F.);
#5745=ORIENTED_EDGE('',*,*,#4044,.T.);
#5746=ORIENTED_EDGE('',*,*,#3673,.T.);
#5747=ORIENTED_EDGE('',*,*,#4043,.F.);
#5748=ORIENTED_EDGE('',*,*,#3831,.F.);
#5749=ORIENTED_EDGE('',*,*,#4045,.T.);
#5750=ORIENTED_EDGE('',*,*,#3674,.T.);
#5751=ORIENTED_EDGE('',*,*,#4044,.F.);
#5752=ORIENTED_EDGE('',*,*,#3830,.F.);
#5753=ORIENTED_EDGE('',*,*,#4046,.T.);
#5754=ORIENTED_EDGE('',*,*,#3675,.T.);
#5755=ORIENTED_EDGE('',*,*,#4045,.F.);
#5756=ORIENTED_EDGE('',*,*,#3829,.F.);
#5757=ORIENTED_EDGE('',*,*,#4047,.T.);
#5758=ORIENTED_EDGE('',*,*,#3676,.T.);
#5759=ORIENTED_EDGE('',*,*,#4046,.F.);
#5760=ORIENTED_EDGE('',*,*,#3828,.F.);
#5761=ORIENTED_EDGE('',*,*,#4048,.T.);
#5762=ORIENTED_EDGE('',*,*,#3677,.T.);
#5763=ORIENTED_EDGE('',*,*,#4047,.F.);
#5764=ORIENTED_EDGE('',*,*,#3827,.F.);
#5765=ORIENTED_EDGE('',*,*,#4049,.T.);
#5766=ORIENTED_EDGE('',*,*,#3678,.T.);
#5767=ORIENTED_EDGE('',*,*,#4048,.F.);
#5768=ORIENTED_EDGE('',*,*,#3826,.F.);
#5769=ORIENTED_EDGE('',*,*,#4050,.T.);
#5770=ORIENTED_EDGE('',*,*,#3679,.T.);
#5771=ORIENTED_EDGE('',*,*,#4049,.F.);
#5772=ORIENTED_EDGE('',*,*,#3825,.F.);
#5773=ORIENTED_EDGE('',*,*,#4051,.T.);
#5774=ORIENTED_EDGE('',*,*,#3680,.T.);
#5775=ORIENTED_EDGE('',*,*,#4050,.F.);
#5776=ORIENTED_EDGE('',*,*,#3824,.F.);
#5777=ORIENTED_EDGE('',*,*,#4052,.T.);
#5778=ORIENTED_EDGE('',*,*,#3681,.T.);
#5779=ORIENTED_EDGE('',*,*,#4051,.F.);
#5780=ORIENTED_EDGE('',*,*,#3823,.F.);
#5781=ORIENTED_EDGE('',*,*,#4053,.T.);
#5782=ORIENTED_EDGE('',*,*,#3682,.T.);
#5783=ORIENTED_EDGE('',*,*,#4052,.F.);
#5784=ORIENTED_EDGE('',*,*,#3822,.F.);
#5785=ORIENTED_EDGE('',*,*,#4054,.T.);
#5786=ORIENTED_EDGE('',*,*,#3683,.T.);
#5787=ORIENTED_EDGE('',*,*,#4053,.F.);
#5788=ORIENTED_EDGE('',*,*,#3821,.F.);
#5789=ORIENTED_EDGE('',*,*,#4055,.T.);
#5790=ORIENTED_EDGE('',*,*,#3684,.T.);
#5791=ORIENTED_EDGE('',*,*,#4054,.F.);
#5792=ORIENTED_EDGE('',*,*,#3820,.F.);
#5793=ORIENTED_EDGE('',*,*,#4056,.T.);
#5794=ORIENTED_EDGE('',*,*,#3685,.T.);
#5795=ORIENTED_EDGE('',*,*,#4055,.F.);
#5796=ORIENTED_EDGE('',*,*,#3819,.F.);
#5797=ORIENTED_EDGE('',*,*,#4057,.T.);
#5798=ORIENTED_EDGE('',*,*,#3686,.T.);
#5799=ORIENTED_EDGE('',*,*,#4056,.F.);
#5800=ORIENTED_EDGE('',*,*,#3818,.F.);
#5801=ORIENTED_EDGE('',*,*,#4058,.T.);
#5802=ORIENTED_EDGE('',*,*,#3687,.T.);
#5803=ORIENTED_EDGE('',*,*,#4057,.F.);
#5804=ORIENTED_EDGE('',*,*,#3817,.F.);
#5805=ORIENTED_EDGE('',*,*,#4059,.T.);
#5806=ORIENTED_EDGE('',*,*,#3688,.T.);
#5807=ORIENTED_EDGE('',*,*,#4058,.F.);
#5808=ORIENTED_EDGE('',*,*,#3816,.F.);
#5809=ORIENTED_EDGE('',*,*,#4060,.T.);
#5810=ORIENTED_EDGE('',*,*,#3689,.T.);
#5811=ORIENTED_EDGE('',*,*,#4059,.F.);
#5812=ORIENTED_EDGE('',*,*,#3815,.F.);
#5813=ORIENTED_EDGE('',*,*,#4061,.T.);
#5814=ORIENTED_EDGE('',*,*,#3690,.T.);
#5815=ORIENTED_EDGE('',*,*,#4060,.F.);
#5816=ORIENTED_EDGE('',*,*,#3814,.F.);
#5817=ORIENTED_EDGE('',*,*,#4062,.T.);
#5818=ORIENTED_EDGE('',*,*,#3691,.T.);
#5819=ORIENTED_EDGE('',*,*,#4061,.F.);
#5820=ORIENTED_EDGE('',*,*,#3813,.F.);
#5821=ORIENTED_EDGE('',*,*,#4063,.T.);
#5822=ORIENTED_EDGE('',*,*,#3692,.T.);
#5823=ORIENTED_EDGE('',*,*,#4062,.F.);
#5824=ORIENTED_EDGE('',*,*,#3812,.F.);
#5825=ORIENTED_EDGE('',*,*,#4064,.T.);
#5826=ORIENTED_EDGE('',*,*,#3693,.T.);
#5827=ORIENTED_EDGE('',*,*,#4063,.F.);
#5828=ORIENTED_EDGE('',*,*,#3811,.F.);
#5829=ORIENTED_EDGE('',*,*,#4065,.T.);
#5830=ORIENTED_EDGE('',*,*,#3694,.T.);
#5831=ORIENTED_EDGE('',*,*,#4064,.F.);
#5832=ORIENTED_EDGE('',*,*,#3810,.F.);
#5833=ORIENTED_EDGE('',*,*,#4066,.T.);
#5834=ORIENTED_EDGE('',*,*,#3695,.T.);
#5835=ORIENTED_EDGE('',*,*,#4065,.F.);
#5836=ORIENTED_EDGE('',*,*,#3809,.F.);
#5837=ORIENTED_EDGE('',*,*,#4067,.T.);
#5838=ORIENTED_EDGE('',*,*,#3696,.T.);
#5839=ORIENTED_EDGE('',*,*,#4066,.F.);
#5840=ORIENTED_EDGE('',*,*,#3808,.F.);
#5841=ORIENTED_EDGE('',*,*,#4068,.T.);
#5842=ORIENTED_EDGE('',*,*,#3697,.T.);
#5843=ORIENTED_EDGE('',*,*,#4067,.F.);
#5844=ORIENTED_EDGE('',*,*,#3807,.F.);
#5845=ORIENTED_EDGE('',*,*,#4069,.T.);
#5846=ORIENTED_EDGE('',*,*,#3698,.T.);
#5847=ORIENTED_EDGE('',*,*,#4068,.F.);
#5848=ORIENTED_EDGE('',*,*,#3806,.F.);
#5849=ORIENTED_EDGE('',*,*,#4070,.T.);
#5850=ORIENTED_EDGE('',*,*,#3699,.T.);
#5851=ORIENTED_EDGE('',*,*,#4069,.F.);
#5852=ORIENTED_EDGE('',*,*,#3805,.F.);
#5853=ORIENTED_EDGE('',*,*,#4071,.T.);
#5854=ORIENTED_EDGE('',*,*,#3700,.T.);
#5855=ORIENTED_EDGE('',*,*,#4070,.F.);
#5856=ORIENTED_EDGE('',*,*,#3804,.F.);
#5857=ORIENTED_EDGE('',*,*,#4072,.T.);
#5858=ORIENTED_EDGE('',*,*,#3701,.T.);
#5859=ORIENTED_EDGE('',*,*,#4071,.F.);
#5860=ORIENTED_EDGE('',*,*,#3803,.F.);
#5861=ORIENTED_EDGE('',*,*,#4073,.T.);
#5862=ORIENTED_EDGE('',*,*,#3702,.T.);
#5863=ORIENTED_EDGE('',*,*,#4072,.F.);
#5864=ORIENTED_EDGE('',*,*,#3802,.F.);
#5865=ORIENTED_EDGE('',*,*,#4074,.T.);
#5866=ORIENTED_EDGE('',*,*,#3703,.T.);
#5867=ORIENTED_EDGE('',*,*,#4073,.F.);
#5868=ORIENTED_EDGE('',*,*,#3801,.F.);
#5869=ORIENTED_EDGE('',*,*,#4075,.T.);
#5870=ORIENTED_EDGE('',*,*,#3704,.T.);
#5871=ORIENTED_EDGE('',*,*,#4074,.F.);
#5872=ORIENTED_EDGE('',*,*,#3800,.F.);
#5873=ORIENTED_EDGE('',*,*,#4076,.T.);
#5874=ORIENTED_EDGE('',*,*,#3705,.T.);
#5875=ORIENTED_EDGE('',*,*,#4075,.F.);
#5876=ORIENTED_EDGE('',*,*,#3799,.F.);
#5877=ORIENTED_EDGE('',*,*,#4077,.T.);
#5878=ORIENTED_EDGE('',*,*,#3706,.T.);
#5879=ORIENTED_EDGE('',*,*,#4076,.F.);
#5880=ORIENTED_EDGE('',*,*,#3798,.F.);
#5881=ORIENTED_EDGE('',*,*,#4078,.T.);
#5882=ORIENTED_EDGE('',*,*,#3707,.T.);
#5883=ORIENTED_EDGE('',*,*,#4077,.F.);
#5884=ORIENTED_EDGE('',*,*,#3797,.F.);
#5885=ORIENTED_EDGE('',*,*,#4079,.T.);
#5886=ORIENTED_EDGE('',*,*,#3708,.T.);
#5887=ORIENTED_EDGE('',*,*,#4078,.F.);
#5888=ORIENTED_EDGE('',*,*,#3796,.F.);
#5889=ORIENTED_EDGE('',*,*,#4080,.T.);
#5890=ORIENTED_EDGE('',*,*,#3709,.T.);
#5891=ORIENTED_EDGE('',*,*,#4079,.F.);
#5892=ORIENTED_EDGE('',*,*,#3795,.F.);
#5893=ORIENTED_EDGE('',*,*,#4081,.T.);
#5894=ORIENTED_EDGE('',*,*,#3710,.T.);
#5895=ORIENTED_EDGE('',*,*,#4080,.F.);
#5896=ORIENTED_EDGE('',*,*,#3794,.F.);
#5897=ORIENTED_EDGE('',*,*,#4082,.T.);
#5898=ORIENTED_EDGE('',*,*,#3711,.T.);
#5899=ORIENTED_EDGE('',*,*,#4081,.F.);
#5900=ORIENTED_EDGE('',*,*,#3793,.F.);
#5901=ORIENTED_EDGE('',*,*,#4083,.T.);
#5902=ORIENTED_EDGE('',*,*,#3712,.T.);
#5903=ORIENTED_EDGE('',*,*,#4082,.F.);
#5904=ORIENTED_EDGE('',*,*,#3792,.F.);
#5905=ORIENTED_EDGE('',*,*,#4084,.T.);
#5906=ORIENTED_EDGE('',*,*,#3713,.T.);
#5907=ORIENTED_EDGE('',*,*,#4083,.F.);
#5908=ORIENTED_EDGE('',*,*,#3791,.F.);
#5909=ORIENTED_EDGE('',*,*,#4085,.T.);
#5910=ORIENTED_EDGE('',*,*,#3714,.T.);
#5911=ORIENTED_EDGE('',*,*,#4084,.F.);
#5912=ORIENTED_EDGE('',*,*,#3790,.F.);
#5913=ORIENTED_EDGE('',*,*,#4086,.T.);
#5914=ORIENTED_EDGE('',*,*,#3715,.T.);
#5915=ORIENTED_EDGE('',*,*,#4085,.F.);
#5916=ORIENTED_EDGE('',*,*,#3789,.F.);
#5917=ORIENTED_EDGE('',*,*,#4087,.T.);
#5918=ORIENTED_EDGE('',*,*,#3716,.T.);
#5919=ORIENTED_EDGE('',*,*,#4086,.F.);
#5920=ORIENTED_EDGE('',*,*,#3788,.F.);
#5921=ORIENTED_EDGE('',*,*,#4088,.T.);
#5922=ORIENTED_EDGE('',*,*,#3717,.T.);
#5923=ORIENTED_EDGE('',*,*,#4087,.F.);
#5924=ORIENTED_EDGE('',*,*,#3787,.F.);
#5925=ORIENTED_EDGE('',*,*,#4089,.T.);
#5926=ORIENTED_EDGE('',*,*,#3718,.T.);
#5927=ORIENTED_EDGE('',*,*,#4088,.F.);
#5928=ORIENTED_EDGE('',*,*,#3786,.F.);
#5929=ORIENTED_EDGE('',*,*,#4090,.T.);
#5930=ORIENTED_EDGE('',*,*,#3719,.T.);
#5931=ORIENTED_EDGE('',*,*,#4089,.F.);
#5932=ORIENTED_EDGE('',*,*,#3785,.F.);
#5933=ORIENTED_EDGE('',*,*,#4091,.T.);
#5934=ORIENTED_EDGE('',*,*,#3720,.T.);
#5935=ORIENTED_EDGE('',*,*,#4090,.F.);
#5936=ORIENTED_EDGE('',*,*,#3784,.F.);
#5937=ORIENTED_EDGE('',*,*,#4092,.T.);
#5938=ORIENTED_EDGE('',*,*,#3721,.T.);
#5939=ORIENTED_EDGE('',*,*,#4091,.F.);
#5940=ORIENTED_EDGE('',*,*,#3783,.F.);
#5941=ORIENTED_EDGE('',*,*,#4093,.T.);
#5942=ORIENTED_EDGE('',*,*,#3722,.T.);
#5943=ORIENTED_EDGE('',*,*,#4092,.F.);
#5944=ORIENTED_EDGE('',*,*,#3782,.F.);
#5945=ORIENTED_EDGE('',*,*,#4094,.T.);
#5946=ORIENTED_EDGE('',*,*,#3723,.T.);
#5947=ORIENTED_EDGE('',*,*,#4093,.F.);
#5948=ORIENTED_EDGE('',*,*,#3781,.F.);
#5949=ORIENTED_EDGE('',*,*,#4095,.T.);
#5950=ORIENTED_EDGE('',*,*,#3724,.T.);
#5951=ORIENTED_EDGE('',*,*,#4094,.F.);
#5952=ORIENTED_EDGE('',*,*,#3928,.F.);
#5953=ORIENTED_EDGE('',*,*,#3725,.T.);
#5954=ORIENTED_EDGE('',*,*,#4095,.F.);
#5955=ORIENTED_EDGE('',*,*,#3780,.F.);
#5956=ORIENTED_EDGE('',*,*,#3941,.F.);
#5957=ORIENTED_EDGE('',*,*,#4096,.T.);
#5958=ORIENTED_EDGE('',*,*,#4097,.T.);
#5959=ORIENTED_EDGE('',*,*,#3938,.F.);
#5960=ORIENTED_EDGE('',*,*,#3940,.F.);
#5961=ORIENTED_EDGE('',*,*,#3764,.T.);
#5962=ORIENTED_EDGE('',*,*,#4098,.T.);
#5963=ORIENTED_EDGE('',*,*,#4096,.F.);
#5964=ORIENTED_EDGE('',*,*,#3752,.F.);
#5965=ORIENTED_EDGE('',*,*,#3758,.F.);
#5966=ORIENTED_EDGE('',*,*,#3999,.F.);
#5967=ORIENTED_EDGE('',*,*,#3996,.T.);
#5968=ORIENTED_EDGE('',*,*,#3935,.T.);
#5969=ORIENTED_EDGE('',*,*,#3939,.F.);
#5970=ORIENTED_EDGE('',*,*,#4097,.F.);
#5971=ORIENTED_EDGE('',*,*,#4098,.F.);
#5972=ORIENTED_EDGE('',*,*,#3763,.F.);
#5973=ORIENTED_EDGE('',*,*,#3761,.F.);
#5974=ORIENTED_EDGE('',*,*,#3917,.F.);
#5975=ORIENTED_EDGE('',*,*,#3955,.F.);
#5976=ORIENTED_EDGE('',*,*,#3621,.F.);
#5977=ORIENTED_EDGE('',*,*,#4099,.F.);
#5978=ORIENTED_EDGE('',*,*,#3946,.F.);
#5979=ORIENTED_EDGE('',*,*,#3947,.F.);
#5980=ORIENTED_EDGE('',*,*,#4099,.T.);
#5981=ORIENTED_EDGE('',*,*,#3620,.F.);
#5982=ORIENTED_EDGE('',*,*,#3964,.F.);
#5983=ORIENTED_EDGE('',*,*,#3769,.F.);
#5984=ORIENTED_EDGE('',*,*,#3965,.T.);
#5985=ORIENTED_EDGE('',*,*,#3618,.F.);
#5986=ORIENTED_EDGE('',*,*,#4100,.F.);
#5987=ORIENTED_EDGE('',*,*,#3770,.F.);
#5988=ORIENTED_EDGE('',*,*,#4100,.T.);
#5989=ORIENTED_EDGE('',*,*,#3617,.F.);
#5990=ORIENTED_EDGE('',*,*,#4101,.F.);
#5991=ORIENTED_EDGE('',*,*,#3771,.F.);
#5992=ORIENTED_EDGE('',*,*,#4101,.T.);
#5993=ORIENTED_EDGE('',*,*,#3616,.F.);
#5994=ORIENTED_EDGE('',*,*,#4102,.F.);
#5995=ORIENTED_EDGE('',*,*,#3772,.F.);
#5996=ORIENTED_EDGE('',*,*,#4102,.T.);
#5997=ORIENTED_EDGE('',*,*,#3615,.F.);
#5998=ORIENTED_EDGE('',*,*,#4103,.F.);
#5999=ORIENTED_EDGE('',*,*,#3773,.F.);
#6000=ORIENTED_EDGE('',*,*,#4103,.T.);
#6001=ORIENTED_EDGE('',*,*,#3614,.F.);
#6002=ORIENTED_EDGE('',*,*,#4104,.F.);
#6003=ORIENTED_EDGE('',*,*,#3950,.F.);
#6004=ORIENTED_EDGE('',*,*,#3774,.F.);
#6005=ORIENTED_EDGE('',*,*,#4104,.T.);
#6006=ORIENTED_EDGE('',*,*,#3613,.F.);
#6007=ORIENTED_EDGE('',*,*,#3557,.F.);
#6008=ORIENTED_EDGE('',*,*,#4105,.F.);
#6009=ORIENTED_EDGE('',*,*,#3584,.F.);
#6010=ORIENTED_EDGE('',*,*,#3514,.T.);
#6011=ORIENTED_EDGE('',*,*,#3555,.F.);
#6012=ORIENTED_EDGE('',*,*,#4106,.F.);
#6013=ORIENTED_EDGE('',*,*,#3587,.F.);
#6014=ORIENTED_EDGE('',*,*,#4105,.T.);
#6015=ORIENTED_EDGE('',*,*,#3552,.F.);
#6016=ORIENTED_EDGE('',*,*,#3927,.F.);
#6017=ORIENTED_EDGE('',*,*,#3590,.F.);
#6018=ORIENTED_EDGE('',*,*,#4106,.T.);
#6019=PLANE('',#6573);
#6020=PLANE('',#6577);
#6021=PLANE('',#6581);
#6022=PLANE('',#6585);
#6023=PLANE('',#6589);
#6024=PLANE('',#6592);
#6025=PLANE('',#6596);
#6026=PLANE('',#6600);
#6027=PLANE('',#6604);
#6028=PLANE('',#6608);
#6029=PLANE('',#6611);
#6030=PLANE('',#6615);
#6031=PLANE('',#6619);
#6032=PLANE('',#6623);
#6033=PLANE('',#6627);
#6034=PLANE('',#6632);
#6035=PLANE('',#6636);
#6036=PLANE('',#6640);
#6037=PLANE('',#6644);
#6038=PLANE('',#6648);
#6039=PLANE('',#6652);
#6040=PLANE('',#6656);
#6041=PLANE('',#6660);
#6042=PLANE('',#6664);
#6043=PLANE('',#6668);
#6044=PLANE('',#6673);
#6045=PLANE('',#6677);
#6046=PLANE('',#6681);
#6047=PLANE('',#6685);
#6048=PLANE('',#6689);
#6049=PLANE('',#6693);
#6050=PLANE('',#6700);
#6051=PLANE('',#6707);
#6052=PLANE('',#6711);
#6053=PLANE('',#6713);
#6054=PLANE('',#6719);
#6055=PLANE('',#6723);
#6056=PLANE('',#6725);
#6057=PLANE('',#6731);
#6058=PLANE('',#6732);
#6059=PLANE('',#6735);
#6060=PLANE('',#6738);
#6061=PLANE('',#6739);
#6062=PLANE('',#6742);
#6063=PLANE('',#6744);
#6064=PLANE('',#6748);
#6065=PLANE('',#6750);
#6066=PLANE('',#6751);
#6067=PLANE('',#6754);
#6068=PLANE('',#6757);
#6069=PLANE('',#6759);
#6070=PLANE('',#6763);
#6071=PLANE('',#6765);
#6072=PLANE('',#6766);
#6073=PLANE('',#6769);
#6074=PLANE('',#6770);
#6075=PLANE('',#6774);
#6076=PLANE('',#6778);
#6077=PLANE('',#6779);
#6078=PLANE('',#6783);
#6079=PLANE('',#6787);
#6080=PLANE('',#6788);
#6081=PLANE('',#6792);
#6082=PLANE('',#6796);
#6083=PLANE('',#6797);
#6084=PLANE('',#6801);
#6085=PLANE('',#6805);
#6086=PLANE('',#6809);
#6087=PLANE('',#6813);
#6088=PLANE('',#6818);
#6089=PLANE('',#6822);
#6090=PLANE('',#6826);
#6091=PLANE('',#6831);
#6092=PLANE('',#6834);
#6093=PLANE('',#6835);
#6094=PLANE('',#6836);
#6095=PLANE('',#6837);
#6096=PLANE('',#6838);
#6097=PLANE('',#6839);
#6098=PLANE('',#6840);
#6099=PLANE('',#6841);
#6100=PLANE('',#6842);
#6101=PLANE('',#6843);
#6102=PLANE('',#6844);
#6103=PLANE('',#6845);
#6104=PLANE('',#6852);
#6105=PLANE('',#6856);
#6106=PLANE('',#6860);
#6107=PLANE('',#6864);
#6108=PLANE('',#6868);
#6109=PLANE('',#6874);
#6110=PLANE('',#6879);
#6111=PLANE('',#6882);
#6112=PLANE('',#6893);
#6113=PLANE('',#6963);
#6114=PLANE('',#6967);
#6115=PLANE('',#6971);
#6116=PLANE('',#6974);
#6117=PLANE('',#7038);
#6118=PLANE('',#7042);
#6119=PLANE('',#7046);
#6120=PLANE('',#7047);
#6121=PLANE('',#7048);
#6122=PLANE('',#7049);
#6123=PLANE('',#7052);
#6124=PLANE('',#7055);
#6125=PLANE('',#7056);
#6126=PLANE('',#7057);
#6127=PLANE('',#7058);
#6128=PLANE('',#7063);
#6129=PLANE('',#7066);
#6130=PLANE('',#7069);
#6131=PLANE('',#7071);
#6132=PLANE('',#7073);
#6133=PLANE('',#7080);
#6134=PLANE('',#7090);
#6135=PLANE('',#7095);
#6136=PLANE('',#7097);
#6137=PLANE('',#7098);
#6138=PLANE('',#7100);
#6139=PLANE('',#7101);
#6140=PLANE('',#7104);
#6141=PLANE('',#7107);
#6142=PLANE('',#7110);
#6143=PLANE('',#7113);
#6144=PLANE('',#7116);
#6145=PLANE('',#7119);
#6146=PLANE('',#7122);
#6147=PLANE('',#7125);
#6148=PLANE('',#7128);
#6149=PLANE('',#7131);
#6150=PLANE('',#7134);
#6151=PLANE('',#7139);
#6152=PLANE('',#7143);
#6153=PLANE('',#7144);
#6154=PLANE('',#7148);
#6155=PLANE('',#7150);
#6156=PLANE('',#7152);
#6157=PLANE('',#7154);
#6158=PLANE('',#7156);
#6159=PLANE('',#7160);
#6160=PLANE('',#7162);
#6161=PLANE('',#7164);
#6162=PLANE('',#7166);
#6163=PLANE('',#7168);
#6164=PLANE('',#7172);
#6165=PLANE('',#7174);
#6166=PLANE('',#7176);
#6167=PLANE('',#7178);
#6168=PLANE('',#7180);
#6169=PLANE('',#7184);
#6170=PLANE('',#7186);
#6171=PLANE('',#7188);
#6172=PLANE('',#7190);
#6173=PLANE('',#7192);
#6174=PLANE('',#7196);
#6175=PLANE('',#7198);
#6176=PLANE('',#7200);
#6177=PLANE('',#7202);
#6178=PLANE('',#7204);
#6179=PLANE('',#7208);
#6180=PLANE('',#7210);
#6181=PLANE('',#7212);
#6182=PLANE('',#7214);
#6183=PLANE('',#7216);
#6184=PLANE('',#7220);
#6185=PLANE('',#7222);
#6186=PLANE('',#7224);
#6187=PLANE('',#7226);
#6188=PLANE('',#7228);
#6189=PLANE('',#7232);
#6190=PLANE('',#7234);
#6191=PLANE('',#7236);
#6192=PLANE('',#7238);
#6193=PLANE('',#7240);
#6194=PLANE('',#7243);
#6195=PLANE('',#7244);
#6196=PLANE('',#7247);
#6197=PLANE('',#7249);
#6198=PLANE('',#7251);
#6199=PLANE('',#7253);
#6200=ADVANCED_FACE('',(#598),#6019,.F.);
#6201=ADVANCED_FACE('',(#599),#448,.F.);
#6202=ADVANCED_FACE('',(#600),#6020,.F.);
#6203=ADVANCED_FACE('',(#601),#449,.F.);
#6204=ADVANCED_FACE('',(#602),#6021,.F.);
#6205=ADVANCED_FACE('',(#603),#450,.F.);
#6206=ADVANCED_FACE('',(#604),#6022,.F.);
#6207=ADVANCED_FACE('',(#605),#451,.F.);
#6208=ADVANCED_FACE('',(#606,#73),#6023,.T.);
#6209=ADVANCED_FACE('',(#607),#6024,.F.);
#6210=ADVANCED_FACE('',(#608),#452,.F.);
#6211=ADVANCED_FACE('',(#609),#6025,.F.);
#6212=ADVANCED_FACE('',(#610),#453,.F.);
#6213=ADVANCED_FACE('',(#611),#6026,.F.);
#6214=ADVANCED_FACE('',(#612),#454,.F.);
#6215=ADVANCED_FACE('',(#613),#6027,.F.);
#6216=ADVANCED_FACE('',(#614),#455,.F.);
#6217=ADVANCED_FACE('',(#615,#74),#6028,.T.);
#6218=ADVANCED_FACE('',(#616),#6029,.F.);
#6219=ADVANCED_FACE('',(#617),#456,.F.);
#6220=ADVANCED_FACE('',(#618),#6030,.F.);
#6221=ADVANCED_FACE('',(#619),#457,.F.);
#6222=ADVANCED_FACE('',(#620),#6031,.F.);
#6223=ADVANCED_FACE('',(#621),#458,.F.);
#6224=ADVANCED_FACE('',(#622),#6032,.F.);
#6225=ADVANCED_FACE('',(#623),#459,.F.);
#6226=ADVANCED_FACE('',(#624,#75),#6033,.T.);
#6227=ADVANCED_FACE('',(#625),#6034,.F.);
#6228=ADVANCED_FACE('',(#626),#460,.F.);
#6229=ADVANCED_FACE('',(#627),#6035,.F.);
#6230=ADVANCED_FACE('',(#628),#461,.F.);
#6231=ADVANCED_FACE('',(#629),#6036,.F.);
#6232=ADVANCED_FACE('',(#630),#462,.F.);
#6233=ADVANCED_FACE('',(#631),#6037,.F.);
#6234=ADVANCED_FACE('',(#632),#463,.F.);
#6235=ADVANCED_FACE('',(#633,#76),#6038,.T.);
#6236=ADVANCED_FACE('',(#634),#6039,.F.);
#6237=ADVANCED_FACE('',(#635),#464,.F.);
#6238=ADVANCED_FACE('',(#636),#6040,.F.);
#6239=ADVANCED_FACE('',(#637),#465,.F.);
#6240=ADVANCED_FACE('',(#638),#6041,.F.);
#6241=ADVANCED_FACE('',(#639),#466,.F.);
#6242=ADVANCED_FACE('',(#640),#6042,.F.);
#6243=ADVANCED_FACE('',(#641),#467,.F.);
#6244=ADVANCED_FACE('',(#642,#77),#6043,.T.);
#6245=ADVANCED_FACE('',(#643),#6044,.F.);
#6246=ADVANCED_FACE('',(#644),#468,.F.);
#6247=ADVANCED_FACE('',(#645),#6045,.F.);
#6248=ADVANCED_FACE('',(#646),#469,.F.);
#6249=ADVANCED_FACE('',(#647),#6046,.F.);
#6250=ADVANCED_FACE('',(#648),#470,.F.);
#6251=ADVANCED_FACE('',(#649),#6047,.F.);
#6252=ADVANCED_FACE('',(#650),#471,.F.);
#6253=ADVANCED_FACE('',(#651,#78),#6048,.T.);
#6254=ADVANCED_FACE('',(#652),#6049,.F.);
#6255=ADVANCED_FACE('',(#653),#472,.F.);
#6256=ADVANCED_FACE('',(#654),#6050,.F.);
#6257=ADVANCED_FACE('',(#655),#473,.F.);
#6258=ADVANCED_FACE('',(#656),#6051,.F.);
#6259=ADVANCED_FACE('',(#657),#474,.F.);
#6260=ADVANCED_FACE('',(#658),#6052,.F.);
#6261=ADVANCED_FACE('',(#659),#6053,.F.);
#6262=ADVANCED_FACE('',(#660),#475,.F.);
#6263=ADVANCED_FACE('',(#661),#6054,.F.);
#6264=ADVANCED_FACE('',(#662),#476,.F.);
#6265=ADVANCED_FACE('',(#663),#6055,.F.);
#6266=ADVANCED_FACE('',(#664),#6056,.F.);
#6267=ADVANCED_FACE('',(#665),#477,.F.);
#6268=ADVANCED_FACE('',(#666),#6057,.F.);
#6269=ADVANCED_FACE('',(#667),#6058,.T.);
#6270=ADVANCED_FACE('',(#668),#478,.F.);
#6271=ADVANCED_FACE('',(#669),#6059,.F.);
#6272=ADVANCED_FACE('',(#670),#479,.F.);
#6273=ADVANCED_FACE('',(#671),#6060,.T.);
#6274=ADVANCED_FACE('',(#672),#6061,.T.);
#6275=ADVANCED_FACE('',(#673),#6062,.F.);
#6276=ADVANCED_FACE('',(#674),#6063,.F.);
#6277=ADVANCED_FACE('',(#675),#480,.F.);
#6278=ADVANCED_FACE('',(#676),#6064,.T.);
#6279=ADVANCED_FACE('',(#677),#6065,.F.);
#6280=ADVANCED_FACE('',(#678),#6066,.T.);
#6281=ADVANCED_FACE('',(#679),#481,.F.);
#6282=ADVANCED_FACE('',(#680),#6067,.T.);
#6283=ADVANCED_FACE('',(#681),#6068,.F.);
#6284=ADVANCED_FACE('',(#682),#6069,.F.);
#6285=ADVANCED_FACE('',(#683),#482,.F.);
#6286=ADVANCED_FACE('',(#684),#6070,.T.);
#6287=ADVANCED_FACE('',(#685),#6071,.F.);
#6288=ADVANCED_FACE('',(#686),#6072,.T.);
#6289=ADVANCED_FACE('',(#687),#483,.F.);
#6290=ADVANCED_FACE('',(#688,#79,#80,#81,#82,#83,#84),#6073,.T.);
#6291=ADVANCED_FACE('',(#689),#6074,.T.);
#6292=ADVANCED_FACE('',(#690),#484,.T.);
#6293=ADVANCED_FACE('',(#691),#6075,.T.);
#6294=ADVANCED_FACE('',(#692),#485,.T.);
#6295=ADVANCED_FACE('',(#693),#6076,.T.);
#6296=ADVANCED_FACE('',(#694),#6077,.T.);
#6297=ADVANCED_FACE('',(#695),#486,.T.);
#6298=ADVANCED_FACE('',(#696),#6078,.T.);
#6299=ADVANCED_FACE('',(#697),#487,.T.);
#6300=ADVANCED_FACE('',(#698),#6079,.T.);
#6301=ADVANCED_FACE('',(#699),#6080,.T.);
#6302=ADVANCED_FACE('',(#700),#488,.T.);
#6303=ADVANCED_FACE('',(#701),#6081,.T.);
#6304=ADVANCED_FACE('',(#702),#489,.T.);
#6305=ADVANCED_FACE('',(#703),#6082,.T.);
#6306=ADVANCED_FACE('',(#704),#6083,.T.);
#6307=ADVANCED_FACE('',(#705),#490,.T.);
#6308=ADVANCED_FACE('',(#706),#6084,.T.);
#6309=ADVANCED_FACE('',(#707),#491,.T.);
#6310=ADVANCED_FACE('',(#708),#6085,.T.);
#6311=ADVANCED_FACE('',(#709),#492,.F.);
#6312=ADVANCED_FACE('',(#710,#85),#6086,.F.);
#6313=ADVANCED_FACE('',(#711),#493,.F.);
#6314=ADVANCED_FACE('',(#712,#86),#6087,.F.);
#6315=ADVANCED_FACE('',(#713),#494,.F.);
#6316=ADVANCED_FACE('',(#714,#87),#6088,.F.);
#6317=ADVANCED_FACE('',(#715),#495,.F.);
#6318=ADVANCED_FACE('',(#716,#88),#6089,.F.);
#6319=ADVANCED_FACE('',(#717),#496,.F.);
#6320=ADVANCED_FACE('',(#718,#89),#6090,.F.);
#6321=ADVANCED_FACE('',(#719),#497,.F.);
#6322=ADVANCED_FACE('',(#720,#90),#6091,.F.);
#6323=ADVANCED_FACE('',(#721),#498,.F.);
#6324=ADVANCED_FACE('',(#722),#499,.F.);
#6325=ADVANCED_FACE('',(#723),#6092,.T.);
#6326=ADVANCED_FACE('',(#724),#6093,.T.);
#6327=ADVANCED_FACE('',(#725),#6094,.T.);
#6328=ADVANCED_FACE('',(#726),#6095,.T.);
#6329=ADVANCED_FACE('',(#727),#6096,.T.);
#6330=ADVANCED_FACE('',(#728),#6097,.T.);
#6331=ADVANCED_FACE('',(#729),#28,.T.);
#6332=ADVANCED_FACE('',(#730),#6098,.T.);
#6333=ADVANCED_FACE('',(#731),#29,.T.);
#6334=ADVANCED_FACE('',(#732),#30,.T.);
#6335=ADVANCED_FACE('',(#733),#6099,.T.);
#6336=ADVANCED_FACE('',(#734),#31,.T.);
#6337=ADVANCED_FACE('',(#735),#6100,.T.);
#6338=ADVANCED_FACE('',(#736),#32,.T.);
#6339=ADVANCED_FACE('',(#737),#33,.T.);
#6340=ADVANCED_FACE('',(#738),#34,.T.);
#6341=ADVANCED_FACE('',(#739),#35,.T.);
#6342=ADVANCED_FACE('',(#740),#36,.T.);
#6343=ADVANCED_FACE('',(#741),#37,.T.);
#6344=ADVANCED_FACE('',(#742),#6101,.T.);
#6345=ADVANCED_FACE('',(#743),#38,.T.);
#6346=ADVANCED_FACE('',(#744),#39,.T.);
#6347=ADVANCED_FACE('',(#745),#6102,.T.);
#6348=ADVANCED_FACE('',(#746),#40,.T.);
#6349=ADVANCED_FACE('',(#747),#41,.T.);
#6350=ADVANCED_FACE('',(#748),#42,.T.);
#6351=ADVANCED_FACE('',(#749),#6103,.T.);
#6352=ADVANCED_FACE('',(#750),#15,.T.);
#6353=ADVANCED_FACE('',(#751),#16,.F.);
#6354=ADVANCED_FACE('',(#752),#6104,.T.);
#6355=ADVANCED_FACE('',(#753),#17,.T.);
#6356=ADVANCED_FACE('',(#754),#6105,.T.);
#6357=ADVANCED_FACE('',(#755),#18,.T.);
#6358=ADVANCED_FACE('',(#756),#6106,.T.);
#6359=ADVANCED_FACE('',(#757),#19,.T.);
#6360=ADVANCED_FACE('',(#758),#6107,.T.);
#6361=ADVANCED_FACE('',(#759),#20,.T.);
#6362=ADVANCED_FACE('',(#760),#6108,.T.);
#6363=ADVANCED_FACE('',(#761),#21,.F.);
#6364=ADVANCED_FACE('',(#762),#500,.T.);
#6365=ADVANCED_FACE('',(#763),#6109,.T.);
#6366=ADVANCED_FACE('',(#764),#501,.T.);
#6367=ADVANCED_FACE('',(#765),#6110,.T.);
#6368=ADVANCED_FACE('',(#766),#502,.F.);
#6369=ADVANCED_FACE('',(#767),#503,.T.);
#6370=ADVANCED_FACE('',(#768,#91),#6111,.F.);
#6371=ADVANCED_FACE('',(#769),#504,.T.);
#6372=ADVANCED_FACE('',(#770,#92,#93,#94,#95,#96,#97,#98,#99),#6112,.F.);
#6373=ADVANCED_FACE('',(#771),#6113,.F.);
#6374=ADVANCED_FACE('',(#772),#505,.T.);
#6375=ADVANCED_FACE('',(#773),#6114,.F.);
#6376=ADVANCED_FACE('',(#774),#506,.T.);
#6377=ADVANCED_FACE('',(#775),#6115,.F.);
#6378=ADVANCED_FACE('',(#776),#507,.T.);
#6379=ADVANCED_FACE('',(#777,#100,#101,#102,#103,#104,#105,#106,#107,#108),
#6116,.F.);
#6380=ADVANCED_FACE('',(#778),#6117,.T.);
#6381=ADVANCED_FACE('',(#779),#22,.F.);
#6382=ADVANCED_FACE('',(#780),#6118,.T.);
#6383=ADVANCED_FACE('',(#781),#23,.F.);
#6384=ADVANCED_FACE('',(#782),#6119,.T.);
#6385=ADVANCED_FACE('',(#783),#6120,.F.);
#6386=ADVANCED_FACE('',(#784),#6121,.T.);
#6387=ADVANCED_FACE('',(#785),#6122,.T.);
#6388=ADVANCED_FACE('',(#786),#24,.F.);
#6389=ADVANCED_FACE('',(#787),#6123,.T.);
#6390=ADVANCED_FACE('',(#788),#25,.F.);
#6391=ADVANCED_FACE('',(#789),#6124,.T.);
#6392=ADVANCED_FACE('',(#790),#6125,.T.);
#6393=ADVANCED_FACE('',(#791),#6126,.T.);
#6394=ADVANCED_FACE('',(#792),#6127,.T.);
#6395=ADVANCED_FACE('',(#793),#508,.F.);
#6396=ADVANCED_FACE('',(#794),#509,.F.);
#6397=ADVANCED_FACE('',(#795),#6128,.F.);
#6398=ADVANCED_FACE('',(#796),#510,.F.);
#6399=ADVANCED_FACE('',(#797),#6129,.F.);
#6400=ADVANCED_FACE('',(#798),#511,.F.);
#6401=ADVANCED_FACE('',(#799),#6130,.F.);
#6402=ADVANCED_FACE('',(#800),#512,.F.);
#6403=ADVANCED_FACE('',(#801),#6131,.T.);
#6404=ADVANCED_FACE('',(#802),#513,.T.);
#6405=ADVANCED_FACE('',(#803),#6132,.F.);
#6406=ADVANCED_FACE('',(#804),#514,.T.);
#6407=ADVANCED_FACE('',(#805),#515,.F.);
#6408=ADVANCED_FACE('',(#806,#109),#6133,.F.);
#6409=ADVANCED_FACE('',(#807),#516,.T.);
#6410=ADVANCED_FACE('',(#808),#517,.F.);
#6411=ADVANCED_FACE('',(#809),#518,.T.);
#6412=ADVANCED_FACE('',(#810),#6134,.T.);
#6413=ADVANCED_FACE('',(#811),#26,.T.);
#6414=ADVANCED_FACE('',(#812),#27,.T.);
#6415=ADVANCED_FACE('',(#813),#6135,.T.);
#6416=ADVANCED_FACE('',(#814),#519,.T.);
#6417=ADVANCED_FACE('',(#815),#6136,.F.);
#6418=ADVANCED_FACE('',(#816),#6137,.F.);
#6419=ADVANCED_FACE('',(#817),#520,.T.);
#6420=ADVANCED_FACE('',(#818),#6138,.T.);
#6421=ADVANCED_FACE('',(#819),#6139,.F.);
#6422=ADVANCED_FACE('',(#820),#521,.F.);
#6423=ADVANCED_FACE('',(#821),#6140,.F.);
#6424=ADVANCED_FACE('',(#822),#522,.F.);
#6425=ADVANCED_FACE('',(#823),#6141,.F.);
#6426=ADVANCED_FACE('',(#824),#523,.F.);
#6427=ADVANCED_FACE('',(#825),#6142,.F.);
#6428=ADVANCED_FACE('',(#826),#524,.F.);
#6429=ADVANCED_FACE('',(#827),#6143,.F.);
#6430=ADVANCED_FACE('',(#828),#525,.F.);
#6431=ADVANCED_FACE('',(#829),#6144,.F.);
#6432=ADVANCED_FACE('',(#830),#526,.F.);
#6433=ADVANCED_FACE('',(#831),#6145,.F.);
#6434=ADVANCED_FACE('',(#832),#527,.F.);
#6435=ADVANCED_FACE('',(#833),#6146,.F.);
#6436=ADVANCED_FACE('',(#834),#528,.F.);
#6437=ADVANCED_FACE('',(#835),#6147,.F.);
#6438=ADVANCED_FACE('',(#836),#529,.F.);
#6439=ADVANCED_FACE('',(#837),#6148,.F.);
#6440=ADVANCED_FACE('',(#838),#530,.F.);
#6441=ADVANCED_FACE('',(#839),#6149,.F.);
#6442=ADVANCED_FACE('',(#840),#531,.F.);
#6443=ADVANCED_FACE('',(#841),#6150,.F.);
#6444=ADVANCED_FACE('',(#842),#532,.T.);
#6445=ADVANCED_FACE('',(#843),#533,.T.);
#6446=ADVANCED_FACE('',(#844),#6151,.F.);
#6447=ADVANCED_FACE('',(#845),#534,.F.);
#6448=ADVANCED_FACE('',(#846),#6152,.F.);
#6449=ADVANCED_FACE('',(#847),#6153,.F.);
#6450=ADVANCED_FACE('',(#848),#535,.T.);
#6451=ADVANCED_FACE('',(#849),#536,.F.);
#6452=ADVANCED_FACE('',(#850),#537,.T.);
#6453=ADVANCED_FACE('',(#851),#6154,.F.);
#6454=ADVANCED_FACE('',(#852),#538,.F.);
#6455=ADVANCED_FACE('',(#853),#6155,.F.);
#6456=ADVANCED_FACE('',(#854),#539,.T.);
#6457=ADVANCED_FACE('',(#855),#6156,.F.);
#6458=ADVANCED_FACE('',(#856),#540,.T.);
#6459=ADVANCED_FACE('',(#857),#6157,.F.);
#6460=ADVANCED_FACE('',(#858),#541,.F.);
#6461=ADVANCED_FACE('',(#859),#6158,.F.);
#6462=ADVANCED_FACE('',(#860),#542,.T.);
#6463=ADVANCED_FACE('',(#861),#543,.F.);
#6464=ADVANCED_FACE('',(#862),#544,.T.);
#6465=ADVANCED_FACE('',(#863),#6159,.F.);
#6466=ADVANCED_FACE('',(#864),#545,.F.);
#6467=ADVANCED_FACE('',(#865),#6160,.F.);
#6468=ADVANCED_FACE('',(#866),#546,.T.);
#6469=ADVANCED_FACE('',(#867),#6161,.F.);
#6470=ADVANCED_FACE('',(#868),#547,.T.);
#6471=ADVANCED_FACE('',(#869),#6162,.F.);
#6472=ADVANCED_FACE('',(#870),#548,.F.);
#6473=ADVANCED_FACE('',(#871),#6163,.F.);
#6474=ADVANCED_FACE('',(#872),#549,.T.);
#6475=ADVANCED_FACE('',(#873),#550,.F.);
#6476=ADVANCED_FACE('',(#874),#551,.T.);
#6477=ADVANCED_FACE('',(#875),#6164,.F.);
#6478=ADVANCED_FACE('',(#876),#552,.F.);
#6479=ADVANCED_FACE('',(#877),#6165,.F.);
#6480=ADVANCED_FACE('',(#878),#553,.T.);
#6481=ADVANCED_FACE('',(#879),#6166,.F.);
#6482=ADVANCED_FACE('',(#880),#554,.T.);
#6483=ADVANCED_FACE('',(#881),#6167,.F.);
#6484=ADVANCED_FACE('',(#882),#555,.F.);
#6485=ADVANCED_FACE('',(#883),#6168,.F.);
#6486=ADVANCED_FACE('',(#884),#556,.T.);
#6487=ADVANCED_FACE('',(#885),#557,.F.);
#6488=ADVANCED_FACE('',(#886),#558,.T.);
#6489=ADVANCED_FACE('',(#887),#6169,.F.);
#6490=ADVANCED_FACE('',(#888),#559,.F.);
#6491=ADVANCED_FACE('',(#889),#6170,.F.);
#6492=ADVANCED_FACE('',(#890),#560,.F.);
#6493=ADVANCED_FACE('',(#891),#6171,.F.);
#6494=ADVANCED_FACE('',(#892),#561,.T.);
#6495=ADVANCED_FACE('',(#893),#6172,.F.);
#6496=ADVANCED_FACE('',(#894),#562,.F.);
#6497=ADVANCED_FACE('',(#895),#6173,.F.);
#6498=ADVANCED_FACE('',(#896),#563,.T.);
#6499=ADVANCED_FACE('',(#897),#564,.F.);
#6500=ADVANCED_FACE('',(#898),#565,.T.);
#6501=ADVANCED_FACE('',(#899),#6174,.F.);
#6502=ADVANCED_FACE('',(#900),#566,.F.);
#6503=ADVANCED_FACE('',(#901),#6175,.F.);
#6504=ADVANCED_FACE('',(#902),#567,.T.);
#6505=ADVANCED_FACE('',(#903),#6176,.F.);
#6506=ADVANCED_FACE('',(#904),#568,.T.);
#6507=ADVANCED_FACE('',(#905),#6177,.F.);
#6508=ADVANCED_FACE('',(#906),#569,.F.);
#6509=ADVANCED_FACE('',(#907),#6178,.F.);
#6510=ADVANCED_FACE('',(#908),#570,.T.);
#6511=ADVANCED_FACE('',(#909),#571,.F.);
#6512=ADVANCED_FACE('',(#910),#572,.T.);
#6513=ADVANCED_FACE('',(#911),#6179,.F.);
#6514=ADVANCED_FACE('',(#912),#573,.F.);
#6515=ADVANCED_FACE('',(#913),#6180,.F.);
#6516=ADVANCED_FACE('',(#914),#574,.T.);
#6517=ADVANCED_FACE('',(#915),#6181,.F.);
#6518=ADVANCED_FACE('',(#916),#575,.T.);
#6519=ADVANCED_FACE('',(#917),#6182,.F.);
#6520=ADVANCED_FACE('',(#918),#576,.F.);
#6521=ADVANCED_FACE('',(#919),#6183,.F.);
#6522=ADVANCED_FACE('',(#920),#577,.T.);
#6523=ADVANCED_FACE('',(#921),#578,.F.);
#6524=ADVANCED_FACE('',(#922),#579,.T.);
#6525=ADVANCED_FACE('',(#923),#6184,.F.);
#6526=ADVANCED_FACE('',(#924),#580,.F.);
#6527=ADVANCED_FACE('',(#925),#6185,.F.);
#6528=ADVANCED_FACE('',(#926),#581,.T.);
#6529=ADVANCED_FACE('',(#927),#6186,.F.);
#6530=ADVANCED_FACE('',(#928),#582,.T.);
#6531=ADVANCED_FACE('',(#929),#6187,.F.);
#6532=ADVANCED_FACE('',(#930),#583,.F.);
#6533=ADVANCED_FACE('',(#931),#6188,.F.);
#6534=ADVANCED_FACE('',(#932),#584,.T.);
#6535=ADVANCED_FACE('',(#933),#585,.F.);
#6536=ADVANCED_FACE('',(#934),#586,.T.);
#6537=ADVANCED_FACE('',(#935),#6189,.F.);
#6538=ADVANCED_FACE('',(#936),#587,.F.);
#6539=ADVANCED_FACE('',(#937),#6190,.F.);
#6540=ADVANCED_FACE('',(#938),#588,.T.);
#6541=ADVANCED_FACE('',(#939),#6191,.F.);
#6542=ADVANCED_FACE('',(#940),#589,.F.);
#6543=ADVANCED_FACE('',(#941),#6192,.F.);
#6544=ADVANCED_FACE('',(#942),#590,.F.);
#6545=ADVANCED_FACE('',(#943),#6193,.F.);
#6546=ADVANCED_FACE('',(#944),#591,.F.);
#6547=ADVANCED_FACE('',(#945),#6194,.F.);
#6548=ADVANCED_FACE('',(#946),#6195,.T.);
#6549=ADVANCED_FACE('',(#947),#592,.F.);
#6550=ADVANCED_FACE('',(#948),#593,.F.);
#6551=ADVANCED_FACE('',(#949),#6196,.T.);
#6552=ADVANCED_FACE('',(#950),#594,.F.);
#6553=ADVANCED_FACE('',(#951),#6197,.T.);
#6554=ADVANCED_FACE('',(#952),#595,.F.);
#6555=ADVANCED_FACE('',(#953),#6198,.T.);
#6556=ADVANCED_FACE('',(#954),#596,.T.);
#6557=ADVANCED_FACE('',(#955),#6199,.T.);
#6558=ADVANCED_FACE('',(#956),#597,.T.);
#6559=CLOSED_SHELL('',(#6200,#6201,#6202,#6203,#6204,#6205,#6206,#6207,
#6208,#6209,#6210,#6211,#6212,#6213,#6214,#6215,#6216,#6217,#6218,#6219,
#6220,#6221,#6222,#6223,#6224,#6225,#6226,#6227,#6228,#6229,#6230,#6231,
#6232,#6233,#6234,#6235,#6236,#6237,#6238,#6239,#6240,#6241,#6242,#6243,
#6244,#6245,#6246,#6247,#6248,#6249,#6250,#6251,#6252,#6253,#6254,#6255,
#6256,#6257,#6258,#6259,#6260,#6261,#6262,#6263,#6264,#6265,#6266,#6267,
#6268,#6269,#6270,#6271,#6272,#6273,#6274,#6275,#6276,#6277,#6278,#6279,
#6280,#6281,#6282,#6283,#6284,#6285,#6286,#6287,#6288,#6289,#6290,#6291,
#6292,#6293,#6294,#6295,#6296,#6297,#6298,#6299,#6300,#6301,#6302,#6303,
#6304,#6305,#6306,#6307,#6308,#6309,#6310,#6311,#6312,#6313,#6314,#6315,
#6316,#6317,#6318,#6319,#6320,#6321,#6322,#6323,#6324,#6325,#6326,#6327,
#6328,#6329,#6330,#6331,#6332,#6333,#6334,#6335,#6336,#6337,#6338,#6339,
#6340,#6341,#6342,#6343,#6344,#6345,#6346,#6347,#6348,#6349,#6350,#6351,
#6352,#6353,#6354,#6355,#6356,#6357,#6358,#6359,#6360,#6361,#6362,#6363,
#6364,#6365,#6366,#6367,#6368,#6369,#6370,#6371,#6372,#6373,#6374,#6375,
#6376,#6377,#6378,#6379,#6380,#6381,#6382,#6383,#6384,#6385,#6386,#6387,
#6388,#6389,#6390,#6391,#6392,#6393,#6394,#6395,#6396,#6397,#6398,#6399,
#6400,#6401,#6402,#6403,#6404,#6405,#6406,#6407,#6408,#6409,#6410,#6411,
#6412,#6413,#6414,#6415,#6416,#6417,#6418,#6419,#6420,#6421,#6422,#6423,
#6424,#6425,#6426,#6427,#6428,#6429,#6430,#6431,#6432,#6433,#6434,#6435,
#6436,#6437,#6438,#6439,#6440,#6441,#6442,#6443,#6444,#6445,#6446,#6447,
#6448,#6449,#6450,#6451,#6452,#6453,#6454,#6455,#6456,#6457,#6458,#6459,
#6460,#6461,#6462,#6463,#6464,#6465,#6466,#6467,#6468,#6469,#6470,#6471,
#6472,#6473,#6474,#6475,#6476,#6477,#6478,#6479,#6480,#6481,#6482,#6483,
#6484,#6485,#6486,#6487,#6488,#6489,#6490,#6491,#6492,#6493,#6494,#6495,
#6496,#6497,#6498,#6499,#6500,#6501,#6502,#6503,#6504,#6505,#6506,#6507,
#6508,#6509,#6510,#6511,#6512,#6513,#6514,#6515,#6516,#6517,#6518,#6519,
#6520,#6521,#6522,#6523,#6524,#6525,#6526,#6527,#6528,#6529,#6530,#6531,
#6532,#6533,#6534,#6535,#6536,#6537,#6538,#6539,#6540,#6541,#6542,#6543,
#6544,#6545,#6546,#6547,#6548,#6549,#6550,#6551,#6552,#6553,#6554,#6555,
#6556,#6557,#6558));
#6560=DERIVED_UNIT_ELEMENT(#6562,1.);
#6561=DERIVED_UNIT_ELEMENT(#11515,-3.);
#6562=(
MASS_UNIT()
NAMED_UNIT(*)
SI_UNIT(.KILO.,.GRAM.)
);
#6563=DERIVED_UNIT((#6560,#6561));
#6564=MEASURE_REPRESENTATION_ITEM('density measure',
POSITIVE_RATIO_MEASURE(7850.),#6563);
#6565=PROPERTY_DEFINITION_REPRESENTATION(#6570,#6567);
#6566=PROPERTY_DEFINITION_REPRESENTATION(#6571,#6568);
#6567=REPRESENTATION('material name',(#6569),#11512);
#6568=REPRESENTATION('density',(#6564),#11512);
#6569=DESCRIPTIVE_REPRESENTATION_ITEM('\X2\AC15CCA0\X0\','\X2\AC15CCA0\X0\');
#6570=PROPERTY_DEFINITION('material property','material name',#11522);
#6571=PROPERTY_DEFINITION('material property','density of part',#11522);
#6572=AXIS2_PLACEMENT_3D('',#9209,#7255,#7256);
#6573=AXIS2_PLACEMENT_3D('',#9210,#7257,#7258);
#6574=AXIS2_PLACEMENT_3D('',#9219,#7263,#7264);
#6575=AXIS2_PLACEMENT_3D('',#9221,#7265,#7266);
#6576=AXIS2_PLACEMENT_3D('',#9224,#7268,#7269);
#6577=AXIS2_PLACEMENT_3D('',#9225,#7270,#7271);
#6578=AXIS2_PLACEMENT_3D('',#9231,#7275,#7276);
#6579=AXIS2_PLACEMENT_3D('',#9233,#7277,#7278);
#6580=AXIS2_PLACEMENT_3D('',#9236,#7280,#7281);
#6581=AXIS2_PLACEMENT_3D('',#9237,#7282,#7283);
#6582=AXIS2_PLACEMENT_3D('',#9243,#7287,#7288);
#6583=AXIS2_PLACEMENT_3D('',#9245,#7289,#7290);
#6584=AXIS2_PLACEMENT_3D('',#9248,#7292,#7293);
#6585=AXIS2_PLACEMENT_3D('',#9249,#7294,#7295);
#6586=AXIS2_PLACEMENT_3D('',#9255,#7299,#7300);
#6587=AXIS2_PLACEMENT_3D('',#9256,#7301,#7302);
#6588=AXIS2_PLACEMENT_3D('',#9257,#7303,#7304);
#6589=AXIS2_PLACEMENT_3D('',#9258,#7305,#7306);
#6590=AXIS2_PLACEMENT_3D('',#9263,#7308,#7309);
#6591=AXIS2_PLACEMENT_3D('',#9266,#7311,#7312);
#6592=AXIS2_PLACEMENT_3D('',#9267,#7313,#7314);
#6593=AXIS2_PLACEMENT_3D('',#9276,#7319,#7320);
#6594=AXIS2_PLACEMENT_3D('',#9278,#7321,#7322);
#6595=AXIS2_PLACEMENT_3D('',#9281,#7324,#7325);
#6596=AXIS2_PLACEMENT_3D('',#9282,#7326,#7327);
#6597=AXIS2_PLACEMENT_3D('',#9288,#7331,#7332);
#6598=AXIS2_PLACEMENT_3D('',#9290,#7333,#7334);
#6599=AXIS2_PLACEMENT_3D('',#9293,#7336,#7337);
#6600=AXIS2_PLACEMENT_3D('',#9294,#7338,#7339);
#6601=AXIS2_PLACEMENT_3D('',#9300,#7343,#7344);
#6602=AXIS2_PLACEMENT_3D('',#9302,#7345,#7346);
#6603=AXIS2_PLACEMENT_3D('',#9305,#7348,#7349);
#6604=AXIS2_PLACEMENT_3D('',#9306,#7350,#7351);
#6605=AXIS2_PLACEMENT_3D('',#9312,#7355,#7356);
#6606=AXIS2_PLACEMENT_3D('',#9313,#7357,#7358);
#6607=AXIS2_PLACEMENT_3D('',#9314,#7359,#7360);
#6608=AXIS2_PLACEMENT_3D('',#9315,#7361,#7362);
#6609=AXIS2_PLACEMENT_3D('',#9320,#7364,#7365);
#6610=AXIS2_PLACEMENT_3D('',#9323,#7367,#7368);
#6611=AXIS2_PLACEMENT_3D('',#9324,#7369,#7370);
#6612=AXIS2_PLACEMENT_3D('',#9333,#7375,#7376);
#6613=AXIS2_PLACEMENT_3D('',#9335,#7377,#7378);
#6614=AXIS2_PLACEMENT_3D('',#9338,#7380,#7381);
#6615=AXIS2_PLACEMENT_3D('',#9339,#7382,#7383);
#6616=AXIS2_PLACEMENT_3D('',#9345,#7387,#7388);
#6617=AXIS2_PLACEMENT_3D('',#9347,#7389,#7390);
#6618=AXIS2_PLACEMENT_3D('',#9350,#7392,#7393);
#6619=AXIS2_PLACEMENT_3D('',#9351,#7394,#7395);
#6620=AXIS2_PLACEMENT_3D('',#9357,#7399,#7400);
#6621=AXIS2_PLACEMENT_3D('',#9359,#7401,#7402);
#6622=AXIS2_PLACEMENT_3D('',#9362,#7404,#7405);
#6623=AXIS2_PLACEMENT_3D('',#9363,#7406,#7407);
#6624=AXIS2_PLACEMENT_3D('',#9369,#7411,#7412);
#6625=AXIS2_PLACEMENT_3D('',#9370,#7413,#7414);
#6626=AXIS2_PLACEMENT_3D('',#9371,#7415,#7416);
#6627=AXIS2_PLACEMENT_3D('',#9372,#7417,#7418);
#6628=AXIS2_PLACEMENT_3D('',#9377,#7420,#7421);
#6629=AXIS2_PLACEMENT_3D('',#9381,#7423,#7424);
#6630=AXIS2_PLACEMENT_3D('',#9385,#7426,#7427);
#6631=AXIS2_PLACEMENT_3D('',#9388,#7429,#7430);
#6632=AXIS2_PLACEMENT_3D('',#9389,#7431,#7432);
#6633=AXIS2_PLACEMENT_3D('',#9398,#7437,#7438);
#6634=AXIS2_PLACEMENT_3D('',#9400,#7439,#7440);
#6635=AXIS2_PLACEMENT_3D('',#9403,#7442,#7443);
#6636=AXIS2_PLACEMENT_3D('',#9404,#7444,#7445);
#6637=AXIS2_PLACEMENT_3D('',#9410,#7449,#7450);
#6638=AXIS2_PLACEMENT_3D('',#9412,#7451,#7452);
#6639=AXIS2_PLACEMENT_3D('',#9415,#7454,#7455);
#6640=AXIS2_PLACEMENT_3D('',#9416,#7456,#7457);
#6641=AXIS2_PLACEMENT_3D('',#9422,#7461,#7462);
#6642=AXIS2_PLACEMENT_3D('',#9424,#7463,#7464);
#6643=AXIS2_PLACEMENT_3D('',#9427,#7466,#7467);
#6644=AXIS2_PLACEMENT_3D('',#9428,#7468,#7469);
#6645=AXIS2_PLACEMENT_3D('',#9434,#7473,#7474);
#6646=AXIS2_PLACEMENT_3D('',#9435,#7475,#7476);
#6647=AXIS2_PLACEMENT_3D('',#9436,#7477,#7478);
#6648=AXIS2_PLACEMENT_3D('',#9437,#7479,#7480);
#6649=AXIS2_PLACEMENT_3D('',#9442,#7482,#7483);
#6650=AXIS2_PLACEMENT_3D('',#9444,#7484,#7485);
#6651=AXIS2_PLACEMENT_3D('',#9447,#7487,#7488);
#6652=AXIS2_PLACEMENT_3D('',#9448,#7489,#7490);
#6653=AXIS2_PLACEMENT_3D('',#9457,#7495,#7496);
#6654=AXIS2_PLACEMENT_3D('',#9459,#7497,#7498);
#6655=AXIS2_PLACEMENT_3D('',#9462,#7500,#7501);
#6656=AXIS2_PLACEMENT_3D('',#9463,#7502,#7503);
#6657=AXIS2_PLACEMENT_3D('',#9469,#7507,#7508);
#6658=AXIS2_PLACEMENT_3D('',#9471,#7509,#7510);
#6659=AXIS2_PLACEMENT_3D('',#9474,#7512,#7513);
#6660=AXIS2_PLACEMENT_3D('',#9475,#7514,#7515);
#6661=AXIS2_PLACEMENT_3D('',#9481,#7519,#7520);
#6662=AXIS2_PLACEMENT_3D('',#9483,#7521,#7522);
#6663=AXIS2_PLACEMENT_3D('',#9486,#7524,#7525);
#6664=AXIS2_PLACEMENT_3D('',#9487,#7526,#7527);
#6665=AXIS2_PLACEMENT_3D('',#9493,#7531,#7532);
#6666=AXIS2_PLACEMENT_3D('',#9494,#7533,#7534);
#6667=AXIS2_PLACEMENT_3D('',#9495,#7535,#7536);
#6668=AXIS2_PLACEMENT_3D('',#9496,#7537,#7538);
#6669=AXIS2_PLACEMENT_3D('',#9501,#7540,#7541);
#6670=AXIS2_PLACEMENT_3D('',#9505,#7543,#7544);
#6671=AXIS2_PLACEMENT_3D('',#9509,#7546,#7547);
#6672=AXIS2_PLACEMENT_3D('',#9512,#7549,#7550);
#6673=AXIS2_PLACEMENT_3D('',#9513,#7551,#7552);
#6674=AXIS2_PLACEMENT_3D('',#9522,#7557,#7558);
#6675=AXIS2_PLACEMENT_3D('',#9524,#7559,#7560);
#6676=AXIS2_PLACEMENT_3D('',#9527,#7562,#7563);
#6677=AXIS2_PLACEMENT_3D('',#9528,#7564,#7565);
#6678=AXIS2_PLACEMENT_3D('',#9534,#7569,#7570);
#6679=AXIS2_PLACEMENT_3D('',#9536,#7571,#7572);
#6680=AXIS2_PLACEMENT_3D('',#9539,#7574,#7575);
#6681=AXIS2_PLACEMENT_3D('',#9540,#7576,#7577);
#6682=AXIS2_PLACEMENT_3D('',#9546,#7581,#7582);
#6683=AXIS2_PLACEMENT_3D('',#9548,#7583,#7584);
#6684=AXIS2_PLACEMENT_3D('',#9551,#7586,#7587);
#6685=AXIS2_PLACEMENT_3D('',#9552,#7588,#7589);
#6686=AXIS2_PLACEMENT_3D('',#9558,#7593,#7594);
#6687=AXIS2_PLACEMENT_3D('',#9559,#7595,#7596);
#6688=AXIS2_PLACEMENT_3D('',#9560,#7597,#7598);
#6689=AXIS2_PLACEMENT_3D('',#9561,#7599,#7600);
#6690=AXIS2_PLACEMENT_3D('',#9566,#7602,#7603);
#6691=AXIS2_PLACEMENT_3D('',#9568,#7604,#7605);
#6692=AXIS2_PLACEMENT_3D('',#9571,#7607,#7608);
#6693=AXIS2_PLACEMENT_3D('',#9572,#7609,#7610);
#6694=AXIS2_PLACEMENT_3D('',#9574,#7611,#7612);
#6695=AXIS2_PLACEMENT_3D('',#9578,#7615,#7616);
#6696=AXIS2_PLACEMENT_3D('',#9580,#7617,#7618);
#6697=AXIS2_PLACEMENT_3D('',#9583,#7620,#7621);
#6698=AXIS2_PLACEMENT_3D('',#9585,#7622,#7623);
#6699=AXIS2_PLACEMENT_3D('',#9586,#7624,#7625);
#6700=AXIS2_PLACEMENT_3D('',#9587,#7626,#7627);
#6701=AXIS2_PLACEMENT_3D('',#9589,#7628,#7629);
#6702=AXIS2_PLACEMENT_3D('',#9593,#7632,#7633);
#6703=AXIS2_PLACEMENT_3D('',#9595,#7634,#7635);
#6704=AXIS2_PLACEMENT_3D('',#9598,#7637,#7638);
#6705=AXIS2_PLACEMENT_3D('',#9600,#7639,#7640);
#6706=AXIS2_PLACEMENT_3D('',#9601,#7641,#7642);
#6707=AXIS2_PLACEMENT_3D('',#9602,#7643,#7644);
#6708=AXIS2_PLACEMENT_3D('',#9607,#7647,#7648);
#6709=AXIS2_PLACEMENT_3D('',#9608,#7649,#7650);
#6710=AXIS2_PLACEMENT_3D('',#9611,#7652,#7653);
#6711=AXIS2_PLACEMENT_3D('',#9612,#7654,#7655);
#6712=AXIS2_PLACEMENT_3D('',#9614,#7656,#7657);
#6713=AXIS2_PLACEMENT_3D('',#9616,#7659,#7660);
#6714=AXIS2_PLACEMENT_3D('',#9618,#7661,#7662);
#6715=AXIS2_PLACEMENT_3D('',#9622,#7665,#7666);
#6716=AXIS2_PLACEMENT_3D('',#9624,#7667,#7668);
#6717=AXIS2_PLACEMENT_3D('',#9627,#7670,#7671);
#6718=AXIS2_PLACEMENT_3D('',#9628,#7672,#7673);
#6719=AXIS2_PLACEMENT_3D('',#9629,#7674,#7675);
#6720=AXIS2_PLACEMENT_3D('',#9634,#7678,#7679);
#6721=AXIS2_PLACEMENT_3D('',#9635,#7680,#7681);
#6722=AXIS2_PLACEMENT_3D('',#9638,#7683,#7684);
#6723=AXIS2_PLACEMENT_3D('',#9639,#7685,#7686);
#6724=AXIS2_PLACEMENT_3D('',#9641,#7687,#7688);
#6725=AXIS2_PLACEMENT_3D('',#9643,#7690,#7691);
#6726=AXIS2_PLACEMENT_3D('',#9645,#7692,#7693);
#6727=AXIS2_PLACEMENT_3D('',#9649,#7696,#7697);
#6728=AXIS2_PLACEMENT_3D('',#9651,#7698,#7699);
#6729=AXIS2_PLACEMENT_3D('',#9654,#7701,#7702);
#6730=AXIS2_PLACEMENT_3D('',#9655,#7703,#7704);
#6731=AXIS2_PLACEMENT_3D('',#9656,#7705,#7706);
#6732=AXIS2_PLACEMENT_3D('',#9660,#7709,#7710);
#6733=AXIS2_PLACEMENT_3D('',#9661,#7711,#7712);
#6734=AXIS2_PLACEMENT_3D('',#9662,#7713,#7714);
#6735=AXIS2_PLACEMENT_3D('',#9663,#7715,#7716);
#6736=AXIS2_PLACEMENT_3D('',#9667,#7719,#7720);
#6737=AXIS2_PLACEMENT_3D('',#9668,#7721,#7722);
#6738=AXIS2_PLACEMENT_3D('',#9669,#7723,#7724);
#6739=AXIS2_PLACEMENT_3D('',#9670,#7725,#7726);
#6740=AXIS2_PLACEMENT_3D('',#9672,#7727,#7728);
#6741=AXIS2_PLACEMENT_3D('',#9673,#7729,#7730);
#6742=AXIS2_PLACEMENT_3D('',#9674,#7731,#7732);
#6743=AXIS2_PLACEMENT_3D('',#9676,#7733,#7734);
#6744=AXIS2_PLACEMENT_3D('',#9680,#7737,#7738);
#6745=AXIS2_PLACEMENT_3D('',#9685,#7741,#7742);
#6746=AXIS2_PLACEMENT_3D('',#9686,#7743,#7744);
#6747=AXIS2_PLACEMENT_3D('',#9687,#7745,#7746);
#6748=AXIS2_PLACEMENT_3D('',#9688,#7747,#7748);
#6749=AXIS2_PLACEMENT_3D('',#9689,#7749,#7750);
#6750=AXIS2_PLACEMENT_3D('',#9690,#7751,#7752);
#6751=AXIS2_PLACEMENT_3D('',#9694,#7755,#7756);
#6752=AXIS2_PLACEMENT_3D('',#9695,#7757,#7758);
#6753=AXIS2_PLACEMENT_3D('',#9696,#7759,#7760);
#6754=AXIS2_PLACEMENT_3D('',#9697,#7761,#7762);
#6755=AXIS2_PLACEMENT_3D('',#9699,#7763,#7764);
#6756=AXIS2_PLACEMENT_3D('',#9700,#7765,#7766);
#6757=AXIS2_PLACEMENT_3D('',#9701,#7767,#7768);
#6758=AXIS2_PLACEMENT_3D('',#9703,#7769,#7770);
#6759=AXIS2_PLACEMENT_3D('',#9707,#7773,#7774);
#6760=AXIS2_PLACEMENT_3D('',#9712,#7777,#7778);
#6761=AXIS2_PLACEMENT_3D('',#9713,#7779,#7780);
#6762=AXIS2_PLACEMENT_3D('',#9714,#7781,#7782);
#6763=AXIS2_PLACEMENT_3D('',#9715,#7783,#7784);
#6764=AXIS2_PLACEMENT_3D('',#9716,#7785,#7786);
#6765=AXIS2_PLACEMENT_3D('',#9717,#7787,#7788);
#6766=AXIS2_PLACEMENT_3D('',#9721,#7791,#7792);
#6767=AXIS2_PLACEMENT_3D('',#9722,#7793,#7794);
#6768=AXIS2_PLACEMENT_3D('',#9723,#7795,#7796);
#6769=AXIS2_PLACEMENT_3D('',#9724,#7797,#7798);
#6770=AXIS2_PLACEMENT_3D('',#9826,#7808,#7809);
#6771=AXIS2_PLACEMENT_3D('',#9835,#7814,#7815);
#6772=AXIS2_PLACEMENT_3D('',#9837,#7816,#7817);
#6773=AXIS2_PLACEMENT_3D('',#9839,#7818,#7819);
#6774=AXIS2_PLACEMENT_3D('',#9841,#7821,#7822);
#6775=AXIS2_PLACEMENT_3D('',#9847,#7826,#7827);
#6776=AXIS2_PLACEMENT_3D('',#9848,#7828,#7829);
#6777=AXIS2_PLACEMENT_3D('',#9849,#7830,#7831);
#6778=AXIS2_PLACEMENT_3D('',#9850,#7832,#7833);
#6779=AXIS2_PLACEMENT_3D('',#9851,#7834,#7835);
#6780=AXIS2_PLACEMENT_3D('',#9860,#7840,#7841);
#6781=AXIS2_PLACEMENT_3D('',#9862,#7842,#7843);
#6782=AXIS2_PLACEMENT_3D('',#9864,#7844,#7845);
#6783=AXIS2_PLACEMENT_3D('',#9866,#7847,#7848);
#6784=AXIS2_PLACEMENT_3D('',#9872,#7852,#7853);
#6785=AXIS2_PLACEMENT_3D('',#9873,#7854,#7855);
#6786=AXIS2_PLACEMENT_3D('',#9874,#7856,#7857);
#6787=AXIS2_PLACEMENT_3D('',#9875,#7858,#7859);
#6788=AXIS2_PLACEMENT_3D('',#9876,#7860,#7861);
#6789=AXIS2_PLACEMENT_3D('',#9885,#7866,#7867);
#6790=AXIS2_PLACEMENT_3D('',#9887,#7868,#7869);
#6791=AXIS2_PLACEMENT_3D('',#9889,#7870,#7871);
#6792=AXIS2_PLACEMENT_3D('',#9891,#7873,#7874);
#6793=AXIS2_PLACEMENT_3D('',#9897,#7878,#7879);
#6794=AXIS2_PLACEMENT_3D('',#9898,#7880,#7881);
#6795=AXIS2_PLACEMENT_3D('',#9899,#7882,#7883);
#6796=AXIS2_PLACEMENT_3D('',#9900,#7884,#7885);
#6797=AXIS2_PLACEMENT_3D('',#9901,#7886,#7887);
#6798=AXIS2_PLACEMENT_3D('',#9910,#7892,#7893);
#6799=AXIS2_PLACEMENT_3D('',#9912,#7894,#7895);
#6800=AXIS2_PLACEMENT_3D('',#9914,#7896,#7897);
#6801=AXIS2_PLACEMENT_3D('',#9916,#7899,#7900);
#6802=AXIS2_PLACEMENT_3D('',#9922,#7904,#7905);
#6803=AXIS2_PLACEMENT_3D('',#9923,#7906,#7907);
#6804=AXIS2_PLACEMENT_3D('',#9924,#7908,#7909);
#6805=AXIS2_PLACEMENT_3D('',#9925,#7910,#7911);
#6806=AXIS2_PLACEMENT_3D('',#9926,#7912,#7913);
#6807=AXIS2_PLACEMENT_3D('',#9928,#7914,#7915);
#6808=AXIS2_PLACEMENT_3D('',#9931,#7917,#7918);
#6809=AXIS2_PLACEMENT_3D('',#9932,#7919,#7920);
#6810=AXIS2_PLACEMENT_3D('',#9933,#7921,#7922);
#6811=AXIS2_PLACEMENT_3D('',#9935,#7923,#7924);
#6812=AXIS2_PLACEMENT_3D('',#9938,#7926,#7927);
#6813=AXIS2_PLACEMENT_3D('',#9939,#7928,#7929);
#6814=AXIS2_PLACEMENT_3D('',#9941,#7930,#7931);
#6815=AXIS2_PLACEMENT_3D('',#9942,#7932,#7933);
#6816=AXIS2_PLACEMENT_3D('',#9944,#7934,#7935);
#6817=AXIS2_PLACEMENT_3D('',#9947,#7937,#7938);
#6818=AXIS2_PLACEMENT_3D('',#9948,#7939,#7940);
#6819=AXIS2_PLACEMENT_3D('',#9949,#7941,#7942);
#6820=AXIS2_PLACEMENT_3D('',#9951,#7943,#7944);
#6821=AXIS2_PLACEMENT_3D('',#9954,#7946,#7947);
#6822=AXIS2_PLACEMENT_3D('',#9955,#7948,#7949);
#6823=AXIS2_PLACEMENT_3D('',#9956,#7950,#7951);
#6824=AXIS2_PLACEMENT_3D('',#9958,#7952,#7953);
#6825=AXIS2_PLACEMENT_3D('',#9961,#7955,#7956);
#6826=AXIS2_PLACEMENT_3D('',#9962,#7957,#7958);
#6827=AXIS2_PLACEMENT_3D('',#9964,#7959,#7960);
#6828=AXIS2_PLACEMENT_3D('',#9965,#7961,#7962);
#6829=AXIS2_PLACEMENT_3D('',#9967,#7963,#7964);
#6830=AXIS2_PLACEMENT_3D('',#9970,#7966,#7967);
#6831=AXIS2_PLACEMENT_3D('',#9971,#7968,#7969);
#6832=AXIS2_PLACEMENT_3D('',#9972,#7970,#7971);
#6833=AXIS2_PLACEMENT_3D('',#9974,#7973,#7974);
#6834=AXIS2_PLACEMENT_3D('',#9976,#7976,#7977);
#6835=AXIS2_PLACEMENT_3D('',#9986,#7983,#7984);
#6836=AXIS2_PLACEMENT_3D('',#9992,#7988,#7989);
#6837=AXIS2_PLACEMENT_3D('',#10002,#7995,#7996);
#6838=AXIS2_PLACEMENT_3D('',#10019,#8003,#8004);
#6839=AXIS2_PLACEMENT_3D('',#10021,#8006,#8007);
#6840=AXIS2_PLACEMENT_3D('',#10054,#8012,#8013);
#6841=AXIS2_PLACEMENT_3D('',#10105,#8017,#8018);
#6842=AXIS2_PLACEMENT_3D('',#10129,#8021,#8022);
#6843=AXIS2_PLACEMENT_3D('',#10280,#8031,#8032);
#6844=AXIS2_PLACEMENT_3D('',#10340,#8038,#8039);
#6845=AXIS2_PLACEMENT_3D('',#10406,#8043,#8044);
#6846=AXIS2_PLACEMENT_3D('',#10410,#8047,#8048);
#6847=AXIS2_PLACEMENT_3D('',#10415,#8050,#8051);
#6848=AXIS2_PLACEMENT_3D('',#10418,#8053,#8054);
#6849=AXIS2_PLACEMENT_3D('',#10419,#8055,#8056);
#6850=AXIS2_PLACEMENT_3D('',#10421,#8057,#8058);
#6851=AXIS2_PLACEMENT_3D('',#10424,#8060,#8061);
#6852=AXIS2_PLACEMENT_3D('',#10425,#8062,#8063);
#6853=AXIS2_PLACEMENT_3D('',#10431,#8067,#8068);
#6854=AXIS2_PLACEMENT_3D('',#10435,#8070,#8071);
#6855=AXIS2_PLACEMENT_3D('',#10436,#8072,#8073);
#6856=AXIS2_PLACEMENT_3D('',#10437,#8074,#8075);
#6857=AXIS2_PLACEMENT_3D('',#10443,#8079,#8080);
#6858=AXIS2_PLACEMENT_3D('',#10446,#8082,#8083);
#6859=AXIS2_PLACEMENT_3D('',#10447,#8084,#8085);
#6860=AXIS2_PLACEMENT_3D('',#10448,#8086,#8087);
#6861=AXIS2_PLACEMENT_3D('',#10452,#8090,#8091);
#6862=AXIS2_PLACEMENT_3D('',#10456,#8093,#8094);
#6863=AXIS2_PLACEMENT_3D('',#10457,#8095,#8096);
#6864=AXIS2_PLACEMENT_3D('',#10458,#8097,#8098);
#6865=AXIS2_PLACEMENT_3D('',#10464,#8102,#8103);
#6866=AXIS2_PLACEMENT_3D('',#10468,#8105,#8106);
#6867=AXIS2_PLACEMENT_3D('',#10469,#8107,#8108);
#6868=AXIS2_PLACEMENT_3D('',#10470,#8109,#8110);
#6869=AXIS2_PLACEMENT_3D('',#10476,#8114,#8115);
#6870=AXIS2_PLACEMENT_3D('',#10477,#8116,#8117);
#6871=AXIS2_PLACEMENT_3D('',#10478,#8118,#8119);
#6872=AXIS2_PLACEMENT_3D('',#10479,#8120,#8121);
#6873=AXIS2_PLACEMENT_3D('',#10482,#8123,#8124);
#6874=AXIS2_PLACEMENT_3D('',#10483,#8125,#8126);
#6875=AXIS2_PLACEMENT_3D('',#10491,#8130,#8131);
#6876=AXIS2_PLACEMENT_3D('',#10495,#8133,#8134);
#6877=AXIS2_PLACEMENT_3D('',#10499,#8137,#8138);
#6878=AXIS2_PLACEMENT_3D('',#10502,#8140,#8141);
#6879=AXIS2_PLACEMENT_3D('',#10503,#8142,#8143);
#6880=AXIS2_PLACEMENT_3D('',#10506,#8146,#8147);
#6881=AXIS2_PLACEMENT_3D('',#10508,#8149,#8150);
#6882=AXIS2_PLACEMENT_3D('',#10510,#8152,#8153);
#6883=AXIS2_PLACEMENT_3D('',#10513,#8154,#8155);
#6884=AXIS2_PLACEMENT_3D('',#10517,#8157,#8158);
#6885=AXIS2_PLACEMENT_3D('',#10521,#8160,#8161);
#6886=AXIS2_PLACEMENT_3D('',#10525,#8163,#8164);
#6887=AXIS2_PLACEMENT_3D('',#10529,#8166,#8167);
#6888=AXIS2_PLACEMENT_3D('',#10533,#8169,#8170);
#6889=AXIS2_PLACEMENT_3D('',#10534,#8171,#8172);
#6890=AXIS2_PLACEMENT_3D('',#10535,#8173,#8174);
#6891=AXIS2_PLACEMENT_3D('',#10538,#8175,#8176);
#6892=AXIS2_PLACEMENT_3D('',#10542,#8178,#8179);
#6893=AXIS2_PLACEMENT_3D('',#10544,#8181,#8182);
#6894=AXIS2_PLACEMENT_3D('',#10548,#8184,#8185);
#6895=AXIS2_PLACEMENT_3D('',#10552,#8187,#8188);
#6896=AXIS2_PLACEMENT_3D('',#10554,#8189,#8190);
#6897=AXIS2_PLACEMENT_3D('',#10556,#8191,#8192);
#6898=AXIS2_PLACEMENT_3D('',#10560,#8194,#8195);
#6899=AXIS2_PLACEMENT_3D('',#10564,#8197,#8198);
#6900=AXIS2_PLACEMENT_3D('',#10568,#8200,#8201);
#6901=AXIS2_PLACEMENT_3D('',#10572,#8203,#8204);
#6902=AXIS2_PLACEMENT_3D('',#10576,#8206,#8207);
#6903=AXIS2_PLACEMENT_3D('',#10578,#8208,#8209);
#6904=AXIS2_PLACEMENT_3D('',#10580,#8210,#8211);
#6905=AXIS2_PLACEMENT_3D('',#10584,#8213,#8214);
#6906=AXIS2_PLACEMENT_3D('',#10588,#8216,#8217);
#6907=AXIS2_PLACEMENT_3D('',#10592,#8219,#8220);
#6908=AXIS2_PLACEMENT_3D('',#10596,#8222,#8223);
#6909=AXIS2_PLACEMENT_3D('',#10600,#8225,#8226);
#6910=AXIS2_PLACEMENT_3D('',#10602,#8227,#8228);
#6911=AXIS2_PLACEMENT_3D('',#10604,#8229,#8230);
#6912=AXIS2_PLACEMENT_3D('',#10608,#8232,#8233);
#6913=AXIS2_PLACEMENT_3D('',#10612,#8235,#8236);
#6914=AXIS2_PLACEMENT_3D('',#10616,#8238,#8239);
#6915=AXIS2_PLACEMENT_3D('',#10620,#8241,#8242);
#6916=AXIS2_PLACEMENT_3D('',#10624,#8244,#8245);
#6917=AXIS2_PLACEMENT_3D('',#10626,#8246,#8247);
#6918=AXIS2_PLACEMENT_3D('',#10628,#8248,#8249);
#6919=AXIS2_PLACEMENT_3D('',#10632,#8251,#8252);
#6920=AXIS2_PLACEMENT_3D('',#10636,#8254,#8255);
#6921=AXIS2_PLACEMENT_3D('',#10640,#8257,#8258);
#6922=AXIS2_PLACEMENT_3D('',#10644,#8260,#8261);
#6923=AXIS2_PLACEMENT_3D('',#10648,#8263,#8264);
#6924=AXIS2_PLACEMENT_3D('',#10650,#8265,#8266);
#6925=AXIS2_PLACEMENT_3D('',#10652,#8267,#8268);
#6926=AXIS2_PLACEMENT_3D('',#10656,#8270,#8271);
#6927=AXIS2_PLACEMENT_3D('',#10660,#8273,#8274);
#6928=AXIS2_PLACEMENT_3D('',#10664,#8276,#8277);
#6929=AXIS2_PLACEMENT_3D('',#10668,#8279,#8280);
#6930=AXIS2_PLACEMENT_3D('',#10672,#8282,#8283);
#6931=AXIS2_PLACEMENT_3D('',#10674,#8284,#8285);
#6932=AXIS2_PLACEMENT_3D('',#10676,#8286,#8287);
#6933=AXIS2_PLACEMENT_3D('',#10680,#8289,#8290);
#6934=AXIS2_PLACEMENT_3D('',#10684,#8292,#8293);
#6935=AXIS2_PLACEMENT_3D('',#10688,#8295,#8296);
#6936=AXIS2_PLACEMENT_3D('',#10692,#8298,#8299);
#6937=AXIS2_PLACEMENT_3D('',#10696,#8301,#8302);
#6938=AXIS2_PLACEMENT_3D('',#10698,#8303,#8304);
#6939=AXIS2_PLACEMENT_3D('',#10700,#8305,#8306);
#6940=AXIS2_PLACEMENT_3D('',#10704,#8308,#8309);
#6941=AXIS2_PLACEMENT_3D('',#10708,#8311,#8312);
#6942=AXIS2_PLACEMENT_3D('',#10712,#8314,#8315);
#6943=AXIS2_PLACEMENT_3D('',#10716,#8317,#8318);
#6944=AXIS2_PLACEMENT_3D('',#10720,#8320,#8321);
#6945=AXIS2_PLACEMENT_3D('',#10722,#8322,#8323);
#6946=AXIS2_PLACEMENT_3D('',#10724,#8324,#8325);
#6947=AXIS2_PLACEMENT_3D('',#10728,#8327,#8328);
#6948=AXIS2_PLACEMENT_3D('',#10732,#8330,#8331);
#6949=AXIS2_PLACEMENT_3D('',#10736,#8333,#8334);
#6950=AXIS2_PLACEMENT_3D('',#10740,#8336,#8337);
#6951=AXIS2_PLACEMENT_3D('',#10742,#8338,#8339);
#6952=AXIS2_PLACEMENT_3D('',#10746,#8341,#8342);
#6953=AXIS2_PLACEMENT_3D('',#10750,#8344,#8345);
#6954=AXIS2_PLACEMENT_3D('',#10754,#8347,#8348);
#6955=AXIS2_PLACEMENT_3D('',#10757,#8350,#8351);
#6956=AXIS2_PLACEMENT_3D('',#10759,#8352,#8353);
#6957=AXIS2_PLACEMENT_3D('',#10761,#8354,#8355);
#6958=AXIS2_PLACEMENT_3D('',#10763,#8356,#8357);
#6959=AXIS2_PLACEMENT_3D('',#10765,#8358,#8359);
#6960=AXIS2_PLACEMENT_3D('',#10767,#8360,#8361);
#6961=AXIS2_PLACEMENT_3D('',#10769,#8362,#8363);
#6962=AXIS2_PLACEMENT_3D('',#10771,#8364,#8365);
#6963=AXIS2_PLACEMENT_3D('',#10772,#8366,#8367);
#6964=AXIS2_PLACEMENT_3D('',#10792,#8378,#8379);
#6965=AXIS2_PLACEMENT_3D('',#10795,#8380,#8381);
#6966=AXIS2_PLACEMENT_3D('',#10799,#8383,#8384);
#6967=AXIS2_PLACEMENT_3D('',#10801,#8386,#8387);
#6968=AXIS2_PLACEMENT_3D('',#10807,#8391,#8392);
#6969=AXIS2_PLACEMENT_3D('',#10810,#8393,#8394);
#6970=AXIS2_PLACEMENT_3D('',#10814,#8396,#8397);
#6971=AXIS2_PLACEMENT_3D('',#10816,#8399,#8400);
#6972=AXIS2_PLACEMENT_3D('',#10822,#8404,#8405);
#6973=AXIS2_PLACEMENT_3D('',#10824,#8406,#8407);
#6974=AXIS2_PLACEMENT_3D('',#10826,#8409,#8410);
#6975=AXIS2_PLACEMENT_3D('',#10830,#8412,#8413);
#6976=AXIS2_PLACEMENT_3D('',#10834,#8415,#8416);
#6977=AXIS2_PLACEMENT_3D('',#10838,#8418,#8419);
#6978=AXIS2_PLACEMENT_3D('',#10842,#8421,#8422);
#6979=AXIS2_PLACEMENT_3D('',#10844,#8423,#8424);
#6980=AXIS2_PLACEMENT_3D('',#10846,#8425,#8426);
#6981=AXIS2_PLACEMENT_3D('',#10850,#8428,#8429);
#6982=AXIS2_PLACEMENT_3D('',#10852,#8430,#8431);
#6983=AXIS2_PLACEMENT_3D('',#10856,#8433,#8434);
#6984=AXIS2_PLACEMENT_3D('',#10860,#8436,#8437);
#6985=AXIS2_PLACEMENT_3D('',#10864,#8439,#8440);
#6986=AXIS2_PLACEMENT_3D('',#10868,#8442,#8443);
#6987=AXIS2_PLACEMENT_3D('',#10870,#8444,#8445);
#6988=AXIS2_PLACEMENT_3D('',#10872,#8446,#8447);
#6989=AXIS2_PLACEMENT_3D('',#10876,#8449,#8450);
#6990=AXIS2_PLACEMENT_3D('',#10880,#8452,#8453);
#6991=AXIS2_PLACEMENT_3D('',#10884,#8455,#8456);
#6992=AXIS2_PLACEMENT_3D('',#10888,#8458,#8459);
#6993=AXIS2_PLACEMENT_3D('',#10892,#8461,#8462);
#6994=AXIS2_PLACEMENT_3D('',#10894,#8463,#8464);
#6995=AXIS2_PLACEMENT_3D('',#10896,#8465,#8466);
#6996=AXIS2_PLACEMENT_3D('',#10900,#8468,#8469);
#6997=AXIS2_PLACEMENT_3D('',#10904,#8471,#8472);
#6998=AXIS2_PLACEMENT_3D('',#10908,#8474,#8475);
#6999=AXIS2_PLACEMENT_3D('',#10912,#8477,#8478);
#7000=AXIS2_PLACEMENT_3D('',#10916,#8480,#8481);
#7001=AXIS2_PLACEMENT_3D('',#10918,#8482,#8483);
#7002=AXIS2_PLACEMENT_3D('',#10920,#8484,#8485);
#7003=AXIS2_PLACEMENT_3D('',#10924,#8487,#8488);
#7004=AXIS2_PLACEMENT_3D('',#10928,#8490,#8491);
#7005=AXIS2_PLACEMENT_3D('',#10932,#8493,#8494);
#7006=AXIS2_PLACEMENT_3D('',#10936,#8496,#8497);
#7007=AXIS2_PLACEMENT_3D('',#10940,#8499,#8500);
#7008=AXIS2_PLACEMENT_3D('',#10942,#8501,#8502);
#7009=AXIS2_PLACEMENT_3D('',#10944,#8503,#8504);
#7010=AXIS2_PLACEMENT_3D('',#10948,#8506,#8507);
#7011=AXIS2_PLACEMENT_3D('',#10952,#8509,#8510);
#7012=AXIS2_PLACEMENT_3D('',#10956,#8512,#8513);
#7013=AXIS2_PLACEMENT_3D('',#10960,#8515,#8516);
#7014=AXIS2_PLACEMENT_3D('',#10964,#8518,#8519);
#7015=AXIS2_PLACEMENT_3D('',#10966,#8520,#8521);
#7016=AXIS2_PLACEMENT_3D('',#10968,#8522,#8523);
#7017=AXIS2_PLACEMENT_3D('',#10972,#8525,#8526);
#7018=AXIS2_PLACEMENT_3D('',#10976,#8528,#8529);
#7019=AXIS2_PLACEMENT_3D('',#10980,#8531,#8532);
#7020=AXIS2_PLACEMENT_3D('',#10984,#8534,#8535);
#7021=AXIS2_PLACEMENT_3D('',#10988,#8537,#8538);
#7022=AXIS2_PLACEMENT_3D('',#10990,#8539,#8540);
#7023=AXIS2_PLACEMENT_3D('',#10992,#8541,#8542);
#7024=AXIS2_PLACEMENT_3D('',#10996,#8544,#8545);
#7025=AXIS2_PLACEMENT_3D('',#11000,#8547,#8548);
#7026=AXIS2_PLACEMENT_3D('',#11004,#8550,#8551);
#7027=AXIS2_PLACEMENT_3D('',#11008,#8553,#8554);
#7028=AXIS2_PLACEMENT_3D('',#11012,#8556,#8557);
#7029=AXIS2_PLACEMENT_3D('',#11014,#8558,#8559);
#7030=AXIS2_PLACEMENT_3D('',#11016,#8560,#8561);
#7031=AXIS2_PLACEMENT_3D('',#11020,#8563,#8564);
#7032=AXIS2_PLACEMENT_3D('',#11024,#8566,#8567);
#7033=AXIS2_PLACEMENT_3D('',#11028,#8569,#8570);
#7034=AXIS2_PLACEMENT_3D('',#11032,#8572,#8573);
#7035=AXIS2_PLACEMENT_3D('',#11036,#8575,#8576);
#7036=AXIS2_PLACEMENT_3D('',#11038,#8577,#8578);
#7037=AXIS2_PLACEMENT_3D('',#11040,#8579,#8580);
#7038=AXIS2_PLACEMENT_3D('',#11042,#8582,#8583);
#7039=AXIS2_PLACEMENT_3D('',#11049,#8587,#8588);
#7040=AXIS2_PLACEMENT_3D('',#11053,#8590,#8591);
#7041=AXIS2_PLACEMENT_3D('',#11054,#8592,#8593);
#7042=AXIS2_PLACEMENT_3D('',#11055,#8594,#8595);
#7043=AXIS2_PLACEMENT_3D('',#11061,#8599,#8600);
#7044=AXIS2_PLACEMENT_3D('',#11064,#8602,#8603);
#7045=AXIS2_PLACEMENT_3D('',#11065,#8604,#8605);
#7046=AXIS2_PLACEMENT_3D('',#11066,#8606,#8607);
#7047=AXIS2_PLACEMENT_3D('',#11068,#8609,#8610);
#7048=AXIS2_PLACEMENT_3D('',#11075,#8615,#8616);
#7049=AXIS2_PLACEMENT_3D('',#11081,#8620,#8621);
#7050=AXIS2_PLACEMENT_3D('',#11084,#8624,#8625);
#7051=AXIS2_PLACEMENT_3D('',#11086,#8626,#8627);
#7052=AXIS2_PLACEMENT_3D('',#11088,#8629,#8630);
#7053=AXIS2_PLACEMENT_3D('',#11092,#8633,#8634);
#7054=AXIS2_PLACEMENT_3D('',#11093,#8635,#8636);
#7055=AXIS2_PLACEMENT_3D('',#11095,#8638,#8639);
#7056=AXIS2_PLACEMENT_3D('',#11097,#8641,#8642);
#7057=AXIS2_PLACEMENT_3D('',#11099,#8644,#8645);
#7058=AXIS2_PLACEMENT_3D('',#11101,#8647,#8648);
#7059=AXIS2_PLACEMENT_3D('',#11103,#8650,#8651);
#7060=AXIS2_PLACEMENT_3D('',#11106,#8653,#8654);
#7061=AXIS2_PLACEMENT_3D('',#11107,#8655,#8656);
#7062=AXIS2_PLACEMENT_3D('',#11111,#8658,#8659);
#7063=AXIS2_PLACEMENT_3D('',#11113,#8661,#8662);
#7064=AXIS2_PLACEMENT_3D('',#11115,#8664,#8665);
#7065=AXIS2_PLACEMENT_3D('',#11119,#8667,#8668);
#7066=AXIS2_PLACEMENT_3D('',#11121,#8670,#8671);
#7067=AXIS2_PLACEMENT_3D('',#11129,#8677,#8678);
#7068=AXIS2_PLACEMENT_3D('',#11131,#8679,#8680);
#7069=AXIS2_PLACEMENT_3D('',#11133,#8682,#8683);
#7070=AXIS2_PLACEMENT_3D('',#11136,#8686,#8687);
#7071=AXIS2_PLACEMENT_3D('',#11138,#8689,#8690);
#7072=AXIS2_PLACEMENT_3D('',#11140,#8692,#8693);
#7073=AXIS2_PLACEMENT_3D('',#11143,#8696,#8697);
#7074=AXIS2_PLACEMENT_3D('',#11149,#8701,#8702);
#7075=AXIS2_PLACEMENT_3D('',#11152,#8703,#8704);
#7076=AXIS2_PLACEMENT_3D('',#11156,#8706,#8707);
#7077=AXIS2_PLACEMENT_3D('',#11158,#8709,#8710);
#7078=AXIS2_PLACEMENT_3D('',#11160,#8711,#8712);
#7079=AXIS2_PLACEMENT_3D('',#11163,#8714,#8715);
#7080=AXIS2_PLACEMENT_3D('',#11164,#8716,#8717);
#7081=AXIS2_PLACEMENT_3D('',#11166,#8718,#8719);
#7082=AXIS2_PLACEMENT_3D('',#11171,#8722,#8723);
#7083=AXIS2_PLACEMENT_3D('',#11173,#8724,#8725);
#7084=AXIS2_PLACEMENT_3D('',#11175,#8726,#8727);
#7085=AXIS2_PLACEMENT_3D('',#11179,#8729,#8730);
#7086=AXIS2_PLACEMENT_3D('',#11181,#8732,#8733);
#7087=AXIS2_PLACEMENT_3D('',#11184,#8736,#8737);
#7088=AXIS2_PLACEMENT_3D('',#11189,#8740,#8741);
#7089=AXIS2_PLACEMENT_3D('',#11191,#8743,#8744);
#7090=AXIS2_PLACEMENT_3D('',#11193,#8746,#8747);
#7091=AXIS2_PLACEMENT_3D('',#11197,#8750,#8751);
#7092=AXIS2_PLACEMENT_3D('',#11198,#8752,#8753);
#7093=AXIS2_PLACEMENT_3D('',#11199,#8754,#8755);
#7094=AXIS2_PLACEMENT_3D('',#11202,#8757,#8758);
#7095=AXIS2_PLACEMENT_3D('',#11203,#8759,#8760);
#7096=AXIS2_PLACEMENT_3D('',#11205,#8762,#8763);
#7097=AXIS2_PLACEMENT_3D('',#11207,#8765,#8766);
#7098=AXIS2_PLACEMENT_3D('',#11208,#8767,#8768);
#7099=AXIS2_PLACEMENT_3D('',#11210,#8770,#8771);
#7100=AXIS2_PLACEMENT_3D('',#11211,#8772,#8773);
#7101=AXIS2_PLACEMENT_3D('',#11214,#8776,#8777);
#7102=AXIS2_PLACEMENT_3D('',#11215,#8778,#8779);
#7103=AXIS2_PLACEMENT_3D('',#11218,#8781,#8782);
#7104=AXIS2_PLACEMENT_3D('',#11219,#8783,#8784);
#7105=AXIS2_PLACEMENT_3D('',#11220,#8785,#8786);
#7106=AXIS2_PLACEMENT_3D('',#11223,#8788,#8789);
#7107=AXIS2_PLACEMENT_3D('',#11224,#8790,#8791);
#7108=AXIS2_PLACEMENT_3D('',#11225,#8792,#8793);
#7109=AXIS2_PLACEMENT_3D('',#11228,#8795,#8796);
#7110=AXIS2_PLACEMENT_3D('',#11229,#8797,#8798);
#7111=AXIS2_PLACEMENT_3D('',#11230,#8799,#8800);
#7112=AXIS2_PLACEMENT_3D('',#11233,#8802,#8803);
#7113=AXIS2_PLACEMENT_3D('',#11234,#8804,#8805);
#7114=AXIS2_PLACEMENT_3D('',#11235,#8806,#8807);
#7115=AXIS2_PLACEMENT_3D('',#11238,#8809,#8810);
#7116=AXIS2_PLACEMENT_3D('',#11239,#8811,#8812);
#7117=AXIS2_PLACEMENT_3D('',#11240,#8813,#8814);
#7118=AXIS2_PLACEMENT_3D('',#11243,#8816,#8817);
#7119=AXIS2_PLACEMENT_3D('',#11244,#8818,#8819);
#7120=AXIS2_PLACEMENT_3D('',#11245,#8820,#8821);
#7121=AXIS2_PLACEMENT_3D('',#11248,#8823,#8824);
#7122=AXIS2_PLACEMENT_3D('',#11249,#8825,#8826);
#7123=AXIS2_PLACEMENT_3D('',#11250,#8827,#8828);
#7124=AXIS2_PLACEMENT_3D('',#11253,#8830,#8831);
#7125=AXIS2_PLACEMENT_3D('',#11254,#8832,#8833);
#7126=AXIS2_PLACEMENT_3D('',#11255,#8834,#8835);
#7127=AXIS2_PLACEMENT_3D('',#11257,#8836,#8837);
#7128=AXIS2_PLACEMENT_3D('',#11259,#8839,#8840);
#7129=AXIS2_PLACEMENT_3D('',#11263,#8843,#8844);
#7130=AXIS2_PLACEMENT_3D('',#11265,#8845,#8846);
#7131=AXIS2_PLACEMENT_3D('',#11267,#8848,#8849);
#7132=AXIS2_PLACEMENT_3D('',#11271,#8852,#8853);
#7133=AXIS2_PLACEMENT_3D('',#11273,#8854,#8855);
#7134=AXIS2_PLACEMENT_3D('',#11275,#8857,#8858);
#7135=AXIS2_PLACEMENT_3D('',#11277,#8860,#8861);
#7136=AXIS2_PLACEMENT_3D('',#11278,#8862,#8863);
#7137=AXIS2_PLACEMENT_3D('',#11279,#8864,#8865);
#7138=AXIS2_PLACEMENT_3D('',#11282,#8867,#8868);
#7139=AXIS2_PLACEMENT_3D('',#11283,#8869,#8870);
#7140=AXIS2_PLACEMENT_3D('',#11289,#8874,#8875);
#7141=AXIS2_PLACEMENT_3D('',#11290,#8876,#8877);
#7142=AXIS2_PLACEMENT_3D('',#11291,#8878,#8879);
#7143=AXIS2_PLACEMENT_3D('',#11292,#8880,#8881);
#7144=AXIS2_PLACEMENT_3D('',#11293,#8882,#8883);
#7145=AXIS2_PLACEMENT_3D('',#11295,#8885,#8886);
#7146=AXIS2_PLACEMENT_3D('',#11297,#8888,#8889);
#7147=AXIS2_PLACEMENT_3D('',#11299,#8891,#8892);
#7148=AXIS2_PLACEMENT_3D('',#11301,#8894,#8895);
#7149=AXIS2_PLACEMENT_3D('',#11303,#8897,#8898);
#7150=AXIS2_PLACEMENT_3D('',#11305,#8900,#8901);
#7151=AXIS2_PLACEMENT_3D('',#11307,#8903,#8904);
#7152=AXIS2_PLACEMENT_3D('',#11309,#8906,#8907);
#7153=AXIS2_PLACEMENT_3D('',#11311,#8909,#8910);
#7154=AXIS2_PLACEMENT_3D('',#11313,#8912,#8913);
#7155=AXIS2_PLACEMENT_3D('',#11315,#8915,#8916);
#7156=AXIS2_PLACEMENT_3D('',#11317,#8918,#8919);
#7157=AXIS2_PLACEMENT_3D('',#11319,#8921,#8922);
#7158=AXIS2_PLACEMENT_3D('',#11321,#8924,#8925);
#7159=AXIS2_PLACEMENT_3D('',#11323,#8927,#8928);
#7160=AXIS2_PLACEMENT_3D('',#11325,#8930,#8931);
#7161=AXIS2_PLACEMENT_3D('',#11327,#8933,#8934);
#7162=AXIS2_PLACEMENT_3D('',#11329,#8936,#8937);
#7163=AXIS2_PLACEMENT_3D('',#11331,#8939,#8940);
#7164=AXIS2_PLACEMENT_3D('',#11333,#8942,#8943);
#7165=AXIS2_PLACEMENT_3D('',#11335,#8945,#8946);
#7166=AXIS2_PLACEMENT_3D('',#11337,#8948,#8949);
#7167=AXIS2_PLACEMENT_3D('',#11339,#8951,#8952);
#7168=AXIS2_PLACEMENT_3D('',#11341,#8954,#8955);
#7169=AXIS2_PLACEMENT_3D('',#11343,#8957,#8958);
#7170=AXIS2_PLACEMENT_3D('',#11345,#8960,#8961);
#7171=AXIS2_PLACEMENT_3D('',#11347,#8963,#8964);
#7172=AXIS2_PLACEMENT_3D('',#11349,#8966,#8967);
#7173=AXIS2_PLACEMENT_3D('',#11351,#8969,#8970);
#7174=AXIS2_PLACEMENT_3D('',#11353,#8972,#8973);
#7175=AXIS2_PLACEMENT_3D('',#11355,#8975,#8976);
#7176=AXIS2_PLACEMENT_3D('',#11357,#8978,#8979);
#7177=AXIS2_PLACEMENT_3D('',#11359,#8981,#8982);
#7178=AXIS2_PLACEMENT_3D('',#11361,#8984,#8985);
#7179=AXIS2_PLACEMENT_3D('',#11363,#8987,#8988);
#7180=AXIS2_PLACEMENT_3D('',#11365,#8990,#8991);
#7181=AXIS2_PLACEMENT_3D('',#11367,#8993,#8994);
#7182=AXIS2_PLACEMENT_3D('',#11369,#8996,#8997);
#7183=AXIS2_PLACEMENT_3D('',#11371,#8999,#9000);
#7184=AXIS2_PLACEMENT_3D('',#11373,#9002,#9003);
#7185=AXIS2_PLACEMENT_3D('',#11375,#9005,#9006);
#7186=AXIS2_PLACEMENT_3D('',#11377,#9008,#9009);
#7187=AXIS2_PLACEMENT_3D('',#11379,#9011,#9012);
#7188=AXIS2_PLACEMENT_3D('',#11381,#9014,#9015);
#7189=AXIS2_PLACEMENT_3D('',#11383,#9017,#9018);
#7190=AXIS2_PLACEMENT_3D('',#11385,#9020,#9021);
#7191=AXIS2_PLACEMENT_3D('',#11387,#9023,#9024);
#7192=AXIS2_PLACEMENT_3D('',#11389,#9026,#9027);
#7193=AXIS2_PLACEMENT_3D('',#11391,#9029,#9030);
#7194=AXIS2_PLACEMENT_3D('',#11393,#9032,#9033);
#7195=AXIS2_PLACEMENT_3D('',#11395,#9035,#9036);
#7196=AXIS2_PLACEMENT_3D('',#11397,#9038,#9039);
#7197=AXIS2_PLACEMENT_3D('',#11399,#9041,#9042);
#7198=AXIS2_PLACEMENT_3D('',#11401,#9044,#9045);
#7199=AXIS2_PLACEMENT_3D('',#11403,#9047,#9048);
#7200=AXIS2_PLACEMENT_3D('',#11405,#9050,#9051);
#7201=AXIS2_PLACEMENT_3D('',#11407,#9053,#9054);
#7202=AXIS2_PLACEMENT_3D('',#11409,#9056,#9057);
#7203=AXIS2_PLACEMENT_3D('',#11411,#9059,#9060);
#7204=AXIS2_PLACEMENT_3D('',#11413,#9062,#9063);
#7205=AXIS2_PLACEMENT_3D('',#11415,#9065,#9066);
#7206=AXIS2_PLACEMENT_3D('',#11417,#9068,#9069);
#7207=AXIS2_PLACEMENT_3D('',#11419,#9071,#9072);
#7208=AXIS2_PLACEMENT_3D('',#11421,#9074,#9075);
#7209=AXIS2_PLACEMENT_3D('',#11423,#9077,#9078);
#7210=AXIS2_PLACEMENT_3D('',#11425,#9080,#9081);
#7211=AXIS2_PLACEMENT_3D('',#11427,#9083,#9084);
#7212=AXIS2_PLACEMENT_3D('',#11429,#9086,#9087);
#7213=AXIS2_PLACEMENT_3D('',#11431,#9089,#9090);
#7214=AXIS2_PLACEMENT_3D('',#11433,#9092,#9093);
#7215=AXIS2_PLACEMENT_3D('',#11435,#9095,#9096);
#7216=AXIS2_PLACEMENT_3D('',#11437,#9098,#9099);
#7217=AXIS2_PLACEMENT_3D('',#11439,#9101,#9102);
#7218=AXIS2_PLACEMENT_3D('',#11441,#9104,#9105);
#7219=AXIS2_PLACEMENT_3D('',#11443,#9107,#9108);
#7220=AXIS2_PLACEMENT_3D('',#11445,#9110,#9111);
#7221=AXIS2_PLACEMENT_3D('',#11447,#9113,#9114);
#7222=AXIS2_PLACEMENT_3D('',#11449,#9116,#9117);
#7223=AXIS2_PLACEMENT_3D('',#11451,#9119,#9120);
#7224=AXIS2_PLACEMENT_3D('',#11453,#9122,#9123);
#7225=AXIS2_PLACEMENT_3D('',#11455,#9125,#9126);
#7226=AXIS2_PLACEMENT_3D('',#11457,#9128,#9129);
#7227=AXIS2_PLACEMENT_3D('',#11459,#9131,#9132);
#7228=AXIS2_PLACEMENT_3D('',#11461,#9134,#9135);
#7229=AXIS2_PLACEMENT_3D('',#11463,#9137,#9138);
#7230=AXIS2_PLACEMENT_3D('',#11465,#9140,#9141);
#7231=AXIS2_PLACEMENT_3D('',#11467,#9143,#9144);
#7232=AXIS2_PLACEMENT_3D('',#11469,#9146,#9147);
#7233=AXIS2_PLACEMENT_3D('',#11471,#9149,#9150);
#7234=AXIS2_PLACEMENT_3D('',#11473,#9152,#9153);
#7235=AXIS2_PLACEMENT_3D('',#11475,#9155,#9156);
#7236=AXIS2_PLACEMENT_3D('',#11477,#9158,#9159);
#7237=AXIS2_PLACEMENT_3D('',#11479,#9161,#9162);
#7238=AXIS2_PLACEMENT_3D('',#11481,#9164,#9165);
#7239=AXIS2_PLACEMENT_3D('',#11483,#9167,#9168);
#7240=AXIS2_PLACEMENT_3D('',#11484,#9169,#9170);
#7241=AXIS2_PLACEMENT_3D('',#11488,#9173,#9174);
#7242=AXIS2_PLACEMENT_3D('',#11489,#9175,#9176);
#7243=AXIS2_PLACEMENT_3D('',#11490,#9177,#9178);
#7244=AXIS2_PLACEMENT_3D('',#11491,#9179,#9180);
#7245=AXIS2_PLACEMENT_3D('',#11493,#9182,#9183);
#7246=AXIS2_PLACEMENT_3D('',#11494,#9184,#9185);
#7247=AXIS2_PLACEMENT_3D('',#11496,#9187,#9188);
#7248=AXIS2_PLACEMENT_3D('',#11498,#9190,#9191);
#7249=AXIS2_PLACEMENT_3D('',#11500,#9193,#9194);
#7250=AXIS2_PLACEMENT_3D('',#11502,#9196,#9197);
#7251=AXIS2_PLACEMENT_3D('',#11504,#9199,#9200);
#7252=AXIS2_PLACEMENT_3D('',#11505,#9201,#9202);
#7253=AXIS2_PLACEMENT_3D('',#11507,#9204,#9205);
#7254=AXIS2_PLACEMENT_3D('',#11509,#9207,#9208);
#7255=DIRECTION('axis',(0.,0.,1.));
#7256=DIRECTION('refdir',(1.,0.,0.));
#7257=DIRECTION('center_axis',(-1.,0.,0.));
#7258=DIRECTION('ref_axis',(0.,-0.99144486137381,0.130526192220052));
#7259=DIRECTION('',(0.,-0.99144486137381,0.130526192220052));
#7260=DIRECTION('',(0.,0.130526192220052,0.99144486137381));
#7261=DIRECTION('',(0.,-0.99144486137381,0.130526192220052));
#7262=DIRECTION('',(0.,0.130526192220052,0.99144486137381));
#7263=DIRECTION('center_axis',(0.,0.130526192220052,0.99144486137381));
#7264=DIRECTION('ref_axis',(-1.,-6.40421767414431E-14,8.43131251894446E-15));
#7265=DIRECTION('center_axis',(0.,0.130526192220052,0.99144486137381));
#7266=DIRECTION('ref_axis',(-1.,-6.40421767414431E-14,8.43131251894446E-15));
#7267=DIRECTION('',(0.,0.130526192220052,0.99144486137381));
#7268=DIRECTION('center_axis',(0.,0.130526192220052,0.99144486137381));
#7269=DIRECTION('ref_axis',(-1.,-6.40421767414432E-14,8.43131251894445E-15));
#7270=DIRECTION('center_axis',(0.,0.99144486137381,-0.130526192220052));
#7271=DIRECTION('ref_axis',(-1.,0.,0.));
#7272=DIRECTION('',(-1.,0.,0.));
#7273=DIRECTION('',(0.,0.130526192220052,0.99144486137381));
#7274=DIRECTION('',(-1.,0.,0.));
#7275=DIRECTION('center_axis',(0.,0.130526192220052,0.99144486137381));
#7276=DIRECTION('ref_axis',(-4.30631961066757E-14,0.99144486137381,-0.130526192220052));
#7277=DIRECTION('center_axis',(0.,0.130526192220052,0.99144486137381));
#7278=DIRECTION('ref_axis',(-4.30631961066757E-14,0.99144486137381,-0.130526192220052));
#7279=DIRECTION('',(0.,0.130526192220052,0.99144486137381));
#7280=DIRECTION('center_axis',(0.,0.130526192220052,0.99144486137381));
#7281=DIRECTION('ref_axis',(-4.30631961066757E-14,0.99144486137381,-0.130526192220052));
#7282=DIRECTION('center_axis',(1.,0.,0.));
#7283=DIRECTION('ref_axis',(0.,0.99144486137381,-0.130526192220052));
#7284=DIRECTION('',(0.,0.99144486137381,-0.130526192220052));
#7285=DIRECTION('',(0.,0.130526192220052,0.99144486137381));
#7286=DIRECTION('',(0.,0.99144486137381,-0.130526192220052));
#7287=DIRECTION('center_axis',(0.,0.130526192220052,0.99144486137381));
#7288=DIRECTION('ref_axis',(1.,0.,0.));
#7289=DIRECTION('center_axis',(0.,0.130526192220052,0.99144486137381));
#7290=DIRECTION('ref_axis',(1.,0.,0.));
#7291=DIRECTION('',(0.,0.130526192220052,0.99144486137381));
#7292=DIRECTION('center_axis',(0.,0.130526192220052,0.99144486137381));
#7293=DIRECTION('ref_axis',(1.,0.,0.));
#7294=DIRECTION('center_axis',(0.,-0.99144486137381,0.130526192220052));
#7295=DIRECTION('ref_axis',(1.,0.,0.));
#7296=DIRECTION('',(1.,0.,0.));
#7297=DIRECTION('',(0.,0.130526192220052,0.99144486137381));
#7298=DIRECTION('',(1.,0.,0.));
#7299=DIRECTION('center_axis',(0.,0.130526192220052,0.99144486137381));
#7300=DIRECTION('ref_axis',(-4.3063196106672E-14,-0.99144486137381,0.130526192220052));
#7301=DIRECTION('center_axis',(0.,0.130526192220052,0.99144486137381));
#7302=DIRECTION('ref_axis',(-4.3063196106672E-14,-0.99144486137381,0.130526192220052));
#7303=DIRECTION('center_axis',(0.,0.130526192220052,0.99144486137381));
#7304=DIRECTION('ref_axis',(-4.3063196106672E-14,-0.99144486137381,0.130526192220052));
#7305=DIRECTION('center_axis',(0.,-0.130526192220052,-0.99144486137381));
#7306=DIRECTION('ref_axis',(1.,0.,0.));
#7307=DIRECTION('',(1.,0.,0.));
#7308=DIRECTION('center_axis',(0.,-0.130526192220052,-0.99144486137381));
#7309=DIRECTION('ref_axis',(0.,0.99144486137381,-0.130526192220052));
#7310=DIRECTION('',(-1.,0.,0.));
#7311=DIRECTION('center_axis',(0.,-0.130526192220052,-0.99144486137381));
#7312=DIRECTION('ref_axis',(-9.80058945876051E-14,0.99144486137381,-0.130526192220052));
#7313=DIRECTION('center_axis',(-1.,0.,0.));
#7314=DIRECTION('ref_axis',(0.,-0.99144486137381,0.130526192220052));
#7315=DIRECTION('',(0.,-0.99144486137381,0.130526192220052));
#7316=DIRECTION('',(0.,0.130526192220041,0.991444861373812));
#7317=DIRECTION('',(0.,-0.99144486137381,0.130526192220052));
#7318=DIRECTION('',(0.,0.130526192220041,0.991444861373812));
#7319=DIRECTION('center_axis',(0.,0.130526192220041,0.991444861373812));
#7320=DIRECTION('ref_axis',(-1.,-6.40421767414432E-14,8.43131251894373E-15));
#7321=DIRECTION('center_axis',(0.,0.130526192220052,0.99144486137381));
#7322=DIRECTION('ref_axis',(-1.,-6.40421767414432E-14,8.43131251894373E-15));
#7323=DIRECTION('',(0.,0.130526192220041,0.991444861373812));
#7324=DIRECTION('center_axis',(0.,0.130526192220052,0.99144486137381));
#7325=DIRECTION('ref_axis',(-1.,-6.40421767414431E-14,8.43131251894444E-15));
#7326=DIRECTION('center_axis',(0.,0.991444861373812,-0.130526192220041));
#7327=DIRECTION('ref_axis',(-1.,0.,0.));
#7328=DIRECTION('',(-1.,0.,0.));
#7329=DIRECTION('',(0.,0.130526192220041,0.991444861373812));
#7330=DIRECTION('',(-1.,0.,0.));
#7331=DIRECTION('center_axis',(0.,0.130526192220041,0.991444861373812));
#7332=DIRECTION('ref_axis',(-4.30631961066757E-14,0.991444861373812,-0.130526192220041));
#7333=DIRECTION('center_axis',(0.,0.130526192220052,0.99144486137381));
#7334=DIRECTION('ref_axis',(-4.30631961066757E-14,0.991444861373812,-0.130526192220041));
#7335=DIRECTION('',(0.,0.130526192220041,0.991444861373812));
#7336=DIRECTION('center_axis',(0.,0.130526192220052,0.99144486137381));
#7337=DIRECTION('ref_axis',(-4.30631961066757E-14,0.99144486137381,-0.130526192220052));
#7338=DIRECTION('center_axis',(1.,0.,0.));
#7339=DIRECTION('ref_axis',(0.,0.99144486137381,-0.130526192220052));
#7340=DIRECTION('',(0.,0.99144486137381,-0.130526192220052));
#7341=DIRECTION('',(0.,0.130526192220041,0.991444861373812));
#7342=DIRECTION('',(0.,0.99144486137381,-0.130526192220052));
#7343=DIRECTION('center_axis',(0.,0.130526192220041,0.991444861373812));
#7344=DIRECTION('ref_axis',(1.,0.,0.));
#7345=DIRECTION('center_axis',(0.,0.130526192220052,0.99144486137381));
#7346=DIRECTION('ref_axis',(1.,0.,0.));
#7347=DIRECTION('',(0.,0.130526192220041,0.991444861373812));
#7348=DIRECTION('center_axis',(0.,0.130526192220052,0.99144486137381));
#7349=DIRECTION('ref_axis',(1.,0.,0.));
#7350=DIRECTION('center_axis',(0.,-0.991444861373812,0.130526192220041));
#7351=DIRECTION('ref_axis',(1.,0.,0.));
#7352=DIRECTION('',(1.,0.,0.));
#7353=DIRECTION('',(0.,0.130526192220041,0.991444861373812));
#7354=DIRECTION('',(1.,0.,0.));
#7355=DIRECTION('center_axis',(0.,0.130526192220041,0.991444861373812));
#7356=DIRECTION('ref_axis',(-4.3063196106672E-14,-0.991444861373812,0.130526192220041));
#7357=DIRECTION('center_axis',(0.,0.130526192220052,0.99144486137381));
#7358=DIRECTION('ref_axis',(-4.3063196106672E-14,-0.991444861373812,0.130526192220041));
#7359=DIRECTION('center_axis',(0.,0.130526192220052,0.99144486137381));
#7360=DIRECTION('ref_axis',(-4.3063196106672E-14,-0.99144486137381,0.130526192220052));
#7361=DIRECTION('center_axis',(0.,-0.130526192220052,-0.99144486137381));
#7362=DIRECTION('ref_axis',(1.,0.,0.));
#7363=DIRECTION('',(1.,0.,0.));
#7364=DIRECTION('center_axis',(0.,-0.130526192220052,-0.99144486137381));
#7365=DIRECTION('ref_axis',(0.,0.99144486137381,-0.130526192220052));
#7366=DIRECTION('',(-1.,0.,0.));
#7367=DIRECTION('center_axis',(0.,-0.130526192220052,-0.99144486137381));
#7368=DIRECTION('ref_axis',(-9.80058945876051E-14,0.99144486137381,-0.130526192220054));
#7369=DIRECTION('center_axis',(0.,0.99144486137381,-0.130526192220052));
#7370=DIRECTION('ref_axis',(-1.,0.,0.));
#7371=DIRECTION('',(-1.,0.,0.));
#7372=DIRECTION('',(0.,0.130526192220052,0.99144486137381));
#7373=DIRECTION('',(-1.,0.,0.));
#7374=DIRECTION('',(0.,0.130526192220052,0.99144486137381));
#7375=DIRECTION('center_axis',(0.,0.130526192220052,0.99144486137381));
#7376=DIRECTION('ref_axis',(-4.30631961066757E-14,0.99144486137381,-0.130526192220052));
#7377=DIRECTION('center_axis',(0.,0.130526192220052,0.99144486137381));
#7378=DIRECTION('ref_axis',(-4.30631961066757E-14,0.99144486137381,-0.130526192220052));
#7379=DIRECTION('',(0.,0.130526192220052,0.99144486137381));
#7380=DIRECTION('center_axis',(0.,0.130526192220052,0.99144486137381));
#7381=DIRECTION('ref_axis',(-4.30631961066757E-14,0.99144486137381,-0.130526192220052));
#7382=DIRECTION('center_axis',(1.,7.04463944155843E-15,-9.27444377083849E-16));
#7383=DIRECTION('ref_axis',(-7.10542735760103E-15,0.99144486137381,-0.130526192220052));
#7384=DIRECTION('',(-7.10542735760103E-15,0.99144486137381,-0.130526192220052));
#7385=DIRECTION('',(0.,0.130526192220052,0.99144486137381));
#7386=DIRECTION('',(-7.10542735760102E-15,0.99144486137381,-0.130526192220052));
#7387=DIRECTION('center_axis',(0.,0.130526192220052,0.99144486137381));
#7388=DIRECTION('ref_axis',(1.,0.,0.));
#7389=DIRECTION('center_axis',(0.,0.130526192220052,0.99144486137381));
#7390=DIRECTION('ref_axis',(1.,0.,0.));
#7391=DIRECTION('',(0.,0.130526192220052,0.99144486137381));
#7392=DIRECTION('center_axis',(0.,0.130526192220052,0.99144486137381));
#7393=DIRECTION('ref_axis',(1.,0.,0.));
#7394=DIRECTION('center_axis',(0.,-0.99144486137381,0.130526192220052));
#7395=DIRECTION('ref_axis',(1.,0.,0.));
#7396=DIRECTION('',(1.,0.,0.));
#7397=DIRECTION('',(0.,0.130526192220052,0.99144486137381));
#7398=DIRECTION('',(1.,0.,0.));
#7399=DIRECTION('center_axis',(0.,0.130526192220052,0.99144486137381));
#7400=DIRECTION('ref_axis',(-2.1531598053336E-14,-0.99144486137381,0.130526192220052));
#7401=DIRECTION('center_axis',(0.,0.130526192220052,0.99144486137381));
#7402=DIRECTION('ref_axis',(-2.1531598053336E-14,-0.99144486137381,0.130526192220052));
#7403=DIRECTION('',(0.,0.130526192220052,0.99144486137381));
#7404=DIRECTION('center_axis',(0.,0.130526192220052,0.99144486137381));
#7405=DIRECTION('ref_axis',(-2.1531598053336E-14,-0.99144486137381,0.130526192220052));
#7406=DIRECTION('center_axis',(-1.,7.04463944155838E-15,-9.27444377083843E-16));
#7407=DIRECTION('ref_axis',(-7.10542735760098E-15,-0.99144486137381,0.130526192220052));
#7408=DIRECTION('',(-7.10542735760098E-15,-0.99144486137381,0.130526192220052));
#7409=DIRECTION('',(0.,0.130526192220052,0.99144486137381));
#7410=DIRECTION('',(-7.10542735760097E-15,-0.99144486137381,0.130526192220052));
#7411=DIRECTION('center_axis',(0.,0.130526192220052,0.99144486137381));
#7412=DIRECTION('ref_axis',(-1.,-6.40421767414445E-14,8.43131251894465E-15));
#7413=DIRECTION('center_axis',(0.,0.130526192220052,0.99144486137381));
#7414=DIRECTION('ref_axis',(-1.,-6.40421767414445E-14,8.43131251894465E-15));
#7415=DIRECTION('center_axis',(0.,0.130526192220052,0.99144486137381));
#7416=DIRECTION('ref_axis',(-1.,-6.40421767414445E-14,8.43131251894463E-15));
#7417=DIRECTION('center_axis',(0.,-0.130526192220052,-0.99144486137381));
#7418=DIRECTION('ref_axis',(1.,0.,0.));
#7419=DIRECTION('',(-1.,0.,0.));
#7420=DIRECTION('center_axis',(0.,-0.130526192220052,-0.99144486137381));
#7421=DIRECTION('ref_axis',(0.,0.99144486137381,-0.130526192220052));
#7422=DIRECTION('',(-1.,0.,0.));
#7423=DIRECTION('center_axis',(0.,-0.130526192220052,-0.99144486137381));
#7424=DIRECTION('ref_axis',(-7.35044209407038E-14,0.99144486137381,-0.130526192220052));
#7425=DIRECTION('',(1.,0.,0.));
#7426=DIRECTION('center_axis',(0.,-0.130526192220052,-0.99144486137381));
#7427=DIRECTION('ref_axis',(0.,0.99144486137381,-0.130526192220052));
#7428=DIRECTION('',(1.,0.,0.));
#7429=DIRECTION('center_axis',(0.,-0.130526192220052,-0.99144486137381));
#7430=DIRECTION('ref_axis',(-1.,-7.28755804299183E-14,9.59425217672992E-15));
#7431=DIRECTION('center_axis',(0.,-0.991444861373812,0.130526192220041));
#7432=DIRECTION('ref_axis',(1.,0.,0.));
#7433=DIRECTION('',(1.,0.,0.));
#7434=DIRECTION('',(0.,0.130526192220041,0.991444861373812));
#7435=DIRECTION('',(1.,0.,0.));
#7436=DIRECTION('',(0.,0.130526192220041,0.991444861373812));
#7437=DIRECTION('center_axis',(0.,0.130526192220041,0.991444861373812));
#7438=DIRECTION('ref_axis',(-2.1531598053336E-14,-0.991444861373812,0.130526192220041));
#7439=DIRECTION('center_axis',(0.,0.130526192220052,0.99144486137381));
#7440=DIRECTION('ref_axis',(-2.1531598053336E-14,-0.991444861373812,0.130526192220041));
#7441=DIRECTION('',(0.,0.130526192220041,0.991444861373812));
#7442=DIRECTION('center_axis',(0.,0.130526192220052,0.99144486137381));
#7443=DIRECTION('ref_axis',(-2.1531598053336E-14,-0.99144486137381,0.130526192220052));
#7444=DIRECTION('center_axis',(-1.,7.04463944155839E-15,-9.27444377083762E-16));
#7445=DIRECTION('ref_axis',(-7.10542735760098E-15,-0.99144486137381,0.130526192220052));
#7446=DIRECTION('',(-7.10542735760097E-15,-0.99144486137381,0.130526192220052));
#7447=DIRECTION('',(0.,0.130526192220041,0.991444861373812));
#7448=DIRECTION('',(-7.10542735760098E-15,-0.99144486137381,0.130526192220052));
#7449=DIRECTION('center_axis',(0.,0.130526192220041,0.991444861373812));
#7450=DIRECTION('ref_axis',(-1.,-6.40421767414446E-14,8.43131251894391E-15));
#7451=DIRECTION('center_axis',(0.,0.130526192220052,0.99144486137381));
#7452=DIRECTION('ref_axis',(-1.,-6.40421767414446E-14,8.43131251894391E-15));
#7453=DIRECTION('',(0.,0.130526192220041,0.991444861373812));
#7454=DIRECTION('center_axis',(0.,0.130526192220052,0.99144486137381));
#7455=DIRECTION('ref_axis',(-1.,-6.40421767414445E-14,8.43131251894463E-15));
#7456=DIRECTION('center_axis',(0.,0.991444861373812,-0.130526192220041));
#7457=DIRECTION('ref_axis',(-1.,0.,0.));
#7458=DIRECTION('',(-1.,0.,0.));
#7459=DIRECTION('',(0.,0.130526192220041,0.991444861373812));
#7460=DIRECTION('',(-1.,0.,0.));
#7461=DIRECTION('center_axis',(0.,0.130526192220041,0.991444861373812));
#7462=DIRECTION('ref_axis',(-4.30631961066757E-14,0.991444861373812,-0.130526192220041));
#7463=DIRECTION('center_axis',(0.,0.130526192220052,0.99144486137381));
#7464=DIRECTION('ref_axis',(-4.30631961066757E-14,0.991444861373812,-0.130526192220041));
#7465=DIRECTION('',(0.,0.130526192220041,0.991444861373812));
#7466=DIRECTION('center_axis',(0.,0.130526192220052,0.99144486137381));
#7467=DIRECTION('ref_axis',(-4.30631961066757E-14,0.99144486137381,-0.130526192220052));
#7468=DIRECTION('center_axis',(1.,7.04463944155844E-15,-9.27444377083768E-16));
#7469=DIRECTION('ref_axis',(-7.10542735760103E-15,0.99144486137381,-0.130526192220052));
#7470=DIRECTION('',(-7.10542735760103E-15,0.99144486137381,-0.130526192220052));
#7471=DIRECTION('',(0.,0.130526192220041,0.991444861373812));
#7472=DIRECTION('',(-7.10542735760103E-15,0.99144486137381,-0.130526192220052));
#7473=DIRECTION('center_axis',(0.,0.130526192220041,0.991444861373812));
#7474=DIRECTION('ref_axis',(1.,0.,0.));
#7475=DIRECTION('center_axis',(0.,0.130526192220052,0.99144486137381));
#7476=DIRECTION('ref_axis',(1.,0.,0.));
#7477=DIRECTION('center_axis',(0.,0.130526192220052,0.99144486137381));
#7478=DIRECTION('ref_axis',(1.,0.,0.));
#7479=DIRECTION('center_axis',(0.,-0.130526192220052,-0.99144486137381));
#7480=DIRECTION('ref_axis',(1.,0.,0.));
#7481=DIRECTION('',(-1.,0.,0.));
#7482=DIRECTION('center_axis',(0.,-0.130526192220052,-0.99144486137381));
#7483=DIRECTION('ref_axis',(0.,0.99144486137381,-0.130526192220052));
#7484=DIRECTION('center_axis',(0.,-0.130526192220052,-0.99144486137381));
#7485=DIRECTION('ref_axis',(0.,0.99144486137381,-0.130526192220052));
#7486=DIRECTION('',(1.,0.,0.));
#7487=DIRECTION('center_axis',(0.,-0.130526192220052,-0.99144486137381));
#7488=DIRECTION('ref_axis',(-4.90029472937995E-14,-0.99144486137381,0.130526192220054));
#7489=DIRECTION('center_axis',(0.,0.991444861373812,-0.130526192220041));
#7490=DIRECTION('ref_axis',(-1.,0.,0.));
#7491=DIRECTION('',(-1.,0.,0.));
#7492=DIRECTION('',(0.,0.130526192220041,0.991444861373812));
#7493=DIRECTION('',(-1.,0.,0.));
#7494=DIRECTION('',(0.,0.130526192220041,0.991444861373812));
#7495=DIRECTION('center_axis',(0.,0.130526192220041,0.991444861373812));
#7496=DIRECTION('ref_axis',(-4.30631961066757E-14,0.991444861373812,-0.130526192220041));
#7497=DIRECTION('center_axis',(0.,0.130526192220052,0.99144486137381));
#7498=DIRECTION('ref_axis',(-4.30631961066757E-14,0.991444861373812,-0.130526192220041));
#7499=DIRECTION('',(0.,0.130526192220041,0.991444861373812));
#7500=DIRECTION('center_axis',(0.,0.130526192220052,0.99144486137381));
#7501=DIRECTION('ref_axis',(-4.30631961066757E-14,0.99144486137381,-0.130526192220052));
#7502=DIRECTION('center_axis',(1.,7.04463944155844E-15,-9.27444377083768E-16));
#7503=DIRECTION('ref_axis',(-7.10542735760103E-15,0.99144486137381,-0.130526192220052));
#7504=DIRECTION('',(-7.10542735760103E-15,0.99144486137381,-0.130526192220052));
#7505=DIRECTION('',(0.,0.130526192220041,0.991444861373812));
#7506=DIRECTION('',(-7.10542735760103E-15,0.99144486137381,-0.130526192220052));
#7507=DIRECTION('center_axis',(0.,0.130526192220041,0.991444861373812));
#7508=DIRECTION('ref_axis',(1.,0.,0.));
#7509=DIRECTION('center_axis',(0.,0.130526192220052,0.99144486137381));
#7510=DIRECTION('ref_axis',(1.,0.,0.));
#7511=DIRECTION('',(0.,0.130526192220041,0.991444861373812));
#7512=DIRECTION('center_axis',(0.,0.130526192220052,0.99144486137381));
#7513=DIRECTION('ref_axis',(1.,0.,0.));
#7514=DIRECTION('center_axis',(0.,-0.991444861373812,0.130526192220041));
#7515=DIRECTION('ref_axis',(1.,0.,0.));
#7516=DIRECTION('',(1.,0.,0.));
#7517=DIRECTION('',(0.,0.130526192220041,0.991444861373812));
#7518=DIRECTION('',(1.,0.,0.));
#7519=DIRECTION('center_axis',(0.,0.130526192220041,0.991444861373812));
#7520=DIRECTION('ref_axis',(-2.1531598053336E-14,-0.991444861373812,0.130526192220041));
#7521=DIRECTION('center_axis',(0.,0.130526192220052,0.99144486137381));
#7522=DIRECTION('ref_axis',(-2.1531598053336E-14,-0.991444861373812,0.130526192220041));
#7523=DIRECTION('',(0.,0.130526192220041,0.991444861373812));
#7524=DIRECTION('center_axis',(0.,0.130526192220052,0.99144486137381));
#7525=DIRECTION('ref_axis',(-2.1531598053336E-14,-0.99144486137381,0.130526192220052));
#7526=DIRECTION('center_axis',(-1.,7.04463944155839E-15,-9.27444377083762E-16));
#7527=DIRECTION('ref_axis',(-7.10542735760098E-15,-0.99144486137381,0.130526192220052));
#7528=DIRECTION('',(-7.10542735760097E-15,-0.99144486137381,0.130526192220052));
#7529=DIRECTION('',(0.,0.130526192220041,0.991444861373812));
#7530=DIRECTION('',(-7.10542735760098E-15,-0.99144486137381,0.130526192220052));
#7531=DIRECTION('center_axis',(0.,0.130526192220041,0.991444861373812));
#7532=DIRECTION('ref_axis',(-1.,-6.40421767414446E-14,8.43131251894391E-15));
#7533=DIRECTION('center_axis',(0.,0.130526192220052,0.99144486137381));
#7534=DIRECTION('ref_axis',(-1.,-6.40421767414446E-14,8.43131251894391E-15));
#7535=DIRECTION('center_axis',(0.,0.130526192220052,0.99144486137381));
#7536=DIRECTION('ref_axis',(-1.,-6.40421767414445E-14,8.43131251894463E-15));
#7537=DIRECTION('center_axis',(0.,-0.130526192220052,-0.99144486137381));
#7538=DIRECTION('ref_axis',(1.,0.,0.));
#7539=DIRECTION('',(-1.,0.,0.));
#7540=DIRECTION('center_axis',(0.,-0.130526192220052,-0.99144486137381));
#7541=DIRECTION('ref_axis',(0.,0.99144486137381,-0.130526192220052));
#7542=DIRECTION('',(-1.,0.,0.));
#7543=DIRECTION('center_axis',(0.,-0.130526192220052,-0.99144486137381));
#7544=DIRECTION('ref_axis',(-7.35044209407038E-14,0.99144486137381,-0.130526192220054));
#7545=DIRECTION('',(1.,0.,0.));
#7546=DIRECTION('center_axis',(0.,-0.130526192220052,-0.99144486137381));
#7547=DIRECTION('ref_axis',(0.,0.99144486137381,-0.130526192220052));
#7548=DIRECTION('',(1.,0.,0.));
#7549=DIRECTION('center_axis',(0.,-0.130526192220052,-0.99144486137381));
#7550=DIRECTION('ref_axis',(-4.90029472937995E-14,-0.99144486137381,0.130526192220054));
#7551=DIRECTION('center_axis',(1.,7.04463944155843E-15,-9.27444377083849E-16));
#7552=DIRECTION('ref_axis',(-7.10542735760103E-15,0.99144486137381,-0.130526192220052));
#7553=DIRECTION('',(-7.10542735760103E-15,0.99144486137381,-0.130526192220052));
#7554=DIRECTION('',(0.,0.130526192220052,0.99144486137381));
#7555=DIRECTION('',(-7.10542735760102E-15,0.99144486137381,-0.130526192220052));
#7556=DIRECTION('',(0.,0.130526192220052,0.99144486137381));
#7557=DIRECTION('center_axis',(0.,0.130526192220052,0.99144486137381));
#7558=DIRECTION('ref_axis',(1.,0.,0.));
#7559=DIRECTION('center_axis',(0.,0.130526192220052,0.99144486137381));
#7560=DIRECTION('ref_axis',(1.,0.,0.));
#7561=DIRECTION('',(0.,0.130526192220052,0.99144486137381));
#7562=DIRECTION('center_axis',(0.,0.130526192220052,0.99144486137381));
#7563=DIRECTION('ref_axis',(1.,0.,0.));
#7564=DIRECTION('center_axis',(0.,-0.99144486137381,0.130526192220052));
#7565=DIRECTION('ref_axis',(1.,0.,0.));
#7566=DIRECTION('',(1.,0.,0.));
#7567=DIRECTION('',(0.,0.130526192220052,0.99144486137381));
#7568=DIRECTION('',(1.,0.,0.));
#7569=DIRECTION('center_axis',(0.,0.130526192220052,0.99144486137381));
#7570=DIRECTION('ref_axis',(-2.1531598053336E-14,-0.99144486137381,0.130526192220052));
#7571=DIRECTION('center_axis',(0.,0.130526192220052,0.99144486137381));
#7572=DIRECTION('ref_axis',(-2.1531598053336E-14,-0.99144486137381,0.130526192220052));
#7573=DIRECTION('',(0.,0.130526192220052,0.99144486137381));
#7574=DIRECTION('center_axis',(0.,0.130526192220052,0.99144486137381));
#7575=DIRECTION('ref_axis',(-2.1531598053336E-14,-0.99144486137381,0.130526192220052));
#7576=DIRECTION('center_axis',(-1.,7.04463944155838E-15,-9.27444377083843E-16));
#7577=DIRECTION('ref_axis',(-7.10542735760098E-15,-0.99144486137381,0.130526192220052));
#7578=DIRECTION('',(-7.10542735760098E-15,-0.99144486137381,0.130526192220052));
#7579=DIRECTION('',(0.,0.130526192220052,0.99144486137381));
#7580=DIRECTION('',(-7.10542735760097E-15,-0.99144486137381,0.130526192220052));
#7581=DIRECTION('center_axis',(0.,0.130526192220052,0.99144486137381));
#7582=DIRECTION('ref_axis',(-1.,-6.40421767414445E-14,8.43131251894465E-15));
#7583=DIRECTION('center_axis',(0.,0.130526192220052,0.99144486137381));
#7584=DIRECTION('ref_axis',(-1.,-6.40421767414445E-14,8.43131251894465E-15));
#7585=DIRECTION('',(0.,0.130526192220052,0.99144486137381));
#7586=DIRECTION('center_axis',(0.,0.130526192220052,0.99144486137381));
#7587=DIRECTION('ref_axis',(-1.,-6.40421767414445E-14,8.43131251894463E-15));
#7588=DIRECTION('center_axis',(0.,0.99144486137381,-0.130526192220052));
#7589=DIRECTION('ref_axis',(-1.,0.,0.));
#7590=DIRECTION('',(-1.,0.,0.));
#7591=DIRECTION('',(0.,0.130526192220052,0.99144486137381));
#7592=DIRECTION('',(-1.,0.,0.));
#7593=DIRECTION('center_axis',(0.,0.130526192220052,0.99144486137381));
#7594=DIRECTION('ref_axis',(-4.30631961066757E-14,0.99144486137381,-0.130526192220052));
#7595=DIRECTION('center_axis',(0.,0.130526192220052,0.99144486137381));
#7596=DIRECTION('ref_axis',(-4.30631961066757E-14,0.99144486137381,-0.130526192220052));
#7597=DIRECTION('center_axis',(0.,0.130526192220052,0.99144486137381));
#7598=DIRECTION('ref_axis',(-4.30631961066757E-14,0.99144486137381,-0.130526192220052));
#7599=DIRECTION('center_axis',(0.,-0.130526192220052,-0.99144486137381));
#7600=DIRECTION('ref_axis',(1.,0.,0.));
#7601=DIRECTION('',(-1.,0.,0.));
#7602=DIRECTION('center_axis',(0.,-0.130526192220052,-0.99144486137381));
#7603=DIRECTION('ref_axis',(0.,0.99144486137381,-0.130526192220052));
#7604=DIRECTION('center_axis',(0.,-0.130526192220052,-0.99144486137381));
#7605=DIRECTION('ref_axis',(0.,0.99144486137381,-0.130526192220052));
#7606=DIRECTION('',(1.,0.,0.));
#7607=DIRECTION('center_axis',(0.,-0.130526192220052,-0.99144486137381));
#7608=DIRECTION('ref_axis',(-4.90029472937995E-14,-0.99144486137381,0.130526192220052));
#7609=DIRECTION('center_axis',(0.,-0.99144486137381,0.130526192220052));
#7610=DIRECTION('ref_axis',(1.,0.,0.));
#7611=DIRECTION('center_axis',(0.,0.99144486137381,-0.130526192220052));
#7612=DIRECTION('ref_axis',(0.,0.130526192220052,0.99144486137381));
#7613=DIRECTION('',(1.,0.,0.));
#7614=DIRECTION('',(0.,0.130526192220052,0.99144486137381));
#7615=DIRECTION('center_axis',(0.,0.,-1.));
#7616=DIRECTION('ref_axis',(-1.,0.,0.));
#7617=DIRECTION('center_axis',(0.,0.,1.));
#7618=DIRECTION('ref_axis',(-1.,0.,0.));
#7619=DIRECTION('',(0.,0.,-1.));
#7620=DIRECTION('center_axis',(0.,-0.130526192220052,-0.99144486137381));
#7621=DIRECTION('ref_axis',(0.,0.99144486137381,-0.130526192220052));
#7622=DIRECTION('center_axis',(0.,-0.99144486137381,0.130526192220052));
#7623=DIRECTION('ref_axis',(0.,0.130526192220052,0.99144486137381));
#7624=DIRECTION('center_axis',(0.,-0.130526192220052,-0.99144486137381));
#7625=DIRECTION('ref_axis',(0.,0.99144486137381,-0.130526192220052));
#7626=DIRECTION('center_axis',(0.,-0.99144486137381,0.130526192220054));
#7627=DIRECTION('ref_axis',(1.,0.,0.));
#7628=DIRECTION('center_axis',(0.,0.99144486137381,-0.130526192220054));
#7629=DIRECTION('ref_axis',(0.,0.130526192220054,0.99144486137381));
#7630=DIRECTION('',(1.,0.,0.));
#7631=DIRECTION('',(0.,0.130526192220054,0.99144486137381));
#7632=DIRECTION('center_axis',(0.,0.,-1.));
#7633=DIRECTION('ref_axis',(-1.,0.,0.));
#7634=DIRECTION('center_axis',(0.,0.,1.));
#7635=DIRECTION('ref_axis',(-1.,0.,0.));
#7636=DIRECTION('',(0.,0.,-1.));
#7637=DIRECTION('center_axis',(0.,-0.130526192220052,-0.99144486137381));
#7638=DIRECTION('ref_axis',(0.,0.99144486137381,-0.130526192220052));
#7639=DIRECTION('center_axis',(0.,-0.99144486137381,0.130526192220054));
#7640=DIRECTION('ref_axis',(0.,0.130526192220054,0.99144486137381));
#7641=DIRECTION('center_axis',(0.,-0.130526192220052,-0.99144486137381));
#7642=DIRECTION('ref_axis',(0.,0.99144486137381,-0.130526192220052));
#7643=DIRECTION('center_axis',(0.,0.99144486137381,-0.130526192220052));
#7644=DIRECTION('ref_axis',(-1.,0.,0.));
#7645=DIRECTION('',(0.,0.130526192220052,0.99144486137381));
#7646=DIRECTION('',(-1.,0.,0.));
#7647=DIRECTION('center_axis',(0.,-0.99144486137381,0.130526192220052));
#7648=DIRECTION('ref_axis',(0.,0.130526192220052,0.99144486137381));
#7649=DIRECTION('center_axis',(0.,0.130526192220052,0.99144486137381));
#7650=DIRECTION('ref_axis',(-7.35044209407038E-14,0.99144486137381,-0.130526192220052));
#7651=DIRECTION('',(0.,0.130526192220052,0.99144486137381));
#7652=DIRECTION('center_axis',(0.,0.130526192220052,0.99144486137381));
#7653=DIRECTION('ref_axis',(-7.35044209407038E-14,0.99144486137381,-0.130526192220052));
#7654=DIRECTION('center_axis',(0.,-0.99144486137381,0.130526192220052));
#7655=DIRECTION('ref_axis',(1.,0.,0.));
#7656=DIRECTION('center_axis',(0.,0.99144486137381,-0.130526192220052));
#7657=DIRECTION('ref_axis',(0.,0.130526192220052,0.99144486137381));
#7658=DIRECTION('',(1.,0.,0.));
#7659=DIRECTION('center_axis',(0.,0.99144486137381,-0.130526192220054));
#7660=DIRECTION('ref_axis',(-1.,0.,0.));
#7661=DIRECTION('center_axis',(0.,-0.99144486137381,0.130526192220054));
#7662=DIRECTION('ref_axis',(0.,0.130526192220054,0.99144486137381));
#7663=DIRECTION('',(-1.,0.,0.));
#7664=DIRECTION('',(0.,0.130526192220054,0.99144486137381));
#7665=DIRECTION('center_axis',(0.,0.,-1.));
#7666=DIRECTION('ref_axis',(-1.,0.,0.));
#7667=DIRECTION('center_axis',(0.,0.,1.));
#7668=DIRECTION('ref_axis',(-1.,0.,0.));
#7669=DIRECTION('',(0.,0.,-1.));
#7670=DIRECTION('center_axis',(0.,0.99144486137381,-0.130526192220054));
#7671=DIRECTION('ref_axis',(0.,0.130526192220054,0.99144486137381));
#7672=DIRECTION('center_axis',(0.,-0.130526192220052,-0.99144486137381));
#7673=DIRECTION('ref_axis',(0.,0.99144486137381,-0.130526192220052));
#7674=DIRECTION('center_axis',(0.,0.99144486137381,-0.130526192220054));
#7675=DIRECTION('ref_axis',(-1.,0.,0.));
#7676=DIRECTION('',(0.,0.130526192220054,0.99144486137381));
#7677=DIRECTION('',(-1.,0.,0.));
#7678=DIRECTION('center_axis',(0.,-0.99144486137381,0.130526192220054));
#7679=DIRECTION('ref_axis',(0.,0.130526192220054,0.99144486137381));
#7680=DIRECTION('center_axis',(0.,0.130526192220054,0.99144486137381));
#7681=DIRECTION('ref_axis',(-7.35044209407038E-14,0.99144486137381,-0.130526192220054));
#7682=DIRECTION('',(0.,0.130526192220054,0.99144486137381));
#7683=DIRECTION('center_axis',(0.,0.130526192220052,0.99144486137381));
#7684=DIRECTION('ref_axis',(-7.35044209407038E-14,0.99144486137381,-0.130526192220052));
#7685=DIRECTION('center_axis',(0.,-0.99144486137381,0.130526192220054));
#7686=DIRECTION('ref_axis',(1.,0.,0.));
#7687=DIRECTION('center_axis',(0.,0.99144486137381,-0.130526192220054));
#7688=DIRECTION('ref_axis',(0.,0.130526192220054,0.99144486137381));
#7689=DIRECTION('',(1.,0.,0.));
#7690=DIRECTION('center_axis',(0.,0.99144486137381,-0.130526192220052));
#7691=DIRECTION('ref_axis',(-1.,0.,0.));
#7692=DIRECTION('center_axis',(0.,-0.99144486137381,0.130526192220052));
#7693=DIRECTION('ref_axis',(0.,0.130526192220052,0.99144486137381));
#7694=DIRECTION('',(-1.,0.,0.));
#7695=DIRECTION('',(0.,0.130526192220052,0.99144486137381));
#7696=DIRECTION('center_axis',(0.,0.,-1.));
#7697=DIRECTION('ref_axis',(-1.,0.,0.));
#7698=DIRECTION('center_axis',(0.,0.,1.));
#7699=DIRECTION('ref_axis',(-1.,0.,0.));
#7700=DIRECTION('',(0.,0.,-1.));
#7701=DIRECTION('center_axis',(0.,0.99144486137381,-0.130526192220052));
#7702=DIRECTION('ref_axis',(0.,0.130526192220052,0.99144486137381));
#7703=DIRECTION('center_axis',(0.,-0.130526192220052,-0.99144486137381));
#7704=DIRECTION('ref_axis',(0.,0.99144486137381,-0.130526192220052));
#7705=DIRECTION('center_axis',(0.,0.99144486137381,-0.130526192220052));
#7706=DIRECTION('ref_axis',(-1.,0.,0.));
#7707=DIRECTION('',(0.,0.130526192220052,0.99144486137381));
#7708=DIRECTION('',(-1.,0.,0.));
#7709=DIRECTION('center_axis',(0.,-0.130526192220052,-0.99144486137381));
#7710=DIRECTION('ref_axis',(1.,0.,0.));
#7711=DIRECTION('center_axis',(0.,0.130526192220052,0.99144486137381));
#7712=DIRECTION('ref_axis',(-9.80058945876051E-14,0.99144486137381,-0.130526192220052));
#7713=DIRECTION('center_axis',(0.,0.130526192220052,0.99144486137381));
#7714=DIRECTION('ref_axis',(-9.80058945876051E-14,0.99144486137381,-0.130526192220052));
#7715=DIRECTION('center_axis',(0.,0.99144486137381,-0.130526192220054));
#7716=DIRECTION('ref_axis',(-1.,0.,0.));
#7717=DIRECTION('',(0.,0.130526192220054,0.99144486137381));
#7718=DIRECTION('',(-1.,0.,0.));
#7719=DIRECTION('center_axis',(0.,0.130526192220054,0.99144486137381));
#7720=DIRECTION('ref_axis',(-9.80058945876051E-14,0.99144486137381,-0.130526192220054));
#7721=DIRECTION('center_axis',(0.,0.130526192220052,0.99144486137381));
#7722=DIRECTION('ref_axis',(-9.80058945876051E-14,0.99144486137381,-0.130526192220052));
#7723=DIRECTION('center_axis',(0.,-0.130526192220052,-0.99144486137381));
#7724=DIRECTION('ref_axis',(1.,0.,0.));
#7725=DIRECTION('center_axis',(0.,-0.130526192220052,-0.99144486137381));
#7726=DIRECTION('ref_axis',(1.,0.,0.));
#7727=DIRECTION('center_axis',(0.,-0.130526192220052,-0.99144486137381));
#7728=DIRECTION('ref_axis',(0.,0.99144486137381,-0.130526192220052));
#7729=DIRECTION('center_axis',(0.,-0.130526192220052,-0.99144486137381));
#7730=DIRECTION('ref_axis',(0.,0.99144486137381,-0.130526192220052));
#7731=DIRECTION('center_axis',(0.,0.99144486137381,-0.130526192220052));
#7732=DIRECTION('ref_axis',(-1.,0.,0.));
#7733=DIRECTION('center_axis',(0.,-0.99144486137381,0.130526192220052));
#7734=DIRECTION('ref_axis',(0.,0.130526192220052,0.99144486137381));
#7735=DIRECTION('',(-1.,0.,0.));
#7736=DIRECTION('',(0.,0.130526192220052,0.99144486137381));
#7737=DIRECTION('center_axis',(0.,-0.99144486137381,0.130526192220052));
#7738=DIRECTION('ref_axis',(1.,0.,0.));
#7739=DIRECTION('',(0.,0.130526192220052,0.99144486137381));
#7740=DIRECTION('',(1.,0.,0.));
#7741=DIRECTION('center_axis',(0.,0.99144486137381,-0.130526192220052));
#7742=DIRECTION('ref_axis',(0.,0.130526192220052,0.99144486137381));
#7743=DIRECTION('center_axis',(0.,0.130526192220052,0.99144486137381));
#7744=DIRECTION('ref_axis',(-1.,-7.28755804299183E-14,9.59425217672992E-15));
#7745=DIRECTION('center_axis',(0.,0.130526192220052,0.99144486137381));
#7746=DIRECTION('ref_axis',(-1.,-7.28755804299183E-14,9.59425217672992E-15));
#7747=DIRECTION('center_axis',(0.,-0.130526192220052,-0.99144486137381));
#7748=DIRECTION('ref_axis',(1.,0.,0.));
#7749=DIRECTION('center_axis',(0.,-0.130526192220052,-0.99144486137381));
#7750=DIRECTION('ref_axis',(0.,0.99144486137381,-0.130526192220052));
#7751=DIRECTION('center_axis',(0.,-0.99144486137381,0.130526192220054));
#7752=DIRECTION('ref_axis',(1.,0.,0.));
#7753=DIRECTION('',(0.,0.130526192220054,0.99144486137381));
#7754=DIRECTION('',(1.,0.,0.));
#7755=DIRECTION('center_axis',(0.,-0.130526192220052,-0.99144486137381));
#7756=DIRECTION('ref_axis',(1.,0.,0.));
#7757=DIRECTION('center_axis',(0.,0.130526192220052,0.99144486137381));
#7758=DIRECTION('ref_axis',(-4.90029472937995E-14,-0.99144486137381,0.130526192220052));
#7759=DIRECTION('center_axis',(0.,0.130526192220054,0.99144486137381));
#7760=DIRECTION('ref_axis',(-4.90029472937995E-14,-0.99144486137381,0.130526192220054));
#7761=DIRECTION('center_axis',(0.,-0.130526192220052,-0.99144486137381));
#7762=DIRECTION('ref_axis',(1.,0.,0.));
#7763=DIRECTION('center_axis',(0.,-0.130526192220052,-0.99144486137381));
#7764=DIRECTION('ref_axis',(0.,0.99144486137381,-0.130526192220052));
#7765=DIRECTION('center_axis',(0.,-0.130526192220052,-0.99144486137381));
#7766=DIRECTION('ref_axis',(0.,0.99144486137381,-0.130526192220052));
#7767=DIRECTION('center_axis',(0.,0.99144486137381,-0.130526192220054));
#7768=DIRECTION('ref_axis',(-1.,0.,0.));
#7769=DIRECTION('center_axis',(0.,-0.99144486137381,0.130526192220054));
#7770=DIRECTION('ref_axis',(0.,0.130526192220054,0.99144486137381));
#7771=DIRECTION('',(-1.,0.,0.));
#7772=DIRECTION('',(0.,0.130526192220054,0.99144486137381));
#7773=DIRECTION('center_axis',(0.,-0.99144486137381,0.130526192220054));
#7774=DIRECTION('ref_axis',(1.,0.,0.));
#7775=DIRECTION('',(0.,0.130526192220054,0.99144486137381));
#7776=DIRECTION('',(1.,0.,0.));
#7777=DIRECTION('center_axis',(0.,0.99144486137381,-0.130526192220054));
#7778=DIRECTION('ref_axis',(0.,0.130526192220054,0.99144486137381));
#7779=DIRECTION('center_axis',(0.,0.130526192220054,0.99144486137381));
#7780=DIRECTION('ref_axis',(-4.90029472937995E-14,-0.99144486137381,0.130526192220054));
#7781=DIRECTION('center_axis',(0.,0.130526192220052,0.99144486137381));
#7782=DIRECTION('ref_axis',(-4.90029472937995E-14,-0.99144486137381,0.130526192220052));
#7783=DIRECTION('center_axis',(0.,-0.130526192220052,-0.99144486137381));
#7784=DIRECTION('ref_axis',(1.,0.,0.));
#7785=DIRECTION('center_axis',(0.,-0.130526192220052,-0.99144486137381));
#7786=DIRECTION('ref_axis',(0.,0.99144486137381,-0.130526192220052));
#7787=DIRECTION('center_axis',(0.,-0.99144486137381,0.130526192220052));
#7788=DIRECTION('ref_axis',(1.,0.,0.));
#7789=DIRECTION('',(0.,0.130526192220052,0.99144486137381));
#7790=DIRECTION('',(1.,0.,0.));
#7791=DIRECTION('center_axis',(0.,-0.130526192220052,-0.99144486137381));
#7792=DIRECTION('ref_axis',(1.,0.,0.));
#7793=DIRECTION('center_axis',(0.,0.130526192220052,0.99144486137381));
#7794=DIRECTION('ref_axis',(-4.90029472937995E-14,-0.99144486137381,0.130526192220052));
#7795=DIRECTION('center_axis',(0.,0.130526192220052,0.99144486137381));
#7796=DIRECTION('ref_axis',(-4.90029472937995E-14,-0.99144486137381,0.130526192220052));
#7797=DIRECTION('center_axis',(0.,-0.130526192220052,-0.99144486137381));
#7798=DIRECTION('ref_axis',(1.,0.,0.));
#7799=DIRECTION('',(-0.62151487829199,0.776700243202806,-0.102254526894387));
#7800=DIRECTION('',(-1.41941709894066E-15,0.99144486137381,-0.130526192220052));
#7801=DIRECTION('',(0.,0.99144486137381,-0.130526192220052));
#7802=DIRECTION('',(1.,-1.05429592070644E-16,1.38800691157206E-17));
#7803=DIRECTION('',(-1.01496073097602E-17,-0.99144486137381,0.130526192220052));
#7804=DIRECTION('',(-0.62151487829199,-0.776700243202806,0.102254526894387));
#7805=DIRECTION('',(5.88784672006408E-17,-0.99144486137381,0.130526192220052));
#7806=DIRECTION('',(-1.,5.27147960353221E-17,-6.9400345578603E-18));
#7807=DIRECTION('',(-1.41308321281536E-15,0.99144486137381,-0.130526192220052));
#7808=DIRECTION('center_axis',(-8.07434927000113E-16,1.,0.));
#7809=DIRECTION('ref_axis',(-1.,-8.07434927000113E-16,0.));
#7810=DIRECTION('',(1.,8.07434927000113E-16,0.));
#7811=DIRECTION('',(0.,0.,1.));
#7812=DIRECTION('',(-1.,-8.07434927000113E-16,0.));
#7813=DIRECTION('',(0.,0.,1.));
#7814=DIRECTION('center_axis',(0.,0.,1.));
#7815=DIRECTION('ref_axis',(0.,-1.,0.));
#7816=DIRECTION('center_axis',(0.,0.,-1.));
#7817=DIRECTION('ref_axis',(0.,-1.,0.));
#7818=DIRECTION('center_axis',(0.,0.,1.));
#7819=DIRECTION('ref_axis',(0.,-1.,0.));
#7820=DIRECTION('',(0.,0.,1.));
#7821=DIRECTION('center_axis',(8.07434927000113E-16,-1.,0.));
#7822=DIRECTION('ref_axis',(1.,8.07434927000113E-16,0.));
#7823=DIRECTION('',(-1.,-8.07434927000113E-16,0.));
#7824=DIRECTION('',(1.,8.07434927000113E-16,0.));
#7825=DIRECTION('',(0.,0.,1.));
#7826=DIRECTION('center_axis',(0.,0.,1.));
#7827=DIRECTION('ref_axis',(0.,1.,0.));
#7828=DIRECTION('center_axis',(0.,0.,-1.));
#7829=DIRECTION('ref_axis',(0.,1.,0.));
#7830=DIRECTION('center_axis',(0.,0.,1.));
#7831=DIRECTION('ref_axis',(0.,1.,0.));
#7832=DIRECTION('center_axis',(0.,0.,1.));
#7833=DIRECTION('ref_axis',(-1.,0.,0.));
#7834=DIRECTION('center_axis',(0.,1.,0.));
#7835=DIRECTION('ref_axis',(-1.,0.,0.));
#7836=DIRECTION('',(1.,0.,0.));
#7837=DIRECTION('',(0.,0.,1.));
#7838=DIRECTION('',(-1.,0.,0.));
#7839=DIRECTION('',(0.,0.,1.));
#7840=DIRECTION('center_axis',(0.,0.,1.));
#7841=DIRECTION('ref_axis',(2.36847578586697E-14,-1.,0.));
#7842=DIRECTION('center_axis',(0.,0.,-1.));
#7843=DIRECTION('ref_axis',(2.36847578586697E-14,-1.,0.));
#7844=DIRECTION('center_axis',(0.,0.,1.));
#7845=DIRECTION('ref_axis',(2.36847578586697E-14,-1.,0.));
#7846=DIRECTION('',(0.,0.,1.));
#7847=DIRECTION('center_axis',(-6.4594794160009E-15,-1.,0.));
#7848=DIRECTION('ref_axis',(1.,-6.4594794160009E-15,0.));
#7849=DIRECTION('',(-1.,6.4594794160009E-15,0.));
#7850=DIRECTION('',(1.,-6.4594794160009E-15,0.));
#7851=DIRECTION('',(0.,0.,1.));
#7852=DIRECTION('center_axis',(0.,0.,1.));
#7853=DIRECTION('ref_axis',(0.,1.,0.));
#7854=DIRECTION('center_axis',(0.,0.,-1.));
#7855=DIRECTION('ref_axis',(0.,1.,0.));
#7856=DIRECTION('center_axis',(0.,0.,1.));
#7857=DIRECTION('ref_axis',(0.,1.,0.));
#7858=DIRECTION('center_axis',(0.,0.,1.));
#7859=DIRECTION('ref_axis',(-1.,0.,0.));
#7860=DIRECTION('center_axis',(-8.07434927000117E-16,1.,0.));
#7861=DIRECTION('ref_axis',(-1.,-8.07434927000117E-16,0.));
#7862=DIRECTION('',(1.,8.07434927000117E-16,0.));
#7863=DIRECTION('',(0.,0.,1.));
#7864=DIRECTION('',(-1.,-8.07434927000117E-16,0.));
#7865=DIRECTION('',(0.,0.,1.));
#7866=DIRECTION('center_axis',(0.,0.,1.));
#7867=DIRECTION('ref_axis',(1.1842378929335E-14,-1.,0.));
#7868=DIRECTION('center_axis',(0.,0.,-1.));
#7869=DIRECTION('ref_axis',(1.1842378929335E-14,-1.,0.));
#7870=DIRECTION('center_axis',(0.,0.,1.));
#7871=DIRECTION('ref_axis',(1.1842378929335E-14,-1.,0.));
#7872=DIRECTION('',(0.,0.,1.));
#7873=DIRECTION('center_axis',(8.07434927000114E-16,-1.,0.));
#7874=DIRECTION('ref_axis',(1.,8.07434927000114E-16,0.));
#7875=DIRECTION('',(-1.,-8.07434927000114E-16,0.));
#7876=DIRECTION('',(1.,8.07434927000114E-16,0.));
#7877=DIRECTION('',(0.,0.,1.));
#7878=DIRECTION('center_axis',(0.,0.,1.));
#7879=DIRECTION('ref_axis',(0.,1.,0.));
#7880=DIRECTION('center_axis',(0.,0.,-1.));
#7881=DIRECTION('ref_axis',(0.,1.,0.));
#7882=DIRECTION('center_axis',(0.,0.,1.));
#7883=DIRECTION('ref_axis',(0.,1.,0.));
#7884=DIRECTION('center_axis',(0.,0.,1.));
#7885=DIRECTION('ref_axis',(-1.,0.,0.));
#7886=DIRECTION('center_axis',(6.45947941600103E-15,1.,0.));
#7887=DIRECTION('ref_axis',(-1.,6.45947941600103E-15,0.));
#7888=DIRECTION('',(1.,-6.45947941600103E-15,0.));
#7889=DIRECTION('',(0.,0.,1.));
#7890=DIRECTION('',(-1.,6.45947941600103E-15,0.));
#7891=DIRECTION('',(0.,0.,1.));
#7892=DIRECTION('center_axis',(0.,0.,1.));
#7893=DIRECTION('ref_axis',(9.47390314346809E-14,-1.,0.));
#7894=DIRECTION('center_axis',(0.,0.,-1.));
#7895=DIRECTION('ref_axis',(9.47390314346809E-14,-1.,0.));
#7896=DIRECTION('center_axis',(0.,0.,1.));
#7897=DIRECTION('ref_axis',(9.47390314346809E-14,-1.,0.));
#7898=DIRECTION('',(0.,0.,1.));
#7899=DIRECTION('center_axis',(-6.45947941600086E-15,-1.,0.));
#7900=DIRECTION('ref_axis',(1.,-6.45947941600086E-15,0.));
#7901=DIRECTION('',(-1.,6.45947941600086E-15,0.));
#7902=DIRECTION('',(1.,-6.45947941600086E-15,0.));
#7903=DIRECTION('',(0.,0.,1.));
#7904=DIRECTION('center_axis',(0.,0.,1.));
#7905=DIRECTION('ref_axis',(0.,1.,0.));
#7906=DIRECTION('center_axis',(0.,0.,-1.));
#7907=DIRECTION('ref_axis',(0.,1.,0.));
#7908=DIRECTION('center_axis',(0.,0.,1.));
#7909=DIRECTION('ref_axis',(0.,1.,0.));
#7910=DIRECTION('center_axis',(0.,0.,1.));
#7911=DIRECTION('ref_axis',(-1.,0.,0.));
#7912=DIRECTION('center_axis',(0.,0.,-1.));
#7913=DIRECTION('ref_axis',(-1.,0.,0.));
#7914=DIRECTION('center_axis',(0.,0.,1.));
#7915=DIRECTION('ref_axis',(-1.,0.,0.));
#7916=DIRECTION('',(0.,0.,1.));
#7917=DIRECTION('center_axis',(0.,0.,-1.));
#7918=DIRECTION('ref_axis',(-1.,0.,0.));
#7919=DIRECTION('center_axis',(0.,0.,1.));
#7920=DIRECTION('ref_axis',(-1.,0.,0.));
#7921=DIRECTION('center_axis',(0.,0.,-1.));
#7922=DIRECTION('ref_axis',(-1.,0.,0.));
#7923=DIRECTION('center_axis',(0.,0.,1.));
#7924=DIRECTION('ref_axis',(-1.,0.,0.));
#7925=DIRECTION('',(0.,0.,1.));
#7926=DIRECTION('center_axis',(0.,0.,-1.));
#7927=DIRECTION('ref_axis',(-1.,0.,0.));
#7928=DIRECTION('center_axis',(0.,0.,1.));
#7929=DIRECTION('ref_axis',(-1.,0.,0.));
#7930=DIRECTION('center_axis',(0.,0.,1.));
#7931=DIRECTION('ref_axis',(-1.,0.,0.));
#7932=DIRECTION('center_axis',(0.,0.,-1.));
#7933=DIRECTION('ref_axis',(-1.,0.,0.));
#7934=DIRECTION('center_axis',(0.,0.,1.));
#7935=DIRECTION('ref_axis',(-1.,0.,0.));
#7936=DIRECTION('',(0.,0.,1.));
#7937=DIRECTION('center_axis',(0.,0.,-1.));
#7938=DIRECTION('ref_axis',(-1.,0.,0.));
#7939=DIRECTION('center_axis',(0.,0.,1.));
#7940=DIRECTION('ref_axis',(-1.,0.,0.));
#7941=DIRECTION('center_axis',(0.,0.,-1.));
#7942=DIRECTION('ref_axis',(-1.,0.,0.));
#7943=DIRECTION('center_axis',(0.,0.,1.));
#7944=DIRECTION('ref_axis',(-1.,0.,0.));
#7945=DIRECTION('',(0.,0.,1.));
#7946=DIRECTION('center_axis',(0.,0.,-1.));
#7947=DIRECTION('ref_axis',(-1.,0.,0.));
#7948=DIRECTION('center_axis',(0.,0.,1.));
#7949=DIRECTION('ref_axis',(-1.,0.,0.));
#7950=DIRECTION('center_axis',(0.,0.,-1.));
#7951=DIRECTION('ref_axis',(-1.,0.,0.));
#7952=DIRECTION('center_axis',(0.,0.,1.));
#7953=DIRECTION('ref_axis',(-1.,0.,0.));
#7954=DIRECTION('',(0.,0.,1.));
#7955=DIRECTION('center_axis',(0.,0.,-1.));
#7956=DIRECTION('ref_axis',(-1.,0.,0.));
#7957=DIRECTION('center_axis',(0.,0.,1.));
#7958=DIRECTION('ref_axis',(-1.,0.,0.));
#7959=DIRECTION('center_axis',(0.,0.,1.));
#7960=DIRECTION('ref_axis',(-1.,0.,0.));
#7961=DIRECTION('center_axis',(0.,0.,-1.));
#7962=DIRECTION('ref_axis',(-1.,0.,0.));
#7963=DIRECTION('center_axis',(0.,0.,1.));
#7964=DIRECTION('ref_axis',(-1.,0.,0.));
#7965=DIRECTION('',(0.,0.,1.));
#7966=DIRECTION('center_axis',(0.,0.,-1.));
#7967=DIRECTION('ref_axis',(-1.,0.,0.));
#7968=DIRECTION('center_axis',(0.,0.,1.));
#7969=DIRECTION('ref_axis',(-1.,0.,0.));
#7970=DIRECTION('center_axis',(0.,0.,-1.));
#7971=DIRECTION('ref_axis',(-1.,0.,0.));
#7972=DIRECTION('',(0.,0.,-1.));
#7973=DIRECTION('center_axis',(0.,0.,-1.));
#7974=DIRECTION('ref_axis',(-1.,0.,0.));
#7975=DIRECTION('',(0.,0.,-1.));
#7976=DIRECTION('center_axis',(0.418053868227743,0.218439362569898,-0.881768228130203));
#7977=DIRECTION('ref_axis',(-0.903589439763621,0.,-0.428399491535255));
#7978=DIRECTION('',(-0.522520367393899,-0.736192887326865,-0.43010754272377));
#7979=DIRECTION('',(-0.522520367393817,-0.736192887326935,-0.430107542723749));
#7980=DIRECTION('',(1.3896587151129E-15,-0.970659007271558,-0.24046016635317));
#7981=DIRECTION('',(0.62151487829199,-0.776700243202806,0.102254526894387));
#7982=DIRECTION('',(1.3896587151129E-15,-0.970659007271558,-0.24046016635317));
#7983=DIRECTION('center_axis',(0.707106781186547,0.500000000000001,-0.5));
#7984=DIRECTION('ref_axis',(-0.577350269189626,0.,-0.816496580927726));
#7985=DIRECTION('',(-1.01234016645395E-15,0.707106781186547,0.707106781186548));
#7986=DIRECTION('',(0.678598344545847,-0.281084637714818,0.678598344545848));
#7987=DIRECTION('',(1.01234016645395E-15,-0.707106781186547,-0.707106781186548));
#7988=DIRECTION('center_axis',(-0.418053868227731,0.218439362569887,-0.881768228130211));
#7989=DIRECTION('ref_axis',(-0.903589439763628,0.,0.428399491535241));
#7990=DIRECTION('',(9.93681861625336E-18,0.970659007271561,0.240460166353157));
#7991=DIRECTION('',(0.62151487829199,0.776700243202806,-0.102254526894387));
#7992=DIRECTION('',(-8.94313675462802E-17,0.970659007271561,0.240460166353157));
#7993=DIRECTION('',(-0.522520367393818,0.736192887326945,0.430107542723731));
#7994=DIRECTION('',(-0.522520367393852,0.736192887326916,0.430107542723739));
#7995=DIRECTION('center_axis',(-1.,1.02371878711402E-17,0.));
#7996=DIRECTION('ref_axis',(1.02371878711402E-17,1.,0.));
#7997=DIRECTION('',(1.01496073097602E-17,0.99144486137381,-0.130526192220052));
#7998=DIRECTION('',(0.,0.,-1.));
#7999=DIRECTION('',(-1.02371878711402E-17,-1.,0.));
#8000=DIRECTION('',(0.,0.,-1.));
#8001=DIRECTION('',(-1.02371878711402E-17,-1.,0.));
#8002=DIRECTION('',(7.23878496396388E-18,0.707106781186547,0.707106781186548));
#8003=DIRECTION('center_axis',(-0.707106781186537,-0.0922959556412587,-0.701057384649989));
#8004=DIRECTION('ref_axis',(-0.704062592219647,0.,0.710137920573849));
#8005=DIRECTION('',(-0.707106781186558,0.0922959556412569,0.701057384649967));
#8006=DIRECTION('center_axis',(-0.707106781186556,-0.0922959556412562,-0.701057384649969));
#8007=DIRECTION('ref_axis',(-0.704062592219628,0.,0.710137920573869));
#8008=DIRECTION('',(0.707106781186541,-0.0922959556412591,-0.701057384649984));
#8009=DIRECTION('',(-9.13464657878418E-17,0.99144486137381,-0.130526192220052));
#8010=DIRECTION('',(0.,-0.751839807478981,-0.659345815100065));
#8011=DIRECTION('',(-0.706568690359775,0.0923661371815041,0.701590466372969));
#8012=DIRECTION('center_axis',(3.99750744056219E-17,0.659345815100057,-0.751839807478988));
#8013=DIRECTION('ref_axis',(-1.,0.,-5.31696699323002E-17));
#8014=DIRECTION('',(0.,-0.751839807478988,-0.659345815100057));
#8015=DIRECTION('',(1.,-5.27147960353221E-17,6.9400345578603E-18));
#8016=DIRECTION('',(-0.706568690359756,-0.0923661371815074,-0.701590466372987));
#8017=DIRECTION('center_axis',(0.707106781186567,-0.0922959556412537,-0.701057384649958));
#8018=DIRECTION('ref_axis',(-0.704062592219617,0.,-0.71013792057388));
#8019=DIRECTION('',(0.707106781186528,0.0922959556412609,0.701057384649997));
#8020=DIRECTION('',(1.41941709894066E-15,-0.99144486137381,0.130526192220052));
#8021=DIRECTION('center_axis',(0.70710678118652,-0.0922959556412598,-0.701057384650005));
#8022=DIRECTION('ref_axis',(-0.704062592219664,0.,-0.710137920573833));
#8023=DIRECTION('',(1.41941709894066E-15,-0.99144486137381,0.130526192220052));
#8024=DIRECTION('',(-0.707106781186575,-0.0922959556412539,-0.701057384649951));
#8025=DIRECTION('',(0.705984260706931,0.115039177996258,0.698822016796861));
#8026=DIRECTION('',(-0.339011959713048,-0.666039825520376,-0.664425949216544));
#8027=DIRECTION('',(0.340119049023738,0.665203351146441,0.664698077411642));
#8028=DIRECTION('',(-0.379476623118768,0.54964382067729,-0.744237302812516));
#8029=DIRECTION('',(0.390346439695538,-0.542932883476615,0.743541216784104));
#8030=DIRECTION('',(-0.707859517633518,-0.0921975991155477,-0.70031029266531));
#8031=DIRECTION('center_axis',(0.707106781186569,-0.0922959556412545,-0.701057384649957));
#8032=DIRECTION('ref_axis',(-0.704062592219615,0.,-0.710137920573881));
#8033=DIRECTION('',(0.707106781186525,0.0922959556412605,0.701057384650001));
#8034=DIRECTION('',(0.,-0.99144486137381,0.130526192220052));
#8035=DIRECTION('',(-0.707106781186526,-0.0922959556412607,-0.701057384649999));
#8036=DIRECTION('',(0.707338130936363,0.0836972343015146,0.701902800602569));
#8037=DIRECTION('',(0.,0.659345815100071,-0.751839807478975));
#8038=DIRECTION('center_axis',(-7.01143987202304E-17,-0.751839807478979,
-0.659345815100067));
#8039=DIRECTION('ref_axis',(-1.,0.,1.06339339864604E-16));
#8040=DIRECTION('',(0.,0.659345815100067,-0.751839807478979));
#8041=DIRECTION('',(-1.,1.05429592070644E-16,-1.38800691157206E-17));
#8042=DIRECTION('',(0.707338130936368,-0.0836972343015124,-0.701902800602564));
#8043=DIRECTION('center_axis',(-0.707106781186546,0.500000000000001,-0.500000000000001));
#8044=DIRECTION('ref_axis',(-0.577350269189627,0.,0.816496580927725));
#8045=DIRECTION('',(-0.678598344545845,-0.281084637714817,0.67859834454585));
#8046=DIRECTION('',(6.51490646756749E-17,-0.707106781186547,-0.707106781186548));
#8047=DIRECTION('center_axis',(0.,0.,-1.));
#8048=DIRECTION('ref_axis',(1.,0.,0.));
#8049=DIRECTION('',(-0.357481761599806,-0.610087526608688,0.707106781186543));
#8050=DIRECTION('center_axis',(0.,0.,-1.));
#8051=DIRECTION('ref_axis',(1.,0.,0.));
#8052=DIRECTION('',(0.357481761599806,-0.610087526608688,-0.707106781186543));
#8053=DIRECTION('center_axis',(0.,0.,1.));
#8054=DIRECTION('ref_axis',(1.,0.,0.));
#8055=DIRECTION('center_axis',(0.,0.,1.));
#8056=DIRECTION('ref_axis',(-0.867627672321335,-0.497214463005917,0.));
#8057=DIRECTION('center_axis',(0.,0.,-1.));
#8058=DIRECTION('ref_axis',(-0.867627672321335,-0.497214463005917,0.));
#8059=DIRECTION('',(-0.707106781186528,0.,0.707106781186568));
#8060=DIRECTION('center_axis',(0.,0.,1.));
#8061=DIRECTION('ref_axis',(-0.867627672321335,-0.497214463005917,0.));
#8062=DIRECTION('center_axis',(0.707106781186542,1.01234016645395E-15,0.707106781186553));
#8063=DIRECTION('ref_axis',(0.707106781186553,0.,-0.707106781186542));
#8064=DIRECTION('',(-0.707106781186553,0.,0.707106781186542));
#8065=DIRECTION('',(1.43166519313422E-15,-1.,0.));
#8066=DIRECTION('',(-1.43166519313422E-15,1.,0.));
#8067=DIRECTION('center_axis',(0.,0.,-1.));
#8068=DIRECTION('ref_axis',(0.,1.,0.));
#8069=DIRECTION('',(0.,-0.707106781186559,0.707106781186536));
#8070=DIRECTION('center_axis',(0.,0.,-1.));
#8071=DIRECTION('ref_axis',(0.,1.,0.));
#8072=DIRECTION('center_axis',(0.,0.,1.));
#8073=DIRECTION('ref_axis',(0.,1.,0.));
#8074=DIRECTION('center_axis',(3.7274989745442E-17,0.707106781186549,0.707106781186546));
#8075=DIRECTION('ref_axis',(1.,0.,-5.27147960353222E-17));
#8076=DIRECTION('',(3.92523114670944E-15,-0.707106781186546,0.707106781186549));
#8077=DIRECTION('',(1.,-5.27147960353221E-17,0.));
#8078=DIRECTION('',(-1.,5.27147960353221E-17,0.));
#8079=DIRECTION('center_axis',(0.,0.,-1.));
#8080=DIRECTION('ref_axis',(-1.,0.,0.));
#8081=DIRECTION('',(0.707106781186548,0.,0.707106781186547));
#8082=DIRECTION('center_axis',(0.,0.,-1.));
#8083=DIRECTION('ref_axis',(-1.,0.,0.));
#8084=DIRECTION('center_axis',(0.,0.,1.));
#8085=DIRECTION('ref_axis',(-1.,0.,0.));
#8086=DIRECTION('center_axis',(-0.707106781186546,7.23878496396386E-18,
0.707106781186549));
#8087=DIRECTION('ref_axis',(0.707106781186549,0.,0.707106781186546));
#8088=DIRECTION('',(0.707106781186549,-1.57009245868377E-15,0.707106781186546));
#8089=DIRECTION('',(1.02371878711402E-17,1.,0.));
#8090=DIRECTION('center_axis',(0.,0.,-1.));
#8091=DIRECTION('ref_axis',(0.,-1.,0.));
#8092=DIRECTION('',(0.,0.707106781186547,0.707106781186547));
#8093=DIRECTION('center_axis',(0.,0.,-1.));
#8094=DIRECTION('ref_axis',(0.,-1.,0.));
#8095=DIRECTION('center_axis',(0.,0.,1.));
#8096=DIRECTION('ref_axis',(0.,-1.,0.));
#8097=DIRECTION('center_axis',(-7.45499794908839E-17,-0.707106781186547,
0.707106781186548));
#8098=DIRECTION('ref_axis',(1.,0.,1.05429592070644E-16));
#8099=DIRECTION('',(0.,0.707106781186548,0.707106781186547));
#8100=DIRECTION('',(-1.,1.05429592070644E-16,0.));
#8101=DIRECTION('',(1.,-1.05429592070644E-16,0.));
#8102=DIRECTION('center_axis',(0.,0.,-1.));
#8103=DIRECTION('ref_axis',(1.,4.8179489747884E-15,0.));
#8104=DIRECTION('',(-0.707106781186553,-3.53270803203847E-15,0.707106781186542));
#8105=DIRECTION('center_axis',(0.,0.,-1.));
#8106=DIRECTION('ref_axis',(1.,4.8179489747884E-15,0.));
#8107=DIRECTION('center_axis',(0.,0.,1.));
#8108=DIRECTION('ref_axis',(1.,4.8179489747884E-15,0.));
#8109=DIRECTION('center_axis',(0.707106781186542,0.,0.707106781186553));
#8110=DIRECTION('ref_axis',(0.707106781186553,0.,-0.707106781186542));
#8111=DIRECTION('',(-0.707106781186553,0.,0.707106781186542));
#8112=DIRECTION('',(0.,-1.,0.));
#8113=DIRECTION('',(0.,1.,0.));
#8114=DIRECTION('center_axis',(0.,0.,1.));
#8115=DIRECTION('ref_axis',(-0.867627672321336,0.497214463005915,0.));
#8116=DIRECTION('center_axis',(0.,0.,-1.));
#8117=DIRECTION('ref_axis',(-0.867627672321336,0.497214463005915,0.));
#8118=DIRECTION('center_axis',(0.,0.,1.));
#8119=DIRECTION('ref_axis',(-0.867627672321336,0.497214463005915,0.));
#8120=DIRECTION('center_axis',(0.,0.,-1.));
#8121=DIRECTION('ref_axis',(-1.,0.,0.));
#8122=DIRECTION('',(0.,0.,-1.));
#8123=DIRECTION('center_axis',(0.,0.,1.));
#8124=DIRECTION('ref_axis',(-1.,0.,0.));
#8125=DIRECTION('center_axis',(5.27147960353221E-17,1.,0.));
#8126=DIRECTION('ref_axis',(1.,-5.27147960353221E-17,0.));
#8127=DIRECTION('',(0.,0.,-1.));
#8128=DIRECTION('',(-1.,5.27147960353221E-17,0.));
#8129=DIRECTION('',(0.,0.,-1.));
#8130=DIRECTION('center_axis',(5.27147960353221E-17,1.,0.));
#8131=DIRECTION('ref_axis',(0.707106781186548,-3.7274989745442E-17,0.707106781186548));
#8132=DIRECTION('',(1.,-5.27147960353221E-17,0.));
#8133=DIRECTION('center_axis',(5.27147960353221E-17,1.,0.));
#8134=DIRECTION('ref_axis',(-0.707106781186548,3.7274989745442E-17,0.707106781186548));
#8135=DIRECTION('',(0.,0.,1.));
#8136=DIRECTION('',(-1.,5.27147960353221E-17,0.));
#8137=DIRECTION('center_axis',(0.,0.,-1.));
#8138=DIRECTION('ref_axis',(0.,1.,0.));
#8139=DIRECTION('',(0.,0.,1.));
#8140=DIRECTION('center_axis',(0.,0.,1.));
#8141=DIRECTION('ref_axis',(0.,1.,0.));
#8142=DIRECTION('center_axis',(1.,1.43166519313422E-15,0.));
#8143=DIRECTION('ref_axis',(1.43166519313422E-15,-1.,0.));
#8144=DIRECTION('',(-1.43166519313422E-15,1.,0.));
#8145=DIRECTION('',(0.,0.,1.));
#8146=DIRECTION('center_axis',(0.,0.,-1.));
#8147=DIRECTION('ref_axis',(-0.867627672321335,-0.497214463005917,0.));
#8148=DIRECTION('',(0.,0.,-1.));
#8149=DIRECTION('center_axis',(0.,0.,-1.));
#8150=DIRECTION('ref_axis',(1.,0.,0.));
#8151=DIRECTION('',(0.,0.,1.));
#8152=DIRECTION('center_axis',(0.,0.,-1.));
#8153=DIRECTION('ref_axis',(1.,0.,0.));
#8154=DIRECTION('center_axis',(0.,0.,-1.));
#8155=DIRECTION('ref_axis',(1.,-2.0185873175003E-15,0.));
#8156=DIRECTION('',(-2.32351500194343E-15,-1.,0.));
#8157=DIRECTION('center_axis',(0.,0.,-1.));
#8158=DIRECTION('ref_axis',(1.,1.03092138000907E-14,0.));
#8159=DIRECTION('',(-1.,7.1659175860516E-17,0.));
#8160=DIRECTION('center_axis',(0.,0.,-1.));
#8161=DIRECTION('ref_axis',(0.,-1.,0.));
#8162=DIRECTION('',(0.,1.,0.));
#8163=DIRECTION('center_axis',(0.,0.,-1.));
#8164=DIRECTION('ref_axis',(-1.,0.,0.));
#8165=DIRECTION('',(1.,0.,0.));
#8166=DIRECTION('center_axis',(0.,0.,-1.));
#8167=DIRECTION('ref_axis',(0.,1.,0.));
#8168=DIRECTION('',(1.43166519313422E-15,-1.,0.));
#8169=DIRECTION('center_axis',(0.,0.,-1.));
#8170=DIRECTION('ref_axis',(1.,0.,0.));
#8171=DIRECTION('center_axis',(0.,0.,-1.));
#8172=DIRECTION('ref_axis',(1.,0.,0.));
#8173=DIRECTION('center_axis',(0.,0.,-1.));
#8174=DIRECTION('ref_axis',(0.707106781186548,-0.707106781186548,0.));
#8175=DIRECTION('center_axis',(0.,0.,-1.));
#8176=DIRECTION('ref_axis',(0.707106781186548,-0.707106781186548,0.));
#8177=DIRECTION('',(0.,0.,-1.));
#8178=DIRECTION('center_axis',(0.,0.,-1.));
#8179=DIRECTION('ref_axis',(0.707106781186548,-0.707106781186548,0.));
#8180=DIRECTION('',(0.,0.,1.));
#8181=DIRECTION('center_axis',(0.,0.,-1.));
#8182=DIRECTION('ref_axis',(1.,0.,0.));
#8183=DIRECTION('',(0.,-1.,0.));
#8184=DIRECTION('center_axis',(0.,0.,-1.));
#8185=DIRECTION('ref_axis',(0.707106781186532,-0.707106781186563,0.));
#8186=DIRECTION('',(1.,0.,0.));
#8187=DIRECTION('center_axis',(0.,0.,1.));
#8188=DIRECTION('ref_axis',(2.13162820728057E-13,-1.,0.));
#8189=DIRECTION('center_axis',(0.,0.,-1.));
#8190=DIRECTION('ref_axis',(-0.916515138991163,0.400000000000011,0.));
#8191=DIRECTION('center_axis',(0.,0.,1.));
#8192=DIRECTION('ref_axis',(0.916515138991195,-0.399999999999939,0.));
#8193=DIRECTION('',(1.,1.36102555115684E-15,0.));
#8194=DIRECTION('center_axis',(0.,0.,-1.));
#8195=DIRECTION('ref_axis',(-0.7071067811865,0.707106781186595,0.));
#8196=DIRECTION('',(0.707106781186552,0.707106781186543,0.));
#8197=DIRECTION('center_axis',(0.,0.,1.));
#8198=DIRECTION('ref_axis',(0.70710678118637,-0.707106781186725,0.));
#8199=DIRECTION('',(1.,1.67410478934933E-15,0.));
#8200=DIRECTION('center_axis',(0.,0.,1.));
#8201=DIRECTION('ref_axis',(-2.13162820727898E-13,-1.,0.));
#8202=DIRECTION('',(0.707106781186539,-0.707106781186556,0.));
#8203=DIRECTION('center_axis',(0.,0.,-1.));
#8204=DIRECTION('ref_axis',(-9.4739031434682E-14,1.,0.));
#8205=DIRECTION('',(1.,0.,0.));
#8206=DIRECTION('center_axis',(0.,0.,1.));
#8207=DIRECTION('ref_axis',(7.10542735760174E-14,-1.,0.));
#8208=DIRECTION('center_axis',(0.,0.,-1.));
#8209=DIRECTION('ref_axis',(-0.916515138991162,0.400000000000013,0.));
#8210=DIRECTION('center_axis',(0.,0.,1.));
#8211=DIRECTION('ref_axis',(0.916515138991149,-0.400000000000042,0.));
#8212=DIRECTION('',(1.,0.,0.));
#8213=DIRECTION('center_axis',(0.,0.,-1.));
#8214=DIRECTION('ref_axis',(-0.707106781186518,0.707106781186577,0.));
#8215=DIRECTION('',(0.707106781186552,0.707106781186543,0.));
#8216=DIRECTION('center_axis',(0.,0.,1.));
#8217=DIRECTION('ref_axis',(0.707106781186601,-0.707106781186494,0.));
#8218=DIRECTION('',(1.,0.,0.));
#8219=DIRECTION('center_axis',(0.,0.,1.));
#8220=DIRECTION('ref_axis',(-2.48689957516014E-13,-1.,0.));
#8221=DIRECTION('',(0.707106781186525,-0.70710678118657,0.));
#8222=DIRECTION('center_axis',(0.,0.,-1.));
#8223=DIRECTION('ref_axis',(-9.4739031434682E-14,1.,0.));
#8224=DIRECTION('',(1.,1.76943738878553E-15,0.));
#8225=DIRECTION('center_axis',(0.,0.,1.));
#8226=DIRECTION('ref_axis',(1.18423789293346E-14,-1.,0.));
#8227=DIRECTION('center_axis',(0.,0.,-1.));
#8228=DIRECTION('ref_axis',(-0.916515138991165,0.400000000000006,0.));
#8229=DIRECTION('center_axis',(0.,0.,1.));
#8230=DIRECTION('ref_axis',(0.916515138991182,-0.399999999999968,0.));
#8231=DIRECTION('',(1.,8.84718694393399E-16,0.));
#8232=DIRECTION('center_axis',(0.,0.,-1.));
#8233=DIRECTION('ref_axis',(-0.707106781186613,0.707106781186482,0.));
#8234=DIRECTION('',(0.707106781186556,0.707106781186539,0.));
#8235=DIRECTION('center_axis',(0.,0.,1.));
#8236=DIRECTION('ref_axis',(0.70710678118653,-0.707106781186565,0.));
#8237=DIRECTION('',(1.,0.,0.));
#8238=DIRECTION('center_axis',(0.,0.,1.));
#8239=DIRECTION('ref_axis',(-2.48689957515952E-13,-1.,0.));
#8240=DIRECTION('',(0.707106781186552,-0.707106781186543,0.));
#8241=DIRECTION('center_axis',(0.,0.,-1.));
#8242=DIRECTION('ref_axis',(3.55271367879999E-14,1.,0.));
#8243=DIRECTION('',(1.,0.,0.));
#8244=DIRECTION('center_axis',(0.,0.,1.));
#8245=DIRECTION('ref_axis',(1.77635683940029E-14,-1.,0.));
#8246=DIRECTION('center_axis',(0.,0.,-1.));
#8247=DIRECTION('ref_axis',(-0.968245836551854,-0.250000000000001,0.));
#8248=DIRECTION('center_axis',(0.,0.,1.));
#8249=DIRECTION('ref_axis',(0.968245836551845,0.250000000000035,0.));
#8250=DIRECTION('',(1.,0.,0.));
#8251=DIRECTION('center_axis',(0.,0.,-1.));
#8252=DIRECTION('ref_axis',(-1.,0.,0.));
#8253=DIRECTION('',(2.82859369331259E-16,1.,0.));
#8254=DIRECTION('center_axis',(0.,0.,-1.));
#8255=DIRECTION('ref_axis',(8.88178419700126E-16,-1.,0.));
#8256=DIRECTION('',(-1.,8.8062386130506E-16,0.));
#8257=DIRECTION('center_axis',(0.,0.,1.));
#8258=DIRECTION('ref_axis',(1.77635683940026E-14,1.,0.));
#8259=DIRECTION('',(-0.707106781186547,0.707106781186548,0.));
#8260=DIRECTION('center_axis',(0.,0.,-1.));
#8261=DIRECTION('ref_axis',(-2.96059473233373E-15,-1.,0.));
#8262=DIRECTION('',(-1.,-3.15607179188563E-16,0.));
#8263=DIRECTION('center_axis',(0.,0.,1.));
#8264=DIRECTION('ref_axis',(-8.88178419700134E-15,1.,0.));
#8265=DIRECTION('center_axis',(0.,0.,-1.));
#8266=DIRECTION('ref_axis',(0.916515138991167,-0.400000000000002,0.));
#8267=DIRECTION('center_axis',(0.,0.,1.));
#8268=DIRECTION('ref_axis',(-0.91651513899117,0.399999999999996,0.));
#8269=DIRECTION('',(-1.,1.05202393062818E-15,0.));
#8270=DIRECTION('center_axis',(0.,0.,-1.));
#8271=DIRECTION('ref_axis',(0.707106781186527,-0.707106781186568,0.));
#8272=DIRECTION('',(-0.707106781186546,-0.707106781186549,0.));
#8273=DIRECTION('center_axis',(0.,0.,1.));
#8274=DIRECTION('ref_axis',(-0.707106781186589,0.707106781186506,0.));
#8275=DIRECTION('',(-1.,8.30907757667759E-17,0.));
#8276=DIRECTION('center_axis',(0.,0.,1.));
#8277=DIRECTION('ref_axis',(3.55271367880047E-14,1.,0.));
#8278=DIRECTION('',(-0.707106781186548,0.707106781186547,0.));
#8279=DIRECTION('center_axis',(0.,0.,-1.));
#8280=DIRECTION('ref_axis',(0.,-1.,0.));
#8281=DIRECTION('',(-1.,-5.11050785440328E-16,0.));
#8282=DIRECTION('center_axis',(0.,0.,1.));
#8283=DIRECTION('ref_axis',(0.,1.,0.));
#8284=DIRECTION('center_axis',(0.,0.,-1.));
#8285=DIRECTION('ref_axis',(0.916515138991168,-0.399999999999999,0.));
#8286=DIRECTION('center_axis',(0.,0.,1.));
#8287=DIRECTION('ref_axis',(-0.91651513899116,0.400000000000018,0.));
#8288=DIRECTION('',(-1.,9.17147978801795E-17,0.));
#8289=DIRECTION('center_axis',(0.,0.,-1.));
#8290=DIRECTION('ref_axis',(0.707106781186602,-0.707106781186493,0.));
#8291=DIRECTION('',(-0.707106781186561,-0.707106781186534,0.));
#8292=DIRECTION('center_axis',(0.,0.,1.));
#8293=DIRECTION('ref_axis',(-0.707106781186526,0.707106781186569,0.));
#8294=DIRECTION('',(-1.,1.31007335033404E-16,0.));
#8295=DIRECTION('center_axis',(0.,0.,1.));
#8296=DIRECTION('ref_axis',(7.10542735760248E-14,1.,0.));
#8297=DIRECTION('',(-0.70710678118657,0.707106781186525,0.));
#8298=DIRECTION('center_axis',(0.,0.,-1.));
#8299=DIRECTION('ref_axis',(-7.10542735760041E-14,-1.,0.));
#8300=DIRECTION('',(-1.,5.96146186221164E-16,0.));
#8301=DIRECTION('center_axis',(0.,0.,1.));
#8302=DIRECTION('ref_axis',(2.36847578586704E-14,1.,0.));
#8303=DIRECTION('center_axis',(0.,0.,-1.));
#8304=DIRECTION('ref_axis',(0.916515138991169,-0.399999999999998,0.));
#8305=DIRECTION('center_axis',(0.,0.,1.));
#8306=DIRECTION('ref_axis',(-0.916515138991166,0.400000000000005,0.));
#8307=DIRECTION('',(-1.,-8.76087060754844E-16,0.));
#8308=DIRECTION('center_axis',(0.,0.,-1.));
#8309=DIRECTION('ref_axis',(0.707106781186529,-0.707106781186566,0.));
#8310=DIRECTION('',(-0.707106781186556,-0.707106781186539,0.));
#8311=DIRECTION('center_axis',(0.,0.,1.));
#8312=DIRECTION('ref_axis',(-0.707106781186561,0.707106781186534,0.));
#8313=DIRECTION('',(-1.,-1.21274522219569E-16,0.));
#8314=DIRECTION('center_axis',(0.,0.,1.));
#8315=DIRECTION('ref_axis',(0.,1.,0.));
#8316=DIRECTION('',(-0.707106781186522,0.707106781186573,0.));
#8317=DIRECTION('center_axis',(0.,0.,-1.));
#8318=DIRECTION('ref_axis',(-2.36847578586712E-14,-1.,0.));
#8319=DIRECTION('',(-1.,-4.20809572251264E-16,0.));
#8320=DIRECTION('center_axis',(0.,0.,1.));
#8321=DIRECTION('ref_axis',(0.,1.,0.));
#8322=DIRECTION('center_axis',(0.,0.,-1.));
#8323=DIRECTION('ref_axis',(0.916515138991164,-0.400000000000008,0.));
#8324=DIRECTION('center_axis',(0.,0.,1.));
#8325=DIRECTION('ref_axis',(-0.916515138991174,0.399999999999987,0.));
#8326=DIRECTION('',(-1.,2.20925025431993E-15,0.));
#8327=DIRECTION('center_axis',(0.,0.,-1.));
#8328=DIRECTION('ref_axis',(0.707106781186357,-0.707106781186738,0.));
#8329=DIRECTION('',(-0.707106781186518,-0.707106781186577,0.));
#8330=DIRECTION('center_axis',(0.,0.,1.));
#8331=DIRECTION('ref_axis',(-0.707106781186626,0.707106781186469,0.));
#8332=DIRECTION('',(-1.,-2.20155965326262E-15,0.));
#8333=DIRECTION('center_axis',(0.,0.,-1.));
#8334=DIRECTION('ref_axis',(1.,6.12843109593121E-14,0.));
#8335=DIRECTION('',(3.45231394633981E-15,-1.,0.));
#8336=DIRECTION('center_axis',(0.,0.,-1.));
#8337=DIRECTION('ref_axis',(-0.0279411764704196,0.999609569110585,0.));
#8338=DIRECTION('center_axis',(0.,0.,-1.));
#8339=DIRECTION('ref_axis',(1.,0.,0.));
#8340=DIRECTION('',(0.,-1.,0.));
#8341=DIRECTION('center_axis',(0.,0.,1.));
#8342=DIRECTION('ref_axis',(1.,-4.6339743636528E-14,0.));
#8343=DIRECTION('',(1.,7.36879349549562E-16,0.));
#8344=DIRECTION('center_axis',(0.,0.,1.));
#8345=DIRECTION('ref_axis',(-9.43957740744061E-14,-1.,0.));
#8346=DIRECTION('',(-2.03448170582703E-16,-1.,0.));
#8347=DIRECTION('center_axis',(0.,0.,1.));
#8348=DIRECTION('ref_axis',(-1.,9.15352960721522E-14,0.));
#8349=DIRECTION('',(-1.,1.1794583346089E-16,0.));
#8350=DIRECTION('center_axis',(0.,0.,1.));
#8351=DIRECTION('ref_axis',(1.,0.,0.));
#8352=DIRECTION('center_axis',(0.,0.,1.));
#8353=DIRECTION('ref_axis',(1.,0.,0.));
#8354=DIRECTION('center_axis',(0.,0.,1.));
#8355=DIRECTION('ref_axis',(1.,0.,0.));
#8356=DIRECTION('center_axis',(0.,0.,1.));
#8357=DIRECTION('ref_axis',(1.,0.,0.));
#8358=DIRECTION('center_axis',(0.,0.,1.));
#8359=DIRECTION('ref_axis',(1.,0.,0.));
#8360=DIRECTION('center_axis',(0.,0.,1.));
#8361=DIRECTION('ref_axis',(1.,0.,0.));
#8362=DIRECTION('center_axis',(0.,0.,1.));
#8363=DIRECTION('ref_axis',(1.,0.,0.));
#8364=DIRECTION('center_axis',(0.,0.,1.));
#8365=DIRECTION('ref_axis',(1.,0.,0.));
#8366=DIRECTION('center_axis',(-1.,0.,0.));
#8367=DIRECTION('ref_axis',(0.,1.,0.));
#8368=DIRECTION('',(0.,-1.,0.));
#8369=DIRECTION('',(0.,0.,-1.));
#8370=DIRECTION('',(0.,-1.,0.));
#8371=DIRECTION('',(0.,0.,-1.));
#8372=DIRECTION('',(0.,-0.70710678118655,-0.707106781186545));
#8373=DIRECTION('',(0.,0.,-1.));
#8374=DIRECTION('',(0.,1.,0.));
#8375=DIRECTION('',(0.,0.,1.));
#8376=DIRECTION('',(0.,1.,0.));
#8377=DIRECTION('',(0.,0.,1.));
#8378=DIRECTION('center_axis',(0.,0.,-1.));
#8379=DIRECTION('ref_axis',(-0.707106781186532,-0.707106781186563,0.));
#8380=DIRECTION('center_axis',(0.,0.,-1.));
#8381=DIRECTION('ref_axis',(-0.707106781186532,-0.707106781186563,0.));
#8382=DIRECTION('',(0.,0.,-1.));
#8383=DIRECTION('center_axis',(0.,0.,-1.));
#8384=DIRECTION('ref_axis',(-0.707106781186532,-0.707106781186563,0.));
#8385=DIRECTION('',(0.,0.,1.));
#8386=DIRECTION('center_axis',(-6.6383890179663E-15,1.,0.));
#8387=DIRECTION('ref_axis',(1.,6.6383890179663E-15,0.));
#8388=DIRECTION('',(1.,6.6383890179663E-15,0.));
#8389=DIRECTION('',(0.,0.,-1.));
#8390=DIRECTION('',(-1.,-6.6383890179663E-15,0.));
#8391=DIRECTION('center_axis',(0.,0.,-1.));
#8392=DIRECTION('ref_axis',(-0.707106781186532,-0.707106781186563,0.));
#8393=DIRECTION('center_axis',(0.,0.,-1.));
#8394=DIRECTION('ref_axis',(-0.707106781186532,-0.707106781186563,0.));
#8395=DIRECTION('',(0.,0.,-1.));
#8396=DIRECTION('center_axis',(0.,0.,-1.));
#8397=DIRECTION('ref_axis',(-0.707106781186532,-0.707106781186563,0.));
#8398=DIRECTION('',(0.,0.,1.));
#8399=DIRECTION('center_axis',(0.,1.,0.));
#8400=DIRECTION('ref_axis',(1.,0.,0.));
#8401=DIRECTION('',(1.,0.,0.));
#8402=DIRECTION('',(0.,0.,-1.));
#8403=DIRECTION('',(1.,0.,0.));
#8404=DIRECTION('center_axis',(0.,0.,-1.));
#8405=DIRECTION('ref_axis',(0.707106781186532,-0.707106781186563,0.));
#8406=DIRECTION('center_axis',(0.,0.,-1.));
#8407=DIRECTION('ref_axis',(0.707106781186532,-0.707106781186563,0.));
#8408=DIRECTION('',(0.,0.,-1.));
#8409=DIRECTION('center_axis',(0.,0.,-1.));
#8410=DIRECTION('ref_axis',(1.,0.,0.));
#8411=DIRECTION('',(-1.,0.,0.));
#8412=DIRECTION('center_axis',(0.,0.,1.));
#8413=DIRECTION('ref_axis',(-1.,0.,0.));
#8414=DIRECTION('',(0.,-1.,0.));
#8415=DIRECTION('center_axis',(0.,0.,1.));
#8416=DIRECTION('ref_axis',(0.,-1.,0.));
#8417=DIRECTION('',(1.,-7.1659175860516E-17,0.));
#8418=DIRECTION('center_axis',(0.,0.,1.));
#8419=DIRECTION('ref_axis',(1.,1.03092138000907E-14,0.));
#8420=DIRECTION('',(2.32351500194343E-15,1.,0.));
#8421=DIRECTION('center_axis',(0.,0.,-1.));
#8422=DIRECTION('ref_axis',(1.,-2.0185873175003E-15,0.));
#8423=DIRECTION('center_axis',(0.,0.,-1.));
#8424=DIRECTION('ref_axis',(-6.84226338138528E-14,1.,0.));
#8425=DIRECTION('center_axis',(0.,0.,1.));
#8426=DIRECTION('ref_axis',(-1.,-1.87177257784987E-10,0.));
#8427=DIRECTION('',(0.,-1.,0.));
#8428=DIRECTION('center_axis',(0.,0.,-1.));
#8429=DIRECTION('ref_axis',(1.,0.,0.));
#8430=DIRECTION('center_axis',(0.,0.,-1.));
#8431=DIRECTION('ref_axis',(-0.0279411764704196,0.999609569110585,0.));
#8432=DIRECTION('',(3.45231394633981E-15,-1.,0.));
#8433=DIRECTION('center_axis',(0.,0.,-1.));
#8434=DIRECTION('ref_axis',(1.,6.12843109593121E-14,0.));
#8435=DIRECTION('',(-1.,-2.20155965326262E-15,0.));
#8436=DIRECTION('center_axis',(0.,0.,1.));
#8437=DIRECTION('ref_axis',(-0.707106781186626,0.707106781186469,0.));
#8438=DIRECTION('',(-0.707106781186518,-0.707106781186577,0.));
#8439=DIRECTION('center_axis',(0.,0.,-1.));
#8440=DIRECTION('ref_axis',(0.707106781186357,-0.707106781186738,0.));
#8441=DIRECTION('',(-1.,2.20925025431993E-15,0.));
#8442=DIRECTION('center_axis',(0.,0.,1.));
#8443=DIRECTION('ref_axis',(-0.916515138991174,0.399999999999987,0.));
#8444=DIRECTION('center_axis',(0.,0.,-1.));
#8445=DIRECTION('ref_axis',(0.916515138991164,-0.400000000000008,0.));
#8446=DIRECTION('center_axis',(0.,0.,1.));
#8447=DIRECTION('ref_axis',(0.,1.,0.));
#8448=DIRECTION('',(-1.,-4.20809572251264E-16,0.));
#8449=DIRECTION('center_axis',(0.,0.,-1.));
#8450=DIRECTION('ref_axis',(-2.36847578586712E-14,-1.,0.));
#8451=DIRECTION('',(-0.707106781186522,0.707106781186573,0.));
#8452=DIRECTION('center_axis',(0.,0.,1.));
#8453=DIRECTION('ref_axis',(0.,1.,0.));
#8454=DIRECTION('',(-1.,-1.21274522219569E-16,0.));
#8455=DIRECTION('center_axis',(0.,0.,1.));
#8456=DIRECTION('ref_axis',(-0.707106781186561,0.707106781186534,0.));
#8457=DIRECTION('',(-0.707106781186556,-0.707106781186539,0.));
#8458=DIRECTION('center_axis',(0.,0.,-1.));
#8459=DIRECTION('ref_axis',(0.707106781186529,-0.707106781186566,0.));
#8460=DIRECTION('',(-1.,-8.76087060754844E-16,0.));
#8461=DIRECTION('center_axis',(0.,0.,1.));
#8462=DIRECTION('ref_axis',(-0.916515138991166,0.400000000000005,0.));
#8463=DIRECTION('center_axis',(0.,0.,-1.));
#8464=DIRECTION('ref_axis',(0.916515138991169,-0.399999999999998,0.));
#8465=DIRECTION('center_axis',(0.,0.,1.));
#8466=DIRECTION('ref_axis',(2.36847578586704E-14,1.,0.));
#8467=DIRECTION('',(-1.,5.96146186221164E-16,0.));
#8468=DIRECTION('center_axis',(0.,0.,-1.));
#8469=DIRECTION('ref_axis',(-7.10542735760041E-14,-1.,0.));
#8470=DIRECTION('',(-0.70710678118657,0.707106781186525,0.));
#8471=DIRECTION('center_axis',(0.,0.,1.));
#8472=DIRECTION('ref_axis',(7.10542735760248E-14,1.,0.));
#8473=DIRECTION('',(-1.,1.31007335033404E-16,0.));
#8474=DIRECTION('center_axis',(0.,0.,1.));
#8475=DIRECTION('ref_axis',(-0.707106781186526,0.707106781186569,0.));
#8476=DIRECTION('',(-0.707106781186561,-0.707106781186534,0.));
#8477=DIRECTION('center_axis',(0.,0.,-1.));
#8478=DIRECTION('ref_axis',(0.707106781186602,-0.707106781186493,0.));
#8479=DIRECTION('',(-1.,9.17147978801795E-17,0.));
#8480=DIRECTION('center_axis',(0.,0.,1.));
#8481=DIRECTION('ref_axis',(-0.91651513899116,0.400000000000018,0.));
#8482=DIRECTION('center_axis',(0.,0.,-1.));
#8483=DIRECTION('ref_axis',(0.916515138991168,-0.399999999999999,0.));
#8484=DIRECTION('center_axis',(0.,0.,1.));
#8485=DIRECTION('ref_axis',(0.,1.,0.));
#8486=DIRECTION('',(-1.,-5.11050785440328E-16,0.));
#8487=DIRECTION('center_axis',(0.,0.,-1.));
#8488=DIRECTION('ref_axis',(0.,-1.,0.));
#8489=DIRECTION('',(-0.707106781186548,0.707106781186547,0.));
#8490=DIRECTION('center_axis',(0.,0.,1.));
#8491=DIRECTION('ref_axis',(3.55271367880047E-14,1.,0.));
#8492=DIRECTION('',(-1.,8.30907757667759E-17,0.));
#8493=DIRECTION('center_axis',(0.,0.,1.));
#8494=DIRECTION('ref_axis',(-0.707106781186589,0.707106781186506,0.));
#8495=DIRECTION('',(-0.707106781186546,-0.707106781186549,0.));
#8496=DIRECTION('center_axis',(0.,0.,-1.));
#8497=DIRECTION('ref_axis',(0.707106781186527,-0.707106781186568,0.));
#8498=DIRECTION('',(-1.,1.05202393062818E-15,0.));
#8499=DIRECTION('center_axis',(0.,0.,1.));
#8500=DIRECTION('ref_axis',(-0.91651513899117,0.399999999999996,0.));
#8501=DIRECTION('center_axis',(0.,0.,-1.));
#8502=DIRECTION('ref_axis',(0.916515138991167,-0.400000000000002,0.));
#8503=DIRECTION('center_axis',(0.,0.,1.));
#8504=DIRECTION('ref_axis',(-8.88178419700134E-15,1.,0.));
#8505=DIRECTION('',(-1.,-3.15607179188563E-16,0.));
#8506=DIRECTION('center_axis',(0.,0.,-1.));
#8507=DIRECTION('ref_axis',(-2.96059473233373E-15,-1.,0.));
#8508=DIRECTION('',(-0.707106781186547,0.707106781186548,0.));
#8509=DIRECTION('center_axis',(0.,0.,1.));
#8510=DIRECTION('ref_axis',(1.77635683940026E-14,1.,0.));
#8511=DIRECTION('',(-1.,8.8062386130506E-16,0.));
#8512=DIRECTION('center_axis',(0.,0.,-1.));
#8513=DIRECTION('ref_axis',(8.88178419700126E-16,-1.,0.));
#8514=DIRECTION('',(2.82859369331259E-16,1.,0.));
#8515=DIRECTION('center_axis',(0.,0.,-1.));
#8516=DIRECTION('ref_axis',(-1.,0.,0.));
#8517=DIRECTION('',(1.,0.,0.));
#8518=DIRECTION('center_axis',(0.,0.,1.));
#8519=DIRECTION('ref_axis',(0.968245836551845,0.250000000000035,0.));
#8520=DIRECTION('center_axis',(0.,0.,-1.));
#8521=DIRECTION('ref_axis',(-0.968245836551854,-0.250000000000001,0.));
#8522=DIRECTION('center_axis',(0.,0.,1.));
#8523=DIRECTION('ref_axis',(1.77635683940029E-14,-1.,0.));
#8524=DIRECTION('',(1.,0.,0.));
#8525=DIRECTION('center_axis',(0.,0.,-1.));
#8526=DIRECTION('ref_axis',(3.55271367879999E-14,1.,0.));
#8527=DIRECTION('',(0.707106781186552,-0.707106781186543,0.));
#8528=DIRECTION('center_axis',(0.,0.,1.));
#8529=DIRECTION('ref_axis',(-2.48689957515952E-13,-1.,0.));
#8530=DIRECTION('',(1.,0.,0.));
#8531=DIRECTION('center_axis',(0.,0.,1.));
#8532=DIRECTION('ref_axis',(0.70710678118653,-0.707106781186565,0.));
#8533=DIRECTION('',(0.707106781186556,0.707106781186539,0.));
#8534=DIRECTION('center_axis',(0.,0.,-1.));
#8535=DIRECTION('ref_axis',(-0.707106781186613,0.707106781186482,0.));
#8536=DIRECTION('',(1.,8.84718694393399E-16,0.));
#8537=DIRECTION('center_axis',(0.,0.,1.));
#8538=DIRECTION('ref_axis',(0.916515138991182,-0.399999999999968,0.));
#8539=DIRECTION('center_axis',(0.,0.,-1.));
#8540=DIRECTION('ref_axis',(-0.916515138991165,0.400000000000006,0.));
#8541=DIRECTION('center_axis',(0.,0.,1.));
#8542=DIRECTION('ref_axis',(1.18423789293346E-14,-1.,0.));
#8543=DIRECTION('',(1.,1.76943738878553E-15,0.));
#8544=DIRECTION('center_axis',(0.,0.,-1.));
#8545=DIRECTION('ref_axis',(-9.4739031434682E-14,1.,0.));
#8546=DIRECTION('',(0.707106781186525,-0.70710678118657,0.));
#8547=DIRECTION('center_axis',(0.,0.,1.));
#8548=DIRECTION('ref_axis',(-2.48689957516014E-13,-1.,0.));
#8549=DIRECTION('',(1.,0.,0.));
#8550=DIRECTION('center_axis',(0.,0.,1.));
#8551=DIRECTION('ref_axis',(0.707106781186601,-0.707106781186494,0.));
#8552=DIRECTION('',(0.707106781186552,0.707106781186543,0.));
#8553=DIRECTION('center_axis',(0.,0.,-1.));
#8554=DIRECTION('ref_axis',(-0.707106781186518,0.707106781186577,0.));
#8555=DIRECTION('',(1.,0.,0.));
#8556=DIRECTION('center_axis',(0.,0.,1.));
#8557=DIRECTION('ref_axis',(0.916515138991149,-0.400000000000042,0.));
#8558=DIRECTION('center_axis',(0.,0.,-1.));
#8559=DIRECTION('ref_axis',(-0.916515138991162,0.400000000000013,0.));
#8560=DIRECTION('center_axis',(0.,0.,1.));
#8561=DIRECTION('ref_axis',(7.10542735760174E-14,-1.,0.));
#8562=DIRECTION('',(1.,0.,0.));
#8563=DIRECTION('center_axis',(0.,0.,-1.));
#8564=DIRECTION('ref_axis',(-9.4739031434682E-14,1.,0.));
#8565=DIRECTION('',(0.707106781186539,-0.707106781186556,0.));
#8566=DIRECTION('center_axis',(0.,0.,1.));
#8567=DIRECTION('ref_axis',(-2.13162820727898E-13,-1.,0.));
#8568=DIRECTION('',(1.,1.67410478934933E-15,0.));
#8569=DIRECTION('center_axis',(0.,0.,1.));
#8570=DIRECTION('ref_axis',(0.70710678118637,-0.707106781186725,0.));
#8571=DIRECTION('',(0.707106781186552,0.707106781186543,0.));
#8572=DIRECTION('center_axis',(0.,0.,-1.));
#8573=DIRECTION('ref_axis',(-0.7071067811865,0.707106781186595,0.));
#8574=DIRECTION('',(1.,1.36102555115684E-15,0.));
#8575=DIRECTION('center_axis',(0.,0.,1.));
#8576=DIRECTION('ref_axis',(0.916515138991195,-0.399999999999939,0.));
#8577=DIRECTION('center_axis',(0.,0.,-1.));
#8578=DIRECTION('ref_axis',(-0.916515138991163,0.400000000000011,0.));
#8579=DIRECTION('center_axis',(0.,0.,1.));
#8580=DIRECTION('ref_axis',(2.13162820728057E-13,-1.,0.));
#8581=DIRECTION('',(1.,0.,0.));
#8582=DIRECTION('center_axis',(-0.707106781186535,0.70710678118656,0.));
#8583=DIRECTION('ref_axis',(0.,0.,1.));
#8584=DIRECTION('',(-0.678598344545855,-0.678598344545831,0.281084637714839));
#8585=DIRECTION('',(-0.70710678118656,-0.707106781186535,0.));
#8586=DIRECTION('',(0.,0.,1.));
#8587=DIRECTION('center_axis',(0.,1.,0.));
#8588=DIRECTION('ref_axis',(0.707106781186548,-2.17437440181746E-17,-0.707106781186548));
#8589=DIRECTION('',(0.,-0.707106781186532,0.707106781186563));
#8590=DIRECTION('center_axis',(-5.27147960353221E-17,-1.,0.));
#8591=DIRECTION('ref_axis',(0.707106781186547,0.,-0.707106781186547));
#8592=DIRECTION('center_axis',(5.27147960353221E-17,1.,0.));
#8593=DIRECTION('ref_axis',(0.707106781186548,-3.7274989745442E-17,-0.707106781186548));
#8594=DIRECTION('center_axis',(3.72749897454424E-17,0.707106781186555,0.70710678118654));
#8595=DIRECTION('ref_axis',(1.,0.,-5.27147960353233E-17));
#8596=DIRECTION('',(0.,-0.70710678118654,0.707106781186555));
#8597=DIRECTION('',(1.,-5.27147960353221E-17,0.));
#8598=DIRECTION('',(-1.,5.27147960353221E-17,0.));
#8599=DIRECTION('center_axis',(0.,1.,0.));
#8600=DIRECTION('ref_axis',(-0.707106781186548,2.17437440181745E-17,-0.707106781186548));
#8601=DIRECTION('',(0.707106781186554,-0.707106781186541,0.));
#8602=DIRECTION('center_axis',(-5.27147960353221E-17,-1.,0.));
#8603=DIRECTION('ref_axis',(-0.707106781186547,0.,-0.707106781186547));
#8604=DIRECTION('center_axis',(5.27147960353221E-17,1.,0.));
#8605=DIRECTION('ref_axis',(-0.707106781186548,3.7274989745442E-17,-0.707106781186548));
#8606=DIRECTION('center_axis',(0.707106781186541,0.707106781186554,0.));
#8607=DIRECTION('ref_axis',(0.,0.,-1.));
#8608=DIRECTION('',(-0.678598344545852,0.67859834454584,-0.281084637714823));
#8609=DIRECTION('center_axis',(-5.27147960353221E-17,-1.,0.));
#8610=DIRECTION('ref_axis',(-1.,5.27147960353221E-17,0.));
#8611=DIRECTION('',(0.,0.,-1.));
#8612=DIRECTION('',(-1.,5.27147960353221E-17,0.));
#8613=DIRECTION('',(-1.,5.27147960353221E-17,0.));
#8614=DIRECTION('',(0.,0.,-1.));
#8615=DIRECTION('center_axis',(-0.707106781186535,0.70710678118656,0.));
#8616=DIRECTION('ref_axis',(0.,0.,1.));
#8617=DIRECTION('',(0.,0.,1.));
#8618=DIRECTION('',(0.70710678118656,0.707106781186535,0.));
#8619=DIRECTION('',(-0.678598344545858,-0.678598344545834,0.281084637714827));
#8620=DIRECTION('center_axis',(-0.707106781186544,0.500000000000001,-0.500000000000004));
#8621=DIRECTION('ref_axis',(-0.577350269189631,0.,0.816496580927722));
#8622=DIRECTION('',(0.,-0.70710678118655,-0.707106781186545));
#8623=DIRECTION('',(0.,0.70710678118655,0.707106781186545));
#8624=DIRECTION('center_axis',(0.,1.,0.));
#8625=DIRECTION('ref_axis',(0.707106781186548,-2.17437440181746E-17,0.707106781186548));
#8626=DIRECTION('center_axis',(-5.27147960353221E-17,-1.,0.));
#8627=DIRECTION('ref_axis',(0.707106781186547,0.,0.707106781186547));
#8628=DIRECTION('',(0.,0.70710678118652,0.707106781186575));
#8629=DIRECTION('center_axis',(3.7274989745442E-17,0.707106781186549,-0.707106781186546));
#8630=DIRECTION('ref_axis',(-1.,0.,-5.27147960353223E-17));
#8631=DIRECTION('',(0.,0.707106781186546,0.707106781186549));
#8632=DIRECTION('',(-1.,5.27147960353221E-17,0.));
#8633=DIRECTION('center_axis',(0.,1.,0.));
#8634=DIRECTION('ref_axis',(-0.707106781186547,2.17437440181745E-17,0.707106781186547));
#8635=DIRECTION('center_axis',(-5.27147960353221E-17,-1.,0.));
#8636=DIRECTION('ref_axis',(-0.707106781186547,0.,0.707106781186547));
#8637=DIRECTION('',(-0.707106781186566,0.707106781186529,0.));
#8638=DIRECTION('center_axis',(0.707106781186535,0.70710678118656,0.));
#8639=DIRECTION('ref_axis',(0.,0.,-1.));
#8640=DIRECTION('',(-0.678598344545859,0.678598344545835,-0.281084637714822));
#8641=DIRECTION('center_axis',(0.707106781186543,0.500000000000002,-0.500000000000005));
#8642=DIRECTION('ref_axis',(-0.577350269189632,0.,-0.816496580927721));
#8643=DIRECTION('',(0.,0.70710678118655,0.707106781186545));
#8644=DIRECTION('center_axis',(3.72749897454419E-17,0.707106781186545,-0.70710678118655));
#8645=DIRECTION('ref_axis',(-1.,0.,-5.27147960353217E-17));
#8646=DIRECTION('',(0.,-0.707106781186547,-0.707106781186548));
#8647=DIRECTION('center_axis',(3.72749897454419E-17,0.707106781186545,-0.70710678118655));
#8648=DIRECTION('ref_axis',(-1.,0.,-5.27147960353217E-17));
#8649=DIRECTION('',(0.,-0.707106781186547,-0.707106781186548));
#8650=DIRECTION('center_axis',(0.,1.,0.));
#8651=DIRECTION('ref_axis',(-0.707106781186547,0.,0.707106781186547));
#8652=DIRECTION('',(0.,-1.,0.));
#8653=DIRECTION('center_axis',(0.,-1.,0.));
#8654=DIRECTION('ref_axis',(-0.707106781186547,0.,0.707106781186547));
#8655=DIRECTION('center_axis',(0.,1.,0.));
#8656=DIRECTION('ref_axis',(0.707106781186547,0.,0.707106781186547));
#8657=DIRECTION('',(0.,-1.,0.));
#8658=DIRECTION('center_axis',(0.,-1.,0.));
#8659=DIRECTION('ref_axis',(0.707106781186547,0.,0.707106781186547));
#8660=DIRECTION('',(0.,1.,0.));
#8661=DIRECTION('center_axis',(0.,0.,1.));
#8662=DIRECTION('ref_axis',(1.,0.,0.));
#8663=DIRECTION('',(1.,0.,0.));
#8664=DIRECTION('center_axis',(0.,-1.,0.));
#8665=DIRECTION('ref_axis',(0.707106781186547,0.,-0.707106781186547));
#8666=DIRECTION('',(0.,-1.,0.));
#8667=DIRECTION('center_axis',(0.,1.,0.));
#8668=DIRECTION('ref_axis',(0.707106781186547,0.,-0.707106781186547));
#8669=DIRECTION('',(0.,1.,0.));
#8670=DIRECTION('center_axis',(1.,0.,0.));
#8671=DIRECTION('ref_axis',(0.,-1.,0.));
#8672=DIRECTION('',(0.,1.,0.));
#8673=DIRECTION('',(0.,-1.,0.));
#8674=DIRECTION('',(0.,0.,-1.));
#8675=DIRECTION('',(0.,0.,-1.));
#8676=DIRECTION('',(0.,1.,0.));
#8677=DIRECTION('center_axis',(0.,1.,0.));
#8678=DIRECTION('ref_axis',(-0.707106781186547,0.,-0.707106781186547));
#8679=DIRECTION('center_axis',(0.,1.,0.));
#8680=DIRECTION('ref_axis',(-0.707106781186547,0.,-0.707106781186547));
#8681=DIRECTION('',(0.,1.,0.));
#8682=DIRECTION('center_axis',(0.,-1.,0.));
#8683=DIRECTION('ref_axis',(-1.,0.,0.));
#8684=DIRECTION('',(-1.,0.,0.));
#8685=DIRECTION('',(1.,0.,0.));
#8686=DIRECTION('center_axis',(0.,0.,-1.));
#8687=DIRECTION('ref_axis',(-0.867627672321336,0.497214463005915,0.));
#8688=DIRECTION('',(0.,0.,-1.));
#8689=DIRECTION('center_axis',(1.,0.,0.));
#8690=DIRECTION('ref_axis',(0.,-1.,0.));
#8691=DIRECTION('',(0.,0.,-1.));
#8692=DIRECTION('center_axis',(0.,0.,1.));
#8693=DIRECTION('ref_axis',(1.,0.,0.));
#8694=DIRECTION('',(0.,0.,1.));
#8695=DIRECTION('',(0.,0.,-1.));
#8696=DIRECTION('center_axis',(1.,0.,0.));
#8697=DIRECTION('ref_axis',(0.,-1.,0.));
#8698=DIRECTION('',(0.,0.,-1.));
#8699=DIRECTION('',(0.,-1.,0.));
#8700=DIRECTION('',(0.,0.,-1.));
#8701=DIRECTION('center_axis',(0.,0.,-1.));
#8702=DIRECTION('ref_axis',(1.,1.11022302462528E-14,0.));
#8703=DIRECTION('center_axis',(0.,0.,-1.));
#8704=DIRECTION('ref_axis',(1.,1.11022302462528E-14,0.));
#8705=DIRECTION('',(0.,0.,-1.));
#8706=DIRECTION('center_axis',(0.,0.,-1.));
#8707=DIRECTION('ref_axis',(1.,1.11022302462528E-14,0.));
#8708=DIRECTION('',(0.,0.,1.));
#8709=DIRECTION('center_axis',(0.,0.,-1.));
#8710=DIRECTION('ref_axis',(1.,-3.55271367880037E-14,0.));
#8711=DIRECTION('center_axis',(0.,0.,-1.));
#8712=DIRECTION('ref_axis',(1.,-3.55271367880037E-14,0.));
#8713=DIRECTION('',(0.,0.,-1.));
#8714=DIRECTION('center_axis',(0.,0.,-1.));
#8715=DIRECTION('ref_axis',(1.,-3.55271367880037E-14,0.));
#8716=DIRECTION('center_axis',(0.,0.,-1.));
#8717=DIRECTION('ref_axis',(1.,0.,0.));
#8718=DIRECTION('center_axis',(0.,0.,-1.));
#8719=DIRECTION('ref_axis',(0.,1.,0.));
#8720=DIRECTION('',(1.79286747587824E-15,-1.,0.));
#8721=DIRECTION('',(1.43566645899517E-14,-1.,0.));
#8722=DIRECTION('center_axis',(0.,0.,1.));
#8723=DIRECTION('ref_axis',(8.120488408686E-13,-1.,0.));
#8724=DIRECTION('center_axis',(0.,0.,-1.));
#8725=DIRECTION('ref_axis',(1.,0.,0.));
#8726=DIRECTION('center_axis',(0.,0.,-1.));
#8727=DIRECTION('ref_axis',(1.,0.,0.));
#8728=DIRECTION('',(-1.43166519313422E-15,1.,0.));
#8729=DIRECTION('center_axis',(0.,0.,1.));
#8730=DIRECTION('ref_axis',(0.,1.,0.));
#8731=DIRECTION('',(-1.,0.,0.));
#8732=DIRECTION('center_axis',(0.,0.,-1.));
#8733=DIRECTION('ref_axis',(1.,-2.0185873175003E-15,0.));
#8734=DIRECTION('',(0.,0.,-1.));
#8735=DIRECTION('',(0.,0.,1.));
#8736=DIRECTION('center_axis',(0.,0.,1.));
#8737=DIRECTION('ref_axis',(1.,0.,0.));
#8738=DIRECTION('',(0.,0.,1.));
#8739=DIRECTION('',(0.,0.,-1.));
#8740=DIRECTION('center_axis',(0.,0.,-1.));
#8741=DIRECTION('ref_axis',(-6.84226338138528E-14,1.,0.));
#8742=DIRECTION('',(0.,0.,-1.));
#8743=DIRECTION('center_axis',(0.,0.,1.));
#8744=DIRECTION('ref_axis',(1.,0.,0.));
#8745=DIRECTION('',(0.,0.,-1.));
#8746=DIRECTION('center_axis',(-0.707106781186548,-6.51490646756749E-17,
-0.707106781186548));
#8747=DIRECTION('ref_axis',(-0.707106781186548,0.,0.707106781186548));
#8748=DIRECTION('',(0.707106781186545,0.,-0.70710678118655));
#8749=DIRECTION('',(9.21346908402614E-17,-1.,0.));
#8750=DIRECTION('center_axis',(0.,0.,1.));
#8751=DIRECTION('ref_axis',(-5.15460690004532E-15,1.,0.));
#8752=DIRECTION('center_axis',(0.,0.,1.));
#8753=DIRECTION('ref_axis',(-5.15460690004532E-15,1.,0.));
#8754=DIRECTION('center_axis',(0.,0.,1.));
#8755=DIRECTION('ref_axis',(1.,-1.90323947078602E-14,0.));
#8756=DIRECTION('',(-0.707106781186547,1.00485917355762E-14,-0.707106781186548));
#8757=DIRECTION('center_axis',(0.,0.,1.));
#8758=DIRECTION('ref_axis',(1.,-1.90323947078602E-14,0.));
#8759=DIRECTION('center_axis',(0.707106781186548,1.01234016645395E-15,-0.707106781186547));
#8760=DIRECTION('ref_axis',(-0.707106781186547,0.,-0.707106781186548));
#8761=DIRECTION('',(-1.43166519313422E-15,1.,0.));
#8762=DIRECTION('center_axis',(0.,0.,-1.));
#8763=DIRECTION('ref_axis',(1.,-1.90323947078602E-14,0.));
#8764=DIRECTION('',(0.,0.,-1.));
#8765=DIRECTION('center_axis',(-1.,-1.43166519313422E-15,0.));
#8766=DIRECTION('ref_axis',(-1.43166519313422E-15,1.,0.));
#8767=DIRECTION('center_axis',(1.,9.21346908402614E-17,0.));
#8768=DIRECTION('ref_axis',(9.21346908402614E-17,-1.,0.));
#8769=DIRECTION('',(0.,0.,-1.));
#8770=DIRECTION('center_axis',(0.,0.,-1.));
#8771=DIRECTION('ref_axis',(-5.15460690004532E-15,1.,0.));
#8772=DIRECTION('center_axis',(0.,-1.,0.));
#8773=DIRECTION('ref_axis',(1.,0.,0.));
#8774=DIRECTION('',(0.,0.,1.));
#8775=DIRECTION('',(0.,0.,1.));
#8776=DIRECTION('center_axis',(0.,0.,-1.));
#8777=DIRECTION('ref_axis',(-1.,0.,0.));
#8778=DIRECTION('center_axis',(0.,0.,-1.));
#8779=DIRECTION('ref_axis',(1.,0.,0.));
#8780=DIRECTION('',(0.,0.,-1.));
#8781=DIRECTION('center_axis',(0.,0.,-1.));
#8782=DIRECTION('ref_axis',(1.,0.,0.));
#8783=DIRECTION('center_axis',(0.,0.,-1.));
#8784=DIRECTION('ref_axis',(1.,0.,0.));
#8785=DIRECTION('center_axis',(0.,0.,-1.));
#8786=DIRECTION('ref_axis',(1.,0.,0.));
#8787=DIRECTION('',(0.,0.,-1.));
#8788=DIRECTION('center_axis',(0.,0.,-1.));
#8789=DIRECTION('ref_axis',(1.,0.,0.));
#8790=DIRECTION('center_axis',(0.,0.,-1.));
#8791=DIRECTION('ref_axis',(1.,0.,0.));
#8792=DIRECTION('center_axis',(0.,0.,-1.));
#8793=DIRECTION('ref_axis',(1.,0.,0.));
#8794=DIRECTION('',(0.,0.,-1.));
#8795=DIRECTION('center_axis',(0.,0.,-1.));
#8796=DIRECTION('ref_axis',(1.,0.,0.));
#8797=DIRECTION('center_axis',(0.,0.,-1.));
#8798=DIRECTION('ref_axis',(1.,0.,0.));
#8799=DIRECTION('center_axis',(0.,0.,-1.));
#8800=DIRECTION('ref_axis',(1.,0.,0.));
#8801=DIRECTION('',(0.,0.,-1.));
#8802=DIRECTION('center_axis',(0.,0.,-1.));
#8803=DIRECTION('ref_axis',(1.,0.,0.));
#8804=DIRECTION('center_axis',(0.,0.,-1.));
#8805=DIRECTION('ref_axis',(1.,0.,0.));
#8806=DIRECTION('center_axis',(0.,0.,-1.));
#8807=DIRECTION('ref_axis',(1.,0.,0.));
#8808=DIRECTION('',(0.,0.,-1.));
#8809=DIRECTION('center_axis',(0.,0.,-1.));
#8810=DIRECTION('ref_axis',(1.,0.,0.));
#8811=DIRECTION('center_axis',(0.,0.,-1.));
#8812=DIRECTION('ref_axis',(1.,0.,0.));
#8813=DIRECTION('center_axis',(0.,0.,-1.));
#8814=DIRECTION('ref_axis',(1.,0.,0.));
#8815=DIRECTION('',(0.,0.,-1.));
#8816=DIRECTION('center_axis',(0.,0.,-1.));
#8817=DIRECTION('ref_axis',(1.,0.,0.));
#8818=DIRECTION('center_axis',(0.,0.,-1.));
#8819=DIRECTION('ref_axis',(1.,0.,0.));
#8820=DIRECTION('center_axis',(0.,0.,-1.));
#8821=DIRECTION('ref_axis',(1.,0.,0.));
#8822=DIRECTION('',(0.,0.,-1.));
#8823=DIRECTION('center_axis',(0.,0.,-1.));
#8824=DIRECTION('ref_axis',(1.,0.,0.));
#8825=DIRECTION('center_axis',(0.,0.,-1.));
#8826=DIRECTION('ref_axis',(1.,0.,0.));
#8827=DIRECTION('center_axis',(0.,0.,-1.));
#8828=DIRECTION('ref_axis',(1.,0.,0.));
#8829=DIRECTION('',(0.,0.,-1.));
#8830=DIRECTION('center_axis',(0.,0.,-1.));
#8831=DIRECTION('ref_axis',(1.,0.,0.));
#8832=DIRECTION('center_axis',(0.,0.,-1.));
#8833=DIRECTION('ref_axis',(1.,0.,0.));
#8834=DIRECTION('center_axis',(0.,0.,-1.));
#8835=DIRECTION('ref_axis',(1.,-4.6339743636528E-14,0.));
#8836=DIRECTION('center_axis',(0.,0.,-1.));
#8837=DIRECTION('ref_axis',(1.,-4.6339743636528E-14,0.));
#8838=DIRECTION('',(0.,0.,-1.));
#8839=DIRECTION('center_axis',(7.36879349549562E-16,-1.,0.));
#8840=DIRECTION('ref_axis',(-1.,-7.36879349549562E-16,0.));
#8841=DIRECTION('',(-1.,-7.36879349549562E-16,0.));
#8842=DIRECTION('',(0.,0.,-1.));
#8843=DIRECTION('center_axis',(0.,0.,-1.));
#8844=DIRECTION('ref_axis',(-9.43957740744061E-14,-1.,0.));
#8845=DIRECTION('center_axis',(0.,0.,-1.));
#8846=DIRECTION('ref_axis',(-9.43957740744061E-14,-1.,0.));
#8847=DIRECTION('',(0.,0.,-1.));
#8848=DIRECTION('center_axis',(-1.,2.03448170582703E-16,0.));
#8849=DIRECTION('ref_axis',(2.03448170582703E-16,1.,0.));
#8850=DIRECTION('',(2.03448170582703E-16,1.,0.));
#8851=DIRECTION('',(0.,0.,-1.));
#8852=DIRECTION('center_axis',(0.,0.,-1.));
#8853=DIRECTION('ref_axis',(-1.,9.15352960721522E-14,0.));
#8854=DIRECTION('center_axis',(0.,0.,-1.));
#8855=DIRECTION('ref_axis',(-1.,9.15352960721522E-14,0.));
#8856=DIRECTION('',(0.,0.,-1.));
#8857=DIRECTION('center_axis',(1.1794583346089E-16,1.,0.));
#8858=DIRECTION('ref_axis',(1.,-1.1794583346089E-16,0.));
#8859=DIRECTION('',(1.,-1.1794583346089E-16,0.));
#8860=DIRECTION('center_axis',(0.,0.,-1.));
#8861=DIRECTION('ref_axis',(-1.,-1.87177257784987E-10,0.));
#8862=DIRECTION('center_axis',(0.,0.,1.));
#8863=DIRECTION('ref_axis',(-1.,-1.87177257784987E-10,0.));
#8864=DIRECTION('center_axis',(0.,0.,-1.));
#8865=DIRECTION('ref_axis',(8.120488408686E-13,-1.,0.));
#8866=DIRECTION('',(0.,0.,-1.));
#8867=DIRECTION('center_axis',(0.,0.,1.));
#8868=DIRECTION('ref_axis',(8.120488408686E-13,-1.,0.));
#8869=DIRECTION('center_axis',(1.,1.43566645899517E-14,0.));
#8870=DIRECTION('ref_axis',(1.43566645899517E-14,-1.,0.));
#8871=DIRECTION('',(1.43566645899517E-14,-1.,0.));
#8872=DIRECTION('',(0.,0.,-1.));
#8873=DIRECTION('',(1.43566645899517E-14,-1.,0.));
#8874=DIRECTION('center_axis',(0.,0.,-1.));
#8875=DIRECTION('ref_axis',(1.83070592144296E-13,1.,0.));
#8876=DIRECTION('center_axis',(0.,0.,1.));
#8877=DIRECTION('ref_axis',(1.83070592144296E-13,1.,0.));
#8878=DIRECTION('center_axis',(0.,0.,-1.));
#8879=DIRECTION('ref_axis',(1.83070592144296E-13,1.,0.));
#8880=DIRECTION('center_axis',(0.,0.,-1.));
#8881=DIRECTION('ref_axis',(1.,0.,0.));
#8882=DIRECTION('center_axis',(0.,1.,0.));
#8883=DIRECTION('ref_axis',(1.,0.,0.));
#8884=DIRECTION('',(0.,0.,-1.));
#8885=DIRECTION('center_axis',(0.,0.,-1.));
#8886=DIRECTION('ref_axis',(2.13162820728057E-13,-1.,0.));
#8887=DIRECTION('',(0.,0.,-1.));
#8888=DIRECTION('center_axis',(0.,0.,-1.));
#8889=DIRECTION('ref_axis',(-0.916515138991163,0.400000000000011,0.));
#8890=DIRECTION('',(0.,0.,-1.));
#8891=DIRECTION('center_axis',(0.,0.,-1.));
#8892=DIRECTION('ref_axis',(0.916515138991195,-0.399999999999939,0.));
#8893=DIRECTION('',(0.,0.,-1.));
#8894=DIRECTION('center_axis',(-1.36102555115684E-15,1.,0.));
#8895=DIRECTION('ref_axis',(1.,1.36102555115684E-15,0.));
#8896=DIRECTION('',(0.,0.,-1.));
#8897=DIRECTION('center_axis',(0.,0.,-1.));
#8898=DIRECTION('ref_axis',(-0.7071067811865,0.707106781186595,0.));
#8899=DIRECTION('',(0.,0.,-1.));
#8900=DIRECTION('center_axis',(-0.707106781186543,0.707106781186552,0.));
#8901=DIRECTION('ref_axis',(0.707106781186552,0.707106781186543,0.));
#8902=DIRECTION('',(0.,0.,-1.));
#8903=DIRECTION('center_axis',(0.,0.,-1.));
#8904=DIRECTION('ref_axis',(0.70710678118637,-0.707106781186725,0.));
#8905=DIRECTION('',(0.,0.,-1.));
#8906=DIRECTION('center_axis',(-1.67410478934933E-15,1.,0.));
#8907=DIRECTION('ref_axis',(1.,1.67410478934933E-15,0.));
#8908=DIRECTION('',(0.,0.,-1.));
#8909=DIRECTION('center_axis',(0.,0.,-1.));
#8910=DIRECTION('ref_axis',(-2.13162820727898E-13,-1.,0.));
#8911=DIRECTION('',(0.,0.,-1.));
#8912=DIRECTION('center_axis',(0.707106781186556,0.707106781186539,0.));
#8913=DIRECTION('ref_axis',(0.707106781186539,-0.707106781186556,0.));
#8914=DIRECTION('',(0.,0.,-1.));
#8915=DIRECTION('center_axis',(0.,0.,-1.));
#8916=DIRECTION('ref_axis',(-9.4739031434682E-14,1.,0.));
#8917=DIRECTION('',(0.,0.,-1.));
#8918=DIRECTION('center_axis',(0.,1.,0.));
#8919=DIRECTION('ref_axis',(1.,0.,0.));
#8920=DIRECTION('',(0.,0.,-1.));
#8921=DIRECTION('center_axis',(0.,0.,-1.));
#8922=DIRECTION('ref_axis',(7.10542735760174E-14,-1.,0.));
#8923=DIRECTION('',(0.,0.,-1.));
#8924=DIRECTION('center_axis',(0.,0.,-1.));
#8925=DIRECTION('ref_axis',(-0.916515138991162,0.400000000000013,0.));
#8926=DIRECTION('',(0.,0.,-1.));
#8927=DIRECTION('center_axis',(0.,0.,-1.));
#8928=DIRECTION('ref_axis',(0.916515138991149,-0.400000000000042,0.));
#8929=DIRECTION('',(0.,0.,-1.));
#8930=DIRECTION('center_axis',(0.,1.,0.));
#8931=DIRECTION('ref_axis',(1.,0.,0.));
#8932=DIRECTION('',(0.,0.,-1.));
#8933=DIRECTION('center_axis',(0.,0.,-1.));
#8934=DIRECTION('ref_axis',(-0.707106781186518,0.707106781186577,0.));
#8935=DIRECTION('',(0.,0.,-1.));
#8936=DIRECTION('center_axis',(-0.707106781186543,0.707106781186552,0.));
#8937=DIRECTION('ref_axis',(0.707106781186552,0.707106781186543,0.));
#8938=DIRECTION('',(0.,0.,-1.));
#8939=DIRECTION('center_axis',(0.,0.,-1.));
#8940=DIRECTION('ref_axis',(0.707106781186601,-0.707106781186494,0.));
#8941=DIRECTION('',(0.,0.,-1.));
#8942=DIRECTION('center_axis',(0.,1.,0.));
#8943=DIRECTION('ref_axis',(1.,0.,0.));
#8944=DIRECTION('',(0.,0.,-1.));
#8945=DIRECTION('center_axis',(0.,0.,-1.));
#8946=DIRECTION('ref_axis',(-2.48689957516014E-13,-1.,0.));
#8947=DIRECTION('',(0.,0.,-1.));
#8948=DIRECTION('center_axis',(0.70710678118657,0.707106781186525,0.));
#8949=DIRECTION('ref_axis',(0.707106781186525,-0.70710678118657,0.));
#8950=DIRECTION('',(0.,0.,-1.));
#8951=DIRECTION('center_axis',(0.,0.,-1.));
#8952=DIRECTION('ref_axis',(-9.4739031434682E-14,1.,0.));
#8953=DIRECTION('',(0.,0.,-1.));
#8954=DIRECTION('center_axis',(-1.76943738878553E-15,1.,0.));
#8955=DIRECTION('ref_axis',(1.,1.76943738878553E-15,0.));
#8956=DIRECTION('',(0.,0.,-1.));
#8957=DIRECTION('center_axis',(0.,0.,-1.));
#8958=DIRECTION('ref_axis',(1.18423789293346E-14,-1.,0.));
#8959=DIRECTION('',(0.,0.,-1.));
#8960=DIRECTION('center_axis',(0.,0.,-1.));
#8961=DIRECTION('ref_axis',(-0.916515138991165,0.400000000000006,0.));
#8962=DIRECTION('',(0.,0.,-1.));
#8963=DIRECTION('center_axis',(0.,0.,-1.));
#8964=DIRECTION('ref_axis',(0.916515138991182,-0.399999999999968,0.));
#8965=DIRECTION('',(0.,0.,-1.));
#8966=DIRECTION('center_axis',(-8.84718694393399E-16,1.,0.));
#8967=DIRECTION('ref_axis',(1.,8.84718694393399E-16,0.));
#8968=DIRECTION('',(0.,0.,-1.));
#8969=DIRECTION('center_axis',(0.,0.,-1.));
#8970=DIRECTION('ref_axis',(-0.707106781186613,0.707106781186482,0.));
#8971=DIRECTION('',(0.,0.,-1.));
#8972=DIRECTION('center_axis',(-0.707106781186539,0.707106781186556,0.));
#8973=DIRECTION('ref_axis',(0.707106781186556,0.707106781186539,0.));
#8974=DIRECTION('',(0.,0.,-1.));
#8975=DIRECTION('center_axis',(0.,0.,-1.));
#8976=DIRECTION('ref_axis',(0.70710678118653,-0.707106781186565,0.));
#8977=DIRECTION('',(0.,0.,-1.));
#8978=DIRECTION('center_axis',(0.,1.,0.));
#8979=DIRECTION('ref_axis',(1.,0.,0.));
#8980=DIRECTION('',(0.,0.,-1.));
#8981=DIRECTION('center_axis',(0.,0.,-1.));
#8982=DIRECTION('ref_axis',(-2.48689957515952E-13,-1.,0.));
#8983=DIRECTION('',(0.,0.,-1.));
#8984=DIRECTION('center_axis',(0.707106781186543,0.707106781186552,0.));
#8985=DIRECTION('ref_axis',(0.707106781186552,-0.707106781186543,0.));
#8986=DIRECTION('',(0.,0.,-1.));
#8987=DIRECTION('center_axis',(0.,0.,-1.));
#8988=DIRECTION('ref_axis',(3.55271367879999E-14,1.,0.));
#8989=DIRECTION('',(0.,0.,-1.));
#8990=DIRECTION('center_axis',(0.,1.,0.));
#8991=DIRECTION('ref_axis',(1.,0.,0.));
#8992=DIRECTION('',(0.,0.,-1.));
#8993=DIRECTION('center_axis',(0.,0.,-1.));
#8994=DIRECTION('ref_axis',(1.77635683940029E-14,-1.,0.));
#8995=DIRECTION('',(0.,0.,-1.));
#8996=DIRECTION('center_axis',(0.,0.,-1.));
#8997=DIRECTION('ref_axis',(-0.968245836551854,-0.250000000000001,0.));
#8998=DIRECTION('',(0.,0.,-1.));
#8999=DIRECTION('center_axis',(0.,0.,-1.));
#9000=DIRECTION('ref_axis',(0.968245836551845,0.250000000000035,0.));
#9001=DIRECTION('',(0.,0.,-1.));
#9002=DIRECTION('center_axis',(0.,1.,0.));
#9003=DIRECTION('ref_axis',(1.,0.,0.));
#9004=DIRECTION('',(0.,0.,-1.));
#9005=DIRECTION('center_axis',(0.,0.,-1.));
#9006=DIRECTION('ref_axis',(-1.,0.,0.));
#9007=DIRECTION('',(0.,0.,-1.));
#9008=DIRECTION('center_axis',(-1.,2.82859369331259E-16,0.));
#9009=DIRECTION('ref_axis',(2.82859369331259E-16,1.,0.));
#9010=DIRECTION('',(0.,0.,-1.));
#9011=DIRECTION('center_axis',(0.,0.,-1.));
#9012=DIRECTION('ref_axis',(8.88178419700126E-16,-1.,0.));
#9013=DIRECTION('',(0.,0.,-1.));
#9014=DIRECTION('center_axis',(-8.8062386130506E-16,-1.,0.));
#9015=DIRECTION('ref_axis',(-1.,8.8062386130506E-16,0.));
#9016=DIRECTION('',(0.,0.,-1.));
#9017=DIRECTION('center_axis',(0.,0.,-1.));
#9018=DIRECTION('ref_axis',(1.77635683940026E-14,1.,0.));
#9019=DIRECTION('',(0.,0.,-1.));
#9020=DIRECTION('center_axis',(-0.707106781186548,-0.707106781186547,0.));
#9021=DIRECTION('ref_axis',(-0.707106781186547,0.707106781186548,0.));
#9022=DIRECTION('',(0.,0.,-1.));
#9023=DIRECTION('center_axis',(0.,0.,-1.));
#9024=DIRECTION('ref_axis',(-2.96059473233373E-15,-1.,0.));
#9025=DIRECTION('',(0.,0.,-1.));
#9026=DIRECTION('center_axis',(3.15607179188563E-16,-1.,0.));
#9027=DIRECTION('ref_axis',(-1.,-3.15607179188563E-16,0.));
#9028=DIRECTION('',(0.,0.,-1.));
#9029=DIRECTION('center_axis',(0.,0.,-1.));
#9030=DIRECTION('ref_axis',(-8.88178419700134E-15,1.,0.));
#9031=DIRECTION('',(0.,0.,-1.));
#9032=DIRECTION('center_axis',(0.,0.,-1.));
#9033=DIRECTION('ref_axis',(0.916515138991167,-0.400000000000002,0.));
#9034=DIRECTION('',(0.,0.,-1.));
#9035=DIRECTION('center_axis',(0.,0.,-1.));
#9036=DIRECTION('ref_axis',(-0.91651513899117,0.399999999999996,0.));
#9037=DIRECTION('',(0.,0.,-1.));
#9038=DIRECTION('center_axis',(-1.05202393062818E-15,-1.,0.));
#9039=DIRECTION('ref_axis',(-1.,1.05202393062818E-15,0.));
#9040=DIRECTION('',(0.,0.,-1.));
#9041=DIRECTION('center_axis',(0.,0.,-1.));
#9042=DIRECTION('ref_axis',(0.707106781186527,-0.707106781186568,0.));
#9043=DIRECTION('',(0.,0.,-1.));
#9044=DIRECTION('center_axis',(0.707106781186549,-0.707106781186546,0.));
#9045=DIRECTION('ref_axis',(-0.707106781186546,-0.707106781186549,0.));
#9046=DIRECTION('',(0.,0.,-1.));
#9047=DIRECTION('center_axis',(0.,0.,-1.));
#9048=DIRECTION('ref_axis',(-0.707106781186589,0.707106781186506,0.));
#9049=DIRECTION('',(0.,0.,-1.));
#9050=DIRECTION('center_axis',(-8.30907757667759E-17,-1.,0.));
#9051=DIRECTION('ref_axis',(-1.,8.30907757667759E-17,0.));
#9052=DIRECTION('',(0.,0.,-1.));
#9053=DIRECTION('center_axis',(0.,0.,-1.));
#9054=DIRECTION('ref_axis',(3.55271367880047E-14,1.,0.));
#9055=DIRECTION('',(0.,0.,-1.));
#9056=DIRECTION('center_axis',(-0.707106781186547,-0.707106781186548,0.));
#9057=DIRECTION('ref_axis',(-0.707106781186548,0.707106781186547,0.));
#9058=DIRECTION('',(0.,0.,-1.));
#9059=DIRECTION('center_axis',(0.,0.,-1.));
#9060=DIRECTION('ref_axis',(0.,-1.,0.));
#9061=DIRECTION('',(0.,0.,-1.));
#9062=DIRECTION('center_axis',(5.11050785440328E-16,-1.,0.));
#9063=DIRECTION('ref_axis',(-1.,-5.11050785440328E-16,0.));
#9064=DIRECTION('',(0.,0.,-1.));
#9065=DIRECTION('center_axis',(0.,0.,-1.));
#9066=DIRECTION('ref_axis',(0.,1.,0.));
#9067=DIRECTION('',(0.,0.,-1.));
#9068=DIRECTION('center_axis',(0.,0.,-1.));
#9069=DIRECTION('ref_axis',(0.916515138991168,-0.399999999999999,0.));
#9070=DIRECTION('',(0.,0.,-1.));
#9071=DIRECTION('center_axis',(0.,0.,-1.));
#9072=DIRECTION('ref_axis',(-0.91651513899116,0.400000000000018,0.));
#9073=DIRECTION('',(0.,0.,-1.));
#9074=DIRECTION('center_axis',(-9.17147978801795E-17,-1.,0.));
#9075=DIRECTION('ref_axis',(-1.,9.17147978801795E-17,0.));
#9076=DIRECTION('',(0.,0.,-1.));
#9077=DIRECTION('center_axis',(0.,0.,-1.));
#9078=DIRECTION('ref_axis',(0.707106781186602,-0.707106781186493,0.));
#9079=DIRECTION('',(0.,0.,-1.));
#9080=DIRECTION('center_axis',(0.707106781186534,-0.707106781186561,0.));
#9081=DIRECTION('ref_axis',(-0.707106781186561,-0.707106781186534,0.));
#9082=DIRECTION('',(0.,0.,-1.));
#9083=DIRECTION('center_axis',(0.,0.,-1.));
#9084=DIRECTION('ref_axis',(-0.707106781186526,0.707106781186569,0.));
#9085=DIRECTION('',(0.,0.,-1.));
#9086=DIRECTION('center_axis',(-1.31007335033404E-16,-1.,0.));
#9087=DIRECTION('ref_axis',(-1.,1.31007335033404E-16,0.));
#9088=DIRECTION('',(0.,0.,-1.));
#9089=DIRECTION('center_axis',(0.,0.,-1.));
#9090=DIRECTION('ref_axis',(7.10542735760248E-14,1.,0.));
#9091=DIRECTION('',(0.,0.,-1.));
#9092=DIRECTION('center_axis',(-0.707106781186525,-0.70710678118657,0.));
#9093=DIRECTION('ref_axis',(-0.70710678118657,0.707106781186525,0.));
#9094=DIRECTION('',(0.,0.,-1.));
#9095=DIRECTION('center_axis',(0.,0.,-1.));
#9096=DIRECTION('ref_axis',(-7.10542735760041E-14,-1.,0.));
#9097=DIRECTION('',(0.,0.,-1.));
#9098=DIRECTION('center_axis',(-5.96146186221164E-16,-1.,0.));
#9099=DIRECTION('ref_axis',(-1.,5.96146186221164E-16,0.));
#9100=DIRECTION('',(0.,0.,-1.));
#9101=DIRECTION('center_axis',(0.,0.,-1.));
#9102=DIRECTION('ref_axis',(2.36847578586704E-14,1.,0.));
#9103=DIRECTION('',(0.,0.,-1.));
#9104=DIRECTION('center_axis',(0.,0.,-1.));
#9105=DIRECTION('ref_axis',(0.916515138991169,-0.399999999999998,0.));
#9106=DIRECTION('',(0.,0.,-1.));
#9107=DIRECTION('center_axis',(0.,0.,-1.));
#9108=DIRECTION('ref_axis',(-0.916515138991166,0.400000000000005,0.));
#9109=DIRECTION('',(0.,0.,-1.));
#9110=DIRECTION('center_axis',(8.76087060754844E-16,-1.,0.));
#9111=DIRECTION('ref_axis',(-1.,-8.76087060754844E-16,0.));
#9112=DIRECTION('',(0.,0.,-1.));
#9113=DIRECTION('center_axis',(0.,0.,-1.));
#9114=DIRECTION('ref_axis',(0.707106781186529,-0.707106781186566,0.));
#9115=DIRECTION('',(0.,0.,-1.));
#9116=DIRECTION('center_axis',(0.707106781186539,-0.707106781186556,0.));
#9117=DIRECTION('ref_axis',(-0.707106781186556,-0.707106781186539,0.));
#9118=DIRECTION('',(0.,0.,-1.));
#9119=DIRECTION('center_axis',(0.,0.,-1.));
#9120=DIRECTION('ref_axis',(-0.707106781186561,0.707106781186534,0.));
#9121=DIRECTION('',(0.,0.,-1.));
#9122=DIRECTION('center_axis',(1.21274522219569E-16,-1.,0.));
#9123=DIRECTION('ref_axis',(-1.,-1.21274522219569E-16,0.));
#9124=DIRECTION('',(0.,0.,-1.));
#9125=DIRECTION('center_axis',(0.,0.,-1.));
#9126=DIRECTION('ref_axis',(0.,1.,0.));
#9127=DIRECTION('',(0.,0.,-1.));
#9128=DIRECTION('center_axis',(-0.707106781186573,-0.707106781186522,0.));
#9129=DIRECTION('ref_axis',(-0.707106781186522,0.707106781186573,0.));
#9130=DIRECTION('',(0.,0.,-1.));
#9131=DIRECTION('center_axis',(0.,0.,-1.));
#9132=DIRECTION('ref_axis',(-2.36847578586712E-14,-1.,0.));
#9133=DIRECTION('',(0.,0.,-1.));
#9134=DIRECTION('center_axis',(4.20809572251264E-16,-1.,0.));
#9135=DIRECTION('ref_axis',(-1.,-4.20809572251264E-16,0.));
#9136=DIRECTION('',(0.,0.,-1.));
#9137=DIRECTION('center_axis',(0.,0.,-1.));
#9138=DIRECTION('ref_axis',(0.,1.,0.));
#9139=DIRECTION('',(0.,0.,-1.));
#9140=DIRECTION('center_axis',(0.,0.,-1.));
#9141=DIRECTION('ref_axis',(0.916515138991164,-0.400000000000008,0.));
#9142=DIRECTION('',(0.,0.,-1.));
#9143=DIRECTION('center_axis',(0.,0.,-1.));
#9144=DIRECTION('ref_axis',(-0.916515138991174,0.399999999999987,0.));
#9145=DIRECTION('',(0.,0.,-1.));
#9146=DIRECTION('center_axis',(-2.20925025431993E-15,-1.,0.));
#9147=DIRECTION('ref_axis',(-1.,2.20925025431993E-15,0.));
#9148=DIRECTION('',(0.,0.,-1.));
#9149=DIRECTION('center_axis',(0.,0.,-1.));
#9150=DIRECTION('ref_axis',(0.707106781186357,-0.707106781186738,0.));
#9151=DIRECTION('',(0.,0.,-1.));
#9152=DIRECTION('center_axis',(0.707106781186577,-0.707106781186518,0.));
#9153=DIRECTION('ref_axis',(-0.707106781186518,-0.707106781186577,0.));
#9154=DIRECTION('',(0.,0.,-1.));
#9155=DIRECTION('center_axis',(0.,0.,-1.));
#9156=DIRECTION('ref_axis',(-0.707106781186626,0.707106781186469,0.));
#9157=DIRECTION('',(0.,0.,-1.));
#9158=DIRECTION('center_axis',(2.20155965326262E-15,-1.,0.));
#9159=DIRECTION('ref_axis',(-1.,-2.20155965326262E-15,0.));
#9160=DIRECTION('',(0.,0.,-1.));
#9161=DIRECTION('center_axis',(0.,0.,-1.));
#9162=DIRECTION('ref_axis',(1.,6.12843109593121E-14,0.));
#9163=DIRECTION('',(0.,0.,-1.));
#9164=DIRECTION('center_axis',(1.,3.45231394633981E-15,0.));
#9165=DIRECTION('ref_axis',(3.45231394633981E-15,-1.,0.));
#9166=DIRECTION('',(0.,0.,-1.));
#9167=DIRECTION('center_axis',(0.,0.,-1.));
#9168=DIRECTION('ref_axis',(-0.0279411764704196,0.999609569110585,0.));
#9169=DIRECTION('center_axis',(1.,1.79286747587824E-15,0.));
#9170=DIRECTION('ref_axis',(1.79286747587824E-15,-1.,0.));
#9171=DIRECTION('',(0.,0.,-1.));
#9172=DIRECTION('',(1.79286747587824E-15,-1.,0.));
#9173=DIRECTION('center_axis',(0.,0.,-1.));
#9174=DIRECTION('ref_axis',(0.,1.,0.));
#9175=DIRECTION('center_axis',(0.,0.,-1.));
#9176=DIRECTION('ref_axis',(0.,1.,0.));
#9177=DIRECTION('center_axis',(0.,0.,-1.));
#9178=DIRECTION('ref_axis',(1.,0.,0.));
#9179=DIRECTION('center_axis',(-1.,-1.43166519313422E-15,0.));
#9180=DIRECTION('ref_axis',(1.43166519313422E-15,-1.,0.));
#9181=DIRECTION('',(0.,0.,1.));
#9182=DIRECTION('center_axis',(0.,0.,1.));
#9183=DIRECTION('ref_axis',(0.,1.,0.));
#9184=DIRECTION('center_axis',(0.,0.,1.));
#9185=DIRECTION('ref_axis',(-1.,0.,0.));
#9186=DIRECTION('',(0.,0.,1.));
#9187=DIRECTION('center_axis',(1.,0.,0.));
#9188=DIRECTION('ref_axis',(0.,1.,0.));
#9189=DIRECTION('',(0.,0.,1.));
#9190=DIRECTION('center_axis',(0.,0.,1.));
#9191=DIRECTION('ref_axis',(0.,-1.,0.));
#9192=DIRECTION('',(0.,0.,1.));
#9193=DIRECTION('center_axis',(7.1659175860516E-17,1.,0.));
#9194=DIRECTION('ref_axis',(-1.,7.1659175860516E-17,0.));
#9195=DIRECTION('',(0.,0.,1.));
#9196=DIRECTION('center_axis',(0.,0.,1.));
#9197=DIRECTION('ref_axis',(1.,1.03092138000907E-14,0.));
#9198=DIRECTION('',(0.,0.,1.));
#9199=DIRECTION('center_axis',(-1.,2.32351500194343E-15,0.));
#9200=DIRECTION('ref_axis',(-2.32351500194343E-15,-1.,0.));
#9201=DIRECTION('center_axis',(0.,0.,-1.));
#9202=DIRECTION('ref_axis',(0.,-1.,0.));
#9203=DIRECTION('',(0.,0.,-1.));
#9204=DIRECTION('center_axis',(-1.05429592070644E-16,-1.,0.));
#9205=DIRECTION('ref_axis',(-1.,1.05429592070644E-16,0.));
#9206=DIRECTION('',(0.,0.,-1.));
#9207=DIRECTION('center_axis',(0.,0.,-1.));
#9208=DIRECTION('ref_axis',(1.,4.8179489747884E-15,0.));
#9209=CARTESIAN_POINT('',(0.,0.,0.));
#9210=CARTESIAN_POINT('Origin',(336.389637569214,9.22894270590946,-8.58394909923541));
#9211=CARTESIAN_POINT('',(336.389637569214,9.22894270590946,-8.58394909923541));
#9212=CARTESIAN_POINT('',(336.389637569214,4.27171839904039,-7.93131813813515));
#9213=CARTESIAN_POINT('',(336.389637569214,33.8741306779438,-11.8285496492646));
#9214=CARTESIAN_POINT('',(336.389637569214,9.30725842124149,-7.98908218241113));
#9215=CARTESIAN_POINT('',(336.389637569214,9.22894270590946,-8.58394909923541));
#9216=CARTESIAN_POINT('',(336.389637569214,4.35003411437242,-7.33645122131087));
#9217=CARTESIAN_POINT('',(336.389637569214,9.3072584212415,-7.98908218241113));
#9218=CARTESIAN_POINT('',(336.389637569214,4.27171839904039,-7.93131813813515));
#9219=CARTESIAN_POINT('Origin',(338.039637569214,9.22894270590957,-8.58394909923543));
#9220=CARTESIAN_POINT('',(338.039637569214,10.8648267271763,-8.7993173163985));
#9221=CARTESIAN_POINT('Origin',(338.039637569214,9.22894270590957,-8.58394909923539));
#9222=CARTESIAN_POINT('',(338.039637569214,10.9431424425083,-8.20445039957422));
#9223=CARTESIAN_POINT('',(338.039637569214,10.8648267271763,-8.7993173163985));
#9224=CARTESIAN_POINT('Origin',(338.039637569214,9.3072584212416,-7.98908218241114));
#9225=CARTESIAN_POINT('Origin',(345.039637569214,10.8648267271762,-8.7993173163985));
#9226=CARTESIAN_POINT('',(345.039637569214,10.8648267271762,-8.7993173163985));
#9227=CARTESIAN_POINT('',(263.454834178622,10.8648267271762,-8.79931731639849));
#9228=CARTESIAN_POINT('',(345.039637569214,10.9431424425083,-8.20445039957421));
#9229=CARTESIAN_POINT('',(345.039637569214,10.8648267271762,-8.7993173163985));
#9230=CARTESIAN_POINT('',(345.039637569214,10.9431424425083,-8.20445039957421));
#9231=CARTESIAN_POINT('Origin',(345.039637569214,9.22894270590957,-8.58394909923543));
#9232=CARTESIAN_POINT('',(346.689637569214,9.22894270590943,-8.58394909923541));
#9233=CARTESIAN_POINT('Origin',(345.039637569214,9.22894270590957,-8.58394909923539));
#9234=CARTESIAN_POINT('',(346.689637569214,9.30725842124146,-7.98908218241112));
#9235=CARTESIAN_POINT('',(346.689637569214,9.22894270590943,-8.58394909923541));
#9236=CARTESIAN_POINT('Origin',(345.039637569214,9.3072584212416,-7.98908218241114));
#9237=CARTESIAN_POINT('Origin',(346.689637569214,4.27171839904039,-7.93131813813515));
#9238=CARTESIAN_POINT('',(346.689637569214,4.27171839904039,-7.93131813813515));
#9239=CARTESIAN_POINT('',(346.689637569214,31.3955185245093,-11.5022341687145));
#9240=CARTESIAN_POINT('',(346.689637569214,4.35003411437242,-7.33645122131087));
#9241=CARTESIAN_POINT('',(346.689637569214,4.27171839904039,-7.93131813813515));
#9242=CARTESIAN_POINT('',(346.689637569214,4.35003411437243,-7.33645122131087));
#9243=CARTESIAN_POINT('Origin',(345.039637569214,4.27171839904039,-7.93131813813515));
#9244=CARTESIAN_POINT('',(345.039637569214,2.63583437777354,-7.71594992097206));
#9245=CARTESIAN_POINT('Origin',(345.039637569214,4.2717183990404,-7.93131813813511));
#9246=CARTESIAN_POINT('',(345.039637569214,2.71415009310557,-7.12108300414777));
#9247=CARTESIAN_POINT('',(345.039637569214,2.63583437777354,-7.71594992097206));
#9248=CARTESIAN_POINT('Origin',(345.039637569214,4.35003411437243,-7.33645122131087));
#9249=CARTESIAN_POINT('Origin',(338.039637569214,2.63583437777358,-7.71594992097206));
#9250=CARTESIAN_POINT('',(338.039637569214,2.63583437777358,-7.71594992097206));
#9251=CARTESIAN_POINT('',(259.954834178622,2.63583437777358,-7.71594992097206));
#9252=CARTESIAN_POINT('',(338.039637569214,2.71415009310561,-7.12108300414778));
#9253=CARTESIAN_POINT('',(338.039637569214,2.63583437777358,-7.71594992097206));
#9254=CARTESIAN_POINT('',(338.039637569214,2.71415009310561,-7.12108300414778));
#9255=CARTESIAN_POINT('Origin',(338.039637569214,4.27171839904039,-7.93131813813515));
#9256=CARTESIAN_POINT('Origin',(338.039637569214,4.2717183990404,-7.93131813813511));
#9257=CARTESIAN_POINT('Origin',(338.039637569214,4.35003411437243,-7.33645122131087));
#9258=CARTESIAN_POINT('Origin',(341.539637569214,6.82864626780694,-7.662766701861));
#9259=CARTESIAN_POINT('',(339.844250367943,8.26624131679895,-7.85202968058007));
#9260=CARTESIAN_POINT('',(344.539637569214,8.26624131679895,-7.85202968058007));
#9261=CARTESIAN_POINT('',(343.039637569214,8.26624131679895,-7.85202968058007));
#9262=CARTESIAN_POINT('',(340.006729827078,5.39105121881489,-7.47350372314192));
#9263=CARTESIAN_POINT('Origin',(338.539637569214,6.75033055247494,-7.65245624233719));
#9264=CARTESIAN_POINT('',(344.539637569214,5.39105121881489,-7.47350372314192));
#9265=CARTESIAN_POINT('',(340.039637569214,5.39105121881489,-7.47350372314192));
#9266=CARTESIAN_POINT('Origin',(344.539637569214,6.828646267807,-7.662766701861));
#9267=CARTESIAN_POINT('Origin',(336.389637569214,112.828942705907,-22.2231478492893));
#9268=CARTESIAN_POINT('',(336.389637569214,112.828942705907,-22.2231478492893));
#9269=CARTESIAN_POINT('',(336.389637569214,107.871718399037,-21.570516888189));
#9270=CARTESIAN_POINT('',(336.389637569214,85.6741306779424,-18.6481490242915));
#9271=CARTESIAN_POINT('',(336.389637569214,112.907258421239,-21.628280932465));
#9272=CARTESIAN_POINT('',(336.389637569214,112.828942705907,-22.2231478492893));
#9273=CARTESIAN_POINT('',(336.389637569214,107.95003411437,-20.9756499713647));
#9274=CARTESIAN_POINT('',(336.389637569214,112.907258421239,-21.628280932465));
#9275=CARTESIAN_POINT('',(336.389637569214,107.871718399037,-21.570516888189));
#9276=CARTESIAN_POINT('Origin',(338.039637569214,112.828942705907,-22.2231478492893));
#9277=CARTESIAN_POINT('',(338.039637569214,114.464826727173,-22.4385160664524));
#9278=CARTESIAN_POINT('Origin',(338.039637569214,112.828942705907,-22.2231478492887));
#9279=CARTESIAN_POINT('',(338.039637569214,114.543142442505,-21.8436491496281));
#9280=CARTESIAN_POINT('',(338.039637569214,114.464826727173,-22.4385160664524));
#9281=CARTESIAN_POINT('Origin',(338.039637569214,112.907258421239,-21.628280932465));
#9282=CARTESIAN_POINT('Origin',(345.039637569214,114.464826727173,-22.4385160664524));
#9283=CARTESIAN_POINT('',(345.039637569214,114.464826727173,-22.4385160664524));
#9284=CARTESIAN_POINT('',(263.454834178622,114.464826727173,-22.4385160664523));
#9285=CARTESIAN_POINT('',(345.039637569214,114.543142442505,-21.8436491496281));
#9286=CARTESIAN_POINT('',(345.039637569214,114.464826727173,-22.4385160664524));
#9287=CARTESIAN_POINT('',(345.039637569214,114.543142442505,-21.8436491496281));
#9288=CARTESIAN_POINT('Origin',(345.039637569214,112.828942705907,-22.2231478492893));
#9289=CARTESIAN_POINT('',(346.689637569214,112.828942705907,-22.2231478492893));
#9290=CARTESIAN_POINT('Origin',(345.039637569214,112.828942705907,-22.2231478492887));
#9291=CARTESIAN_POINT('',(346.689637569214,112.907258421239,-21.628280932465));
#9292=CARTESIAN_POINT('',(346.689637569214,112.828942705907,-22.2231478492893));
#9293=CARTESIAN_POINT('Origin',(345.039637569214,112.907258421239,-21.628280932465));
#9294=CARTESIAN_POINT('Origin',(346.689637569214,107.871718399037,-21.570516888189));
#9295=CARTESIAN_POINT('',(346.689637569214,107.871718399037,-21.570516888189));
#9296=CARTESIAN_POINT('',(346.689637569214,83.1955185245078,-18.3218335437414));
#9297=CARTESIAN_POINT('',(346.689637569214,107.95003411437,-20.9756499713647));
#9298=CARTESIAN_POINT('',(346.689637569214,107.871718399037,-21.570516888189));
#9299=CARTESIAN_POINT('',(346.689637569214,107.950034114369,-20.9756499713647));
#9300=CARTESIAN_POINT('Origin',(345.039637569214,107.871718399037,-21.570516888189));
#9301=CARTESIAN_POINT('',(345.039637569214,106.235834377771,-21.3551486710259));
#9302=CARTESIAN_POINT('Origin',(345.039637569214,107.871718399038,-21.5705168881884));
#9303=CARTESIAN_POINT('',(345.039637569214,106.314150093103,-20.7602817542016));
#9304=CARTESIAN_POINT('',(345.039637569214,106.235834377771,-21.3551486710259));
#9305=CARTESIAN_POINT('Origin',(345.039637569214,107.950034114369,-20.9756499713647));
#9306=CARTESIAN_POINT('Origin',(338.039637569214,106.235834377771,-21.3551486710259));
#9307=CARTESIAN_POINT('',(338.039637569214,106.235834377771,-21.3551486710259));
#9308=CARTESIAN_POINT('',(259.954834178622,106.235834377771,-21.3551486710259));
#9309=CARTESIAN_POINT('',(338.039637569214,106.314150093103,-20.7602817542016));
#9310=CARTESIAN_POINT('',(338.039637569214,106.235834377771,-21.3551486710259));
#9311=CARTESIAN_POINT('',(338.039637569214,106.314150093103,-20.7602817542016));
#9312=CARTESIAN_POINT('Origin',(338.039637569214,107.871718399037,-21.570516888189));
#9313=CARTESIAN_POINT('Origin',(338.039637569214,107.871718399038,-21.5705168881884));
#9314=CARTESIAN_POINT('Origin',(338.039637569214,107.950034114369,-20.9756499713647));
#9315=CARTESIAN_POINT('Origin',(341.539637569214,110.428646267804,-21.3019654519148));
#9316=CARTESIAN_POINT('',(339.844250367943,111.866241316796,-21.4912284306339));
#9317=CARTESIAN_POINT('',(344.539637569214,111.866241316796,-21.4912284306339));
#9318=CARTESIAN_POINT('',(343.039637569214,111.866241316796,-21.4912284306339));
#9319=CARTESIAN_POINT('',(340.006729827078,108.991051218812,-21.1127024731958));
#9320=CARTESIAN_POINT('Origin',(338.539637569214,110.350330552472,-21.2916549923911));
#9321=CARTESIAN_POINT('',(344.539637569214,108.991051218812,-21.1127024731958));
#9322=CARTESIAN_POINT('',(340.039637569214,108.991051218812,-21.1127024731958));
#9323=CARTESIAN_POINT('Origin',(344.539637569214,110.428646267804,-21.3019654519149));
#9324=CARTESIAN_POINT('Origin',(180.920030788033,10.8648267271763,-8.79931731639851));
#9325=CARTESIAN_POINT('',(180.920030788033,10.8648267271763,-8.79931731639851));
#9326=CARTESIAN_POINT('',(173.920030788033,10.8648267271763,-8.79931731639851));
#9327=CARTESIAN_POINT('',(181.395030788031,10.8648267271763,-8.7993173163985));
#9328=CARTESIAN_POINT('',(180.920030788033,10.9431424425083,-8.20445039957422));
#9329=CARTESIAN_POINT('',(180.920030788033,10.8648267271763,-8.79931731639851));
#9330=CARTESIAN_POINT('',(173.920030788033,10.9431424425083,-8.20445039957422));
#9331=CARTESIAN_POINT('',(180.920030788033,10.9431424425083,-8.20445039957422));
#9332=CARTESIAN_POINT('',(173.920030788033,10.8648267271763,-8.79931731639851));
#9333=CARTESIAN_POINT('Origin',(180.920030788033,9.22894270590964,-8.58394909923544));
#9334=CARTESIAN_POINT('',(182.570030788033,9.2289427059095,-8.58394909923542));
#9335=CARTESIAN_POINT('Origin',(180.920030788033,9.22894270590964,-8.5839490992354));
#9336=CARTESIAN_POINT('',(182.570030788033,9.30725842124153,-7.98908218241113));
#9337=CARTESIAN_POINT('',(182.570030788033,9.2289427059095,-8.58394909923542));
#9338=CARTESIAN_POINT('Origin',(180.920030788033,9.30725842124167,-7.98908218241115));
#9339=CARTESIAN_POINT('Origin',(182.570030788033,4.27171839904046,-7.93131813813516));
#9340=CARTESIAN_POINT('',(182.570030788033,4.27171839904046,-7.93131813813516));
#9341=CARTESIAN_POINT('',(182.570030788033,31.3955185245093,-11.5022341687145));
#9342=CARTESIAN_POINT('',(182.570030788033,4.35003411437249,-7.33645122131087));
#9343=CARTESIAN_POINT('',(182.570030788033,4.27171839904046,-7.93131813813516));
#9344=CARTESIAN_POINT('',(182.570030788033,4.35003411437249,-7.33645122131087));
#9345=CARTESIAN_POINT('Origin',(180.920030788033,4.27171839904046,-7.93131813813516));
#9346=CARTESIAN_POINT('',(180.920030788033,2.63583437777365,-7.71594992097207));
#9347=CARTESIAN_POINT('Origin',(180.920030788033,4.27171839904047,-7.93131813813512));
#9348=CARTESIAN_POINT('',(180.920030788033,2.71415009310568,-7.12108300414778));
#9349=CARTESIAN_POINT('',(180.920030788033,2.63583437777365,-7.71594992097207));
#9350=CARTESIAN_POINT('Origin',(180.920030788033,4.35003411437249,-7.33645122131087));
#9351=CARTESIAN_POINT('Origin',(173.920030788033,2.63583437777365,-7.71594992097207));
#9352=CARTESIAN_POINT('',(173.920030788033,2.63583437777365,-7.71594992097207));
#9353=CARTESIAN_POINT('',(177.895030788031,2.63583437777364,-7.71594992097207));
#9354=CARTESIAN_POINT('',(173.920030788033,2.71415009310568,-7.12108300414778));
#9355=CARTESIAN_POINT('',(173.920030788033,2.63583437777365,-7.71594992097207));
#9356=CARTESIAN_POINT('',(173.920030788033,2.71415009310568,-7.12108300414779));
#9357=CARTESIAN_POINT('Origin',(173.920030788033,4.27171839904046,-7.93131813813516));
#9358=CARTESIAN_POINT('',(172.270030788033,4.27171839904046,-7.93131813813516));
#9359=CARTESIAN_POINT('Origin',(173.920030788033,4.27171839904047,-7.93131813813512));
#9360=CARTESIAN_POINT('',(172.270030788033,4.35003411437249,-7.33645122131087));
#9361=CARTESIAN_POINT('',(172.270030788033,4.27171839904046,-7.93131813813516));
#9362=CARTESIAN_POINT('Origin',(173.920030788033,4.35003411437249,-7.33645122131087));
#9363=CARTESIAN_POINT('Origin',(172.270030788033,9.22894270590953,-8.58394909923542));
#9364=CARTESIAN_POINT('',(172.270030788033,9.22894270590953,-8.58394909923542));
#9365=CARTESIAN_POINT('',(172.270030788033,33.8741306779439,-11.8285496492646));
#9366=CARTESIAN_POINT('',(172.270030788033,9.30725842124156,-7.98908218241114));
#9367=CARTESIAN_POINT('',(172.270030788033,9.22894270590953,-8.58394909923542));
#9368=CARTESIAN_POINT('',(172.270030788033,9.30725842124156,-7.98908218241114));
#9369=CARTESIAN_POINT('Origin',(173.920030788033,9.22894270590964,-8.58394909923544));
#9370=CARTESIAN_POINT('Origin',(173.920030788033,9.22894270590964,-8.5839490992354));
#9371=CARTESIAN_POINT('Origin',(173.920030788033,9.30725842124167,-7.98908218241115));
#9372=CARTESIAN_POINT('Origin',(177.420030788033,6.82864626780701,-7.662766701861));
#9373=CARTESIAN_POINT('',(175.952938530169,5.39105121881497,-7.47350372314193));
#9374=CARTESIAN_POINT('',(174.420030788033,5.39105121881497,-7.47350372314193));
#9375=CARTESIAN_POINT('',(175.920030788033,5.39105121881497,-7.47350372314193));
#9376=CARTESIAN_POINT('',(178.887123045897,5.39105121881497,-7.47350372314193));
#9377=CARTESIAN_POINT('Origin',(177.420030788033,6.75033055247497,-7.6524562423372));
#9378=CARTESIAN_POINT('',(180.420030788033,5.39105121881497,-7.47350372314193));
#9379=CARTESIAN_POINT('',(175.920030788033,5.39105121881497,-7.47350372314193));
#9380=CARTESIAN_POINT('',(180.420030788033,8.26624131679903,-7.85202968058008));
#9381=CARTESIAN_POINT('Origin',(180.420030788033,6.82864626780707,-7.66276670186101));
#9382=CARTESIAN_POINT('',(178.724643586761,8.26624131679902,-7.85202968058008));
#9383=CARTESIAN_POINT('',(178.920030788033,8.26624131679902,-7.85202968058008));
#9384=CARTESIAN_POINT('',(176.115417989304,8.26624131679902,-7.85202968058008));
#9385=CARTESIAN_POINT('Origin',(177.420030788033,6.75033055247497,-7.6524562423372));
#9386=CARTESIAN_POINT('',(174.420030788033,8.26624131679903,-7.85202968058008));
#9387=CARTESIAN_POINT('',(178.920030788033,8.26624131679902,-7.85202968058008));
#9388=CARTESIAN_POINT('Origin',(174.420030788033,6.82864626780707,-7.66276670186101));
#9389=CARTESIAN_POINT('Origin',(9.80042400684408,106.235834377771,-21.3551486710259));
#9390=CARTESIAN_POINT('',(9.80042400684408,106.235834377771,-21.3551486710259));
#9391=CARTESIAN_POINT('',(16.8004240068441,106.235834377771,-21.3551486710259));
#9392=CARTESIAN_POINT('',(95.835227397437,106.235834377771,-21.3551486710259));
#9393=CARTESIAN_POINT('',(9.80042400684408,106.314150093103,-20.7602817542016));
#9394=CARTESIAN_POINT('',(9.80042400684408,106.235834377771,-21.3551486710259));
#9395=CARTESIAN_POINT('',(16.8004240068441,106.314150093103,-20.7602817542016));
#9396=CARTESIAN_POINT('',(9.80042400684408,106.314150093103,-20.7602817542016));
#9397=CARTESIAN_POINT('',(16.8004240068441,106.235834377771,-21.3551486710259));
#9398=CARTESIAN_POINT('Origin',(9.80042400684411,107.871718399037,-21.570516888189));
#9399=CARTESIAN_POINT('',(8.15042400684408,107.871718399037,-21.570516888189));
#9400=CARTESIAN_POINT('Origin',(9.80042400684411,107.871718399038,-21.5705168881884));
#9401=CARTESIAN_POINT('',(8.15042400684408,107.95003411437,-20.9756499713647));
#9402=CARTESIAN_POINT('',(8.15042400684408,107.871718399037,-21.570516888189));
#9403=CARTESIAN_POINT('Origin',(9.80042400684411,107.95003411437,-20.9756499713647));
#9404=CARTESIAN_POINT('Origin',(8.15042400684412,112.828942705907,-22.2231478492893));
#9405=CARTESIAN_POINT('',(8.15042400684412,112.828942705907,-22.2231478492893));
#9406=CARTESIAN_POINT('',(8.15042400684392,85.674130677943,-18.6481490242916));
#9407=CARTESIAN_POINT('',(8.15042400684412,112.907258421239,-21.628280932465));
#9408=CARTESIAN_POINT('',(8.15042400684412,112.828942705907,-22.2231478492893));
#9409=CARTESIAN_POINT('',(8.15042400684412,112.907258421239,-21.628280932465));
#9410=CARTESIAN_POINT('Origin',(9.800424006844,112.828942705907,-22.2231478492893));
#9411=CARTESIAN_POINT('',(9.80042400684411,114.464826727173,-22.4385160664524));
#9412=CARTESIAN_POINT('Origin',(9.800424006844,112.828942705907,-22.2231478492887));
#9413=CARTESIAN_POINT('',(9.80042400684411,114.543142442505,-21.8436491496281));
#9414=CARTESIAN_POINT('',(9.80042400684411,114.464826727173,-22.4385160664524));
#9415=CARTESIAN_POINT('Origin',(9.800424006844,112.907258421239,-21.628280932465));
#9416=CARTESIAN_POINT('Origin',(16.8004240068441,114.464826727173,-22.4385160664524));
#9417=CARTESIAN_POINT('',(16.8004240068441,114.464826727173,-22.4385160664524));
#9418=CARTESIAN_POINT('',(99.335227397437,114.464826727173,-22.4385160664523));
#9419=CARTESIAN_POINT('',(16.8004240068441,114.543142442505,-21.8436491496281));
#9420=CARTESIAN_POINT('',(16.8004240068441,114.464826727173,-22.4385160664524));
#9421=CARTESIAN_POINT('',(16.8004240068441,114.543142442505,-21.8436491496281));
#9422=CARTESIAN_POINT('Origin',(16.8004240068442,112.828942705907,-22.2231478492893));
#9423=CARTESIAN_POINT('',(18.4504240068441,112.828942705907,-22.2231478492893));
#9424=CARTESIAN_POINT('Origin',(16.8004240068442,112.828942705907,-22.2231478492887));
#9425=CARTESIAN_POINT('',(18.4504240068441,112.907258421239,-21.628280932465));
#9426=CARTESIAN_POINT('',(18.4504240068441,112.828942705907,-22.2231478492893));
#9427=CARTESIAN_POINT('Origin',(16.8004240068442,112.907258421239,-21.628280932465));
#9428=CARTESIAN_POINT('Origin',(18.4504240068441,107.871718399037,-21.570516888189));
#9429=CARTESIAN_POINT('',(18.4504240068441,107.871718399037,-21.570516888189));
#9430=CARTESIAN_POINT('',(18.4504240068443,83.1955185245073,-18.3218335437413));
#9431=CARTESIAN_POINT('',(18.4504240068441,107.95003411437,-20.9756499713647));
#9432=CARTESIAN_POINT('',(18.4504240068441,107.871718399037,-21.570516888189));
#9433=CARTESIAN_POINT('',(18.4504240068441,107.95003411437,-20.9756499713647));
#9434=CARTESIAN_POINT('Origin',(16.8004240068441,107.871718399037,-21.570516888189));
#9435=CARTESIAN_POINT('Origin',(16.8004240068441,107.871718399038,-21.5705168881884));
#9436=CARTESIAN_POINT('Origin',(16.8004240068441,107.95003411437,-20.9756499713647));
#9437=CARTESIAN_POINT('Origin',(13.3004240068441,110.428646267804,-21.3019654519148));
#9438=CARTESIAN_POINT('',(14.83333174898,108.991051218812,-21.1127024731958));
#9439=CARTESIAN_POINT('',(10.300424006844,108.991051218812,-21.1127024731958));
#9440=CARTESIAN_POINT('',(11.8004240068441,108.991051218812,-21.1127024731958));
#9441=CARTESIAN_POINT('',(18.3004240068441,110.350330552472,-21.291654992391));
#9442=CARTESIAN_POINT('Origin',(16.3004240068441,110.350330552472,-21.291654992391));
#9443=CARTESIAN_POINT('',(14.9958112081154,111.866241316796,-21.4912284306339));
#9444=CARTESIAN_POINT('Origin',(16.3004240068441,110.350330552472,-21.291654992391));
#9445=CARTESIAN_POINT('',(10.3004240068441,111.866241316796,-21.4912284306339));
#9446=CARTESIAN_POINT('',(14.8004240068441,111.866241316796,-21.4912284306339));
#9447=CARTESIAN_POINT('Origin',(10.3004240068441,110.428646267804,-21.3019654519148));
#9448=CARTESIAN_POINT('Origin',(180.920030788033,114.464826727173,-22.4385160664524));
#9449=CARTESIAN_POINT('',(180.920030788033,114.464826727173,-22.4385160664524));
#9450=CARTESIAN_POINT('',(173.920030788033,114.464826727173,-22.4385160664524));
#9451=CARTESIAN_POINT('',(181.395030788031,114.464826727173,-22.4385160664523));
#9452=CARTESIAN_POINT('',(180.920030788033,114.543142442505,-21.8436491496281));
#9453=CARTESIAN_POINT('',(180.920030788033,114.464826727173,-22.4385160664524));
#9454=CARTESIAN_POINT('',(173.920030788033,114.543142442505,-21.8436491496281));
#9455=CARTESIAN_POINT('',(180.920030788033,114.543142442505,-21.8436491496281));
#9456=CARTESIAN_POINT('',(173.920030788033,114.464826727173,-22.4385160664524));
#9457=CARTESIAN_POINT('Origin',(180.920030788033,112.828942705907,-22.2231478492893));
#9458=CARTESIAN_POINT('',(182.570030788033,112.828942705907,-22.2231478492893));
#9459=CARTESIAN_POINT('Origin',(180.920030788033,112.828942705907,-22.2231478492887));
#9460=CARTESIAN_POINT('',(182.570030788033,112.907258421239,-21.628280932465));
#9461=CARTESIAN_POINT('',(182.570030788033,112.828942705907,-22.2231478492893));
#9462=CARTESIAN_POINT('Origin',(180.920030788033,112.907258421239,-21.628280932465));
#9463=CARTESIAN_POINT('Origin',(182.570030788033,107.871718399038,-21.570516888189));
#9464=CARTESIAN_POINT('',(182.570030788033,107.871718399038,-21.570516888189));
#9465=CARTESIAN_POINT('',(182.570030788033,83.1955185245079,-18.3218335437414));
#9466=CARTESIAN_POINT('',(182.570030788033,107.95003411437,-20.9756499713647));
#9467=CARTESIAN_POINT('',(182.570030788033,107.871718399038,-21.570516888189));
#9468=CARTESIAN_POINT('',(182.570030788033,107.95003411437,-20.9756499713647));
#9469=CARTESIAN_POINT('Origin',(180.920030788033,107.871718399038,-21.570516888189));
#9470=CARTESIAN_POINT('',(180.920030788033,106.235834377771,-21.3551486710259));
#9471=CARTESIAN_POINT('Origin',(180.920030788033,107.871718399038,-21.5705168881884));
#9472=CARTESIAN_POINT('',(180.920030788033,106.314150093103,-20.7602817542016));
#9473=CARTESIAN_POINT('',(180.920030788033,106.235834377771,-21.3551486710259));
#9474=CARTESIAN_POINT('Origin',(180.920030788033,107.95003411437,-20.9756499713647));
#9475=CARTESIAN_POINT('Origin',(173.920030788033,106.235834377771,-21.3551486710259));
#9476=CARTESIAN_POINT('',(173.920030788033,106.235834377771,-21.3551486710259));
#9477=CARTESIAN_POINT('',(177.895030788031,106.235834377771,-21.3551486710259));
#9478=CARTESIAN_POINT('',(173.920030788033,106.314150093103,-20.7602817542016));
#9479=CARTESIAN_POINT('',(173.920030788033,106.235834377771,-21.3551486710259));
#9480=CARTESIAN_POINT('',(173.920030788033,106.314150093103,-20.7602817542016));
#9481=CARTESIAN_POINT('Origin',(173.920030788033,107.871718399038,-21.570516888189));
#9482=CARTESIAN_POINT('',(172.270030788033,107.871718399038,-21.570516888189));
#9483=CARTESIAN_POINT('Origin',(173.920030788033,107.871718399038,-21.5705168881884));
#9484=CARTESIAN_POINT('',(172.270030788033,107.95003411437,-20.9756499713647));
#9485=CARTESIAN_POINT('',(172.270030788033,107.871718399038,-21.570516888189));
#9486=CARTESIAN_POINT('Origin',(173.920030788033,107.95003411437,-20.9756499713647));
#9487=CARTESIAN_POINT('Origin',(172.270030788033,112.828942705907,-22.2231478492893));
#9488=CARTESIAN_POINT('',(172.270030788033,112.828942705907,-22.2231478492893));
#9489=CARTESIAN_POINT('',(172.270030788033,85.6741306779424,-18.6481490242915));
#9490=CARTESIAN_POINT('',(172.270030788033,112.907258421239,-21.628280932465));
#9491=CARTESIAN_POINT('',(172.270030788033,112.828942705907,-22.2231478492893));
#9492=CARTESIAN_POINT('',(172.270030788033,112.907258421239,-21.628280932465));
#9493=CARTESIAN_POINT('Origin',(173.920030788033,112.828942705907,-22.2231478492893));
#9494=CARTESIAN_POINT('Origin',(173.920030788033,112.828942705907,-22.2231478492887));
#9495=CARTESIAN_POINT('Origin',(173.920030788033,112.907258421239,-21.628280932465));
#9496=CARTESIAN_POINT('Origin',(177.420030788033,110.428646267804,-21.3019654519149));
#9497=CARTESIAN_POINT('',(175.952938530169,108.991051218812,-21.1127024731958));
#9498=CARTESIAN_POINT('',(174.420030788033,108.991051218812,-21.1127024731958));
#9499=CARTESIAN_POINT('',(175.920030788033,108.991051218812,-21.1127024731958));
#9500=CARTESIAN_POINT('',(178.887123045897,108.991051218812,-21.1127024731958));
#9501=CARTESIAN_POINT('Origin',(177.420030788033,110.350330552472,-21.2916549923911));
#9502=CARTESIAN_POINT('',(180.420030788033,108.991051218812,-21.1127024731958));
#9503=CARTESIAN_POINT('',(175.920030788033,108.991051218812,-21.1127024731958));
#9504=CARTESIAN_POINT('',(180.420030788033,111.866241316796,-21.4912284306339));
#9505=CARTESIAN_POINT('Origin',(180.420030788033,110.428646267804,-21.3019654519149));
#9506=CARTESIAN_POINT('',(178.724643586761,111.866241316796,-21.4912284306339));
#9507=CARTESIAN_POINT('',(178.920030788033,111.866241316796,-21.4912284306339));
#9508=CARTESIAN_POINT('',(176.115417989304,111.866241316796,-21.4912284306339));
#9509=CARTESIAN_POINT('Origin',(177.420030788033,110.350330552472,-21.2916549923911));
#9510=CARTESIAN_POINT('',(174.420030788033,111.866241316796,-21.4912284306339));
#9511=CARTESIAN_POINT('',(178.920030788033,111.866241316796,-21.4912284306339));
#9512=CARTESIAN_POINT('Origin',(174.420030788033,110.428646267804,-21.3019654519149));
#9513=CARTESIAN_POINT('Origin',(18.4504240068441,4.27171839904043,-7.93131813813515));
#9514=CARTESIAN_POINT('',(18.4504240068441,4.27171839904043,-7.93131813813515));
#9515=CARTESIAN_POINT('',(18.4504240068441,9.22894270590946,-8.58394909923541));
#9516=CARTESIAN_POINT('',(18.4504240068439,31.3955185245087,-11.5022341687144));
#9517=CARTESIAN_POINT('',(18.4504240068441,4.35003411437246,-7.33645122131087));
#9518=CARTESIAN_POINT('',(18.4504240068441,4.27171839904043,-7.93131813813515));
#9519=CARTESIAN_POINT('',(18.4504240068441,9.30725842124149,-7.98908218241113));
#9520=CARTESIAN_POINT('',(18.4504240068441,4.35003411437246,-7.33645122131087));
#9521=CARTESIAN_POINT('',(18.4504240068441,9.22894270590946,-8.58394909923541));
#9522=CARTESIAN_POINT('Origin',(16.8004240068441,4.27171839904043,-7.93131813813515));
#9523=CARTESIAN_POINT('',(16.8004240068441,2.63583437777361,-7.71594992097207));
#9524=CARTESIAN_POINT('Origin',(16.8004240068441,4.27171839904043,-7.93131813813512));
#9525=CARTESIAN_POINT('',(16.8004240068441,2.71415009310565,-7.12108300414778));
#9526=CARTESIAN_POINT('',(16.8004240068441,2.63583437777361,-7.71594992097207));
#9527=CARTESIAN_POINT('Origin',(16.8004240068441,4.35003411437246,-7.33645122131087));
#9528=CARTESIAN_POINT('Origin',(9.80042400684408,2.63583437777361,-7.71594992097207));
#9529=CARTESIAN_POINT('',(9.80042400684408,2.63583437777361,-7.71594992097207));
#9530=CARTESIAN_POINT('',(95.835227397437,2.63583437777361,-7.71594992097207));
#9531=CARTESIAN_POINT('',(9.80042400684408,2.71415009310565,-7.12108300414778));
#9532=CARTESIAN_POINT('',(9.80042400684408,2.63583437777361,-7.71594992097207));
#9533=CARTESIAN_POINT('',(9.80042400684408,2.71415009310565,-7.12108300414778));
#9534=CARTESIAN_POINT('Origin',(9.80042400684411,4.27171839904043,-7.93131813813515));
#9535=CARTESIAN_POINT('',(8.15042400684408,4.27171839904043,-7.93131813813515));
#9536=CARTESIAN_POINT('Origin',(9.80042400684411,4.27171839904043,-7.93131813813512));
#9537=CARTESIAN_POINT('',(8.15042400684408,4.35003411437246,-7.33645122131087));
#9538=CARTESIAN_POINT('',(8.15042400684408,4.27171839904043,-7.93131813813515));
#9539=CARTESIAN_POINT('Origin',(9.80042400684411,4.35003411437246,-7.33645122131087));
#9540=CARTESIAN_POINT('Origin',(8.15042400684412,9.2289427059095,-8.58394909923542));
#9541=CARTESIAN_POINT('',(8.15042400684412,9.2289427059095,-8.58394909923542));
#9542=CARTESIAN_POINT('',(8.1504240068443,33.8741306779445,-11.8285496492647));
#9543=CARTESIAN_POINT('',(8.15042400684412,9.30725842124153,-7.98908218241113));
#9544=CARTESIAN_POINT('',(8.15042400684412,9.2289427059095,-8.58394909923542));
#9545=CARTESIAN_POINT('',(8.15042400684412,9.30725842124153,-7.98908218241113));
#9546=CARTESIAN_POINT('Origin',(9.800424006844,9.2289427059096,-8.58394909923543));
#9547=CARTESIAN_POINT('',(9.80042400684411,10.8648267271763,-8.7993173163985));
#9548=CARTESIAN_POINT('Origin',(9.800424006844,9.22894270590961,-8.5839490992354));
#9549=CARTESIAN_POINT('',(9.80042400684411,10.9431424425083,-8.20445039957422));
#9550=CARTESIAN_POINT('',(9.80042400684411,10.8648267271763,-8.7993173163985));
#9551=CARTESIAN_POINT('Origin',(9.800424006844,9.30725842124164,-7.98908218241115));
#9552=CARTESIAN_POINT('Origin',(16.8004240068441,10.8648267271763,-8.7993173163985));
#9553=CARTESIAN_POINT('',(16.8004240068441,10.8648267271763,-8.7993173163985));
#9554=CARTESIAN_POINT('',(99.335227397437,10.8648267271763,-8.7993173163985));
#9555=CARTESIAN_POINT('',(16.8004240068441,10.9431424425083,-8.20445039957422));
#9556=CARTESIAN_POINT('',(16.8004240068441,10.8648267271763,-8.7993173163985));
#9557=CARTESIAN_POINT('',(16.8004240068441,10.9431424425083,-8.20445039957422));
#9558=CARTESIAN_POINT('Origin',(16.8004240068442,9.2289427059096,-8.58394909923543));
#9559=CARTESIAN_POINT('Origin',(16.8004240068442,9.22894270590961,-8.5839490992354));
#9560=CARTESIAN_POINT('Origin',(16.8004240068442,9.30725842124164,-7.98908218241115));
#9561=CARTESIAN_POINT('Origin',(13.3004240068441,6.82864626780698,-7.662766701861));
#9562=CARTESIAN_POINT('',(14.83333174898,5.39105121881493,-7.47350372314191));
#9563=CARTESIAN_POINT('',(10.300424006844,5.39105121881493,-7.47350372314192));
#9564=CARTESIAN_POINT('',(11.8004240068441,5.39105121881493,-7.47350372314192));
#9565=CARTESIAN_POINT('',(18.3004240068441,6.75033055247499,-7.6524562423372));
#9566=CARTESIAN_POINT('Origin',(16.3004240068441,6.75033055247499,-7.6524562423372));
#9567=CARTESIAN_POINT('',(14.9958112081154,8.26624131679899,-7.85202968058007));
#9568=CARTESIAN_POINT('Origin',(16.3004240068441,6.75033055247499,-7.6524562423372));
#9569=CARTESIAN_POINT('',(10.3004240068441,8.26624131679899,-7.85202968058007));
#9570=CARTESIAN_POINT('',(14.8004240068441,8.26624131679899,-7.85202968058007));
#9571=CARTESIAN_POINT('Origin',(10.3004240068441,6.82864626780697,-7.662766701861));
#9572=CARTESIAN_POINT('Origin',(338.539637569214,5.31273550348286,-8.0683706399662));
#9573=CARTESIAN_POINT('',(340.260038997657,5.73041931858703,-4.89574708357001));
#9574=CARTESIAN_POINT('Origin',(338.539637569214,6.75033055247494,2.85124786584867));
#9575=CARTESIAN_POINT('',(344.539637569214,5.73041931858703,-4.89574708357001));
#9576=CARTESIAN_POINT('',(338.539637569214,5.73041931858703,-4.89574708357001));
#9577=CARTESIAN_POINT('',(344.539637569214,5.31273550348286,-8.0683706399662));
#9578=CARTESIAN_POINT('Origin',(338.539637569214,6.75033055247494,-1.));
#9579=CARTESIAN_POINT('',(340.539637569214,6.75033055247494,-3.5));
#9580=CARTESIAN_POINT('Origin',(338.539637569214,6.75033055247494,-3.5));
#9581=CARTESIAN_POINT('',(340.539637569214,6.75033055247494,-5.03002094482879));
#9582=CARTESIAN_POINT('',(340.539637569214,6.75033055247494,-1.));
#9583=CARTESIAN_POINT('Origin',(338.539637569214,6.75033055247494,-5.03002094482879));
#9584=CARTESIAN_POINT('',(339.286591608254,8.60560941657109,-5.27427304100816));
#9585=CARTESIAN_POINT('Origin',(338.539637569214,6.75033055247494,-19.3665151032185));
#9586=CARTESIAN_POINT('Origin',(338.539637569214,6.75033055247494,-5.03002094482879));
#9587=CARTESIAN_POINT('Origin',(338.539637569214,108.91273550348,-21.7075693900201));
#9588=CARTESIAN_POINT('',(340.260038997657,109.330419318584,-18.5349458336239));
#9589=CARTESIAN_POINT('Origin',(338.539637569214,110.350330552472,-10.7879508842054));
#9590=CARTESIAN_POINT('',(344.539637569214,109.330419318584,-18.5349458336239));
#9591=CARTESIAN_POINT('',(338.539637569214,109.330419318584,-18.5349458336239));
#9592=CARTESIAN_POINT('',(344.539637569214,108.91273550348,-21.70756939002));
#9593=CARTESIAN_POINT('Origin',(338.539637569214,110.350330552472,-1.));
#9594=CARTESIAN_POINT('',(340.539637569214,110.350330552472,-7.));
#9595=CARTESIAN_POINT('Origin',(338.539637569214,110.350330552472,-7.));
#9596=CARTESIAN_POINT('',(340.539637569214,110.350330552472,-18.6692196948827));
#9597=CARTESIAN_POINT('',(340.539637569214,110.350330552472,-1.));
#9598=CARTESIAN_POINT('Origin',(338.539637569214,110.350330552472,-18.6692196948827));
#9599=CARTESIAN_POINT('',(339.286591608254,112.205609416568,-18.913471791062));
#9600=CARTESIAN_POINT('Origin',(338.539637569214,110.350330552472,-33.0057138532721));
#9601=CARTESIAN_POINT('Origin',(338.539637569214,110.350330552472,-18.6692196948827));
#9602=CARTESIAN_POINT('Origin',(180.420030788033,8.18792560146699,-8.44689659740436));
#9603=CARTESIAN_POINT('',(180.420030788033,8.60560941657116,-5.27427304100817));
#9604=CARTESIAN_POINT('',(180.420030788033,8.18792560146699,-8.44689659740436));
#9605=CARTESIAN_POINT('',(178.166984827073,8.60560941657116,-5.27427304100817));
#9606=CARTESIAN_POINT('',(180.420030788033,8.60560941657116,-5.27427304100817));
#9607=CARTESIAN_POINT('Origin',(177.420030788033,6.75033055247497,-19.3665151032188));
#9608=CARTESIAN_POINT('Origin',(180.420030788033,6.75033055247504,-8.2576336186853));
#9609=CARTESIAN_POINT('',(180.420030788033,5.7304193185871,-4.89574708357002));
#9610=CARTESIAN_POINT('',(180.420030788033,5.31273550348293,-8.06837063996621));
#9611=CARTESIAN_POINT('Origin',(180.420030788033,7.16801436757921,-5.0850100622891));
#9612=CARTESIAN_POINT('Origin',(174.420030788033,5.31273550348293,-8.06837063996621));
#9613=CARTESIAN_POINT('',(179.140432216476,5.7304193185871,-4.89574708357002));
#9614=CARTESIAN_POINT('Origin',(177.420030788033,6.75033055247497,2.85124786584835));
#9615=CARTESIAN_POINT('',(174.420030788033,5.7304193185871,-4.89574708357002));
#9616=CARTESIAN_POINT('Origin',(16.3004240068441,111.787925601464,-22.0860953474582));
#9617=CARTESIAN_POINT('',(15.5534699678042,112.205609416568,-18.913471791062));
#9618=CARTESIAN_POINT('Origin',(16.3004240068441,110.350330552472,-33.0057138532721));
#9619=CARTESIAN_POINT('',(10.3004240068441,112.205609416568,-18.913471791062));
#9620=CARTESIAN_POINT('',(16.3004240068441,112.205609416568,-18.913471791062));
#9621=CARTESIAN_POINT('',(10.3004240068441,111.787925601464,-22.0860953474582));
#9622=CARTESIAN_POINT('Origin',(16.3004240068441,110.350330552472,-1.));
#9623=CARTESIAN_POINT('',(18.3004240068441,110.350330552472,-7.));
#9624=CARTESIAN_POINT('Origin',(16.3004240068441,110.350330552472,-7.));
#9625=CARTESIAN_POINT('',(18.3004240068441,110.350330552472,-1.));
#9626=CARTESIAN_POINT('',(14.5800225784009,109.330419318584,-18.5349458336239));
#9627=CARTESIAN_POINT('Origin',(16.3004240068441,110.350330552472,-10.7879508842054));
#9628=CARTESIAN_POINT('Origin',(16.3004240068441,110.350330552472,-18.6692196948827));
#9629=CARTESIAN_POINT('Origin',(180.420030788033,111.787925601464,-22.0860953474582));
#9630=CARTESIAN_POINT('',(180.420030788033,112.205609416568,-18.913471791062));
#9631=CARTESIAN_POINT('',(180.420030788033,111.787925601464,-22.0860953474582));
#9632=CARTESIAN_POINT('',(178.166984827073,112.205609416568,-18.913471791062));
#9633=CARTESIAN_POINT('',(180.420030788033,112.205609416568,-18.913471791062));
#9634=CARTESIAN_POINT('Origin',(177.420030788033,110.350330552472,-33.0057138532724));
#9635=CARTESIAN_POINT('Origin',(180.420030788033,110.350330552472,-21.8968323687392));
#9636=CARTESIAN_POINT('',(180.420030788033,109.330419318584,-18.5349458336239));
#9637=CARTESIAN_POINT('',(180.420030788033,108.91273550348,-21.7075693900201));
#9638=CARTESIAN_POINT('Origin',(180.420030788033,110.768014367576,-18.724208812343));
#9639=CARTESIAN_POINT('Origin',(174.420030788033,108.91273550348,-21.7075693900201));
#9640=CARTESIAN_POINT('',(179.140432216476,109.330419318584,-18.5349458336239));
#9641=CARTESIAN_POINT('Origin',(177.420030788033,110.350330552472,-10.7879508842056));
#9642=CARTESIAN_POINT('',(174.420030788033,109.330419318584,-18.5349458336239));
#9643=CARTESIAN_POINT('Origin',(16.3004240068441,8.18792560146696,-8.44689659740436));
#9644=CARTESIAN_POINT('',(15.5534699678041,8.60560941657112,-5.27427304100816));
#9645=CARTESIAN_POINT('Origin',(16.3004240068441,6.75033055247499,-19.3665151032184));
#9646=CARTESIAN_POINT('',(10.3004240068441,8.60560941657112,-5.27427304100816));
#9647=CARTESIAN_POINT('',(16.3004240068441,8.60560941657112,-5.27427304100816));
#9648=CARTESIAN_POINT('',(10.3004240068441,8.18792560146696,-8.44689659740436));
#9649=CARTESIAN_POINT('Origin',(16.3004240068441,6.75033055247499,-1.));
#9650=CARTESIAN_POINT('',(18.3004240068441,6.75033055247499,-3.5));
#9651=CARTESIAN_POINT('Origin',(16.3004240068441,6.75033055247499,-3.5));
#9652=CARTESIAN_POINT('',(18.3004240068441,6.75033055247499,-1.));
#9653=CARTESIAN_POINT('',(14.580022578401,5.73041931858706,-4.89574708357001));
#9654=CARTESIAN_POINT('Origin',(16.3004240068441,6.75033055247499,2.85124786584878));
#9655=CARTESIAN_POINT('Origin',(16.3004240068441,6.75033055247499,-5.0300209448288));
#9656=CARTESIAN_POINT('Origin',(344.539637569214,8.18792560146692,-8.44689659740435));
#9657=CARTESIAN_POINT('',(344.539637569214,8.60560941657109,-5.27427304100816));
#9658=CARTESIAN_POINT('',(344.539637569214,8.18792560146692,-8.44689659740435));
#9659=CARTESIAN_POINT('',(344.539637569214,8.60560941657109,-5.27427304100816));
#9660=CARTESIAN_POINT('Origin',(341.539637569214,7.16801436757903,-5.08501006228908));
#9661=CARTESIAN_POINT('Origin',(344.539637569214,7.16801436757914,-5.08501006228909));
#9662=CARTESIAN_POINT('Origin',(344.539637569214,6.75033055247497,-8.25763361868529));
#9663=CARTESIAN_POINT('Origin',(344.539637569214,111.787925601464,-22.0860953474582));
#9664=CARTESIAN_POINT('',(344.539637569214,112.205609416568,-18.913471791062));
#9665=CARTESIAN_POINT('',(344.539637569214,111.787925601464,-22.0860953474582));
#9666=CARTESIAN_POINT('',(344.539637569214,112.205609416568,-18.913471791062));
#9667=CARTESIAN_POINT('Origin',(344.539637569214,110.350330552472,-21.8968323687391));
#9668=CARTESIAN_POINT('Origin',(344.539637569214,110.768014367576,-18.724208812343));
#9669=CARTESIAN_POINT('Origin',(341.539637569214,110.768014367576,-18.7242088123429));
#9670=CARTESIAN_POINT('Origin',(177.420030788033,7.16801436757912,-5.08501006228909));
#9671=CARTESIAN_POINT('',(179.420030788033,6.75033055247497,-5.0300209448288));
#9672=CARTESIAN_POINT('Origin',(177.420030788033,6.75033055247497,-5.0300209448288));
#9673=CARTESIAN_POINT('Origin',(177.420030788033,6.75033055247497,-5.0300209448288));
#9674=CARTESIAN_POINT('Origin',(180.420030788033,8.18792560146699,-8.44689659740436));
#9675=CARTESIAN_POINT('',(176.673076748993,8.60560941657116,-5.27427304100817));
#9676=CARTESIAN_POINT('Origin',(177.420030788033,6.75033055247497,-19.3665151032188));
#9677=CARTESIAN_POINT('',(174.420030788033,8.60560941657116,-5.27427304100817));
#9678=CARTESIAN_POINT('',(180.420030788033,8.60560941657116,-5.27427304100817));
#9679=CARTESIAN_POINT('',(174.420030788033,8.18792560146699,-8.44689659740436));
#9680=CARTESIAN_POINT('Origin',(174.420030788033,5.31273550348293,-8.06837063996621));
#9681=CARTESIAN_POINT('',(174.420030788033,5.7304193185871,-4.89574708357002));
#9682=CARTESIAN_POINT('',(174.420030788033,5.31273550348293,-8.06837063996621));
#9683=CARTESIAN_POINT('',(175.69962935959,5.7304193185871,-4.89574708357002));
#9684=CARTESIAN_POINT('',(174.420030788033,5.7304193185871,-4.89574708357002));
#9685=CARTESIAN_POINT('Origin',(177.420030788033,6.75033055247497,2.85124786584835));
#9686=CARTESIAN_POINT('Origin',(174.420030788033,6.75033055247504,-8.2576336186853));
#9687=CARTESIAN_POINT('Origin',(174.420030788033,7.16801436757921,-5.0850100622891));
#9688=CARTESIAN_POINT('Origin',(177.420030788033,7.16801436757912,-5.08501006228909));
#9689=CARTESIAN_POINT('Origin',(177.420030788033,6.75033055247497,-5.0300209448288));
#9690=CARTESIAN_POINT('Origin',(10.300424006844,108.91273550348,-21.7075693900201));
#9691=CARTESIAN_POINT('',(10.300424006844,109.330419318584,-18.5349458336239));
#9692=CARTESIAN_POINT('',(10.300424006844,108.91273550348,-21.7075693900201));
#9693=CARTESIAN_POINT('',(10.300424006844,109.330419318584,-18.5349458336239));
#9694=CARTESIAN_POINT('Origin',(13.3004240068441,110.768014367576,-18.7242088123429));
#9695=CARTESIAN_POINT('Origin',(10.3004240068441,110.768014367576,-18.7242088123429));
#9696=CARTESIAN_POINT('Origin',(10.3004240068441,110.350330552472,-21.8968323687391));
#9697=CARTESIAN_POINT('Origin',(177.420030788033,110.768014367576,-18.7242088123429));
#9698=CARTESIAN_POINT('',(179.420030788033,110.350330552472,-18.6692196948826));
#9699=CARTESIAN_POINT('Origin',(177.420030788033,110.350330552472,-18.6692196948826));
#9700=CARTESIAN_POINT('Origin',(177.420030788033,110.350330552472,-18.6692196948826));
#9701=CARTESIAN_POINT('Origin',(180.420030788033,111.787925601464,-22.0860953474582));
#9702=CARTESIAN_POINT('',(176.673076748993,112.205609416568,-18.913471791062));
#9703=CARTESIAN_POINT('Origin',(177.420030788033,110.350330552472,-33.0057138532724));
#9704=CARTESIAN_POINT('',(174.420030788033,112.205609416568,-18.913471791062));
#9705=CARTESIAN_POINT('',(180.420030788033,112.205609416568,-18.913471791062));
#9706=CARTESIAN_POINT('',(174.420030788033,111.787925601464,-22.0860953474582));
#9707=CARTESIAN_POINT('Origin',(174.420030788033,108.91273550348,-21.7075693900201));
#9708=CARTESIAN_POINT('',(174.420030788033,109.330419318584,-18.5349458336239));
#9709=CARTESIAN_POINT('',(174.420030788033,108.91273550348,-21.7075693900201));
#9710=CARTESIAN_POINT('',(175.69962935959,109.330419318584,-18.5349458336239));
#9711=CARTESIAN_POINT('',(174.420030788033,109.330419318584,-18.5349458336239));
#9712=CARTESIAN_POINT('Origin',(177.420030788033,110.350330552472,-10.7879508842056));
#9713=CARTESIAN_POINT('Origin',(174.420030788033,110.350330552472,-21.8968323687391));
#9714=CARTESIAN_POINT('Origin',(174.420030788033,110.768014367576,-18.7242088123429));
#9715=CARTESIAN_POINT('Origin',(177.420030788033,110.768014367576,-18.7242088123429));
#9716=CARTESIAN_POINT('Origin',(177.420030788033,110.350330552472,-18.6692196948826));
#9717=CARTESIAN_POINT('Origin',(10.300424006844,5.3127355034829,-8.06837063996621));
#9718=CARTESIAN_POINT('',(10.300424006844,5.73041931858706,-4.89574708357001));
#9719=CARTESIAN_POINT('',(10.300424006844,5.3127355034829,-8.06837063996621));
#9720=CARTESIAN_POINT('',(10.300424006844,5.73041931858706,-4.89574708357001));
#9721=CARTESIAN_POINT('Origin',(13.3004240068441,7.16801436757908,-5.08501006228909));
#9722=CARTESIAN_POINT('Origin',(10.3004240068441,7.1680143675791,-5.08501006228909));
#9723=CARTESIAN_POINT('Origin',(10.3004240068441,6.75033055247494,-8.25763361868528));
#9724=CARTESIAN_POINT('Origin',(181.87003078803,58.5193186499782,-15.0731501992938));
#9725=CARTESIAN_POINT('',(350.707530788028,65.4891749322052,-15.9907491866741));
#9726=CARTESIAN_POINT('',(348.207530788028,68.6133971766399,-16.4020608481721));
#9727=CARTESIAN_POINT('',(318.526179801375,105.705851975591,-21.2853751641015));
#9728=CARTESIAN_POINT('',(350.707530788028,64.5556235310358,-15.867844813084));
#9729=CARTESIAN_POINT('',(350.707530788028,84.2745425835768,-18.4638897560747));
#9730=CARTESIAN_POINT('',(350.708856238029,64.4743651943153,-15.8571469501049));
#9731=CARTESIAN_POINT('Ctrl Pts',(350.708856238029,64.4743651943153,-15.8571469501049));
#9732=CARTESIAN_POINT('Ctrl Pts',(350.707972680682,64.5014417954363,-15.8607116522687));
#9733=CARTESIAN_POINT('Ctrl Pts',(350.707530788028,64.5285326630055,-15.864278232646));
#9734=CARTESIAN_POINT('Ctrl Pts',(350.707530788028,64.5556235310358,-15.867844813084));
#9735=CARTESIAN_POINT('',(351.94202354438,62.4032732732478,-15.5844825259633));
#9736=CARTESIAN_POINT('Ctrl Pts',(351.94202354438,62.4032732732478,-15.5844825259633));
#9737=CARTESIAN_POINT('Ctrl Pts',(351.216883736462,62.8281701030219,-15.64042125482));
#9738=CARTESIAN_POINT('Ctrl Pts',(350.736163210204,63.6375434578592,-15.7469772784651));
#9739=CARTESIAN_POINT('Ctrl Pts',(350.708856238029,64.4743651943284,-15.8571469501066));
#9740=CARTESIAN_POINT('',(351.969857051031,62.3869252262717,-15.5823302647482));
#9741=CARTESIAN_POINT('Ctrl Pts',(351.969857051031,62.3869252262716,-15.5823302647482));
#9742=CARTESIAN_POINT('Ctrl Pts',(351.960584886388,62.3923842388083,-15.583048957383));
#9743=CARTESIAN_POINT('Ctrl Pts',(351.95130704413,62.3978335917269,-15.583766378305));
#9744=CARTESIAN_POINT('Ctrl Pts',(351.94202354438,62.4032732732478,-15.5844825259633));
#9745=CARTESIAN_POINT('',(351.94202354438,35.6473878316963,-12.0620033824208));
#9746=CARTESIAN_POINT('Ctrl Pts',(351.94202354438,35.6473878316963,-12.0620033824208));
#9747=CARTESIAN_POINT('Ctrl Pts',(353.266189111476,36.4232847627589,-12.1641521512656));
#9748=CARTESIAN_POINT('Ctrl Pts',(356.899148903136,39.3376934440265,-12.5478413331449));
#9749=CARTESIAN_POINT('Ctrl Pts',(360.367346643819,46.5707343725038,-13.5000892365308));
#9750=CARTESIAN_POINT('Ctrl Pts',(358.947164921238,56.0979371124092,-14.7543692722608));
#9751=CARTESIAN_POINT('Ctrl Pts',(354.614954585904,60.8296167487257,-15.3773067141653));
#9752=CARTESIAN_POINT('Ctrl Pts',(351.969857051031,62.3869252262717,-15.5823302647482));
#9753=CARTESIAN_POINT('',(351.905349250329,35.6254755461791,-12.0591185753046));
#9754=CARTESIAN_POINT('Ctrl Pts',(351.905349250329,35.6254755461791,-12.0591185753046));
#9755=CARTESIAN_POINT('Ctrl Pts',(351.917510853847,35.6328835925097,-12.0600938631063));
#9756=CARTESIAN_POINT('Ctrl Pts',(351.929736212689,35.6401880500478,-12.0610555131847));
#9757=CARTESIAN_POINT('Ctrl Pts',(351.94202354438,35.6473878316963,-12.0620033824208));
#9758=CARTESIAN_POINT('',(350.707530788028,33.4950375739082,-11.7786410953001));
#9759=CARTESIAN_POINT('Ctrl Pts',(350.707530788028,33.4950375739082,-11.7786410953001));
#9760=CARTESIAN_POINT('Ctrl Pts',(350.707530788028,34.3452038790368,-11.890567612735));
#9761=CARTESIAN_POINT('Ctrl Pts',(351.176568037473,35.1815501228551,-12.0006746845815));
#9762=CARTESIAN_POINT('Ctrl Pts',(351.905349250329,35.6254755461791,-12.0591185753046));
#9763=CARTESIAN_POINT('',(350.707530788028,33.4297744777982,-11.770049045697));
#9764=CARTESIAN_POINT('Ctrl Pts',(350.707530788028,33.4297744777982,-11.770049045697));
#9765=CARTESIAN_POINT('Ctrl Pts',(350.707530788028,33.4515288431682,-11.7729130622314));
#9766=CARTESIAN_POINT('Ctrl Pts',(350.707530788028,33.4732832085382,-11.7757770787657));
#9767=CARTESIAN_POINT('Ctrl Pts',(350.707530788028,33.4950375739082,-11.7786410953001));
#9768=CARTESIAN_POINT('',(350.707530788028,4.32533055247132,-7.93837631203537));
#9769=CARTESIAN_POINT('',(350.707530788028,45.8955371181258,-13.4111978316277));
#9770=CARTESIAN_POINT('',(350.707166272329,4.26612389837049,-7.9305816081492));
#9771=CARTESIAN_POINT('Ctrl Pts',(350.707166272329,4.26612389837049,-7.9305816081492));
#9772=CARTESIAN_POINT('Ctrl Pts',(350.707409279676,4.28585844711928,-7.93317971078074));
#9773=CARTESIAN_POINT('Ctrl Pts',(350.707530788028,4.30559449979132,-7.93577801140753));
#9774=CARTESIAN_POINT('Ctrl Pts',(350.707530788028,4.32533055247132,-7.93837631203537));
#9775=CARTESIAN_POINT('',(345.907530788028,-0.478947016841817,-7.30588117093219));
#9776=CARTESIAN_POINT('Ctrl Pts',(345.907530788028,-0.478947016841817,-7.30588117093219));
#9777=CARTESIAN_POINT('Ctrl Pts',(346.619339840992,-0.478947016841818,-7.30588117093219));
#9778=CARTESIAN_POINT('Ctrl Pts',(348.040291153648,-0.15592723451923,-7.3484075320451));
#9779=CARTESIAN_POINT('Ctrl Pts',(350.051128339957,1.42596482806046,-7.55666757299739));
#9780=CARTESIAN_POINT('Ctrl Pts',(350.693984479731,3.19563474863196,-7.78964903794592));
#9781=CARTESIAN_POINT('Ctrl Pts',(350.707166272329,4.26612389837049,-7.9305816081492));
#9782=CARTESIAN_POINT('',(8.93253078803063,-0.478947016841783,-7.3058811709322));
#9783=CARTESIAN_POINT('',(263.888780788029,-0.47894701684181,-7.30588117093219));
#9784=CARTESIAN_POINT('',(4.1328953037293,4.26612389837048,-7.9305816081492));
#9785=CARTESIAN_POINT('Ctrl Pts',(4.1328953037293,4.26612389837048,-7.9305816081492));
#9786=CARTESIAN_POINT('Ctrl Pts',(4.15047102719379,2.83880503205244,-7.74267151454482));
#9787=CARTESIAN_POINT('Ctrl Pts',(5.36721531468789,0.380724333050677,-7.41905905124986));
#9788=CARTESIAN_POINT('Ctrl Pts',(7.86481720858426,-0.478947016841785,-7.3058811709322));
#9789=CARTESIAN_POINT('Ctrl Pts',(8.93253078803063,-0.478947016841783,-7.3058811709322));
#9790=CARTESIAN_POINT('',(4.13253078803065,4.3253305524713,-7.93837631203537));
#9791=CARTESIAN_POINT('Ctrl Pts',(4.13253078803063,4.3253305524713,-7.93837631203537));
#9792=CARTESIAN_POINT('Ctrl Pts',(4.13253078803063,4.30559449979131,-7.93577801140753));
#9793=CARTESIAN_POINT('Ctrl Pts',(4.13265229638199,4.28585844711927,-7.93317971078074));
#9794=CARTESIAN_POINT('Ctrl Pts',(4.13289530372932,4.26612389837048,-7.9305816081492));
#9795=CARTESIAN_POINT('',(4.13253078803065,65.4891749322051,-15.9907491866741));
#9796=CARTESIAN_POINT('',(4.13253078803065,30.973378618314,-11.4466583957325));
#9797=CARTESIAN_POINT('',(6.63253078803061,68.6133971766399,-16.4020608481721));
#9798=CARTESIAN_POINT('',(40.4961093996369,110.932335406458,-21.9734547613744));
#9799=CARTESIAN_POINT('',(6.63253078803061,112.710067456362,-22.2074976257854));
#9800=CARTESIAN_POINT('',(6.63253078803061,71.6266325193059,-16.7987608068527));
#9801=CARTESIAN_POINT('',(6.63253078803063,112.775330552472,-22.2160896753885));
#9802=CARTESIAN_POINT('Ctrl Pts',(6.63253078803063,112.775330552472,-22.2160896753885));
#9803=CARTESIAN_POINT('Ctrl Pts',(6.63253078803063,112.753576187102,-22.2132256588541));
#9804=CARTESIAN_POINT('Ctrl Pts',(6.63253078803063,112.731821821732,-22.2103616423198));
#9805=CARTESIAN_POINT('Ctrl Pts',(6.63253078803063,112.710067456362,-22.2074976257854));
#9806=CARTESIAN_POINT('',(8.93253078803063,115.079608121785,-22.5194535725232));
#9807=CARTESIAN_POINT('Ctrl Pts',(8.93253078803063,115.079608121785,-22.5194535725232));
#9808=CARTESIAN_POINT('Ctrl Pts',(8.24566328672842,115.079608121785,-22.5194535725232));
#9809=CARTESIAN_POINT('Ctrl Pts',(7.05544827245295,114.503401643575,-22.4435945505409));
#9810=CARTESIAN_POINT('Ctrl Pts',(6.63253078803063,113.293360902237,-22.2842896647612));
#9811=CARTESIAN_POINT('Ctrl Pts',(6.63253078803063,112.775330552472,-22.2160896753885));
#9812=CARTESIAN_POINT('',(345.907530788028,115.079608121785,-22.5194535725232));
#9813=CARTESIAN_POINT('',(263.888780788029,115.079608121785,-22.5194535725232));
#9814=CARTESIAN_POINT('',(348.207530788028,112.775330552472,-22.2160896753885));
#9815=CARTESIAN_POINT('Ctrl Pts',(348.207530788028,112.775330552472,-22.2160896753885));
#9816=CARTESIAN_POINT('Ctrl Pts',(348.207530788028,113.466037685492,-22.307022994552));
#9817=CARTESIAN_POINT('Ctrl Pts',(347.626890570596,114.660172924266,-22.4642338811937));
#9818=CARTESIAN_POINT('Ctrl Pts',(346.422681414004,115.079608121785,-22.5194535725232));
#9819=CARTESIAN_POINT('Ctrl Pts',(345.907530788028,115.079608121785,-22.5194535725232));
#9820=CARTESIAN_POINT('',(348.207530788028,112.710067456362,-22.2074976257854));
#9821=CARTESIAN_POINT('Ctrl Pts',(348.207530788028,112.710067456362,-22.2074976257854));
#9822=CARTESIAN_POINT('Ctrl Pts',(348.207530788028,112.731821821732,-22.2103616423198));
#9823=CARTESIAN_POINT('Ctrl Pts',(348.207530788028,112.753576187102,-22.2132256588541));
#9824=CARTESIAN_POINT('Ctrl Pts',(348.207530788028,112.775330552472,-22.2160896753885));
#9825=CARTESIAN_POINT('',(348.207530788028,60.0739701434363,-15.2778239512855));
#9826=CARTESIAN_POINT('Origin',(277.431749538032,6.13783055247312,-1.));
#9827=CARTESIAN_POINT('',(271.931749538032,6.13783055247312,-1.));
#9828=CARTESIAN_POINT('',(277.431749538032,6.13783055247312,-1.));
#9829=CARTESIAN_POINT('',(229.650890163031,6.13783055247308,-1.));
#9830=CARTESIAN_POINT('',(271.931749538032,6.13783055247312,1.));
#9831=CARTESIAN_POINT('',(271.931749538032,6.13783055247312,-1.));
#9832=CARTESIAN_POINT('',(277.431749538032,6.13783055247312,1.));
#9833=CARTESIAN_POINT('',(277.431749538032,6.13783055247312,1.));
#9834=CARTESIAN_POINT('',(277.431749538032,6.13783055247312,-1.));
#9835=CARTESIAN_POINT('Origin',(277.431749538032,5.38783055247312,-1.));
#9836=CARTESIAN_POINT('',(277.431749538032,4.63783055247312,-1.));
#9837=CARTESIAN_POINT('Origin',(277.431749538032,5.38783055247312,-1.));
#9838=CARTESIAN_POINT('',(277.431749538032,4.63783055247312,1.));
#9839=CARTESIAN_POINT('Origin',(277.431749538032,5.38783055247312,1.));
#9840=CARTESIAN_POINT('',(277.431749538032,4.63783055247312,-1.));
#9841=CARTESIAN_POINT('Origin',(271.931749538032,4.63783055247312,-1.));
#9842=CARTESIAN_POINT('',(271.931749538032,4.63783055247312,-1.));
#9843=CARTESIAN_POINT('',(226.900890163031,4.63783055247308,-1.));
#9844=CARTESIAN_POINT('',(271.931749538032,4.63783055247312,1.));
#9845=CARTESIAN_POINT('',(271.931749538032,4.63783055247312,1.));
#9846=CARTESIAN_POINT('',(271.931749538032,4.63783055247312,-1.));
#9847=CARTESIAN_POINT('Origin',(271.931749538032,5.38783055247312,-1.));
#9848=CARTESIAN_POINT('Origin',(271.931749538032,5.38783055247312,-1.));
#9849=CARTESIAN_POINT('Origin',(271.931749538032,5.38783055247312,1.));
#9850=CARTESIAN_POINT('Origin',(274.681749538032,5.38783055247312,1.));
#9851=CARTESIAN_POINT('Origin',(94.4450307880378,112.462830552472,-1.));
#9852=CARTESIAN_POINT('',(88.9450307880378,112.462830552472,-1.));
#9853=CARTESIAN_POINT('',(94.4450307880378,112.462830552472,-1.));
#9854=CARTESIAN_POINT('',(138.157530788034,112.462830552472,-1.));
#9855=CARTESIAN_POINT('',(88.9450307880378,112.462830552472,1.));
#9856=CARTESIAN_POINT('',(88.9450307880378,112.462830552472,-1.));
#9857=CARTESIAN_POINT('',(94.4450307880378,112.462830552472,1.));
#9858=CARTESIAN_POINT('',(94.4450307880378,112.462830552472,1.));
#9859=CARTESIAN_POINT('',(94.4450307880378,112.462830552472,-1.));
#9860=CARTESIAN_POINT('Origin',(94.4450307880378,111.712830552472,-1.));
#9861=CARTESIAN_POINT('',(94.4450307880378,110.962830552472,-1.));
#9862=CARTESIAN_POINT('Origin',(94.4450307880378,111.712830552472,-1.));
#9863=CARTESIAN_POINT('',(94.4450307880378,110.962830552472,1.));
#9864=CARTESIAN_POINT('Origin',(94.4450307880378,111.712830552472,1.));
#9865=CARTESIAN_POINT('',(94.4450307880378,110.962830552472,-1.));
#9866=CARTESIAN_POINT('Origin',(88.9450307880378,110.962830552472,-1.));
#9867=CARTESIAN_POINT('',(88.9450307880378,110.962830552472,-1.));
#9868=CARTESIAN_POINT('',(135.407530788034,110.962830552472,-1.));
#9869=CARTESIAN_POINT('',(88.9450307880378,110.962830552472,1.));
#9870=CARTESIAN_POINT('',(88.9450307880378,110.962830552472,1.));
#9871=CARTESIAN_POINT('',(88.9450307880378,110.962830552472,-1.));
#9872=CARTESIAN_POINT('Origin',(88.9450307880378,111.712830552472,-1.));
#9873=CARTESIAN_POINT('Origin',(88.9450307880378,111.712830552472,-1.));
#9874=CARTESIAN_POINT('Origin',(88.9450307880378,111.712830552472,1.));
#9875=CARTESIAN_POINT('Origin',(91.6950307880378,111.712830552472,1.));
#9876=CARTESIAN_POINT('Origin',(73.383312038025,6.13783055247314,-1.));
#9877=CARTESIAN_POINT('',(67.883312038025,6.13783055247314,-1.));
#9878=CARTESIAN_POINT('',(73.383312038025,6.13783055247314,-1.));
#9879=CARTESIAN_POINT('',(127.626671413027,6.13783055247318,-1.));
#9880=CARTESIAN_POINT('',(67.883312038025,6.13783055247314,1.));
#9881=CARTESIAN_POINT('',(67.883312038025,6.13783055247314,-1.));
#9882=CARTESIAN_POINT('',(73.383312038025,6.13783055247314,1.));
#9883=CARTESIAN_POINT('',(73.383312038025,6.13783055247314,1.));
#9884=CARTESIAN_POINT('',(73.383312038025,6.13783055247314,-1.));
#9885=CARTESIAN_POINT('Origin',(73.383312038025,5.38783055247314,-1.));
#9886=CARTESIAN_POINT('',(73.383312038025,4.63783055247314,-1.));
#9887=CARTESIAN_POINT('Origin',(73.383312038025,5.38783055247314,-1.));
#9888=CARTESIAN_POINT('',(73.383312038025,4.63783055247314,1.));
#9889=CARTESIAN_POINT('Origin',(73.383312038025,5.38783055247314,1.));
#9890=CARTESIAN_POINT('',(73.383312038025,4.63783055247314,-1.));
#9891=CARTESIAN_POINT('Origin',(67.883312038025,4.63783055247314,-1.));
#9892=CARTESIAN_POINT('',(67.883312038025,4.63783055247314,-1.));
#9893=CARTESIAN_POINT('',(124.876671413027,4.63783055247318,-1.));
#9894=CARTESIAN_POINT('',(67.883312038025,4.63783055247314,1.));
#9895=CARTESIAN_POINT('',(67.883312038025,4.63783055247314,1.));
#9896=CARTESIAN_POINT('',(67.883312038025,4.63783055247314,-1.));
#9897=CARTESIAN_POINT('Origin',(67.883312038025,5.38783055247314,-1.));
#9898=CARTESIAN_POINT('Origin',(67.883312038025,5.38783055247314,-1.));
#9899=CARTESIAN_POINT('Origin',(67.883312038025,5.38783055247314,1.));
#9900=CARTESIAN_POINT('Origin',(70.633312038025,5.38783055247314,1.));
#9901=CARTESIAN_POINT('Origin',(265.895030788039,112.462830552472,-1.));
#9902=CARTESIAN_POINT('',(260.395030788039,112.462830552472,-1.));
#9903=CARTESIAN_POINT('',(265.895030788039,112.462830552472,-1.));
#9904=CARTESIAN_POINT('',(223.882530788034,112.462830552472,-1.));
#9905=CARTESIAN_POINT('',(260.395030788039,112.462830552472,1.));
#9906=CARTESIAN_POINT('',(260.395030788039,112.462830552472,-1.));
#9907=CARTESIAN_POINT('',(265.895030788039,112.462830552472,1.));
#9908=CARTESIAN_POINT('',(265.895030788039,112.462830552472,1.));
#9909=CARTESIAN_POINT('',(265.895030788039,112.462830552472,-1.));
#9910=CARTESIAN_POINT('Origin',(265.895030788039,111.712830552472,-1.));
#9911=CARTESIAN_POINT('',(265.895030788039,110.962830552472,-1.));
#9912=CARTESIAN_POINT('Origin',(265.895030788039,111.712830552472,-1.));
#9913=CARTESIAN_POINT('',(265.895030788039,110.962830552472,1.));
#9914=CARTESIAN_POINT('Origin',(265.895030788039,111.712830552472,1.));
#9915=CARTESIAN_POINT('',(265.895030788039,110.962830552472,-1.));
#9916=CARTESIAN_POINT('Origin',(260.395030788039,110.962830552472,-1.));
#9917=CARTESIAN_POINT('',(260.395030788039,110.962830552472,-1.));
#9918=CARTESIAN_POINT('',(221.132530788034,110.962830552472,-1.));
#9919=CARTESIAN_POINT('',(260.395030788039,110.962830552472,1.));
#9920=CARTESIAN_POINT('',(260.395030788039,110.962830552472,1.));
#9921=CARTESIAN_POINT('',(260.395030788039,110.962830552472,-1.));
#9922=CARTESIAN_POINT('Origin',(260.395030788039,111.712830552472,-1.));
#9923=CARTESIAN_POINT('Origin',(260.395030788039,111.712830552472,-1.));
#9924=CARTESIAN_POINT('Origin',(260.395030788039,111.712830552472,1.));
#9925=CARTESIAN_POINT('Origin',(263.145030788039,111.712830552472,1.));
#9926=CARTESIAN_POINT('Origin',(338.539637569214,110.350330552472,-1.));
#9927=CARTESIAN_POINT('',(339.739637569214,110.350330552472,-7.));
#9928=CARTESIAN_POINT('Origin',(338.539637569214,110.350330552472,-7.));
#9929=CARTESIAN_POINT('',(339.739637569214,110.350330552472,-1.));
#9930=CARTESIAN_POINT('',(339.739637569214,110.350330552472,-1.));
#9931=CARTESIAN_POINT('Origin',(338.539637569214,110.350330552472,-1.));
#9932=CARTESIAN_POINT('Origin',(338.539637569214,110.350330552472,-7.));
#9933=CARTESIAN_POINT('Origin',(177.420030788033,110.350330552472,-1.));
#9934=CARTESIAN_POINT('',(178.620030788033,110.350330552472,-7.));
#9935=CARTESIAN_POINT('Origin',(177.420030788033,110.350330552472,-7.));
#9936=CARTESIAN_POINT('',(178.620030788033,110.350330552472,-1.));
#9937=CARTESIAN_POINT('',(178.620030788033,110.350330552472,-1.));
#9938=CARTESIAN_POINT('Origin',(177.420030788033,110.350330552472,-1.));
#9939=CARTESIAN_POINT('Origin',(177.420030788033,110.350330552472,-7.));
#9940=CARTESIAN_POINT('',(179.420030788033,110.350330552472,-7.));
#9941=CARTESIAN_POINT('Origin',(177.420030788033,110.350330552472,-7.));
#9942=CARTESIAN_POINT('Origin',(16.3004240068441,110.350330552472,-1.));
#9943=CARTESIAN_POINT('',(17.5004240068441,110.350330552472,-7.));
#9944=CARTESIAN_POINT('Origin',(16.3004240068441,110.350330552472,-7.));
#9945=CARTESIAN_POINT('',(17.5004240068441,110.350330552472,-1.));
#9946=CARTESIAN_POINT('',(17.5004240068441,110.350330552472,-1.));
#9947=CARTESIAN_POINT('Origin',(16.3004240068441,110.350330552472,-1.));
#9948=CARTESIAN_POINT('Origin',(16.3004240068441,110.350330552472,-7.));
#9949=CARTESIAN_POINT('Origin',(338.539637569214,6.75033055247494,-1.));
#9950=CARTESIAN_POINT('',(339.739637569214,6.75033055247494,-3.5));
#9951=CARTESIAN_POINT('Origin',(338.539637569214,6.75033055247494,-3.5));
#9952=CARTESIAN_POINT('',(339.739637569214,6.75033055247494,-1.));
#9953=CARTESIAN_POINT('',(339.739637569214,6.75033055247494,-1.));
#9954=CARTESIAN_POINT('Origin',(338.539637569214,6.75033055247494,-1.));
#9955=CARTESIAN_POINT('Origin',(338.539637569214,6.75033055247494,-3.5));
#9956=CARTESIAN_POINT('Origin',(177.420030788033,6.75033055247497,-1.));
#9957=CARTESIAN_POINT('',(178.620030788033,6.75033055247497,-3.5));
#9958=CARTESIAN_POINT('Origin',(177.420030788033,6.75033055247497,-3.5));
#9959=CARTESIAN_POINT('',(178.620030788033,6.75033055247497,-1.));
#9960=CARTESIAN_POINT('',(178.620030788033,6.75033055247497,-1.));
#9961=CARTESIAN_POINT('Origin',(177.420030788033,6.75033055247497,-1.));
#9962=CARTESIAN_POINT('Origin',(177.420030788033,6.75033055247497,-3.5));
#9963=CARTESIAN_POINT('',(179.420030788033,6.75033055247497,-3.5));
#9964=CARTESIAN_POINT('Origin',(177.420030788033,6.75033055247497,-3.5));
#9965=CARTESIAN_POINT('Origin',(16.3004240068441,6.75033055247499,-1.));
#9966=CARTESIAN_POINT('',(17.5004240068441,6.75033055247499,-3.5));
#9967=CARTESIAN_POINT('Origin',(16.3004240068441,6.75033055247499,-3.5));
#9968=CARTESIAN_POINT('',(17.5004240068441,6.75033055247499,-1.));
#9969=CARTESIAN_POINT('',(17.5004240068441,6.75033055247499,-1.));
#9970=CARTESIAN_POINT('Origin',(16.3004240068441,6.75033055247499,-1.));
#9971=CARTESIAN_POINT('Origin',(16.3004240068441,6.75033055247499,-3.5));
#9972=CARTESIAN_POINT('Origin',(177.420030788033,6.75033055247497,-1.));
#9973=CARTESIAN_POINT('',(179.420030788033,6.75033055247497,-1.));
#9974=CARTESIAN_POINT('Origin',(177.420030788033,110.350330552472,-1.));
#9975=CARTESIAN_POINT('',(179.420030788033,110.350330552472,-1.));
#9976=CARTESIAN_POINT('Origin',(318.839954862174,105.985644787034,-21.0672989903756));
#9977=CARTESIAN_POINT('',(351.207530788028,66.1936382730303,-15.5791790646624));
#9978=CARTESIAN_POINT('',(356.979209788963,74.3255108153677,-10.8282778034081));
#9979=CARTESIAN_POINT('',(348.707530788028,69.3178605174651,-15.9904907261604));
#9980=CARTESIAN_POINT('',(349.690470070659,70.7027498992067,-15.181393845195));
#9981=CARTESIAN_POINT('',(348.707530788028,69.3323807703971,-15.9868936416957));
#9982=CARTESIAN_POINT('',(348.707530788028,85.2457220726421,-12.0447011022903));
#9983=CARTESIAN_POINT('',(351.207530788028,66.2081585259623,-15.5755819801978));
#9984=CARTESIAN_POINT('',(319.153729922972,106.265437598478,-20.8492228166498));
#9985=CARTESIAN_POINT('',(351.207530788028,107.944325434639,-5.23633249853484));
#9986=CARTESIAN_POINT('Origin',(349.957530788028,70.6076239826433,-12.9438834764832));
#9987=CARTESIAN_POINT('',(348.707530788028,74.7192744120929,-10.6));
#9988=CARTESIAN_POINT('',(348.707530788028,71.4915074591265,-13.8277669529663));
#9989=CARTESIAN_POINT('',(351.207530788028,73.6837405061601,-8.1));
#9990=CARTESIAN_POINT('',(348.707530788028,74.7192744120929,-10.6));
#9991=CARTESIAN_POINT('',(351.207530788028,83.2516380177381,1.46789751157799));
#9992=CARTESIAN_POINT('Origin',(40.1823343388381,111.212128217902,-21.7553785876485));
#9993=CARTESIAN_POINT('',(3.63253078803063,66.1936382730303,-15.5791790646624));
#9994=CARTESIAN_POINT('',(3.63253078803063,66.2081585259623,-15.5755819801978));
#9995=CARTESIAN_POINT('',(3.63253078803063,59.2365148041529,-17.3026587358274));
#9996=CARTESIAN_POINT('',(6.13253078803062,69.3323807703971,-15.9868936416957));
#9997=CARTESIAN_POINT('',(39.8685592780394,111.491921029346,-21.5373024139227));
#9998=CARTESIAN_POINT('',(6.13253078803063,69.3178605174651,-15.9904907261604));
#9999=CARTESIAN_POINT('',(6.13253078803062,109.774227045937,-5.96828462432287));
#10000=CARTESIAN_POINT('',(0.69037773916985,76.9854551536303,-11.5108355375086));
#10001=CARTESIAN_POINT('',(6.96715937336634,61.495391085757,-18.3240460521229));
#10002=CARTESIAN_POINT('Origin',(3.63253078803063,4.3253305524713,-1.));
#10003=CARTESIAN_POINT('',(3.63253078803063,4.39059364858132,-7.44265388134846));
#10004=CARTESIAN_POINT('',(3.63253078803063,31.038641714424,-10.9509359650456));
#10005=CARTESIAN_POINT('',(3.63253078803063,4.32533055537786,-7.43406199534942));
#10006=CARTESIAN_POINT('Ctrl Pts',(3.63253078803063,4.32533055542738,-7.43406199497332));
#10007=CARTESIAN_POINT('Ctrl Pts',(3.63253078803063,4.34708708370014,-7.43692607912732));
#10008=CARTESIAN_POINT('Ctrl Pts',(3.63253078803063,4.3688403625621,-7.4397900069133));
#10009=CARTESIAN_POINT('Ctrl Pts',(3.63253078803063,4.39059364858133,-7.44265388134846));
#10010=CARTESIAN_POINT('',(3.63253078803063,4.3253305524713,3.));
#10011=CARTESIAN_POINT('',(3.63253078803063,4.3253305524713,-1.));
#10012=CARTESIAN_POINT('',(3.63253078803063,112.775330552472,3.));
#10013=CARTESIAN_POINT('',(3.63253078803063,31.4378305524715,3.));
#10014=CARTESIAN_POINT('',(3.63253078803063,112.775330552472,-8.1));
#10015=CARTESIAN_POINT('',(3.63253078803063,112.775330552472,-1.));
#10016=CARTESIAN_POINT('',(3.63253078803064,73.6837405061601,-8.1));
#10017=CARTESIAN_POINT('',(3.63253078803064,48.1224330408937,-8.1));
#10018=CARTESIAN_POINT('',(3.63253078803063,56.1391380177379,-25.6446024884222));
#10019=CARTESIAN_POINT('Origin',(3.88253078803064,31.006010166369,-11.1987971803891));
#10020=CARTESIAN_POINT('',(4.13253078803065,4.3253305524713,-7.93837631203537));
#10021=CARTESIAN_POINT('Origin',(6.38253078803062,84.7665779366887,-18.2765101990681));
#10022=CARTESIAN_POINT('',(6.13253078803062,112.775330552472,-21.7117751950985));
#10023=CARTESIAN_POINT('',(6.13253078803062,112.775330552472,-21.7117751950985));
#10024=CARTESIAN_POINT('',(6.13253078803062,84.7992094847437,-18.0286489837247));
#10025=CARTESIAN_POINT('Ctrl Pts',(6.63253078803063,112.775330552472,-22.2160896753885));
#10026=CARTESIAN_POINT('Ctrl Pts',(6.63253078803063,113.293360902237,-22.2842896647612));
#10027=CARTESIAN_POINT('Ctrl Pts',(7.05544827245295,114.503401643575,-22.4435945505409));
#10028=CARTESIAN_POINT('Ctrl Pts',(8.24566328672842,115.079608121785,-22.5194535725232));
#10029=CARTESIAN_POINT('Ctrl Pts',(8.93253078803063,115.079608121785,-22.5194535725232));
#10030=CARTESIAN_POINT('Ctrl Pts',(6.46611768329838,112.797084892666,-22.0508490563905));
#10031=CARTESIAN_POINT('Ctrl Pts',(6.47099934582247,113.35182107025,-22.1238889505888));
#10032=CARTESIAN_POINT('Ctrl Pts',(6.9346382447276,114.638678487411,-22.2939294656595));
#10033=CARTESIAN_POINT('Ctrl Pts',(8.2019314960378,115.244848932014,-22.3745412712266));
#10034=CARTESIAN_POINT('Ctrl Pts',(8.93253078803063,115.244848932014,-22.3745412712266));
#10035=CARTESIAN_POINT('Ctrl Pts',(6.29970457856614,112.81883923286,-21.8856084373925));
#10036=CARTESIAN_POINT('Ctrl Pts',(6.3094679036143,113.410281238263,-21.9634882364164));
#10037=CARTESIAN_POINT('Ctrl Pts',(6.81382821700225,114.773955331246,-22.1442643807782));
#10038=CARTESIAN_POINT('Ctrl Pts',(8.15819970534718,115.410089742243,-22.2296289699299));
#10039=CARTESIAN_POINT('Ctrl Pts',(8.93253078803063,115.410089742243,-22.2296289699299));
#10040=CARTESIAN_POINT('Ctrl Pts',(6.1332914738339,112.840593573054,-21.7203678183945));
#10041=CARTESIAN_POINT('Ctrl Pts',(6.14793646140613,113.468741406277,-21.8030875222439));
#10042=CARTESIAN_POINT('Ctrl Pts',(6.6930181892769,114.909232175082,-21.9945992958968));
#10043=CARTESIAN_POINT('Ctrl Pts',(8.11446791465656,115.575330552472,-22.0847166686332));
#10044=CARTESIAN_POINT('Ctrl Pts',(8.93253078803063,115.575330552472,-22.0847166686332));
#10045=CARTESIAN_POINT('',(8.93253078803063,115.575330552472,-22.0847166686332));
#10046=CARTESIAN_POINT('',(8.93253078803063,115.575330552472,-22.0847166686332));
#10047=CARTESIAN_POINT('',(6.1332914738339,112.840593573054,-21.7203678183945));
#10048=CARTESIAN_POINT('',(6.63253078803063,112.775330552472,-22.2160896753885));
#10049=CARTESIAN_POINT('Ctrl Pts',(6.1332914738339,112.840593573054,-21.7203678183945));
#10050=CARTESIAN_POINT('Ctrl Pts',(6.14793646140613,113.468741406277,-21.8030875222439));
#10051=CARTESIAN_POINT('Ctrl Pts',(6.6930181892769,114.909232175082,-21.9945992958968));
#10052=CARTESIAN_POINT('Ctrl Pts',(8.11446791465656,115.575330552472,-22.0847166686332));
#10053=CARTESIAN_POINT('Ctrl Pts',(8.93253078803063,115.575330552472,-22.0847166686332));
#10054=CARTESIAN_POINT('Origin',(263.888780788029,115.327469337129,-22.3020851205782));
#10055=CARTESIAN_POINT('',(345.907530788028,115.575330552472,-22.0847166686332));
#10056=CARTESIAN_POINT('',(345.907530788028,115.575330552472,-22.0847166686332));
#10057=CARTESIAN_POINT('',(263.888780788029,115.575330552472,-22.0847166686332));
#10058=CARTESIAN_POINT('Ctrl Pts',(345.907530788028,115.079608121785,-22.5194535725232));
#10059=CARTESIAN_POINT('Ctrl Pts',(346.422681414004,115.079608121785,-22.5194535725232));
#10060=CARTESIAN_POINT('Ctrl Pts',(347.626890570596,114.660172924266,-22.4642338811937));
#10061=CARTESIAN_POINT('Ctrl Pts',(348.207530788028,113.466037685492,-22.307022994552));
#10062=CARTESIAN_POINT('Ctrl Pts',(348.207530788028,112.775330552472,-22.2160896753885));
#10063=CARTESIAN_POINT('Ctrl Pts',(345.907530788028,115.244848932014,-22.3745412712266));
#10064=CARTESIAN_POINT('Ctrl Pts',(346.455480257022,115.244848932014,-22.3745412712266));
#10065=CARTESIAN_POINT('Ctrl Pts',(347.736461579595,114.803643515971,-22.3158575136571));
#10066=CARTESIAN_POINT('Ctrl Pts',(348.367435009395,113.536733129445,-22.1482355819882));
#10067=CARTESIAN_POINT('Ctrl Pts',(348.37394389276,112.797084892666,-22.0508490563905));
#10068=CARTESIAN_POINT('Ctrl Pts',(345.907530788028,115.410089742243,-22.2296289699299));
#10069=CARTESIAN_POINT('Ctrl Pts',(346.48827910004,115.410089742243,-22.2296289699299));
#10070=CARTESIAN_POINT('Ctrl Pts',(347.846032588594,114.947114107676,-22.1674811461204));
#10071=CARTESIAN_POINT('Ctrl Pts',(348.527339230761,113.607428573398,-21.9894481694243));
#10072=CARTESIAN_POINT('Ctrl Pts',(348.540356997492,112.81883923286,-21.8856084373925));
#10073=CARTESIAN_POINT('Ctrl Pts',(345.907530788028,115.575330552472,-22.0847166686332));
#10074=CARTESIAN_POINT('Ctrl Pts',(346.521077943058,115.575330552472,-22.0847166686332));
#10075=CARTESIAN_POINT('Ctrl Pts',(347.955603597594,115.090584699381,-22.0191047785838));
#10076=CARTESIAN_POINT('Ctrl Pts',(348.687243452128,113.678124017351,-21.8306607568604));
#10077=CARTESIAN_POINT('Ctrl Pts',(348.706770102224,112.840593573054,-21.7203678183945));
#10078=CARTESIAN_POINT('',(348.706770102224,112.840593573054,-21.7203678183945));
#10079=CARTESIAN_POINT('',(348.706770102224,112.840593573054,-21.7203678183945));
#10080=CARTESIAN_POINT('Ctrl Pts',(345.907530788028,115.575330552472,-22.0847166686332));
#10081=CARTESIAN_POINT('Ctrl Pts',(346.521077943058,115.575330552472,-22.0847166686332));
#10082=CARTESIAN_POINT('Ctrl Pts',(347.955603597594,115.090584699381,-22.0191047785838));
#10083=CARTESIAN_POINT('Ctrl Pts',(348.687243452128,113.678124017351,-21.8306607568604));
#10084=CARTESIAN_POINT('Ctrl Pts',(348.706770102224,112.840593573054,-21.7203678183945));
#10085=CARTESIAN_POINT('Ctrl Pts',(6.63253078803063,112.710067456362,-22.2074976257854));
#10086=CARTESIAN_POINT('Ctrl Pts',(6.63253078803063,112.731821821732,-22.2103616423198));
#10087=CARTESIAN_POINT('Ctrl Pts',(6.63253078803063,112.753576187102,-22.2132256588541));
#10088=CARTESIAN_POINT('Ctrl Pts',(6.63253078803063,112.775330552472,-22.2160896753885));
#10089=CARTESIAN_POINT('Ctrl Pts',(6.46586412136396,112.731821821732,-22.0422568155564));
#10090=CARTESIAN_POINT('Ctrl Pts',(6.46586412136396,112.753576187102,-22.0451208320908));
#10091=CARTESIAN_POINT('Ctrl Pts',(6.46594861962758,112.775330560868,-22.0479847848476));
#10092=CARTESIAN_POINT('Ctrl Pts',(6.46611768329838,112.797084892666,-22.0508490563905));
#10093=CARTESIAN_POINT('Ctrl Pts',(6.29919745469729,112.753576187102,-21.8770160053274));
#10094=CARTESIAN_POINT('Ctrl Pts',(6.29919745469729,112.775330552472,-21.8798800218618));
#10095=CARTESIAN_POINT('Ctrl Pts',(6.29936645122453,112.797084934635,-21.8827439108411));
#10096=CARTESIAN_POINT('Ctrl Pts',(6.29970457856614,112.81883923286,-21.8856084373925));
#10097=CARTESIAN_POINT('Ctrl Pts',(6.13253078803062,112.775330552472,-21.7117751950985));
#10098=CARTESIAN_POINT('Ctrl Pts',(6.13253078803062,112.797084917842,-21.7146392116329));
#10099=CARTESIAN_POINT('Ctrl Pts',(6.13278428282148,112.818839308401,-21.7175030368346));
#10100=CARTESIAN_POINT('Ctrl Pts',(6.1332914738339,112.840593573054,-21.7203678183945));
#10101=CARTESIAN_POINT('Ctrl Pts',(6.13253078803062,112.775330552472,-21.7117751950985));
#10102=CARTESIAN_POINT('Ctrl Pts',(6.13253078803062,112.797084917842,-21.7146392116329));
#10103=CARTESIAN_POINT('Ctrl Pts',(6.13278428282148,112.818839308401,-21.7175030368346));
#10104=CARTESIAN_POINT('Ctrl Pts',(6.1332914738339,112.840593573054,-21.7203678183945));
#10105=CARTESIAN_POINT('Origin',(348.457530788028,61.6612531849492,-15.2346364879337));
#10106=CARTESIAN_POINT('',(348.707530788028,112.775330552472,-21.7117751950985));
#10107=CARTESIAN_POINT('',(348.207530788028,112.710067456362,-22.2074976257854));
#10108=CARTESIAN_POINT('',(348.707530788028,61.6938847330042,-14.9867752725903));
#10109=CARTESIAN_POINT('Ctrl Pts',(348.207530788028,112.775330552472,-22.2160896753885));
#10110=CARTESIAN_POINT('Ctrl Pts',(348.207530788028,112.753576187102,-22.2132256588541));
#10111=CARTESIAN_POINT('Ctrl Pts',(348.207530788028,112.731821821732,-22.2103616423198));
#10112=CARTESIAN_POINT('Ctrl Pts',(348.207530788028,112.710067456362,-22.2074976257854));
#10113=CARTESIAN_POINT('Ctrl Pts',(348.37394389276,112.797084892666,-22.0508490563905));
#10114=CARTESIAN_POINT('Ctrl Pts',(348.374112956431,112.775330560868,-22.0479847848476));
#10115=CARTESIAN_POINT('Ctrl Pts',(348.374197454694,112.753576187102,-22.0451208320908));
#10116=CARTESIAN_POINT('Ctrl Pts',(348.374197454694,112.731821821732,-22.0422568155564));
#10117=CARTESIAN_POINT('Ctrl Pts',(348.540356997492,112.81883923286,-21.8856084373925));
#10118=CARTESIAN_POINT('Ctrl Pts',(348.540695124834,112.797084934635,-21.8827439108411));
#10119=CARTESIAN_POINT('Ctrl Pts',(348.540864121361,112.775330552472,-21.8798800218618));
#10120=CARTESIAN_POINT('Ctrl Pts',(348.540864121361,112.753576187102,-21.8770160053274));
#10121=CARTESIAN_POINT('Ctrl Pts',(348.706770102224,112.840593573054,-21.7203678183945));
#10122=CARTESIAN_POINT('Ctrl Pts',(348.707277293237,112.818839308401,-21.7175030368346));
#10123=CARTESIAN_POINT('Ctrl Pts',(348.707530788028,112.797084917842,-21.7146392116329));
#10124=CARTESIAN_POINT('Ctrl Pts',(348.707530788028,112.775330552472,-21.7117751950985));
#10125=CARTESIAN_POINT('Ctrl Pts',(348.706770102224,112.840593573054,-21.7203678183945));
#10126=CARTESIAN_POINT('Ctrl Pts',(348.707277293237,112.818839308401,-21.7175030368346));
#10127=CARTESIAN_POINT('Ctrl Pts',(348.707530788028,112.797084917842,-21.7146392116329));
#10128=CARTESIAN_POINT('Ctrl Pts',(348.707530788028,112.775330552472,-21.7117751950985));
#10129=CARTESIAN_POINT('Origin',(350.957530788028,84.3071741316319,-18.2160285407312));
#10130=CARTESIAN_POINT('',(351.207530788028,64.6208866271458,-15.3721223823971));
#10131=CARTESIAN_POINT('',(351.207530788028,84.3398056796869,-17.9681673253878));
#10132=CARTESIAN_POINT('',(351.207530788028,64.6208866271458,-15.3721223823971));
#10133=CARTESIAN_POINT('Ctrl Pts',(352.167909660813,62.8470604178182,-15.1417707188264));
#10134=CARTESIAN_POINT('Ctrl Pts',(351.577547685874,63.2062820216926,-15.1877662179883));
#10135=CARTESIAN_POINT('Ctrl Pts',(351.207530786307,63.8828197901935,-15.2750023047669));
#10136=CARTESIAN_POINT('Ctrl Pts',(351.207530788028,64.5556235361511,-15.3635314764912));
#10137=CARTESIAN_POINT('Ctrl Pts',(352.092614288668,62.699131369628,-15.2893413212053));
#10138=CARTESIAN_POINT('Ctrl Pts',(351.457326369403,63.0802447154691,-15.3386512302656));
#10139=CARTESIAN_POINT('Ctrl Pts',(351.050408260939,63.8010610127487,-15.4323272959996));
#10140=CARTESIAN_POINT('Ctrl Pts',(351.041305938028,64.5285374222102,-15.5280699676964));
#10141=CARTESIAN_POINT('Ctrl Pts',(352.017318916524,62.5512023214379,-15.4369119235843));
#10142=CARTESIAN_POINT('Ctrl Pts',(351.337105052932,62.9542074092455,-15.4895362425428));
#10143=CARTESIAN_POINT('Ctrl Pts',(350.893285735572,63.719302235304,-15.5896522872323));
#10144=CARTESIAN_POINT('Ctrl Pts',(350.875081088028,64.5014513082693,-15.6926084589015));
#10145=CARTESIAN_POINT('Ctrl Pts',(351.94202354438,62.4032732732478,-15.5844825259633));
#10146=CARTESIAN_POINT('Ctrl Pts',(351.216883736462,62.8281701030219,-15.64042125482));
#10147=CARTESIAN_POINT('Ctrl Pts',(350.736163210204,63.6375434578592,-15.7469772784651));
#10148=CARTESIAN_POINT('Ctrl Pts',(350.708856238029,64.4743651943284,-15.8571469501066));
#10149=CARTESIAN_POINT('',(351.207530788028,64.5556235360552,-15.3635314771391));
#10150=CARTESIAN_POINT('',(350.708856238029,64.4743651943153,-15.8571469501049));
#10151=CARTESIAN_POINT('',(352.167909660813,62.8470604178182,-15.1417707188264));
#10152=CARTESIAN_POINT('Ctrl Pts',(351.207530788028,64.5556235361511,-15.3635314764912));
#10153=CARTESIAN_POINT('Ctrl Pts',(351.207530786307,63.8828197901935,-15.2750023047669));
#10154=CARTESIAN_POINT('Ctrl Pts',(351.577547685874,63.2062820216926,-15.1877662179883));
#10155=CARTESIAN_POINT('Ctrl Pts',(352.167909660813,62.8470604178182,-15.1417707188264));
#10156=CARTESIAN_POINT('',(352.167909660813,62.8470604178182,-15.1417707188264));
#10157=CARTESIAN_POINT('Ctrl Pts',(350.707530788028,64.5556235310358,-15.867844813084));
#10158=CARTESIAN_POINT('Ctrl Pts',(350.707530788028,64.5285326630055,-15.864278232646));
#10159=CARTESIAN_POINT('Ctrl Pts',(350.707972680682,64.5014417954363,-15.8607116522687));
#10160=CARTESIAN_POINT('Ctrl Pts',(350.708856238029,64.4743651943153,-15.8571469501049));
#10161=CARTESIAN_POINT('Ctrl Pts',(350.874197454694,64.5773778964058,-15.702604002855));
#10162=CARTESIAN_POINT('Ctrl Pts',(350.874197454694,64.5520683861087,-15.6992719426117));
#10163=CARTESIAN_POINT('Ctrl Pts',(350.874492049797,64.5267588947386,-15.6959397576362));
#10164=CARTESIAN_POINT('Ctrl Pts',(350.875081088029,64.5014513082571,-15.6926084588999));
#10165=CARTESIAN_POINT('Ctrl Pts',(351.040864121361,64.5991322617758,-15.537363192626));
#10166=CARTESIAN_POINT('Ctrl Pts',(351.040864121361,64.575604109212,-15.5342656525774));
#10167=CARTESIAN_POINT('Ctrl Pts',(351.041011418912,64.5520759940409,-15.5311678630037));
#10168=CARTESIAN_POINT('Ctrl Pts',(351.041305938028,64.5285374221989,-15.5280699676949));
#10169=CARTESIAN_POINT('Ctrl Pts',(351.207530788028,64.6208866271458,-15.3721223823971));
#10170=CARTESIAN_POINT('Ctrl Pts',(351.207530788028,64.5991398323151,-15.3692593625431));
#10171=CARTESIAN_POINT('Ctrl Pts',(351.207530788028,64.5773930933433,-15.3663959683712));
#10172=CARTESIAN_POINT('Ctrl Pts',(351.207530788028,64.5556235361406,-15.3635314764898));
#10173=CARTESIAN_POINT('Ctrl Pts',(351.207530788028,64.6208866271458,-15.3721223823971));
#10174=CARTESIAN_POINT('Ctrl Pts',(351.207530788028,64.5991398323151,-15.3692593625431));
#10175=CARTESIAN_POINT('Ctrl Pts',(351.207530788028,64.5773930933433,-15.3663959683712));
#10176=CARTESIAN_POINT('Ctrl Pts',(351.207530788028,64.5556235361406,-15.3635314764898));
#10177=CARTESIAN_POINT('Ctrl Pts',(351.969857051031,62.3869252262717,-15.5823302647482));
#10178=CARTESIAN_POINT('Ctrl Pts',(354.614954585904,60.8296167487257,-15.3773067141653));
#10179=CARTESIAN_POINT('Ctrl Pts',(358.947164921238,56.0979371124092,-14.7543692722608));
#10180=CARTESIAN_POINT('Ctrl Pts',(360.367346643819,46.5707343725038,-13.5000892365308));
#10181=CARTESIAN_POINT('Ctrl Pts',(356.899148903136,39.3376934440265,-12.5478413331449));
#10182=CARTESIAN_POINT('Ctrl Pts',(353.266189111476,36.4232847627589,-12.1641521512656));
#10183=CARTESIAN_POINT('Ctrl Pts',(351.94202354438,35.6473878316963,-12.0620033824208));
#10184=CARTESIAN_POINT('Ctrl Pts',(352.045377926522,62.5346286248355,-15.4347390584296));
#10185=CARTESIAN_POINT('Ctrl Pts',(354.716878340013,60.9643191210034,-15.2277550503656));
#10186=CARTESIAN_POINT('Ctrl Pts',(359.0962388283,56.1921475984021,-14.598813156312));
#10187=CARTESIAN_POINT('Ctrl Pts',(360.546037511382,46.568941767007,-13.3315954631665));
#10188=CARTESIAN_POINT('Ctrl Pts',(357.049344147519,39.24931169737,-12.3686031151248));
#10189=CARTESIAN_POINT('Ctrl Pts',(353.375848712902,36.296886095865,-11.9803498693779));
#10190=CARTESIAN_POINT('Ctrl Pts',(352.036366243997,35.5107394093397,-11.8769765532955));
#10191=CARTESIAN_POINT('Ctrl Pts',(352.120898802012,62.6823320233993,-15.287147852111));
#10192=CARTESIAN_POINT('Ctrl Pts',(354.818802094121,61.099021493281,-15.0782033865659));
#10193=CARTESIAN_POINT('Ctrl Pts',(359.245312735362,56.2863580843949,-14.4432570403633));
#10194=CARTESIAN_POINT('Ctrl Pts',(360.724728378945,46.5671491615102,-13.1631016898023));
#10195=CARTESIAN_POINT('Ctrl Pts',(357.199539391901,39.1609299507135,-12.1893648971048));
#10196=CARTESIAN_POINT('Ctrl Pts',(353.485508314329,36.1704874289711,-11.7965475874901));
#10197=CARTESIAN_POINT('Ctrl Pts',(352.130708943614,35.3740909869831,-11.6919497241701));
#10198=CARTESIAN_POINT('Ctrl Pts',(352.196419677503,62.8300354219631,-15.1395566457924));
#10199=CARTESIAN_POINT('Ctrl Pts',(354.92072584823,61.2337238655587,-14.9286517227663));
#10200=CARTESIAN_POINT('Ctrl Pts',(359.394386642425,56.3805685703877,-14.2877009244145));
#10201=CARTESIAN_POINT('Ctrl Pts',(360.903419246508,46.5653565560134,-12.9946079164381));
#10202=CARTESIAN_POINT('Ctrl Pts',(357.349734636283,39.072548204057,-12.0101266790848));
#10203=CARTESIAN_POINT('Ctrl Pts',(353.595167915755,36.0440887620773,-11.6127453056024));
#10204=CARTESIAN_POINT('Ctrl Pts',(352.22505164323,35.2374425646265,-11.5069228950448));
#10205=CARTESIAN_POINT('',(352.1964196775,62.8300354219646,-15.1395566457474));
#10206=CARTESIAN_POINT('',(351.969857051031,62.3869252262717,-15.5823302647482));
#10207=CARTESIAN_POINT('',(352.22505164323,35.2374425646265,-11.5069228950448));
#10208=CARTESIAN_POINT('Ctrl Pts',(352.196419677503,62.8300354219631,-15.1395566457924));
#10209=CARTESIAN_POINT('Ctrl Pts',(354.92072584823,61.2337238655587,-14.9286517227663));
#10210=CARTESIAN_POINT('Ctrl Pts',(359.394386642425,56.3805685703877,-14.2877009244145));
#10211=CARTESIAN_POINT('Ctrl Pts',(360.903419246508,46.5653565560134,-12.9946079164381));
#10212=CARTESIAN_POINT('Ctrl Pts',(357.349734636283,39.072548204057,-12.0101266790848));
#10213=CARTESIAN_POINT('Ctrl Pts',(353.595167915755,36.0440887620773,-11.6127453056024));
#10214=CARTESIAN_POINT('Ctrl Pts',(352.22505164323,35.2374425646265,-11.5069228950448));
#10215=CARTESIAN_POINT('',(352.22505164323,35.2374425646265,-11.5069228950448));
#10216=CARTESIAN_POINT('Ctrl Pts',(351.94202354438,62.4032732732478,-15.5844825259633));
#10217=CARTESIAN_POINT('Ctrl Pts',(351.95130704413,62.3978335917269,-15.583766378305));
#10218=CARTESIAN_POINT('Ctrl Pts',(351.960584886388,62.3923842388083,-15.583048957383));
#10219=CARTESIAN_POINT('Ctrl Pts',(351.969857051031,62.3869252262716,-15.5823302647482));
#10220=CARTESIAN_POINT('Ctrl Pts',(352.017318916524,62.5512023214379,-15.4369119235843));
#10221=CARTESIAN_POINT('Ctrl Pts',(352.026660256838,62.5456577408372,-15.4361888908418));
#10222=CARTESIAN_POINT('Ctrl Pts',(352.036013208831,62.5401332113638,-15.4354646232815));
#10223=CARTESIAN_POINT('Ctrl Pts',(352.045377926522,62.5346286248354,-15.4347390584296));
#10224=CARTESIAN_POINT('Ctrl Pts',(352.092614288668,62.699131369628,-15.2893413212053));
#10225=CARTESIAN_POINT('Ctrl Pts',(352.102013469545,62.6934818899476,-15.2886114033785));
#10226=CARTESIAN_POINT('Ctrl Pts',(352.111441531273,62.6878821839192,-15.28788028918));
#10227=CARTESIAN_POINT('Ctrl Pts',(352.120898802012,62.6823320233992,-15.287147852111));
#10228=CARTESIAN_POINT('Ctrl Pts',(352.167909660813,62.8470604178182,-15.1417707188264));
#10229=CARTESIAN_POINT('Ctrl Pts',(352.177366682252,62.8413060390579,-15.1410339159153));
#10230=CARTESIAN_POINT('Ctrl Pts',(352.186869853716,62.8356311564747,-15.1402959550785));
#10231=CARTESIAN_POINT('Ctrl Pts',(352.196419677503,62.830035421963,-15.1395566457924));
#10232=CARTESIAN_POINT('Ctrl Pts',(352.167909660813,62.8470604178182,-15.1417707188264));
#10233=CARTESIAN_POINT('Ctrl Pts',(352.177366682252,62.8413060390579,-15.1410339159153));
#10234=CARTESIAN_POINT('Ctrl Pts',(352.186869853716,62.8356311564747,-15.1402959550785));
#10235=CARTESIAN_POINT('Ctrl Pts',(352.196419677503,62.830035421963,-15.1395566457924));
#10236=CARTESIAN_POINT('Ctrl Pts',(351.208595884732,33.5603005219451,-11.2829197893403));
#10237=CARTESIAN_POINT('Ctrl Pts',(351.230865510399,34.2423955447455,-11.3727671507482));
#10238=CARTESIAN_POINT('Ctrl Pts',(351.624036273786,34.8852367106378,-11.4592451035575));
#10239=CARTESIAN_POINT('Ctrl Pts',(352.196419672806,35.220625680229,-11.5046806863486));
#10240=CARTESIAN_POINT('Ctrl Pts',(351.041574185831,33.5385462059328,-11.4481602246602));
#10241=CARTESIAN_POINT('Ctrl Pts',(351.056420602942,34.2766649895093,-11.5453673047438));
#10242=CARTESIAN_POINT('Ctrl Pts',(351.474880195015,34.9840078480436,-11.6397216305655));
#10243=CARTESIAN_POINT('Ctrl Pts',(352.099396198647,35.3555756355457,-11.6894933160006));
#10244=CARTESIAN_POINT('Ctrl Pts',(350.874552486929,33.5167918899205,-11.6134006599802));
#10245=CARTESIAN_POINT('Ctrl Pts',(350.881975695485,34.3109344342731,-11.7179674587394));
#10246=CARTESIAN_POINT('Ctrl Pts',(351.325724116244,35.0827789854494,-11.8201981575735));
#10247=CARTESIAN_POINT('Ctrl Pts',(352.002372724488,35.4905255908624,-11.8743059456526));
#10248=CARTESIAN_POINT('Ctrl Pts',(350.707530788028,33.4950375739082,-11.7786410953001));
#10249=CARTESIAN_POINT('Ctrl Pts',(350.707530788028,34.3452038790368,-11.890567612735));
#10250=CARTESIAN_POINT('Ctrl Pts',(351.176568037473,35.1815501228551,-12.0006746845815));
#10251=CARTESIAN_POINT('Ctrl Pts',(351.905349250329,35.6254755461791,-12.0591185753046));
#10252=CARTESIAN_POINT('',(352.196419672825,35.2206256802402,-11.5046806860253));
#10253=CARTESIAN_POINT('',(351.905349250329,35.6254755461791,-12.0591185753046));
#10254=CARTESIAN_POINT('',(351.208595884732,33.5603005219451,-11.2829197893403));
#10255=CARTESIAN_POINT('Ctrl Pts',(352.196419672806,35.220625680229,-11.5046806863486));
#10256=CARTESIAN_POINT('Ctrl Pts',(351.624036273786,34.8852367106378,-11.4592451035575));
#10257=CARTESIAN_POINT('Ctrl Pts',(351.230865510399,34.2423955447455,-11.3727671507482));
#10258=CARTESIAN_POINT('Ctrl Pts',(351.208595884732,33.5603005219451,-11.2829197893403));
#10259=CARTESIAN_POINT('',(351.208595884732,33.5603005219451,-11.2829197893403));
#10260=CARTESIAN_POINT('Ctrl Pts',(351.94202354438,35.6473878316963,-12.0620033824208));
#10261=CARTESIAN_POINT('Ctrl Pts',(351.929736212689,35.6401880500478,-12.0610555131847));
#10262=CARTESIAN_POINT('Ctrl Pts',(351.917510853847,35.6328835925097,-12.0600938631063));
#10263=CARTESIAN_POINT('Ctrl Pts',(351.905349250329,35.6254755461791,-12.0591185753046));
#10264=CARTESIAN_POINT('Ctrl Pts',(352.036366243997,35.5107394093397,-11.8769765532955));
#10265=CARTESIAN_POINT('Ctrl Pts',(352.024995564485,35.5040678676754,-11.8760990973134));
#10266=CARTESIAN_POINT('Ctrl Pts',(352.013664360377,35.4973298998332,-11.8752088743426));
#10267=CARTESIAN_POINT('Ctrl Pts',(352.002372724488,35.4905255908624,-11.8743059456526));
#10268=CARTESIAN_POINT('Ctrl Pts',(352.130708943614,35.3740909869831,-11.6919497241701));
#10269=CARTESIAN_POINT('Ctrl Pts',(352.120254916281,35.367947685303,-11.6911426814421));
#10270=CARTESIAN_POINT('Ctrl Pts',(352.109817866906,35.3617762071567,-11.6903238855789));
#10271=CARTESIAN_POINT('Ctrl Pts',(352.099396198647,35.3555756355457,-11.6894933160006));
#10272=CARTESIAN_POINT('Ctrl Pts',(352.22505164323,35.2374425646265,-11.5069228950448));
#10273=CARTESIAN_POINT('Ctrl Pts',(352.215514268077,35.2318275029305,-11.5061862655708));
#10274=CARTESIAN_POINT('Ctrl Pts',(352.205971373436,35.2262225144802,-11.5054388968152));
#10275=CARTESIAN_POINT('Ctrl Pts',(352.196419672806,35.220625680229,-11.5046806863486));
#10276=CARTESIAN_POINT('Ctrl Pts',(352.22505164323,35.2374425646265,-11.5069228950448));
#10277=CARTESIAN_POINT('Ctrl Pts',(352.215514268077,35.2318275029305,-11.5061862655708));
#10278=CARTESIAN_POINT('Ctrl Pts',(352.205971373436,35.2262225144802,-11.5054388968152));
#10279=CARTESIAN_POINT('Ctrl Pts',(352.196419672806,35.220625680229,-11.5046806863486));
#10280=CARTESIAN_POINT('Origin',(350.957530788028,45.9281686661808,-13.1633366162843));
#10281=CARTESIAN_POINT('',(351.207530788028,33.4950375739082,-11.2743266150101));
#10282=CARTESIAN_POINT('',(350.707530788028,33.4297744777982,-11.770049045697));
#10283=CARTESIAN_POINT('',(351.207530788028,4.39059364858134,-7.44265388134846));
#10284=CARTESIAN_POINT('',(351.207530788028,45.9608002142358,-12.9154754009408));
#10285=CARTESIAN_POINT('',(351.207530788028,4.39059364858134,-7.44265388134846));
#10286=CARTESIAN_POINT('Ctrl Pts',(350.707530788028,33.4950375739082,-11.7786410953001));
#10287=CARTESIAN_POINT('Ctrl Pts',(350.707530788028,33.4732832085382,-11.7757770787657));
#10288=CARTESIAN_POINT('Ctrl Pts',(350.707530788028,33.4515288431682,-11.7729130622314));
#10289=CARTESIAN_POINT('Ctrl Pts',(350.707530788028,33.4297744777982,-11.770049045697));
#10290=CARTESIAN_POINT('Ctrl Pts',(350.874552486929,33.5167918899206,-11.6134006599802));
#10291=CARTESIAN_POINT('Ctrl Pts',(350.874315737327,33.495037590378,-11.6105361434368));
#10292=CARTESIAN_POINT('Ctrl Pts',(350.874197454694,33.4732832085382,-11.6076722520024));
#10293=CARTESIAN_POINT('Ctrl Pts',(350.874197454694,33.4515288431682,-11.604808235468));
#10294=CARTESIAN_POINT('Ctrl Pts',(351.041574185831,33.5385462059328,-11.4481602246602));
#10295=CARTESIAN_POINT('Ctrl Pts',(351.041100686627,33.5167919722177,-11.4452952081078));
#10296=CARTESIAN_POINT('Ctrl Pts',(351.040864121361,33.4950375739082,-11.4424314417734));
#10297=CARTESIAN_POINT('Ctrl Pts',(351.040864121361,33.4732832085382,-11.439567425239));
#10298=CARTESIAN_POINT('Ctrl Pts',(351.208595884732,33.5603005219452,-11.2829197893403));
#10299=CARTESIAN_POINT('Ctrl Pts',(351.207885635926,33.5385463540575,-11.2800542727788));
#10300=CARTESIAN_POINT('Ctrl Pts',(351.207530788028,33.5167919392783,-11.2771906315444));
#10301=CARTESIAN_POINT('Ctrl Pts',(351.207530788028,33.4950375739082,-11.2743266150101));
#10302=CARTESIAN_POINT('Ctrl Pts',(351.208595884732,33.5603005219452,-11.2829197893403));
#10303=CARTESIAN_POINT('Ctrl Pts',(351.207885635926,33.5385463540575,-11.2800542727788));
#10304=CARTESIAN_POINT('Ctrl Pts',(351.207530788028,33.5167919392783,-11.2771906315444));
#10305=CARTESIAN_POINT('Ctrl Pts',(351.207530788028,33.4950375739082,-11.2743266150101));
#10306=CARTESIAN_POINT('Ctrl Pts',(350.707166272329,4.26612389837049,-7.9305816081492));
#10307=CARTESIAN_POINT('Ctrl Pts',(350.693984479731,3.19563474863196,-7.78964903794592));
#10308=CARTESIAN_POINT('Ctrl Pts',(350.051128339957,1.42596482806046,-7.55666757299739));
#10309=CARTESIAN_POINT('Ctrl Pts',(348.040291153648,-0.15592723451923,-7.3484075320451));
#10310=CARTESIAN_POINT('Ctrl Pts',(346.619339840992,-0.478947016841818,
-7.30588117093219));
#10311=CARTESIAN_POINT('Ctrl Pts',(345.907530788028,-0.478947016841817,
-7.30588117093219));
#10312=CARTESIAN_POINT('Ctrl Pts',(350.873954444229,4.28585945072279,-7.76507507042391));
#10313=CARTESIAN_POINT('Ctrl Pts',(350.865166582716,3.17880993217582,-7.61933316241977));
#10314=CARTESIAN_POINT('Ctrl Pts',(350.2080740093,1.34243631067582,-7.37798486161597));
#10315=CARTESIAN_POINT('Ctrl Pts',(348.124742060621,-0.306755427018985,
-7.16168115105451));
#10316=CARTESIAN_POINT('Ctrl Pts',(346.64754792725,-0.644187827070785,-7.11746013889552));
#10317=CARTESIAN_POINT('Ctrl Pts',(345.907530788028,-0.644187827070786,
-7.11746013889552));
#10318=CARTESIAN_POINT('Ctrl Pts',(351.040742616128,4.30559500307509,-7.59956853269861));
#10319=CARTESIAN_POINT('Ctrl Pts',(351.036348685701,3.16198511571968,-7.44901728689362));
#10320=CARTESIAN_POINT('Ctrl Pts',(350.365019678644,1.25890779329117,-7.19930215023454));
#10321=CARTESIAN_POINT('Ctrl Pts',(348.209192967593,-0.457583619518744,
-6.97495477006391));
#10322=CARTESIAN_POINT('Ctrl Pts',(346.675756013509,-0.809428637299752,
-6.92903910685884));
#10323=CARTESIAN_POINT('Ctrl Pts',(345.907530788028,-0.809428637299754,
-6.92903910685884));
#10324=CARTESIAN_POINT('Ctrl Pts',(351.207530788028,4.32533055542739,-7.43406199497332));
#10325=CARTESIAN_POINT('Ctrl Pts',(351.207530788686,3.14516029926355,-7.27870141136748));
#10326=CARTESIAN_POINT('Ctrl Pts',(350.521965347988,1.17537927590653,-7.02061943885311));
#10327=CARTESIAN_POINT('Ctrl Pts',(348.293643874565,-0.6084118120185,-6.78822838907332));
#10328=CARTESIAN_POINT('Ctrl Pts',(346.703964099767,-0.97466944752872,-6.74061807482217));
#10329=CARTESIAN_POINT('Ctrl Pts',(345.907530788028,-0.974669447528723,
-6.74061807482217));
#10330=CARTESIAN_POINT('',(351.207530788028,4.32533055537788,-7.43406199534943));
#10331=CARTESIAN_POINT('',(350.707166272329,4.26612389837049,-7.9305816081492));
#10332=CARTESIAN_POINT('',(345.907530788028,-0.974669447528723,-6.74061807482217));
#10333=CARTESIAN_POINT('Ctrl Pts',(351.207530788028,4.32533055542739,-7.43406199497332));
#10334=CARTESIAN_POINT('Ctrl Pts',(351.207530788686,3.14516029926355,-7.27870141136748));
#10335=CARTESIAN_POINT('Ctrl Pts',(350.521965347988,1.17537927590653,-7.02061943885311));
#10336=CARTESIAN_POINT('Ctrl Pts',(348.293643874565,-0.6084118120185,-6.78822838907332));
#10337=CARTESIAN_POINT('Ctrl Pts',(346.703964099767,-0.97466944752872,-6.74061807482217));
#10338=CARTESIAN_POINT('Ctrl Pts',(345.907530788028,-0.974669447528723,
-6.74061807482217));
#10339=CARTESIAN_POINT('',(345.907530788028,-0.974669447528723,-6.74061807482217));
#10340=CARTESIAN_POINT('Origin',(263.888780788029,-0.726808232185261,-7.02324962287718));
#10341=CARTESIAN_POINT('',(8.93253078803063,-0.974669447528685,-6.74061807482217));
#10342=CARTESIAN_POINT('',(8.93253078803063,-0.974669447528685,-6.74061807482217));
#10343=CARTESIAN_POINT('',(263.888780788029,-0.974669447528712,-6.74061807482217));
#10344=CARTESIAN_POINT('Ctrl Pts',(8.93253078803063,-0.478947016841783,
-7.3058811709322));
#10345=CARTESIAN_POINT('Ctrl Pts',(7.86481720858426,-0.478947016841785,
-7.3058811709322));
#10346=CARTESIAN_POINT('Ctrl Pts',(5.36721531468789,0.380724333050677,-7.41905905124986));
#10347=CARTESIAN_POINT('Ctrl Pts',(4.15047102719379,2.83880503205244,-7.74267151454482));
#10348=CARTESIAN_POINT('Ctrl Pts',(4.1328953037293,4.26612389837048,-7.9305816081492));
#10349=CARTESIAN_POINT('Ctrl Pts',(8.93253078803063,-0.64418782707075,-7.11746013889552));
#10350=CARTESIAN_POINT('Ctrl Pts',(7.82250507919655,-0.644187827070752,
-7.11746013889552));
#10351=CARTESIAN_POINT('Ctrl Pts',(5.2264027366464,0.255107185086677,-7.23524247300461));
#10352=CARTESIAN_POINT('Ctrl Pts',(3.97782428051352,2.80979342599348,-7.57075252641839));
#10353=CARTESIAN_POINT('Ctrl Pts',(3.96610713182975,4.28585945072277,-7.7650750704239));
#10354=CARTESIAN_POINT('Ctrl Pts',(8.93253078803064,-0.809428637299718,
-6.92903910685885));
#10355=CARTESIAN_POINT('Ctrl Pts',(7.78019294980884,-0.809428637299719,
-6.92903910685885));
#10356=CARTESIAN_POINT('Ctrl Pts',(5.08559015860492,0.129490037122676,-7.05142589475936));
#10357=CARTESIAN_POINT('Ctrl Pts',(3.80517753383325,2.78078181993454,-7.39883353829196));
#10358=CARTESIAN_POINT('Ctrl Pts',(3.79931895993019,4.30559500307507,-7.59956853269861));
#10359=CARTESIAN_POINT('Ctrl Pts',(8.93253078803064,-0.974669447528685,
-6.74061807482217));
#10360=CARTESIAN_POINT('Ctrl Pts',(7.73788082042113,-0.974669447528687,
-6.74061807482217));
#10361=CARTESIAN_POINT('Ctrl Pts',(4.94477758056343,0.00387288915867668,
-6.8676093165141));
#10362=CARTESIAN_POINT('Ctrl Pts',(3.63253078715298,2.75177021387559,-7.22691455016553));
#10363=CARTESIAN_POINT('Ctrl Pts',(3.63253078803063,4.32533055542737,-7.43406199497331));
#10364=CARTESIAN_POINT('',(3.63253078803063,4.32533055537786,-7.43406199534942));
#10365=CARTESIAN_POINT('Ctrl Pts',(8.93253078803064,-0.974669447528685,
-6.74061807482217));
#10366=CARTESIAN_POINT('Ctrl Pts',(7.73788082042113,-0.974669447528687,
-6.74061807482217));
#10367=CARTESIAN_POINT('Ctrl Pts',(4.94477758056343,0.00387288915867668,
-6.8676093165141));
#10368=CARTESIAN_POINT('Ctrl Pts',(3.63253078715298,2.75177021387559,-7.22691455016553));
#10369=CARTESIAN_POINT('Ctrl Pts',(3.63253078803063,4.32533055542737,-7.43406199497331));
#10370=CARTESIAN_POINT('Ctrl Pts',(350.707530788028,4.32533055247132,-7.93837631203537));
#10371=CARTESIAN_POINT('Ctrl Pts',(350.707530788028,4.30559449979132,-7.93577801140753));
#10372=CARTESIAN_POINT('Ctrl Pts',(350.707409279676,4.28585844711928,-7.93317971078074));
#10373=CARTESIAN_POINT('Ctrl Pts',(350.707166272329,4.26612389837049,-7.9305816081492));
#10374=CARTESIAN_POINT('Ctrl Pts',(350.874197454694,4.34708491784132,-7.7731355018064));
#10375=CARTESIAN_POINT('Ctrl Pts',(350.874197454694,4.32667645404825,-7.77044867657612));
#10376=CARTESIAN_POINT('Ctrl Pts',(350.874116449127,4.30626799264624,-7.76776183356293));
#10377=CARTESIAN_POINT('Ctrl Pts',(350.873954444229,4.28585945072279,-7.76507507042391));
#10378=CARTESIAN_POINT('Ctrl Pts',(351.040864121361,4.36883928321133,-7.60789469157743));
#10379=CARTESIAN_POINT('Ctrl Pts',(351.040864121361,4.34775840830518,-7.60511934174471));
#10380=CARTESIAN_POINT('Ctrl Pts',(351.040823618577,4.3266775381732,-7.60234395634513));
#10381=CARTESIAN_POINT('Ctrl Pts',(351.040742616128,4.30559500307509,-7.59956853269861));
#10382=CARTESIAN_POINT('Ctrl Pts',(351.207530788028,4.39059364858134,-7.44265388134846));
#10383=CARTESIAN_POINT('Ctrl Pts',(351.207530788028,4.36884036256211,-7.4397900069133));
#10384=CARTESIAN_POINT('Ctrl Pts',(351.207530788028,4.34708708370015,-7.43692607912732));
#10385=CARTESIAN_POINT('Ctrl Pts',(351.207530788028,4.32533055542739,-7.43406199497332));
#10386=CARTESIAN_POINT('Ctrl Pts',(351.207530788028,4.39059364858134,-7.44265388134846));
#10387=CARTESIAN_POINT('Ctrl Pts',(351.207530788028,4.36884036256211,-7.4397900069133));
#10388=CARTESIAN_POINT('Ctrl Pts',(351.207530788028,4.34708708370015,-7.43692607912732));
#10389=CARTESIAN_POINT('Ctrl Pts',(351.207530788028,4.32533055542739,-7.43406199497332));
#10390=CARTESIAN_POINT('Ctrl Pts',(4.13289530372932,4.26612389837048,-7.9305816081492));
#10391=CARTESIAN_POINT('Ctrl Pts',(4.13265229638199,4.28585844711927,-7.93317971078074));
#10392=CARTESIAN_POINT('Ctrl Pts',(4.13253078803063,4.30559449979131,-7.93577801140753));
#10393=CARTESIAN_POINT('Ctrl Pts',(4.13253078803063,4.3253305524713,-7.93837631203537));
#10394=CARTESIAN_POINT('Ctrl Pts',(3.96610713182976,4.28585945072278,-7.76507507042391));
#10395=CARTESIAN_POINT('Ctrl Pts',(3.96594512693153,4.30626799264622,-7.76776183356293));
#10396=CARTESIAN_POINT('Ctrl Pts',(3.96586412136396,4.32667645404824,-7.77044867657612));
#10397=CARTESIAN_POINT('Ctrl Pts',(3.96586412136396,4.34708491784131,-7.7731355018064));
#10398=CARTESIAN_POINT('Ctrl Pts',(3.79931895993019,4.30559500307508,-7.59956853269861));
#10399=CARTESIAN_POINT('Ctrl Pts',(3.79923795748108,4.32667753817318,-7.60234395634513));
#10400=CARTESIAN_POINT('Ctrl Pts',(3.7991974546973,4.34775840830517,-7.60511934174471));
#10401=CARTESIAN_POINT('Ctrl Pts',(3.7991974546973,4.36883928321132,-7.60789469157743));
#10402=CARTESIAN_POINT('Ctrl Pts',(3.63253078803063,4.32533055542738,-7.43406199497332));
#10403=CARTESIAN_POINT('Ctrl Pts',(3.63253078803063,4.34708708370014,-7.43692607912732));
#10404=CARTESIAN_POINT('Ctrl Pts',(3.63253078803063,4.3688403625621,-7.4397900069133));
#10405=CARTESIAN_POINT('Ctrl Pts',(3.63253078803063,4.39059364858133,-7.44265388134846));
#10406=CARTESIAN_POINT('Origin',(4.88253078803062,82.3605214942212,-1.1909859649052));
#10407=CARTESIAN_POINT('',(6.13253078803062,74.7192744120928,-10.6));
#10408=CARTESIAN_POINT('',(6.13253078803062,74.7192744120928,-10.6));
#10409=CARTESIAN_POINT('',(6.13253078803062,83.2444049707044,-2.07486944138838));
#10410=CARTESIAN_POINT('Origin',(344.107530788029,49.025330552472,3.5));
#10411=CARTESIAN_POINT('',(352.196419676917,62.8300354223065,3.));
#10412=CARTESIAN_POINT('',(351.690864121361,61.9672413679418,4.));
#10413=CARTESIAN_POINT('',(352.196419676917,62.8300354223065,3.));
#10414=CARTESIAN_POINT('',(351.690864121361,36.0834197370022,4.));
#10415=CARTESIAN_POINT('Origin',(344.107530788029,49.025330552472,4.));
#10416=CARTESIAN_POINT('',(352.196419676917,35.2206256826376,3.));
#10417=CARTESIAN_POINT('',(351.690864121361,36.0834197370022,4.));
#10418=CARTESIAN_POINT('Origin',(344.107530788029,49.025330552472,3.));
#10419=CARTESIAN_POINT('Origin',(353.207530788028,64.5556235310358,3.5));
#10420=CARTESIAN_POINT('',(351.207530788028,64.5556235310358,3.));
#10421=CARTESIAN_POINT('Origin',(353.207530788028,64.5556235310358,3.));
#10422=CARTESIAN_POINT('',(350.207530788028,64.5556235310358,4.));
#10423=CARTESIAN_POINT('',(351.207530788028,64.5556235310358,3.));
#10424=CARTESIAN_POINT('Origin',(353.207530788028,64.5556235310358,4.));
#10425=CARTESIAN_POINT('Origin',(350.707530788028,85.6628305524719,3.5));
#10426=CARTESIAN_POINT('',(351.207530788028,112.775330552472,3.));
#10427=CARTESIAN_POINT('',(350.207530788028,112.775330552472,4.));
#10428=CARTESIAN_POINT('',(351.207530788028,112.775330552472,3.));
#10429=CARTESIAN_POINT('',(350.207530788028,85.6628305524719,4.));
#10430=CARTESIAN_POINT('',(351.207530788028,85.6628305524719,3.));
#10431=CARTESIAN_POINT('Origin',(345.907530788028,112.775330552472,3.5));
#10432=CARTESIAN_POINT('',(345.907530788028,118.075330552472,3.));
#10433=CARTESIAN_POINT('',(345.907530788028,117.075330552472,4.));
#10434=CARTESIAN_POINT('',(345.907530788028,118.075330552472,3.));
#10435=CARTESIAN_POINT('Origin',(345.907530788028,112.775330552472,4.));
#10436=CARTESIAN_POINT('Origin',(345.907530788028,112.775330552472,3.));
#10437=CARTESIAN_POINT('Origin',(95.4012807880303,117.575330552472,3.5));
#10438=CARTESIAN_POINT('',(8.93253078803063,118.075330552472,3.));
#10439=CARTESIAN_POINT('',(8.93253078803063,117.075330552472,4.));
#10440=CARTESIAN_POINT('',(8.93253078803063,118.075330552472,3.));
#10441=CARTESIAN_POINT('',(95.4012807880303,117.075330552472,4.));
#10442=CARTESIAN_POINT('',(95.4012807880303,118.075330552472,3.));
#10443=CARTESIAN_POINT('Origin',(8.93253078803064,112.775330552472,3.5));
#10444=CARTESIAN_POINT('',(4.63253078803063,112.775330552472,4.));
#10445=CARTESIAN_POINT('',(3.63253078803063,112.775330552472,3.));
#10446=CARTESIAN_POINT('Origin',(8.93253078803064,112.775330552472,4.));
#10447=CARTESIAN_POINT('Origin',(8.93253078803064,112.775330552472,3.));
#10448=CARTESIAN_POINT('Origin',(4.13253078803063,31.4378305524715,3.5));
#10449=CARTESIAN_POINT('',(4.63253078803064,4.3253305524713,4.));
#10450=CARTESIAN_POINT('',(3.63253078803063,4.3253305524713,3.));
#10451=CARTESIAN_POINT('',(4.63253078803064,31.4378305524715,4.));
#10452=CARTESIAN_POINT('Origin',(8.93253078803063,4.32533055247132,3.5));
#10453=CARTESIAN_POINT('',(8.93253078803063,-0.974669447528685,3.));
#10454=CARTESIAN_POINT('',(8.93253078803063,0.0253305524713143,4.));
#10455=CARTESIAN_POINT('',(8.93253078803063,-0.974669447528685,3.));
#10456=CARTESIAN_POINT('Origin',(8.93253078803063,4.32533055247132,4.));
#10457=CARTESIAN_POINT('Origin',(8.93253078803063,4.32533055247132,3.));
#10458=CARTESIAN_POINT('Origin',(263.888780788029,-0.474669447528712,3.5));
#10459=CARTESIAN_POINT('',(345.907530788028,-0.974669447528721,3.));
#10460=CARTESIAN_POINT('',(345.907530788028,0.025330552471279,4.));
#10461=CARTESIAN_POINT('',(345.907530788028,-0.974669447528721,3.));
#10462=CARTESIAN_POINT('',(263.888780788029,0.0253305524712877,4.));
#10463=CARTESIAN_POINT('',(263.888780788029,-0.974669447528712,3.));
#10464=CARTESIAN_POINT('Origin',(345.907530788028,4.32533055247129,3.5));
#10465=CARTESIAN_POINT('',(351.207530788028,4.32533055247132,3.));
#10466=CARTESIAN_POINT('',(350.207530788028,4.32533055247131,4.));
#10467=CARTESIAN_POINT('',(351.207530788028,4.32533055247132,3.));
#10468=CARTESIAN_POINT('Origin',(345.907530788028,4.32533055247129,4.));
#10469=CARTESIAN_POINT('Origin',(345.907530788028,4.32533055247129,3.));
#10470=CARTESIAN_POINT('Origin',(350.707530788028,46.6186255756278,3.5));
#10471=CARTESIAN_POINT('',(351.207530788028,33.4950375739082,3.));
#10472=CARTESIAN_POINT('',(350.207530788028,33.4950375739082,4.));
#10473=CARTESIAN_POINT('',(351.207530788028,33.4950375739082,3.));
#10474=CARTESIAN_POINT('',(350.207530788028,46.6186255756278,4.));
#10475=CARTESIAN_POINT('',(351.207530788028,46.6186255756278,3.));
#10476=CARTESIAN_POINT('Origin',(353.207530788028,33.4950375739082,3.5));
#10477=CARTESIAN_POINT('Origin',(353.207530788028,33.4950375739082,3.));
#10478=CARTESIAN_POINT('Origin',(353.207530788028,33.4950375739082,4.));
#10479=CARTESIAN_POINT('Origin',(8.93253078803064,112.775330552472,-1.));
#10480=CARTESIAN_POINT('',(8.93253078803063,118.075330552472,-8.1));
#10481=CARTESIAN_POINT('',(8.93253078803063,118.075330552472,-1.));
#10482=CARTESIAN_POINT('Origin',(8.93253078803064,112.775330552472,-8.1));
#10483=CARTESIAN_POINT('Origin',(8.93253078803063,118.075330552472,-1.));
#10484=CARTESIAN_POINT('',(345.907530788028,118.075330552472,-8.1));
#10485=CARTESIAN_POINT('',(345.907530788028,118.075330552472,-1.));
#10486=CARTESIAN_POINT('',(331.653855052159,118.075330552472,-8.1));
#10487=CARTESIAN_POINT('',(93.1762807880299,118.075330552472,-8.1));
#10488=CARTESIAN_POINT('',(331.653855052159,118.075330552472,-3.5));
#10489=CARTESIAN_POINT('',(331.653855052159,118.075330552472,-1.));
#10490=CARTESIAN_POINT('',(328.153855052159,118.075330552472,3.94129173741931E-14));
#10491=CARTESIAN_POINT('Origin',(328.153855052159,118.075330552472,-3.5));
#10492=CARTESIAN_POINT('',(317.153855052159,118.075330552472,2.77555756156289E-16));
#10493=CARTESIAN_POINT('',(161.793192920095,118.075330552472,2.77555756156289E-16));
#10494=CARTESIAN_POINT('',(313.653855052159,118.075330552472,-3.5));
#10495=CARTESIAN_POINT('Origin',(317.153855052159,118.075330552472,-3.5));
#10496=CARTESIAN_POINT('',(313.653855052159,118.075330552472,-8.1));
#10497=CARTESIAN_POINT('',(313.653855052159,118.075330552472,-1.));
#10498=CARTESIAN_POINT('',(93.1762807880299,118.075330552472,-8.1));
#10499=CARTESIAN_POINT('Origin',(345.907530788028,112.775330552472,-1.));
#10500=CARTESIAN_POINT('',(351.207530788028,112.775330552472,-8.1));
#10501=CARTESIAN_POINT('',(351.207530788028,112.775330552472,-1.));
#10502=CARTESIAN_POINT('Origin',(345.907530788028,112.775330552472,-8.1));
#10503=CARTESIAN_POINT('Origin',(351.207530788028,112.775330552472,-1.));
#10504=CARTESIAN_POINT('',(351.207530788028,102.347433040894,-8.1));
#10505=CARTESIAN_POINT('',(351.207530788028,64.5556235310358,-1.));
#10506=CARTESIAN_POINT('Origin',(353.207530788028,64.5556235310358,-1.));
#10507=CARTESIAN_POINT('',(352.196419676917,62.8300354223065,-1.));
#10508=CARTESIAN_POINT('Origin',(344.107530788029,49.025330552472,-1.));
#10509=CARTESIAN_POINT('',(352.196419676917,35.2206256826376,-1.));
#10510=CARTESIAN_POINT('Origin',(181.87003078803,58.5503305524716,4.));
#10511=CARTESIAN_POINT('',(348.707530788028,34.8743588543864,4.));
#10512=CARTESIAN_POINT('',(349.95466454599,36.8572975636723,4.));
#10513=CARTESIAN_POINT('Origin',(350.907530788028,34.8743588543864,4.));
#10514=CARTESIAN_POINT('',(348.707530788028,4.32533055247132,4.));
#10515=CARTESIAN_POINT('',(348.707530788028,34.9058404766934,4.));
#10516=CARTESIAN_POINT('',(345.907530788028,1.52533055247128,4.));
#10517=CARTESIAN_POINT('Origin',(345.907530788028,4.32533055247129,4.));
#10518=CARTESIAN_POINT('',(8.93253078803063,1.52533055247131,4.));
#10519=CARTESIAN_POINT('',(345.907530788028,1.52533055247129,4.));
#10520=CARTESIAN_POINT('',(6.13253078803062,4.32533055247131,4.));
#10521=CARTESIAN_POINT('Origin',(8.93253078803063,4.32533055247132,4.));
#10522=CARTESIAN_POINT('',(6.13253078803062,112.775330552472,4.));
#10523=CARTESIAN_POINT('',(6.13253078803063,4.32533055247131,4.));
#10524=CARTESIAN_POINT('',(8.93253078803063,115.575330552472,4.));
#10525=CARTESIAN_POINT('Origin',(8.93253078803064,112.775330552472,4.));
#10526=CARTESIAN_POINT('',(345.907530788028,115.575330552472,4.));
#10527=CARTESIAN_POINT('',(8.93253078803063,115.575330552472,4.));
#10528=CARTESIAN_POINT('',(348.707530788028,112.775330552472,4.));
#10529=CARTESIAN_POINT('Origin',(345.907530788028,112.775330552472,4.));
#10530=CARTESIAN_POINT('',(348.707530788028,63.1763022505577,4.));
#10531=CARTESIAN_POINT('',(348.707530788028,112.775330552472,4.));
#10532=CARTESIAN_POINT('',(349.95466454599,61.1933635412718,4.));
#10533=CARTESIAN_POINT('Origin',(350.907530788028,63.1763022505577,4.));
#10534=CARTESIAN_POINT('Origin',(344.107530788029,49.025330552472,4.));
#10535=CARTESIAN_POINT('Origin',(313.853855052159,106.887830552472,-1.));
#10536=CARTESIAN_POINT('',(314.653855052159,106.887830552472,-3.1));
#10537=CARTESIAN_POINT('',(313.853855052159,106.087830552472,-3.1));
#10538=CARTESIAN_POINT('Origin',(313.853855052159,106.887830552472,-3.1));
#10539=CARTESIAN_POINT('',(313.853855052159,106.087830552472,-8.1));
#10540=CARTESIAN_POINT('',(313.853855052159,106.087830552472,-1.));
#10541=CARTESIAN_POINT('',(314.653855052159,106.887830552472,-8.1));
#10542=CARTESIAN_POINT('Origin',(313.853855052159,106.887830552472,-8.1));
#10543=CARTESIAN_POINT('',(314.653855052159,106.887830552472,-1.));
#10544=CARTESIAN_POINT('Origin',(177.420030788029,58.5503305524717,-3.1));
#10545=CARTESIAN_POINT('',(314.653855052159,108.950330552472,-3.1));
#10546=CARTESIAN_POINT('',(314.653855052159,115.575330552472,-3.1));
#10547=CARTESIAN_POINT('',(313.853855052159,108.150330552472,-3.1));
#10548=CARTESIAN_POINT('Origin',(313.853855052159,108.950330552472,-3.1));
#10549=CARTESIAN_POINT('',(311.143014134239,108.150330552472,-3.1));
#10550=CARTESIAN_POINT('',(343.582530788028,108.150330552472,-3.1));
#10551=CARTESIAN_POINT('',(310.658891215963,108.77533055247,-3.1));
#10552=CARTESIAN_POINT('Origin',(311.143014134239,108.650330552472,-3.1));
#10553=CARTESIAN_POINT('',(304.062227801558,111.050330552458,-3.1));
#10554=CARTESIAN_POINT('Origin',(307.270030788028,109.650330552458,-3.1));
#10555=CARTESIAN_POINT('',(302.687455093072,110.150330552458,-3.1));
#10556=CARTESIAN_POINT('Origin',(302.687455093072,111.650330552457,-3.1));
#10557=CARTESIAN_POINT('',(276.584244350402,110.150330552458,-3.1));
#10558=CARTESIAN_POINT('',(302.687455093072,110.150330552458,-3.1));
#10559=CARTESIAN_POINT('',(275.523584178622,109.710990724237,-3.1));
#10560=CARTESIAN_POINT('Origin',(276.584244350402,108.650330552457,-3.1));
#10561=CARTESIAN_POINT('',(274.109370616264,108.296777161879,-3.1));
#10562=CARTESIAN_POINT('',(275.523584178622,109.710990724237,-3.1));
#10563=CARTESIAN_POINT('',(273.755817225671,108.150330552472,-3.1));
#10564=CARTESIAN_POINT('Origin',(273.755817225671,108.650330552472,-3.1));
#10565=CARTESIAN_POINT('',(252.534244350407,108.150330552472,-3.1));
#10566=CARTESIAN_POINT('',(273.755817225671,108.150330552472,-3.1));
#10567=CARTESIAN_POINT('',(252.180690959813,108.296777161879,-3.1));
#10568=CARTESIAN_POINT('Origin',(252.534244350407,108.650330552472,-3.1));
#10569=CARTESIAN_POINT('',(250.76647739744,109.710990724252,-3.1));
#10570=CARTESIAN_POINT('',(252.180690959813,108.296777161879,-3.1));
#10571=CARTESIAN_POINT('',(249.70581722566,110.150330552472,-3.1));
#10572=CARTESIAN_POINT('Origin',(249.705817225661,108.650330552472,-3.1));
#10573=CARTESIAN_POINT('',(229.627606482985,110.150330552472,-3.1));
#10574=CARTESIAN_POINT('',(249.70581722566,110.150330552472,-3.1));
#10575=CARTESIAN_POINT('',(228.252833774498,111.050330552472,-3.1));
#10576=CARTESIAN_POINT('Origin',(229.627606482985,111.650330552472,-3.1));
#10577=CARTESIAN_POINT('',(221.83722780156,111.050330552472,-3.1));
#10578=CARTESIAN_POINT('Origin',(225.045030788029,109.650330552472,-3.1));
#10579=CARTESIAN_POINT('',(220.462455093073,110.150330552472,-3.1));
#10580=CARTESIAN_POINT('Origin',(220.462455093073,111.650330552472,-3.1));
#10581=CARTESIAN_POINT('',(200.384244350405,110.150330552472,-3.1));
#10582=CARTESIAN_POINT('',(220.462455093073,110.150330552472,-3.1));
#10583=CARTESIAN_POINT('',(199.323584178625,109.710990724252,-3.1));
#10584=CARTESIAN_POINT('Origin',(200.384244350405,108.650330552472,-3.1));
#10585=CARTESIAN_POINT('',(197.909370616252,108.296777161879,-3.1));
#10586=CARTESIAN_POINT('',(199.323584178625,109.710990724252,-3.1));
#10587=CARTESIAN_POINT('',(197.555817225659,108.150330552472,-3.1));
#10588=CARTESIAN_POINT('Origin',(197.555817225659,108.650330552472,-3.1));
#10589=CARTESIAN_POINT('',(157.284244350406,108.150330552472,-3.1));
#10590=CARTESIAN_POINT('',(197.555817225659,108.150330552472,-3.1));
#10591=CARTESIAN_POINT('',(156.930690959813,108.296777161879,-3.1));
#10592=CARTESIAN_POINT('Origin',(157.284244350407,108.650330552472,-3.1));
#10593=CARTESIAN_POINT('',(155.51647739744,109.710990724252,-3.1));
#10594=CARTESIAN_POINT('',(156.930690959813,108.296777161879,-3.1));
#10595=CARTESIAN_POINT('',(154.45581722566,110.150330552472,-3.1));
#10596=CARTESIAN_POINT('Origin',(154.45581722566,108.650330552472,-3.1));
#10597=CARTESIAN_POINT('',(134.377606482985,110.150330552472,-3.1));
#10598=CARTESIAN_POINT('',(154.45581722566,110.150330552472,-3.1));
#10599=CARTESIAN_POINT('',(133.002833774498,111.050330552472,-3.1));
#10600=CARTESIAN_POINT('Origin',(134.377606482985,111.650330552472,-3.1));
#10601=CARTESIAN_POINT('',(126.58722780156,111.050330552472,-3.1));
#10602=CARTESIAN_POINT('Origin',(129.795030788029,109.650330552472,-3.1));
#10603=CARTESIAN_POINT('',(125.212455093073,110.150330552472,-3.1));
#10604=CARTESIAN_POINT('Origin',(125.212455093073,111.650330552472,-3.1));
#10605=CARTESIAN_POINT('',(105.134244350412,110.150330552472,-3.1));
#10606=CARTESIAN_POINT('',(125.212455093073,110.150330552472,-3.1));
#10607=CARTESIAN_POINT('',(104.073584178633,109.710990724252,-3.1));
#10608=CARTESIAN_POINT('Origin',(105.134244350412,108.650330552472,-3.1));
#10609=CARTESIAN_POINT('',(102.65937061626,108.296777161879,-3.1));
#10610=CARTESIAN_POINT('',(104.073584178633,109.710990724252,-3.1));
#10611=CARTESIAN_POINT('',(102.305817225666,108.150330552472,-3.1));
#10612=CARTESIAN_POINT('Origin',(102.305817225666,108.650330552472,-3.1));
#10613=CARTESIAN_POINT('',(81.0842443504096,108.150330552472,-3.1));
#10614=CARTESIAN_POINT('',(102.305817225666,108.150330552472,-3.1));
#10615=CARTESIAN_POINT('',(80.7306909598163,108.296777161879,-3.1));
#10616=CARTESIAN_POINT('Origin',(81.0842443504097,108.650330552472,-3.1));
#10617=CARTESIAN_POINT('',(79.3164773974432,109.710990724252,-3.1));
#10618=CARTESIAN_POINT('',(80.7306909598163,108.296777161879,-3.1));
#10619=CARTESIAN_POINT('',(78.2558172256634,110.150330552472,-3.1));
#10620=CARTESIAN_POINT('Origin',(78.2558172256633,108.650330552472,-3.1));
#10621=CARTESIAN_POINT('',(52.1526064829865,110.150330552472,-3.1));
#10622=CARTESIAN_POINT('',(78.2558172256634,110.150330552472,-3.1));
#10623=CARTESIAN_POINT('',(50.7778337744997,111.050330552472,-3.1));
#10624=CARTESIAN_POINT('Origin',(52.1526064829865,111.650330552472,-3.1));
#10625=CARTESIAN_POINT('',(44.1811703600991,108.775330552472,-3.1));
#10626=CARTESIAN_POINT('Origin',(47.5700307880306,109.650330552472,-3.1));
#10627=CARTESIAN_POINT('',(43.6970474418232,108.150330552472,-3.1));
#10628=CARTESIAN_POINT('Origin',(43.6970474418232,108.650330552472,-3.1));
#10629=CARTESIAN_POINT('',(11.2575307880306,108.150330552472,-3.1));
#10630=CARTESIAN_POINT('',(43.6970474418232,108.150330552472,-3.1));
#10631=CARTESIAN_POINT('',(8.75753078803065,105.650330552472,-3.1));
#10632=CARTESIAN_POINT('Origin',(11.2575307880306,105.650330552472,-3.1));
#10633=CARTESIAN_POINT('',(8.75753078803061,11.450330552475,-3.1));
#10634=CARTESIAN_POINT('',(8.75753078803064,105.650330552472,-3.1));
#10635=CARTESIAN_POINT('',(11.2575307880306,8.95033055247499,-3.1));
#10636=CARTESIAN_POINT('Origin',(11.2575307880306,11.450330552475,-3.1));
#10637=CARTESIAN_POINT('',(21.3433172256576,8.95033055247499,-3.1));
#10638=CARTESIAN_POINT('',(11.2575307880306,8.950330552475,-3.1));
#10639=CARTESIAN_POINT('',(21.6968706162508,8.80388394306827,-3.1));
#10640=CARTESIAN_POINT('Origin',(21.3433172256576,8.45033055247499,-3.1));
#10641=CARTESIAN_POINT('',(23.111084178624,7.38967038069514,-3.1));
#10642=CARTESIAN_POINT('',(21.6968706162508,8.80388394306826,-3.1));
#10643=CARTESIAN_POINT('',(24.1717443504038,6.95033055247496,-3.1));
#10644=CARTESIAN_POINT('Origin',(24.1717443504038,8.45033055247497,-3.1));
#10645=CARTESIAN_POINT('',(34.7249550930705,6.95033055247496,-3.1));
#10646=CARTESIAN_POINT('',(24.1717443504038,6.95033055247496,-3.1));
#10647=CARTESIAN_POINT('',(36.0997278015572,6.05033055247496,-3.1));
#10648=CARTESIAN_POINT('Origin',(34.7249550930705,5.45033055247497,-3.1));
#10649=CARTESIAN_POINT('',(42.5153337744954,6.05033055247494,-3.1));
#10650=CARTESIAN_POINT('Origin',(39.3075307880263,7.45033055247496,-3.1));
#10651=CARTESIAN_POINT('',(43.8901064829822,6.95033055247496,-3.1));
#10652=CARTESIAN_POINT('Origin',(43.8901064829822,5.45033055247496,-3.1));
#10653=CARTESIAN_POINT('',(54.4433172256525,6.95033055247496,-3.1));
#10654=CARTESIAN_POINT('',(43.8901064829822,6.95033055247495,-3.1));
#10655=CARTESIAN_POINT('',(55.5039773974323,7.38967038069511,-3.1));
#10656=CARTESIAN_POINT('Origin',(54.4433172256525,8.45033055247498,-3.1));
#10657=CARTESIAN_POINT('',(56.9181909598055,8.80388394306825,-3.1));
#10658=CARTESIAN_POINT('',(55.5039773974323,7.38967038069511,-3.1));
#10659=CARTESIAN_POINT('',(57.2717443503987,8.95033055247499,-3.1));
#10660=CARTESIAN_POINT('Origin',(57.2717443503987,8.45033055247504,-3.1));
#10661=CARTESIAN_POINT('',(83.9948797256513,8.95033055247499,-3.1));
#10662=CARTESIAN_POINT('',(57.2717443503987,8.95033055247499,-3.1));
#10663=CARTESIAN_POINT('',(84.3484331162446,8.80388394306825,-3.1));
#10664=CARTESIAN_POINT('Origin',(83.9948797256513,8.45033055247498,-3.1));
#10665=CARTESIAN_POINT('',(85.7626466786214,7.38967038069147,-3.1));
#10666=CARTESIAN_POINT('',(84.3484331162446,8.80388394306825,-3.1));
#10667=CARTESIAN_POINT('',(86.8233068504012,6.95033055247132,-3.1));
#10668=CARTESIAN_POINT('Origin',(86.8233068504012,8.45033055247131,-3.1));
#10669=CARTESIAN_POINT('',(102.030330093072,6.95033055247132,-3.1));
#10670=CARTESIAN_POINT('',(86.8233068504012,6.95033055247131,-3.1));
#10671=CARTESIAN_POINT('',(103.405102801558,6.05033055247132,-3.1));
#10672=CARTESIAN_POINT('Origin',(102.030330093072,5.45033055247132,-3.1));
#10673=CARTESIAN_POINT('',(109.820708774497,6.05033055247134,-3.1));
#10674=CARTESIAN_POINT('Origin',(106.612905788027,7.45033055247131,-3.1));
#10675=CARTESIAN_POINT('',(111.195481482983,6.9503305524713,-3.1));
#10676=CARTESIAN_POINT('Origin',(111.195481482983,5.45033055247128,-3.1));
#10677=CARTESIAN_POINT('',(135.405817225654,6.95033055247132,-3.1));
#10678=CARTESIAN_POINT('',(111.195481482983,6.9503305524713,-3.1));
#10679=CARTESIAN_POINT('',(136.466477397434,7.38967038069152,-3.1));
#10680=CARTESIAN_POINT('Origin',(135.405817225654,8.45033055247112,-3.1));
#10681=CARTESIAN_POINT('',(137.88069095981,8.80388394306825,-3.1));
#10682=CARTESIAN_POINT('',(136.466477397434,7.38967038069152,-3.1));
#10683=CARTESIAN_POINT('',(138.234244350404,8.95033055247497,-3.1));
#10684=CARTESIAN_POINT('Origin',(138.234244350404,8.45033055247494,-3.1));
#10685=CARTESIAN_POINT('',(197.555817225652,8.95033055247497,-3.1));
#10686=CARTESIAN_POINT('',(138.234244350404,8.95033055247498,-3.1));
#10687=CARTESIAN_POINT('',(197.909370616245,8.80388394306825,-3.1));
#10688=CARTESIAN_POINT('Origin',(197.555817225652,8.45033055247507,-3.1));
#10689=CARTESIAN_POINT('',(199.323584178622,7.38967038069148,-3.1));
#10690=CARTESIAN_POINT('',(197.909370616245,8.80388394306825,-3.1));
#10691=CARTESIAN_POINT('',(200.384244350402,6.95033055247134,-3.1));
#10692=CARTESIAN_POINT('Origin',(200.384244350402,8.45033055247146,-3.1));
#10693=CARTESIAN_POINT('',(224.594580093072,6.95033055247132,-3.1));
#10694=CARTESIAN_POINT('',(200.384244350402,6.95033055247133,-3.1));
#10695=CARTESIAN_POINT('',(225.969352801559,6.05033055247132,-3.1));
#10696=CARTESIAN_POINT('Origin',(224.594580093072,5.45033055247134,-3.1));
#10697=CARTESIAN_POINT('',(232.384958774497,6.05033055247132,-3.1));
#10698=CARTESIAN_POINT('Origin',(229.177155788028,7.45033055247131,-3.1));
#10699=CARTESIAN_POINT('',(233.759731482984,6.95033055247128,-3.1));
#10700=CARTESIAN_POINT('Origin',(233.759731482984,5.4503305524713,-3.1));
#10701=CARTESIAN_POINT('',(248.966754725654,6.95033055247132,-3.1));
#10702=CARTESIAN_POINT('',(233.759731482984,6.95033055247129,-3.1));
#10703=CARTESIAN_POINT('',(250.027414897434,7.38967038069148,-3.1));
#10704=CARTESIAN_POINT('Origin',(248.966754725654,8.45033055247137,-3.1));
#10705=CARTESIAN_POINT('',(251.441628459811,8.80388394306824,-3.1));
#10706=CARTESIAN_POINT('',(250.027414897434,7.38967038069148,-3.1));
#10707=CARTESIAN_POINT('',(251.795181850404,8.95033055247497,-3.1));
#10708=CARTESIAN_POINT('Origin',(251.795181850404,8.45033055247499,-3.1));
#10709=CARTESIAN_POINT('',(297.56831722566,8.95033055247497,-3.1));
#10710=CARTESIAN_POINT('',(251.795181850404,8.95033055247496,-3.1));
#10711=CARTESIAN_POINT('',(297.921870616253,8.8038839430682,-3.1));
#10712=CARTESIAN_POINT('Origin',(297.56831722566,8.45033055247471,-3.1));
#10713=CARTESIAN_POINT('',(299.336084178626,7.38967038069513,-3.1));
#10714=CARTESIAN_POINT('',(297.921870616253,8.8038839430682,-3.1));
#10715=CARTESIAN_POINT('',(300.396744350406,6.95033055247494,-3.1));
#10716=CARTESIAN_POINT('Origin',(300.396744350406,8.45033055247486,-3.1));
#10717=CARTESIAN_POINT('',(310.949955093076,6.95033055247494,-3.1));
#10718=CARTESIAN_POINT('',(300.396744350406,6.95033055247494,-3.1));
#10719=CARTESIAN_POINT('',(312.324727801563,6.05033055247496,-3.1));
#10720=CARTESIAN_POINT('Origin',(310.949955093076,5.45033055247506,-3.1));
#10721=CARTESIAN_POINT('',(318.740333774501,6.05033055247496,-3.1));
#10722=CARTESIAN_POINT('Origin',(315.532530788032,7.45033055247498,-3.1));
#10723=CARTESIAN_POINT('',(320.115106482988,6.95033055247496,-3.1));
#10724=CARTESIAN_POINT('Origin',(320.115106482988,5.45033055247496,-3.1));
#10725=CARTESIAN_POINT('',(330.668317225655,6.95033055247494,-3.1));
#10726=CARTESIAN_POINT('',(320.115106482988,6.95033055247496,-3.1));
#10727=CARTESIAN_POINT('',(331.728977397434,7.38967038069502,-3.1));
#10728=CARTESIAN_POINT('Origin',(330.668317225654,8.45033055247561,-3.1));
#10729=CARTESIAN_POINT('',(333.143190959807,8.80388394306824,-3.1));
#10730=CARTESIAN_POINT('',(331.728977397434,7.38967038069502,-3.1));
#10731=CARTESIAN_POINT('',(333.496744350401,8.95033055247493,-3.1));
#10732=CARTESIAN_POINT('Origin',(333.496744350401,8.45033055247517,-3.1));
#10733=CARTESIAN_POINT('',(343.582530788028,8.95033055247497,-3.1));
#10734=CARTESIAN_POINT('',(333.496744350401,8.95033055247493,-3.1));
#10735=CARTESIAN_POINT('',(346.082530788028,11.450330552475,-3.1));
#10736=CARTESIAN_POINT('Origin',(343.582530788028,11.4503305524748,-3.1));
#10737=CARTESIAN_POINT('',(346.082530788028,32.0319678775921,-3.1));
#10738=CARTESIAN_POINT('',(346.082530788028,11.450330552475,-3.1));
#10739=CARTESIAN_POINT('',(344.737422092375,33.523949339889,-3.1));
#10740=CARTESIAN_POINT('Origin',(344.582530788028,32.0319678775921,-3.1));
#10741=CARTESIAN_POINT('',(344.020030788028,34.3196727864473,-3.1));
#10742=CARTESIAN_POINT('Origin',(344.820030788028,34.3196727864473,-3.1));
#10743=CARTESIAN_POINT('',(344.020030788028,14.8940805524711,-3.1));
#10744=CARTESIAN_POINT('',(344.020030788028,46.9940805524502,-3.1));
#10745=CARTESIAN_POINT('',(340.138780788028,11.0128305524713,-3.1));
#10746=CARTESIAN_POINT('Origin',(340.138780788028,14.8940805524713,-3.1));
#10747=CARTESIAN_POINT('',(14.7012807880304,11.0128305524711,-3.1));
#10748=CARTESIAN_POINT('',(14.7012807880304,11.012830552471,-3.1));
#10749=CARTESIAN_POINT('',(10.8200307880306,14.894080552471,-3.1));
#10750=CARTESIAN_POINT('Origin',(14.7012807880308,14.8940805524712,-3.1));
#10751=CARTESIAN_POINT('',(10.8200307880307,102.206580552472,-3.1));
#10752=CARTESIAN_POINT('',(10.8200307880306,102.206580552472,-3.1));
#10753=CARTESIAN_POINT('',(14.7012807880305,106.087830552472,-3.1));
#10754=CARTESIAN_POINT('Origin',(14.7012807880307,102.206580552472,-3.1));
#10755=CARTESIAN_POINT('',(315.916980788028,106.087830552472,-3.1));
#10756=CARTESIAN_POINT('',(105.362905788027,7.45033055247131,-3.1));
#10757=CARTESIAN_POINT('Origin',(106.612905788027,7.45033055247131,-3.1));
#10758=CARTESIAN_POINT('',(227.927155788028,7.45033055247131,-3.1));
#10759=CARTESIAN_POINT('Origin',(229.177155788028,7.45033055247131,-3.1));
#10760=CARTESIAN_POINT('',(128.545030788029,109.650330552472,-3.1));
#10761=CARTESIAN_POINT('Origin',(129.795030788029,109.650330552472,-3.1));
#10762=CARTESIAN_POINT('',(46.3200307880306,109.650330552472,-3.1));
#10763=CARTESIAN_POINT('Origin',(47.5700307880306,109.650330552472,-3.1));
#10764=CARTESIAN_POINT('',(38.0575307880263,7.45033055247495,-3.1));
#10765=CARTESIAN_POINT('Origin',(39.3075307880263,7.45033055247496,-3.1));
#10766=CARTESIAN_POINT('',(314.282530788032,7.45033055247498,-3.1));
#10767=CARTESIAN_POINT('Origin',(315.532530788032,7.45033055247498,-3.1));
#10768=CARTESIAN_POINT('',(306.020030788028,109.650330552458,-3.1));
#10769=CARTESIAN_POINT('Origin',(307.270030788028,109.650330552458,-3.1));
#10770=CARTESIAN_POINT('',(223.795030788029,109.650330552472,-3.1));
#10771=CARTESIAN_POINT('Origin',(225.045030788029,109.650330552472,-3.1));
#10772=CARTESIAN_POINT('Origin',(314.653855052159,101.575330552472,-1.));
#10773=CARTESIAN_POINT('',(314.653855052159,101.575330552472,-8.1));
#10774=CARTESIAN_POINT('',(314.653855052159,115.575330552472,-8.1));
#10775=CARTESIAN_POINT('',(314.653855052159,101.575330552472,-10.6));
#10776=CARTESIAN_POINT('',(314.653855052159,101.575330552472,-1.));
#10777=CARTESIAN_POINT('',(314.653855052159,114.575330552472,-10.6));
#10778=CARTESIAN_POINT('',(314.653855052159,105.075330552472,-10.6));
#10779=CARTESIAN_POINT('',(314.653855052159,114.575330552472,-10.1857864376269));
#10780=CARTESIAN_POINT('',(314.653855052159,114.575330552472,-4.55));
#10781=CARTESIAN_POINT('',(314.653855052159,117.075330552472,-7.6857864376269));
#10782=CARTESIAN_POINT('',(314.653855052159,113.530723771285,-11.2303932188135));
#10783=CARTESIAN_POINT('',(314.653855052159,117.075330552472,-3.5));
#10784=CARTESIAN_POINT('',(314.653855052159,117.075330552472,-1.));
#10785=CARTESIAN_POINT('',(314.653855052159,115.575330552472,-3.5));
#10786=CARTESIAN_POINT('',(314.653855052159,108.575330552472,-3.5));
#10787=CARTESIAN_POINT('',(314.653855052159,115.575330552472,-1.));
#10788=CARTESIAN_POINT('',(314.653855052159,115.575330552472,-1.));
#10789=CARTESIAN_POINT('',(314.653855052159,108.950330552472,-1.));
#10790=CARTESIAN_POINT('',(314.653855052159,80.0628305524718,-1.));
#10791=CARTESIAN_POINT('',(314.653855052159,108.950330552472,-1.));
#10792=CARTESIAN_POINT('Origin',(331.453855052159,106.887830552472,-1.));
#10793=CARTESIAN_POINT('',(331.453855052159,106.087830552472,-3.1));
#10794=CARTESIAN_POINT('',(330.653855052159,106.887830552472,-3.1));
#10795=CARTESIAN_POINT('Origin',(331.453855052159,106.887830552472,-3.1));
#10796=CARTESIAN_POINT('',(330.653855052159,106.887830552472,-8.1));
#10797=CARTESIAN_POINT('',(330.653855052159,106.887830552472,-1.));
#10798=CARTESIAN_POINT('',(331.453855052159,106.087830552472,-8.1));
#10799=CARTESIAN_POINT('Origin',(331.453855052159,106.887830552472,-8.1));
#10800=CARTESIAN_POINT('',(331.453855052159,106.087830552472,-1.));
#10801=CARTESIAN_POINT('Origin',(330.653855052159,106.087830552472,-1.));
#10802=CARTESIAN_POINT('',(340.138780788028,106.087830552472,-8.1));
#10803=CARTESIAN_POINT('',(340.138780788028,106.087830552472,-8.1));
#10804=CARTESIAN_POINT('',(340.138780788028,106.087830552472,-3.1));
#10805=CARTESIAN_POINT('',(340.138780788028,106.087830552472,-1.));
#10806=CARTESIAN_POINT('',(340.138780788028,106.087830552472,-3.1));
#10807=CARTESIAN_POINT('Origin',(331.453855052159,108.950330552472,-1.));
#10808=CARTESIAN_POINT('',(331.453855052159,108.150330552472,-1.));
#10809=CARTESIAN_POINT('',(330.653855052159,108.950330552472,-1.));
#10810=CARTESIAN_POINT('Origin',(331.453855052159,108.950330552472,-1.));
#10811=CARTESIAN_POINT('',(330.653855052159,108.950330552472,-3.1));
#10812=CARTESIAN_POINT('',(330.653855052159,108.950330552472,-1.));
#10813=CARTESIAN_POINT('',(331.453855052159,108.150330552472,-3.1));
#10814=CARTESIAN_POINT('Origin',(331.453855052159,108.950330552472,-3.1));
#10815=CARTESIAN_POINT('',(331.453855052159,108.150330552472,-1.));
#10816=CARTESIAN_POINT('Origin',(330.653855052159,108.150330552472,-1.));
#10817=CARTESIAN_POINT('',(343.582530788028,108.150330552472,-3.1));
#10818=CARTESIAN_POINT('',(343.582530788028,108.150330552472,-3.1));
#10819=CARTESIAN_POINT('',(343.582530788028,108.150330552472,-1.));
#10820=CARTESIAN_POINT('',(343.582530788028,108.150330552472,-1.));
#10821=CARTESIAN_POINT('',(256.261942920094,108.150330552472,-1.));
#10822=CARTESIAN_POINT('Origin',(313.853855052159,108.950330552472,-1.));
#10823=CARTESIAN_POINT('',(313.853855052159,108.150330552472,-1.));
#10824=CARTESIAN_POINT('Origin',(313.853855052159,108.950330552472,-1.));
#10825=CARTESIAN_POINT('',(313.853855052159,108.150330552472,-1.));
#10826=CARTESIAN_POINT('Origin',(181.87003078803,58.5503305524716,-1.));
#10827=CARTESIAN_POINT('',(8.93253078803063,115.575330552472,-1.));
#10828=CARTESIAN_POINT('',(95.4012807880303,115.575330552472,-1.));
#10829=CARTESIAN_POINT('',(6.13253078803063,112.775330552472,-1.));
#10830=CARTESIAN_POINT('Origin',(8.93253078803064,112.775330552472,-1.));
#10831=CARTESIAN_POINT('',(6.13253078803063,4.32533055247131,-1.));
#10832=CARTESIAN_POINT('',(6.13253078803062,31.4378305524715,-1.));
#10833=CARTESIAN_POINT('',(8.93253078803063,1.52533055247131,-1.));
#10834=CARTESIAN_POINT('Origin',(8.93253078803063,4.32533055247132,-1.));
#10835=CARTESIAN_POINT('',(345.907530788028,1.52533055247128,-1.));
#10836=CARTESIAN_POINT('',(263.888780788029,1.52533055247129,-1.));
#10837=CARTESIAN_POINT('',(348.707530788028,4.32533055247132,-1.));
#10838=CARTESIAN_POINT('Origin',(345.907530788028,4.32533055247129,-1.));
#10839=CARTESIAN_POINT('',(348.707530788028,34.8743588543864,-1.));
#10840=CARTESIAN_POINT('',(348.707530788028,46.7280855145823,-1.));
#10841=CARTESIAN_POINT('',(349.95466454599,36.8572975636723,-1.));
#10842=CARTESIAN_POINT('Origin',(350.907530788028,34.8743588543864,-1.));
#10843=CARTESIAN_POINT('',(344.10753078803,35.5253305524616,-1.));
#10844=CARTESIAN_POINT('Origin',(344.107530788029,49.025330552478,-1.));
#10845=CARTESIAN_POINT('',(344.020030788028,35.4378305524288,-1.));
#10846=CARTESIAN_POINT('Origin',(344.107530788044,35.4378305524451,-1.));
#10847=CARTESIAN_POINT('',(344.020030788028,34.3196727864473,-1.));
#10848=CARTESIAN_POINT('',(344.020030788028,46.9940805524502,-1.));
#10849=CARTESIAN_POINT('',(344.737422092375,33.523949339889,-1.));
#10850=CARTESIAN_POINT('Origin',(344.820030788028,34.3196727864473,-1.));
#10851=CARTESIAN_POINT('',(346.082530788028,32.0319678775921,-1.));
#10852=CARTESIAN_POINT('Origin',(344.582530788028,32.0319678775921,-1.));
#10853=CARTESIAN_POINT('',(346.082530788028,11.450330552475,-1.));
#10854=CARTESIAN_POINT('',(346.082530788028,45.2911492150322,-1.));
#10855=CARTESIAN_POINT('',(343.582530788028,8.95033055247496,-1.));
#10856=CARTESIAN_POINT('Origin',(343.582530788028,11.4503305524748,-1.));
#10857=CARTESIAN_POINT('',(333.496744350401,8.95033055247493,-1.));
#10858=CARTESIAN_POINT('',(262.726280788029,8.95033055247477,-1.));
#10859=CARTESIAN_POINT('',(333.143190959807,8.80388394306824,-1.));
#10860=CARTESIAN_POINT('Origin',(333.496744350401,8.45033055247517,-1.));
#10861=CARTESIAN_POINT('',(331.728977397434,7.38967038069502,-1.));
#10862=CARTESIAN_POINT('',(307.761512569217,-16.5777944475243,-1.));
#10863=CARTESIAN_POINT('',(330.668317225655,6.95033055247493,-1.));
#10864=CARTESIAN_POINT('Origin',(330.668317225654,8.45033055247561,-1.));
#10865=CARTESIAN_POINT('',(320.115106482988,6.95033055247496,-1.));
#10866=CARTESIAN_POINT('',(256.269174006842,6.95033055247511,-1.));
#10867=CARTESIAN_POINT('',(318.740333774501,6.05033055247496,-1.));
#10868=CARTESIAN_POINT('Origin',(320.115106482988,5.45033055247496,-1.));
#10869=CARTESIAN_POINT('',(312.324727801563,6.05033055247496,-1.));
#10870=CARTESIAN_POINT('Origin',(315.532530788032,7.45033055247498,-1.));
#10871=CARTESIAN_POINT('',(310.949955093076,6.95033055247494,-1.));
#10872=CARTESIAN_POINT('Origin',(310.949955093076,5.45033055247506,-1.));
#10873=CARTESIAN_POINT('',(300.396744350406,6.95033055247494,-1.));
#10874=CARTESIAN_POINT('',(246.409992940553,6.95033055247491,-1.));
#10875=CARTESIAN_POINT('',(299.336084178626,7.38967038069513,-1.));
#10876=CARTESIAN_POINT('Origin',(300.396744350406,8.45033055247486,-1.));
#10877=CARTESIAN_POINT('',(297.921870616253,8.8038839430682,-1.));
#10878=CARTESIAN_POINT('',(257.179405788035,49.5463487712892,-1.));
#10879=CARTESIAN_POINT('',(297.56831722566,8.95033055247497,-1.));
#10880=CARTESIAN_POINT('Origin',(297.56831722566,8.45033055247471,-1.));
#10881=CARTESIAN_POINT('',(251.795181850404,8.95033055247496,-1.));
#10882=CARTESIAN_POINT('',(239.719174006845,8.95033055247496,-1.));
#10883=CARTESIAN_POINT('',(251.441628459811,8.80388394306824,-1.));
#10884=CARTESIAN_POINT('Origin',(251.795181850404,8.45033055247499,-1.));
#10885=CARTESIAN_POINT('',(250.027414897434,7.38967038069148,-1.));
#10886=CARTESIAN_POINT('',(246.485340694216,3.84759617747356,-1.));
#10887=CARTESIAN_POINT('',(248.966754725654,6.95033055247131,-1.));
#10888=CARTESIAN_POINT('Origin',(248.966754725654,8.45033055247137,-1.));
#10889=CARTESIAN_POINT('',(233.759731482984,6.95033055247129,-1.));
#10890=CARTESIAN_POINT('',(215.418392756842,6.95033055247127,-1.));
#10891=CARTESIAN_POINT('',(232.384958774497,6.05033055247132,-1.));
#10892=CARTESIAN_POINT('Origin',(233.759731482984,5.4503305524713,-1.));
#10893=CARTESIAN_POINT('',(225.969352801559,6.05033055247132,-1.));
#10894=CARTESIAN_POINT('Origin',(229.177155788028,7.45033055247131,-1.));
#10895=CARTESIAN_POINT('',(224.594580093072,6.95033055247132,-1.));
#10896=CARTESIAN_POINT('Origin',(224.594580093072,5.45033055247134,-1.));
#10897=CARTESIAN_POINT('',(200.384244350402,6.95033055247133,-1.));
#10898=CARTESIAN_POINT('',(203.232305440551,6.95033055247133,-1.));
#10899=CARTESIAN_POINT('',(199.323584178622,7.38967038069148,-1.));
#10900=CARTESIAN_POINT('Origin',(200.384244350402,8.45033055247146,-1.));
#10901=CARTESIAN_POINT('',(197.909370616245,8.80388394306825,-1.));
#10902=CARTESIAN_POINT('',(182.170030788028,24.5432237712837,-1.));
#10903=CARTESIAN_POINT('',(197.555817225652,8.95033055247497,-1.));
#10904=CARTESIAN_POINT('Origin',(197.555817225652,8.45033055247507,-1.));
#10905=CARTESIAN_POINT('',(138.234244350404,8.95033055247498,-1.));
#10906=CARTESIAN_POINT('',(189.712924006841,8.95033055247497,-1.));
#10907=CARTESIAN_POINT('',(137.88069095981,8.80388394306825,-1.));
#10908=CARTESIAN_POINT('Origin',(138.234244350404,8.45033055247494,-1.));
#10909=CARTESIAN_POINT('',(136.466477397434,7.38967038069152,-1.));
#10910=CARTESIAN_POINT('',(161.314637569217,32.2378305524735,-1.));
#10911=CARTESIAN_POINT('',(135.405817225654,6.95033055247132,-1.));
#10912=CARTESIAN_POINT('Origin',(135.405817225654,8.45033055247112,-1.));
#10913=CARTESIAN_POINT('',(111.195481482983,6.9503305524713,-1.));
#10914=CARTESIAN_POINT('',(158.637924006842,6.9503305524713,-1.));
#10915=CARTESIAN_POINT('',(109.820708774497,6.05033055247133,-1.));
#10916=CARTESIAN_POINT('Origin',(111.195481482983,5.45033055247128,-1.));
#10917=CARTESIAN_POINT('',(103.405102801558,6.05033055247132,-1.));
#10918=CARTESIAN_POINT('Origin',(106.612905788027,7.45033055247131,-1.));
#10919=CARTESIAN_POINT('',(102.030330093072,6.95033055247132,-1.));
#10920=CARTESIAN_POINT('Origin',(102.030330093072,5.45033055247132,-1.));
#10921=CARTESIAN_POINT('',(86.8233068504012,6.95033055247131,-1.));
#10922=CARTESIAN_POINT('',(141.950180440551,6.95033055247134,-1.));
#10923=CARTESIAN_POINT('',(85.7626466786214,7.38967038069147,-1.));
#10924=CARTESIAN_POINT('Origin',(86.8233068504012,8.45033055247131,-1.));
#10925=CARTESIAN_POINT('',(84.3484331162446,8.80388394306825,-1.));
#10926=CARTESIAN_POINT('',(96.9993276630285,-3.84701060371563,-1.));
#10927=CARTESIAN_POINT('',(83.9948797256513,8.95033055247499,-1.));
#10928=CARTESIAN_POINT('Origin',(83.9948797256513,8.45033055247498,-1.));
#10929=CARTESIAN_POINT('',(57.2717443503987,8.95033055247499,-1.));
#10930=CARTESIAN_POINT('',(132.932455256841,8.95033055247498,-1.));
#10931=CARTESIAN_POINT('',(56.9181909598055,8.80388394306825,-1.));
#10932=CARTESIAN_POINT('Origin',(57.2717443503987,8.45033055247504,-1.));
#10933=CARTESIAN_POINT('',(55.5039773974323,7.38967038069511,-1.));
#10934=CARTESIAN_POINT('',(100.592762569212,52.4784555524753,-1.));
#10935=CARTESIAN_POINT('',(54.4433172256525,6.95033055247495,-1.));
#10936=CARTESIAN_POINT('Origin',(54.4433172256525,8.45033055247498,-1.));
#10937=CARTESIAN_POINT('',(43.8901064829822,6.95033055247495,-1.));
#10938=CARTESIAN_POINT('',(118.156674006841,6.95033055247487,-1.));
#10939=CARTESIAN_POINT('',(42.5153337744954,6.05033055247495,-1.));
#10940=CARTESIAN_POINT('Origin',(43.8901064829822,5.45033055247496,-1.));
#10941=CARTESIAN_POINT('',(36.0997278015572,6.05033055247496,-1.));
#10942=CARTESIAN_POINT('Origin',(39.3075307880263,7.45033055247496,-1.));
#10943=CARTESIAN_POINT('',(34.7249550930705,6.95033055247496,-1.));
#10944=CARTESIAN_POINT('Origin',(34.7249550930705,5.45033055247497,-1.));
#10945=CARTESIAN_POINT('',(24.1717443504038,6.95033055247496,-1.));
#10946=CARTESIAN_POINT('',(108.29749294055,6.95033055247498,-1.));
#10947=CARTESIAN_POINT('',(23.111084178624,7.38967038069514,-1.));
#10948=CARTESIAN_POINT('Origin',(24.1717443504038,8.45033055247497,-1.));
#10949=CARTESIAN_POINT('',(21.6968706162508,8.80388394306826,-1.));
#10950=CARTESIAN_POINT('',(50.0106557880313,-19.5099012287122,-1.));
#10951=CARTESIAN_POINT('',(21.3433172256576,8.95033055247499,-1.));
#10952=CARTESIAN_POINT('Origin',(21.3433172256576,8.45033055247499,-1.));
#10953=CARTESIAN_POINT('',(11.2575307880306,8.950330552475,-1.));
#10954=CARTESIAN_POINT('',(101.606674006844,8.95033055247492,-1.));
#10955=CARTESIAN_POINT('',(8.75753078803062,11.450330552475,-1.));
#10956=CARTESIAN_POINT('Origin',(11.2575307880306,11.450330552475,-1.));
#10957=CARTESIAN_POINT('',(8.75753078803064,105.650330552472,-1.));
#10958=CARTESIAN_POINT('',(8.75753078803061,35.0003305524733,-1.));
#10959=CARTESIAN_POINT('',(11.2575307880306,108.150330552472,-1.));
#10960=CARTESIAN_POINT('Origin',(11.2575307880306,105.650330552472,-1.));
#10961=CARTESIAN_POINT('',(43.6970474418232,108.150330552472,-1.));
#10962=CARTESIAN_POINT('',(96.5637807880303,108.150330552472,-1.));
#10963=CARTESIAN_POINT('',(44.1811703600991,108.775330552472,-1.));
#10964=CARTESIAN_POINT('Origin',(43.6970474418232,108.650330552472,-1.));
#10965=CARTESIAN_POINT('',(50.7778337744997,111.050330552472,-1.));
#10966=CARTESIAN_POINT('Origin',(47.5700307880306,109.650330552472,-1.));
#10967=CARTESIAN_POINT('',(52.1526064829865,110.150330552472,-1.));
#10968=CARTESIAN_POINT('Origin',(52.1526064829865,111.650330552472,-1.));
#10969=CARTESIAN_POINT('',(78.2558172256634,110.150330552472,-1.));
#10970=CARTESIAN_POINT('',(117.011318635508,110.150330552472,-1.));
#10971=CARTESIAN_POINT('',(79.3164773974432,109.710990724252,-1.));
#10972=CARTESIAN_POINT('Origin',(78.2558172256633,108.650330552472,-1.));
#10973=CARTESIAN_POINT('',(80.7306909598163,108.296777161879,-1.));
#10974=CARTESIAN_POINT('',(117.745030788035,71.2824373336603,-1.));
#10975=CARTESIAN_POINT('',(81.0842443504096,108.150330552472,-1.));
#10976=CARTESIAN_POINT('Origin',(81.0842443504097,108.650330552472,-1.));
#10977=CARTESIAN_POINT('',(102.305817225666,108.150330552472,-1.));
#10978=CARTESIAN_POINT('',(131.47713756922,108.150330552472,-1.));
#10979=CARTESIAN_POINT('',(102.65937061626,108.296777161879,-1.));
#10980=CARTESIAN_POINT('Origin',(102.305817225666,108.650330552472,-1.));
#10981=CARTESIAN_POINT('',(104.073584178633,109.710990724252,-1.));
#10982=CARTESIAN_POINT('',(110.025424006851,115.66283055247,-1.));
#10983=CARTESIAN_POINT('',(105.134244350412,110.150330552472,-1.));
#10984=CARTESIAN_POINT('Origin',(105.134244350412,108.650330552472,-1.));
#10985=CARTESIAN_POINT('',(125.212455093073,110.150330552472,-1.));
#10986=CARTESIAN_POINT('',(143.502137569221,110.150330552472,-1.));
#10987=CARTESIAN_POINT('',(126.58722780156,111.050330552472,-1.));
#10988=CARTESIAN_POINT('Origin',(125.212455093073,111.650330552472,-1.));
#10989=CARTESIAN_POINT('',(133.002833774498,111.050330552472,-1.));
#10990=CARTESIAN_POINT('Origin',(129.795030788029,109.650330552472,-1.));
#10991=CARTESIAN_POINT('',(134.377606482985,110.150330552472,-1.));
#10992=CARTESIAN_POINT('Origin',(134.377606482985,111.650330552472,-1.));
#10993=CARTESIAN_POINT('',(154.45581722566,110.150330552472,-1.));
#10994=CARTESIAN_POINT('',(158.123818635507,110.150330552472,-1.));
#10995=CARTESIAN_POINT('',(155.51647739744,109.710990724252,-1.));
#10996=CARTESIAN_POINT('Origin',(154.45581722566,108.650330552472,-1.));
#10997=CARTESIAN_POINT('',(156.930690959813,108.296777161879,-1.));
#10998=CARTESIAN_POINT('',(174.895030788032,90.3324373336586,-1.));
#10999=CARTESIAN_POINT('',(157.284244350406,108.150330552472,-1.));
#11000=CARTESIAN_POINT('Origin',(157.284244350407,108.650330552472,-1.));
#11001=CARTESIAN_POINT('',(197.555817225659,108.150330552472,-1.));
#11002=CARTESIAN_POINT('',(169.577137569218,108.150330552472,-1.));
#11003=CARTESIAN_POINT('',(197.909370616252,108.296777161879,-1.));
#11004=CARTESIAN_POINT('Origin',(197.555817225659,108.650330552472,-1.));
#11005=CARTESIAN_POINT('',(199.323584178625,109.710990724252,-1.));
#11006=CARTESIAN_POINT('',(181.462924006845,91.8503305524716,-1.));
#11007=CARTESIAN_POINT('',(200.384244350405,110.150330552472,-1.));
#11008=CARTESIAN_POINT('Origin',(200.384244350405,108.650330552472,-1.));
#11009=CARTESIAN_POINT('',(220.462455093073,110.150330552472,-1.));
#11010=CARTESIAN_POINT('',(191.127137569218,110.150330552472,-1.));
#11011=CARTESIAN_POINT('',(221.83722780156,111.050330552472,-1.));
#11012=CARTESIAN_POINT('Origin',(220.462455093073,111.650330552472,-1.));
#11013=CARTESIAN_POINT('',(228.252833774498,111.050330552472,-1.));
#11014=CARTESIAN_POINT('Origin',(225.045030788029,109.650330552472,-1.));
#11015=CARTESIAN_POINT('',(229.627606482985,110.150330552472,-1.));
#11016=CARTESIAN_POINT('Origin',(229.627606482985,111.650330552472,-1.));
#11017=CARTESIAN_POINT('',(249.70581722566,110.150330552472,-1.));
#11018=CARTESIAN_POINT('',(205.748818635507,110.150330552472,-1.));
#11019=CARTESIAN_POINT('',(250.76647739744,109.710990724252,-1.));
#11020=CARTESIAN_POINT('Origin',(249.705817225661,108.650330552472,-1.));
#11021=CARTESIAN_POINT('',(252.180690959813,108.296777161879,-1.));
#11022=CARTESIAN_POINT('',(246.332530788033,114.144937333659,-1.));
#11023=CARTESIAN_POINT('',(252.534244350407,108.150330552472,-1.));
#11024=CARTESIAN_POINT('Origin',(252.534244350407,108.650330552472,-1.));
#11025=CARTESIAN_POINT('',(273.755817225671,108.150330552472,-1.));
#11026=CARTESIAN_POINT('',(217.202137569218,108.150330552472,-1.));
#11027=CARTESIAN_POINT('',(274.109370616264,108.296777161879,-1.));
#11028=CARTESIAN_POINT('Origin',(273.755817225671,108.650330552472,-1.));
#11029=CARTESIAN_POINT('',(275.523584178622,109.710990724237,-1.));
#11030=CARTESIAN_POINT('',(238.612924006853,72.8003305524687,-1.));
#11031=CARTESIAN_POINT('',(276.584244350402,110.150330552458,-1.));
#11032=CARTESIAN_POINT('Origin',(276.584244350402,108.650330552457,-1.));
#11033=CARTESIAN_POINT('',(302.687455093072,110.150330552458,-1.));
#11034=CARTESIAN_POINT('',(229.227137569216,110.150330552457,-1.));
#11035=CARTESIAN_POINT('',(304.062227801558,111.050330552458,-1.));
#11036=CARTESIAN_POINT('Origin',(302.687455093072,111.650330552457,-1.));
#11037=CARTESIAN_POINT('',(310.658891215963,108.77533055247,-1.));
#11038=CARTESIAN_POINT('Origin',(307.270030788028,109.650330552458,-1.));
#11039=CARTESIAN_POINT('',(311.143014134239,108.150330552472,-1.));
#11040=CARTESIAN_POINT('Origin',(311.143014134239,108.650330552472,-1.));
#11041=CARTESIAN_POINT('',(246.506522461134,108.150330552472,-1.));
#11042=CARTESIAN_POINT('Origin',(331.153855052159,115.075330552472,-4.55));
#11043=CARTESIAN_POINT('',(331.653855052159,115.575330552472,-10.6));
#11044=CARTESIAN_POINT('',(330.653855052159,114.575330552472,-10.1857864376269));
#11045=CARTESIAN_POINT('',(331.024360157078,114.945835657391,-10.3392546770129));
#11046=CARTESIAN_POINT('',(330.653855052159,114.575330552472,-10.6));
#11047=CARTESIAN_POINT('',(331.653855052159,115.575330552472,-10.6));
#11048=CARTESIAN_POINT('',(330.653855052159,114.575330552472,-4.55));
#11049=CARTESIAN_POINT('Origin',(328.153855052159,115.075330552472,-10.6));
#11050=CARTESIAN_POINT('',(328.153855052159,115.575330552472,-14.1));
#11051=CARTESIAN_POINT('',(328.153855052159,114.575330552472,-13.1));
#11052=CARTESIAN_POINT('',(328.153855052159,115.575330552472,-14.1));
#11053=CARTESIAN_POINT('Origin',(328.153855052159,114.575330552472,-10.6));
#11054=CARTESIAN_POINT('Origin',(328.153855052159,115.575330552472,-10.6));
#11055=CARTESIAN_POINT('Origin',(334.280692920093,115.075330552472,-13.6));
#11056=CARTESIAN_POINT('',(317.153855052159,115.575330552472,-14.1));
#11057=CARTESIAN_POINT('',(317.153855052159,114.575330552472,-13.1));
#11058=CARTESIAN_POINT('',(317.153855052159,115.575330552472,-14.1));
#11059=CARTESIAN_POINT('',(334.280692920093,114.575330552472,-13.1));
#11060=CARTESIAN_POINT('',(334.280692920093,115.575330552472,-14.1));
#11061=CARTESIAN_POINT('Origin',(317.153855052159,115.075330552472,-10.6));
#11062=CARTESIAN_POINT('',(313.653855052159,115.575330552472,-10.6));
#11063=CARTESIAN_POINT('',(313.653855052159,115.575330552472,-10.6));
#11064=CARTESIAN_POINT('Origin',(317.153855052159,114.575330552472,-10.6));
#11065=CARTESIAN_POINT('Origin',(317.153855052159,115.575330552472,-10.6));
#11066=CARTESIAN_POINT('Origin',(314.153855052159,115.075330552472,-4.55));
#11067=CARTESIAN_POINT('',(314.755416198172,114.473769406459,-10.1437184335382));
#11068=CARTESIAN_POINT('Origin',(345.907530788028,115.575330552472,-8.1));
#11069=CARTESIAN_POINT('',(8.93253078803063,115.575330552472,-10.6));
#11070=CARTESIAN_POINT('',(8.93253078803063,115.575330552472,-8.1));
#11071=CARTESIAN_POINT('',(261.663780788028,115.575330552472,-10.6));
#11072=CARTESIAN_POINT('',(345.907530788028,115.575330552472,-10.6));
#11073=CARTESIAN_POINT('',(261.663780788028,115.575330552472,-10.6));
#11074=CARTESIAN_POINT('',(345.907530788028,115.575330552472,-8.1));
#11075=CARTESIAN_POINT('Origin',(331.153855052159,117.575330552472,-1.));
#11076=CARTESIAN_POINT('',(330.653855052159,117.075330552472,-7.6857864376269));
#11077=CARTESIAN_POINT('',(330.653855052159,117.075330552472,-3.5));
#11078=CARTESIAN_POINT('',(330.653855052159,117.075330552472,-1.));
#11079=CARTESIAN_POINT('',(330.653855052159,117.075330552472,-3.5));
#11080=CARTESIAN_POINT('',(331.653855052159,118.075330552472,-8.1));
#11081=CARTESIAN_POINT('Origin',(331.153855052159,118.246777161879,-7.22144660940674));
#11082=CARTESIAN_POINT('',(331.653855052159,118.600330552472,-7.57500000000002));
#11083=CARTESIAN_POINT('',(330.653855052159,118.780723771285,-5.98039321881352));
#11084=CARTESIAN_POINT('Origin',(328.153855052159,117.575330552472,-3.5));
#11085=CARTESIAN_POINT('',(328.153855052159,117.075330552472,-1.));
#11086=CARTESIAN_POINT('Origin',(328.153855052159,117.075330552472,-3.5));
#11087=CARTESIAN_POINT('',(328.153855052159,117.075330552472,-1.));
#11088=CARTESIAN_POINT('Origin',(161.793192920095,117.575330552472,-0.5));
#11089=CARTESIAN_POINT('',(317.153855052159,117.075330552472,-1.));
#11090=CARTESIAN_POINT('',(317.153855052159,117.075330552472,-1.));
#11091=CARTESIAN_POINT('',(161.793192920095,117.075330552472,-1.));
#11092=CARTESIAN_POINT('Origin',(317.153855052159,117.575330552472,-3.5));
#11093=CARTESIAN_POINT('Origin',(317.153855052159,117.075330552472,-3.5));
#11094=CARTESIAN_POINT('',(314.653855052159,117.075330552472,-3.5));
#11095=CARTESIAN_POINT('Origin',(314.153855052159,117.575330552472,-1.));
#11096=CARTESIAN_POINT('',(314.653855052159,117.075330552472,-7.6857864376269));
#11097=CARTESIAN_POINT('Origin',(314.153855052159,114.746777161879,-10.7214466094067));
#11098=CARTESIAN_POINT('',(313.653855052159,115.100330552472,-11.075));
#11099=CARTESIAN_POINT('Origin',(261.663780788028,116.825330552472,-9.35));
#11100=CARTESIAN_POINT('',(345.907530788028,118.075330552472,-8.1));
#11101=CARTESIAN_POINT('Origin',(261.663780788028,116.825330552472,-9.35));
#11102=CARTESIAN_POINT('',(8.93253078803063,118.075330552472,-8.1));
#11103=CARTESIAN_POINT('Origin',(317.153855052159,108.575330552472,-3.5));
#11104=CARTESIAN_POINT('',(317.153855052159,115.575330552472,-1.));
#11105=CARTESIAN_POINT('',(317.153855052159,108.575330552472,-1.));
#11106=CARTESIAN_POINT('Origin',(317.153855052159,115.575330552472,-3.5));
#11107=CARTESIAN_POINT('Origin',(328.153855052159,115.575330552472,-3.5));
#11108=CARTESIAN_POINT('',(330.653855052159,115.575330552472,-3.5));
#11109=CARTESIAN_POINT('',(330.653855052159,115.575330552472,-3.5));
#11110=CARTESIAN_POINT('',(328.153855052159,115.575330552472,-1.));
#11111=CARTESIAN_POINT('Origin',(328.153855052159,115.575330552472,-3.5));
#11112=CARTESIAN_POINT('',(328.153855052159,115.575330552472,-1.));
#11113=CARTESIAN_POINT('Origin',(314.653855052159,115.575330552472,-1.));
#11114=CARTESIAN_POINT('',(161.793192920095,115.575330552472,-1.));
#11115=CARTESIAN_POINT('Origin',(328.153855052159,112.075330552472,-10.6));
#11116=CARTESIAN_POINT('',(328.153855052159,101.575330552472,-13.1));
#11117=CARTESIAN_POINT('',(328.153855052159,112.075330552472,-13.1));
#11118=CARTESIAN_POINT('',(330.653855052159,101.575330552472,-10.6));
#11119=CARTESIAN_POINT('Origin',(328.153855052159,101.575330552472,-10.6));
#11120=CARTESIAN_POINT('',(330.653855052159,112.075330552472,-10.6));
#11121=CARTESIAN_POINT('Origin',(330.653855052159,115.575330552472,-1.));
#11122=CARTESIAN_POINT('',(330.653855052159,115.575330552472,-3.1));
#11123=CARTESIAN_POINT('',(330.653855052159,115.575330552472,-1.));
#11124=CARTESIAN_POINT('',(330.653855052159,87.0628305524718,-1.));
#11125=CARTESIAN_POINT('',(330.653855052159,115.575330552472,-1.));
#11126=CARTESIAN_POINT('',(330.653855052159,101.575330552472,-8.1));
#11127=CARTESIAN_POINT('',(330.653855052159,101.575330552472,-1.));
#11128=CARTESIAN_POINT('',(330.653855052159,115.575330552472,-8.1));
#11129=CARTESIAN_POINT('Origin',(317.153855052159,105.075330552472,-10.6));
#11130=CARTESIAN_POINT('',(317.153855052159,101.575330552472,-13.1));
#11131=CARTESIAN_POINT('Origin',(317.153855052159,101.575330552472,-10.6));
#11132=CARTESIAN_POINT('',(317.153855052159,105.075330552472,-13.1));
#11133=CARTESIAN_POINT('Origin',(330.653855052159,101.575330552472,-1.));
#11134=CARTESIAN_POINT('',(314.653855052159,101.575330552472,-13.1));
#11135=CARTESIAN_POINT('',(314.653855052159,101.575330552472,-8.1));
#11136=CARTESIAN_POINT('Origin',(353.207530788028,33.4950375739082,-1.));
#11137=CARTESIAN_POINT('',(351.207530788028,33.4950375739082,-1.));
#11138=CARTESIAN_POINT('Origin',(351.207530788028,34.6869205987839,-1.));
#11139=CARTESIAN_POINT('',(351.207530788028,4.32533055247132,-1.));
#11140=CARTESIAN_POINT('Origin',(344.820030788028,34.3196727864473,-1.));
#11141=CARTESIAN_POINT('',(344.737422092375,33.523949339889,-1.));
#11142=CARTESIAN_POINT('',(344.020030788028,34.3196727864473,-1.));
#11143=CARTESIAN_POINT('Origin',(344.020030788028,35.4378305524288,-1.));
#11144=CARTESIAN_POINT('',(344.020030788028,35.4378305524288,-8.1));
#11145=CARTESIAN_POINT('',(344.020030788028,35.4378305524288,-1.));
#11146=CARTESIAN_POINT('',(344.020030788028,14.8940805524711,-8.1));
#11147=CARTESIAN_POINT('',(344.020030788028,14.8940805524711,-8.1));
#11148=CARTESIAN_POINT('',(344.020030788028,14.8940805524711,-1.));
#11149=CARTESIAN_POINT('Origin',(344.820030788028,63.7309883184968,-1.));
#11150=CARTESIAN_POINT('',(344.020030788028,63.7309883184968,-1.));
#11151=CARTESIAN_POINT('',(344.737422092376,64.5267117650551,-1.));
#11152=CARTESIAN_POINT('Origin',(344.820030788028,63.7309883184968,-1.));
#11153=CARTESIAN_POINT('',(344.737422092376,64.5267117650551,-3.1));
#11154=CARTESIAN_POINT('',(344.737422092376,64.5267117650551,-1.));
#11155=CARTESIAN_POINT('',(344.020030788028,63.7309883184968,-3.1));
#11156=CARTESIAN_POINT('Origin',(344.820030788028,63.7309883184968,-3.1));
#11157=CARTESIAN_POINT('',(344.020030788028,63.7309883184968,-1.));
#11158=CARTESIAN_POINT('Origin',(344.582530788028,66.018693227352,-1.));
#11159=CARTESIAN_POINT('',(346.082530788028,66.0186932273519,-1.));
#11160=CARTESIAN_POINT('Origin',(344.582530788028,66.018693227352,-1.));
#11161=CARTESIAN_POINT('',(346.082530788028,66.0186932273519,-3.1));
#11162=CARTESIAN_POINT('',(346.082530788028,66.0186932273519,-1.));
#11163=CARTESIAN_POINT('Origin',(344.582530788028,66.018693227352,-3.1));
#11164=CARTESIAN_POINT('Origin',(181.87003078803,58.5503305524716,-1.));
#11165=CARTESIAN_POINT('',(346.082530788028,105.650330552472,-1.));
#11166=CARTESIAN_POINT('Origin',(343.582530788028,105.650330552472,-1.));
#11167=CARTESIAN_POINT('',(346.082530788028,82.100330552472,-1.));
#11168=CARTESIAN_POINT('',(344.020030788028,62.6128305524943,-1.));
#11169=CARTESIAN_POINT('',(344.020030788028,80.3784555524731,-1.));
#11170=CARTESIAN_POINT('',(344.107530788028,62.5253305524943,-1.));
#11171=CARTESIAN_POINT('Origin',(344.107530788028,62.6128305524943,-1.));
#11172=CARTESIAN_POINT('',(349.95466454599,61.1933635412718,-1.));
#11173=CARTESIAN_POINT('Origin',(344.107530788029,49.025330552472,-1.));
#11174=CARTESIAN_POINT('',(348.707530788028,63.1763022505577,-1.));
#11175=CARTESIAN_POINT('Origin',(350.907530788028,63.1763022505577,-1.));
#11176=CARTESIAN_POINT('',(348.707530788028,112.775330552472,-1.));
#11177=CARTESIAN_POINT('',(348.707530788028,85.662830552472,-1.));
#11178=CARTESIAN_POINT('',(345.907530788028,115.575330552472,-1.));
#11179=CARTESIAN_POINT('Origin',(345.907530788028,112.775330552472,-1.));
#11180=CARTESIAN_POINT('',(95.4012807880303,115.575330552472,-1.));
#11181=CARTESIAN_POINT('Origin',(350.907530788028,34.8743588543864,-1.));
#11182=CARTESIAN_POINT('',(349.95466454599,36.8572975636723,-1.));
#11183=CARTESIAN_POINT('',(348.707530788028,34.8743588543864,-1.));
#11184=CARTESIAN_POINT('Origin',(344.107530788029,49.025330552472,-1.));
#11185=CARTESIAN_POINT('',(349.95466454599,61.1933635412718,-1.));
#11186=CARTESIAN_POINT('',(344.107530788028,62.5253305524943,-8.1));
#11187=CARTESIAN_POINT('',(344.107530788028,62.5253305524943,-1.));
#11188=CARTESIAN_POINT('',(344.10753078803,35.5253305524616,-8.1));
#11189=CARTESIAN_POINT('Origin',(344.107530788029,49.025330552478,-8.1));
#11190=CARTESIAN_POINT('',(344.10753078803,35.5253305524616,-1.));
#11191=CARTESIAN_POINT('Origin',(350.907530788028,63.1763022505577,-1.));
#11192=CARTESIAN_POINT('',(348.707530788028,63.1763022505577,-1.));
#11193=CARTESIAN_POINT('Origin',(4.88253078803062,102.347433040894,-9.35));
#11194=CARTESIAN_POINT('',(6.13253078803062,112.775330552472,-10.6));
#11195=CARTESIAN_POINT('',(3.63253078803063,112.775330552472,-8.1));
#11196=CARTESIAN_POINT('',(6.13253078803062,102.347433040894,-10.6));
#11197=CARTESIAN_POINT('Origin',(8.93253078803065,112.775330552472,-9.35));
#11198=CARTESIAN_POINT('Origin',(8.93253078803065,112.775330552472,-10.6));
#11199=CARTESIAN_POINT('Origin',(345.907530788028,112.775330552472,-9.35));
#11200=CARTESIAN_POINT('',(348.707530788028,112.775330552472,-10.6));
#11201=CARTESIAN_POINT('',(351.207530788028,112.775330552472,-8.1));
#11202=CARTESIAN_POINT('Origin',(345.907530788028,112.775330552472,-10.6));
#11203=CARTESIAN_POINT('Origin',(349.957530788028,78.8416380177382,-9.35));
#11204=CARTESIAN_POINT('',(348.707530788028,78.8416380177382,-10.6));
#11205=CARTESIAN_POINT('Origin',(345.907530788028,112.775330552472,-8.1));
#11206=CARTESIAN_POINT('',(348.707530788028,112.775330552472,-8.1));
#11207=CARTESIAN_POINT('Origin',(348.707530788028,65.7637405061601,-8.1));
#11208=CARTESIAN_POINT('Origin',(6.13253078803062,112.775330552472,-8.1));
#11209=CARTESIAN_POINT('',(6.13253078803062,112.775330552472,-8.1));
#11210=CARTESIAN_POINT('Origin',(8.93253078803065,112.775330552472,-8.1));
#11211=CARTESIAN_POINT('Origin',(8.93253078803063,115.575330552472,-1.));
#11212=CARTESIAN_POINT('',(345.907530788028,115.575330552472,-1.));
#11213=CARTESIAN_POINT('',(8.93253078803063,115.575330552472,-1.));
#11214=CARTESIAN_POINT('Origin',(322.653855052159,108.575330552472,-13.1));
#11215=CARTESIAN_POINT('Origin',(229.177155788028,7.45033055247131,-1.));
#11216=CARTESIAN_POINT('',(227.927155788028,7.45033055247131,-3.4));
#11217=CARTESIAN_POINT('',(227.927155788028,7.45033055247131,-1.));
#11218=CARTESIAN_POINT('Origin',(229.177155788028,7.45033055247131,-3.4));
#11219=CARTESIAN_POINT('Origin',(181.87003078803,58.5503305524716,-3.4));
#11220=CARTESIAN_POINT('Origin',(39.3075307880263,7.45033055247496,-1.));
#11221=CARTESIAN_POINT('',(38.0575307880263,7.45033055247496,-3.4));
#11222=CARTESIAN_POINT('',(38.0575307880263,7.45033055247496,-1.));
#11223=CARTESIAN_POINT('Origin',(39.3075307880263,7.45033055247496,-3.4));
#11224=CARTESIAN_POINT('Origin',(181.87003078803,58.5503305524716,-3.4));
#11225=CARTESIAN_POINT('Origin',(225.045030788029,109.650330552472,-1.));
#11226=CARTESIAN_POINT('',(223.795030788029,109.650330552472,-3.4));
#11227=CARTESIAN_POINT('',(223.795030788029,109.650330552472,-1.));
#11228=CARTESIAN_POINT('Origin',(225.045030788029,109.650330552472,-3.4));
#11229=CARTESIAN_POINT('Origin',(181.87003078803,58.5503305524716,-3.4));
#11230=CARTESIAN_POINT('Origin',(47.5700307880306,109.650330552472,-1.));
#11231=CARTESIAN_POINT('',(46.3200307880306,109.650330552472,-3.4));
#11232=CARTESIAN_POINT('',(46.3200307880306,109.650330552472,-1.));
#11233=CARTESIAN_POINT('Origin',(47.5700307880306,109.650330552472,-3.4));
#11234=CARTESIAN_POINT('Origin',(181.87003078803,58.5503305524716,-3.4));
#11235=CARTESIAN_POINT('Origin',(129.795030788029,109.650330552472,-1.));
#11236=CARTESIAN_POINT('',(128.545030788029,109.650330552472,-3.4));
#11237=CARTESIAN_POINT('',(128.545030788029,109.650330552472,-1.));
#11238=CARTESIAN_POINT('Origin',(129.795030788029,109.650330552472,-3.4));
#11239=CARTESIAN_POINT('Origin',(181.87003078803,58.5503305524716,-3.4));
#11240=CARTESIAN_POINT('Origin',(307.270030788028,109.650330552458,-1.));
#11241=CARTESIAN_POINT('',(306.020030788028,109.650330552458,-3.4));
#11242=CARTESIAN_POINT('',(306.020030788028,109.650330552458,-1.));
#11243=CARTESIAN_POINT('Origin',(307.270030788028,109.650330552458,-3.4));
#11244=CARTESIAN_POINT('Origin',(181.87003078803,58.5503305524716,-3.4));
#11245=CARTESIAN_POINT('Origin',(106.612905788027,7.45033055247131,-1.));
#11246=CARTESIAN_POINT('',(105.362905788027,7.45033055247131,-3.4));
#11247=CARTESIAN_POINT('',(105.362905788027,7.45033055247131,-1.));
#11248=CARTESIAN_POINT('Origin',(106.612905788027,7.45033055247131,-3.4));
#11249=CARTESIAN_POINT('Origin',(181.87003078803,58.5503305524716,-3.4));
#11250=CARTESIAN_POINT('Origin',(315.532530788032,7.45033055247498,-1.));
#11251=CARTESIAN_POINT('',(314.282530788032,7.45033055247498,-3.4));
#11252=CARTESIAN_POINT('',(314.282530788032,7.45033055247498,-1.));
#11253=CARTESIAN_POINT('Origin',(315.532530788032,7.45033055247498,-3.4));
#11254=CARTESIAN_POINT('Origin',(181.87003078803,58.5503305524716,-3.4));
#11255=CARTESIAN_POINT('Origin',(340.138780788028,14.8940805524713,-1.));
#11256=CARTESIAN_POINT('',(340.138780788028,11.0128305524713,-8.1));
#11257=CARTESIAN_POINT('Origin',(340.138780788028,14.8940805524713,-8.1));
#11258=CARTESIAN_POINT('',(340.138780788028,11.0128305524713,-1.));
#11259=CARTESIAN_POINT('Origin',(340.138780788028,11.0128305524713,-1.));
#11260=CARTESIAN_POINT('',(14.7012807880304,11.0128305524711,-8.1));
#11261=CARTESIAN_POINT('',(14.7012807880304,11.012830552471,-8.1));
#11262=CARTESIAN_POINT('',(14.7012807880304,11.012830552471,-1.));
#11263=CARTESIAN_POINT('Origin',(14.7012807880308,14.8940805524712,-1.));
#11264=CARTESIAN_POINT('',(10.8200307880306,14.894080552471,-8.1));
#11265=CARTESIAN_POINT('Origin',(14.7012807880308,14.8940805524712,-8.1));
#11266=CARTESIAN_POINT('',(10.8200307880306,14.894080552471,-1.));
#11267=CARTESIAN_POINT('Origin',(10.8200307880306,14.894080552471,-1.));
#11268=CARTESIAN_POINT('',(10.8200307880307,102.206580552472,-8.1));
#11269=CARTESIAN_POINT('',(10.8200307880306,102.206580552472,-8.1));
#11270=CARTESIAN_POINT('',(10.8200307880306,102.206580552472,-1.));
#11271=CARTESIAN_POINT('Origin',(14.7012807880307,102.206580552472,-1.));
#11272=CARTESIAN_POINT('',(14.7012807880305,106.087830552472,-8.1));
#11273=CARTESIAN_POINT('Origin',(14.7012807880307,102.206580552472,-8.1));
#11274=CARTESIAN_POINT('',(14.7012807880305,106.087830552472,-1.));
#11275=CARTESIAN_POINT('Origin',(14.7012807880305,106.087830552472,-1.));
#11276=CARTESIAN_POINT('',(315.916980788028,106.087830552472,-8.1));
#11277=CARTESIAN_POINT('Origin',(344.107530788044,35.4378305524451,-1.));
#11278=CARTESIAN_POINT('Origin',(344.107530788044,35.4378305524451,-8.1));
#11279=CARTESIAN_POINT('Origin',(344.107530788028,62.6128305524943,-1.));
#11280=CARTESIAN_POINT('',(344.020030788028,62.6128305524943,-8.1));
#11281=CARTESIAN_POINT('',(344.020030788028,62.6128305524943,-1.));
#11282=CARTESIAN_POINT('Origin',(344.107530788028,62.6128305524943,-8.1));
#11283=CARTESIAN_POINT('Origin',(344.020030788028,102.206580552472,-1.));
#11284=CARTESIAN_POINT('',(344.020030788028,102.206580552472,-3.1));
#11285=CARTESIAN_POINT('',(344.020030788028,94.2705462211921,-3.1));
#11286=CARTESIAN_POINT('',(344.020030788028,102.206580552472,-8.1));
#11287=CARTESIAN_POINT('',(344.020030788028,102.206580552472,-1.));
#11288=CARTESIAN_POINT('',(344.020030788028,62.6128305524943,-8.1));
#11289=CARTESIAN_POINT('Origin',(340.138780788027,102.206580552472,-1.));
#11290=CARTESIAN_POINT('Origin',(340.138780788027,102.206580552472,-3.1));
#11291=CARTESIAN_POINT('Origin',(340.138780788027,102.206580552472,-8.1));
#11292=CARTESIAN_POINT('Origin',(184.213780788038,58.5503305524716,-8.1));
#11293=CARTESIAN_POINT('Origin',(311.143014134239,108.150330552472,-1.));
#11294=CARTESIAN_POINT('',(311.143014134239,108.150330552472,-1.));
#11295=CARTESIAN_POINT('Origin',(311.143014134239,108.650330552472,-1.));
#11296=CARTESIAN_POINT('',(310.658891215963,108.77533055247,-1.));
#11297=CARTESIAN_POINT('Origin',(307.270030788028,109.650330552458,-1.));
#11298=CARTESIAN_POINT('',(304.062227801558,111.050330552458,-1.));
#11299=CARTESIAN_POINT('Origin',(302.687455093072,111.650330552457,-1.));
#11300=CARTESIAN_POINT('',(302.687455093072,110.150330552458,-1.));
#11301=CARTESIAN_POINT('Origin',(276.584244350402,110.150330552458,-1.));
#11302=CARTESIAN_POINT('',(276.584244350402,110.150330552458,-1.));
#11303=CARTESIAN_POINT('Origin',(276.584244350402,108.650330552457,-1.));
#11304=CARTESIAN_POINT('',(275.523584178622,109.710990724237,-1.));
#11305=CARTESIAN_POINT('Origin',(274.109370616264,108.296777161879,-1.));
#11306=CARTESIAN_POINT('',(274.109370616264,108.296777161879,-1.));
#11307=CARTESIAN_POINT('Origin',(273.755817225671,108.650330552472,-1.));
#11308=CARTESIAN_POINT('',(273.755817225671,108.150330552472,-1.));
#11309=CARTESIAN_POINT('Origin',(252.534244350407,108.150330552472,-1.));
#11310=CARTESIAN_POINT('',(252.534244350407,108.150330552472,-1.));
#11311=CARTESIAN_POINT('Origin',(252.534244350407,108.650330552472,-1.));
#11312=CARTESIAN_POINT('',(252.180690959813,108.296777161879,-1.));
#11313=CARTESIAN_POINT('Origin',(250.76647739744,109.710990724252,-1.));
#11314=CARTESIAN_POINT('',(250.76647739744,109.710990724252,-1.));
#11315=CARTESIAN_POINT('Origin',(249.705817225661,108.650330552472,-1.));
#11316=CARTESIAN_POINT('',(249.70581722566,110.150330552472,-1.));
#11317=CARTESIAN_POINT('Origin',(229.627606482985,110.150330552472,-1.));
#11318=CARTESIAN_POINT('',(229.627606482985,110.150330552472,-1.));
#11319=CARTESIAN_POINT('Origin',(229.627606482985,111.650330552472,-1.));
#11320=CARTESIAN_POINT('',(228.252833774498,111.050330552472,-1.));
#11321=CARTESIAN_POINT('Origin',(225.045030788029,109.650330552472,-1.));
#11322=CARTESIAN_POINT('',(221.83722780156,111.050330552472,-1.));
#11323=CARTESIAN_POINT('Origin',(220.462455093073,111.650330552472,-1.));
#11324=CARTESIAN_POINT('',(220.462455093073,110.150330552472,-1.));
#11325=CARTESIAN_POINT('Origin',(200.384244350405,110.150330552472,-1.));
#11326=CARTESIAN_POINT('',(200.384244350405,110.150330552472,-1.));
#11327=CARTESIAN_POINT('Origin',(200.384244350405,108.650330552472,-1.));
#11328=CARTESIAN_POINT('',(199.323584178625,109.710990724252,-1.));
#11329=CARTESIAN_POINT('Origin',(197.909370616252,108.296777161879,-1.));
#11330=CARTESIAN_POINT('',(197.909370616252,108.296777161879,-1.));
#11331=CARTESIAN_POINT('Origin',(197.555817225659,108.650330552472,-1.));
#11332=CARTESIAN_POINT('',(197.555817225659,108.150330552472,-1.));
#11333=CARTESIAN_POINT('Origin',(157.284244350406,108.150330552472,-1.));
#11334=CARTESIAN_POINT('',(157.284244350406,108.150330552472,-1.));
#11335=CARTESIAN_POINT('Origin',(157.284244350407,108.650330552472,-1.));
#11336=CARTESIAN_POINT('',(156.930690959813,108.296777161879,-1.));
#11337=CARTESIAN_POINT('Origin',(155.51647739744,109.710990724252,-1.));
#11338=CARTESIAN_POINT('',(155.51647739744,109.710990724252,-1.));
#11339=CARTESIAN_POINT('Origin',(154.45581722566,108.650330552472,-1.));
#11340=CARTESIAN_POINT('',(154.45581722566,110.150330552472,-1.));
#11341=CARTESIAN_POINT('Origin',(134.377606482985,110.150330552472,-1.));
#11342=CARTESIAN_POINT('',(134.377606482985,110.150330552472,-1.));
#11343=CARTESIAN_POINT('Origin',(134.377606482985,111.650330552472,-1.));
#11344=CARTESIAN_POINT('',(133.002833774498,111.050330552472,-1.));
#11345=CARTESIAN_POINT('Origin',(129.795030788029,109.650330552472,-1.));
#11346=CARTESIAN_POINT('',(126.58722780156,111.050330552472,-1.));
#11347=CARTESIAN_POINT('Origin',(125.212455093073,111.650330552472,-1.));
#11348=CARTESIAN_POINT('',(125.212455093073,110.150330552472,-1.));
#11349=CARTESIAN_POINT('Origin',(105.134244350412,110.150330552472,-1.));
#11350=CARTESIAN_POINT('',(105.134244350412,110.150330552472,-1.));
#11351=CARTESIAN_POINT('Origin',(105.134244350412,108.650330552472,-1.));
#11352=CARTESIAN_POINT('',(104.073584178633,109.710990724252,-1.));
#11353=CARTESIAN_POINT('Origin',(102.65937061626,108.296777161879,-1.));
#11354=CARTESIAN_POINT('',(102.65937061626,108.296777161879,-1.));
#11355=CARTESIAN_POINT('Origin',(102.305817225666,108.650330552472,-1.));
#11356=CARTESIAN_POINT('',(102.305817225666,108.150330552472,-1.));
#11357=CARTESIAN_POINT('Origin',(81.0842443504096,108.150330552472,-1.));
#11358=CARTESIAN_POINT('',(81.0842443504096,108.150330552472,-1.));
#11359=CARTESIAN_POINT('Origin',(81.0842443504097,108.650330552472,-1.));
#11360=CARTESIAN_POINT('',(80.7306909598163,108.296777161879,-1.));
#11361=CARTESIAN_POINT('Origin',(79.3164773974432,109.710990724252,-1.));
#11362=CARTESIAN_POINT('',(79.3164773974432,109.710990724252,-1.));
#11363=CARTESIAN_POINT('Origin',(78.2558172256633,108.650330552472,-1.));
#11364=CARTESIAN_POINT('',(78.2558172256634,110.150330552472,-1.));
#11365=CARTESIAN_POINT('Origin',(52.1526064829865,110.150330552472,-1.));
#11366=CARTESIAN_POINT('',(52.1526064829865,110.150330552472,-1.));
#11367=CARTESIAN_POINT('Origin',(52.1526064829865,111.650330552472,-1.));
#11368=CARTESIAN_POINT('',(50.7778337744997,111.050330552472,-1.));
#11369=CARTESIAN_POINT('Origin',(47.5700307880306,109.650330552472,-1.));
#11370=CARTESIAN_POINT('',(44.1811703600991,108.775330552472,-1.));
#11371=CARTESIAN_POINT('Origin',(43.6970474418232,108.650330552472,-1.));
#11372=CARTESIAN_POINT('',(43.6970474418232,108.150330552472,-1.));
#11373=CARTESIAN_POINT('Origin',(11.2575307880306,108.150330552472,-1.));
#11374=CARTESIAN_POINT('',(11.2575307880306,108.150330552472,-1.));
#11375=CARTESIAN_POINT('Origin',(11.2575307880306,105.650330552472,-1.));
#11376=CARTESIAN_POINT('',(8.75753078803064,105.650330552472,-1.));
#11377=CARTESIAN_POINT('Origin',(8.75753078803061,11.450330552475,-1.));
#11378=CARTESIAN_POINT('',(8.75753078803062,11.450330552475,-1.));
#11379=CARTESIAN_POINT('Origin',(11.2575307880306,11.450330552475,-1.));
#11380=CARTESIAN_POINT('',(11.2575307880306,8.950330552475,-1.));
#11381=CARTESIAN_POINT('Origin',(21.3433172256576,8.95033055247499,-1.));
#11382=CARTESIAN_POINT('',(21.3433172256576,8.95033055247499,-1.));
#11383=CARTESIAN_POINT('Origin',(21.3433172256576,8.45033055247499,-1.));
#11384=CARTESIAN_POINT('',(21.6968706162508,8.80388394306826,-1.));
#11385=CARTESIAN_POINT('Origin',(23.111084178624,7.38967038069514,-1.));
#11386=CARTESIAN_POINT('',(23.111084178624,7.38967038069514,-1.));
#11387=CARTESIAN_POINT('Origin',(24.1717443504038,8.45033055247497,-1.));
#11388=CARTESIAN_POINT('',(24.1717443504038,6.95033055247496,-1.));
#11389=CARTESIAN_POINT('Origin',(34.7249550930705,6.95033055247496,-1.));
#11390=CARTESIAN_POINT('',(34.7249550930705,6.95033055247496,-1.));
#11391=CARTESIAN_POINT('Origin',(34.7249550930705,5.45033055247497,-1.));
#11392=CARTESIAN_POINT('',(36.0997278015572,6.05033055247496,-1.));
#11393=CARTESIAN_POINT('Origin',(39.3075307880263,7.45033055247496,-1.));
#11394=CARTESIAN_POINT('',(42.5153337744954,6.05033055247495,-1.));
#11395=CARTESIAN_POINT('Origin',(43.8901064829822,5.45033055247496,-1.));
#11396=CARTESIAN_POINT('',(43.8901064829822,6.95033055247495,-1.));
#11397=CARTESIAN_POINT('Origin',(54.4433172256525,6.95033055247494,-1.));
#11398=CARTESIAN_POINT('',(54.4433172256525,6.95033055247495,-1.));
#11399=CARTESIAN_POINT('Origin',(54.4433172256525,8.45033055247498,-1.));
#11400=CARTESIAN_POINT('',(55.5039773974323,7.38967038069511,-1.));
#11401=CARTESIAN_POINT('Origin',(56.9181909598055,8.80388394306825,-1.));
#11402=CARTESIAN_POINT('',(56.9181909598055,8.80388394306825,-1.));
#11403=CARTESIAN_POINT('Origin',(57.2717443503987,8.45033055247504,-1.));
#11404=CARTESIAN_POINT('',(57.2717443503987,8.95033055247499,-1.));
#11405=CARTESIAN_POINT('Origin',(83.9948797256513,8.95033055247499,-1.));
#11406=CARTESIAN_POINT('',(83.9948797256513,8.95033055247499,-1.));
#11407=CARTESIAN_POINT('Origin',(83.9948797256513,8.45033055247498,-1.));
#11408=CARTESIAN_POINT('',(84.3484331162446,8.80388394306825,-1.));
#11409=CARTESIAN_POINT('Origin',(85.7626466786214,7.38967038069148,-1.));
#11410=CARTESIAN_POINT('',(85.7626466786214,7.38967038069147,-1.));
#11411=CARTESIAN_POINT('Origin',(86.8233068504012,8.45033055247131,-1.));
#11412=CARTESIAN_POINT('',(86.8233068504012,6.95033055247131,-1.));
#11413=CARTESIAN_POINT('Origin',(102.030330093072,6.95033055247132,-1.));
#11414=CARTESIAN_POINT('',(102.030330093072,6.95033055247132,-1.));
#11415=CARTESIAN_POINT('Origin',(102.030330093072,5.45033055247132,-1.));
#11416=CARTESIAN_POINT('',(103.405102801558,6.05033055247132,-1.));
#11417=CARTESIAN_POINT('Origin',(106.612905788027,7.45033055247131,-1.));
#11418=CARTESIAN_POINT('',(109.820708774497,6.05033055247133,-1.));
#11419=CARTESIAN_POINT('Origin',(111.195481482983,5.45033055247128,-1.));
#11420=CARTESIAN_POINT('',(111.195481482983,6.9503305524713,-1.));
#11421=CARTESIAN_POINT('Origin',(135.405817225654,6.9503305524713,-1.));
#11422=CARTESIAN_POINT('',(135.405817225654,6.95033055247132,-1.));
#11423=CARTESIAN_POINT('Origin',(135.405817225654,8.45033055247112,-1.));
#11424=CARTESIAN_POINT('',(136.466477397434,7.38967038069152,-1.));
#11425=CARTESIAN_POINT('Origin',(137.88069095981,8.80388394306825,-1.));
#11426=CARTESIAN_POINT('',(137.88069095981,8.80388394306825,-1.));
#11427=CARTESIAN_POINT('Origin',(138.234244350404,8.45033055247494,-1.));
#11428=CARTESIAN_POINT('',(138.234244350404,8.95033055247498,-1.));
#11429=CARTESIAN_POINT('Origin',(197.555817225652,8.95033055247497,-1.));
#11430=CARTESIAN_POINT('',(197.555817225652,8.95033055247497,-1.));
#11431=CARTESIAN_POINT('Origin',(197.555817225652,8.45033055247507,-1.));
#11432=CARTESIAN_POINT('',(197.909370616245,8.80388394306825,-1.));
#11433=CARTESIAN_POINT('Origin',(199.323584178622,7.38967038069148,-1.));
#11434=CARTESIAN_POINT('',(199.323584178622,7.38967038069148,-1.));
#11435=CARTESIAN_POINT('Origin',(200.384244350402,8.45033055247146,-1.));
#11436=CARTESIAN_POINT('',(200.384244350402,6.95033055247133,-1.));
#11437=CARTESIAN_POINT('Origin',(224.594580093072,6.95033055247132,-1.));
#11438=CARTESIAN_POINT('',(224.594580093072,6.95033055247132,-1.));
#11439=CARTESIAN_POINT('Origin',(224.594580093072,5.45033055247134,-1.));
#11440=CARTESIAN_POINT('',(225.969352801559,6.05033055247132,-1.));
#11441=CARTESIAN_POINT('Origin',(229.177155788028,7.45033055247131,-1.));
#11442=CARTESIAN_POINT('',(232.384958774497,6.05033055247132,-1.));
#11443=CARTESIAN_POINT('Origin',(233.759731482984,5.4503305524713,-1.));
#11444=CARTESIAN_POINT('',(233.759731482984,6.95033055247129,-1.));
#11445=CARTESIAN_POINT('Origin',(248.966754725654,6.9503305524713,-1.));
#11446=CARTESIAN_POINT('',(248.966754725654,6.95033055247131,-1.));
#11447=CARTESIAN_POINT('Origin',(248.966754725654,8.45033055247137,-1.));
#11448=CARTESIAN_POINT('',(250.027414897434,7.38967038069148,-1.));
#11449=CARTESIAN_POINT('Origin',(251.441628459811,8.80388394306824,-1.));
#11450=CARTESIAN_POINT('',(251.441628459811,8.80388394306824,-1.));
#11451=CARTESIAN_POINT('Origin',(251.795181850404,8.45033055247499,-1.));
#11452=CARTESIAN_POINT('',(251.795181850404,8.95033055247496,-1.));
#11453=CARTESIAN_POINT('Origin',(297.56831722566,8.95033055247497,-1.));
#11454=CARTESIAN_POINT('',(297.56831722566,8.95033055247497,-1.));
#11455=CARTESIAN_POINT('Origin',(297.56831722566,8.45033055247471,-1.));
#11456=CARTESIAN_POINT('',(297.921870616253,8.8038839430682,-1.));
#11457=CARTESIAN_POINT('Origin',(299.336084178626,7.38967038069514,-1.));
#11458=CARTESIAN_POINT('',(299.336084178626,7.38967038069513,-1.));
#11459=CARTESIAN_POINT('Origin',(300.396744350406,8.45033055247486,-1.));
#11460=CARTESIAN_POINT('',(300.396744350406,6.95033055247494,-1.));
#11461=CARTESIAN_POINT('Origin',(310.949955093076,6.95033055247494,-1.));
#11462=CARTESIAN_POINT('',(310.949955093076,6.95033055247494,-1.));
#11463=CARTESIAN_POINT('Origin',(310.949955093076,5.45033055247506,-1.));
#11464=CARTESIAN_POINT('',(312.324727801563,6.05033055247496,-1.));
#11465=CARTESIAN_POINT('Origin',(315.532530788032,7.45033055247498,-1.));
#11466=CARTESIAN_POINT('',(318.740333774501,6.05033055247496,-1.));
#11467=CARTESIAN_POINT('Origin',(320.115106482988,5.45033055247496,-1.));
#11468=CARTESIAN_POINT('',(320.115106482988,6.95033055247496,-1.));
#11469=CARTESIAN_POINT('Origin',(330.668317225655,6.95033055247494,-1.));
#11470=CARTESIAN_POINT('',(330.668317225655,6.95033055247493,-1.));
#11471=CARTESIAN_POINT('Origin',(330.668317225654,8.45033055247561,-1.));
#11472=CARTESIAN_POINT('',(331.728977397434,7.38967038069502,-1.));
#11473=CARTESIAN_POINT('Origin',(333.143190959807,8.80388394306824,-1.));
#11474=CARTESIAN_POINT('',(333.143190959807,8.80388394306824,-1.));
#11475=CARTESIAN_POINT('Origin',(333.496744350401,8.45033055247517,-1.));
#11476=CARTESIAN_POINT('',(333.496744350401,8.95033055247493,-1.));
#11477=CARTESIAN_POINT('Origin',(343.582530788028,8.95033055247495,-1.));
#11478=CARTESIAN_POINT('',(343.582530788028,8.95033055247496,-1.));
#11479=CARTESIAN_POINT('Origin',(343.582530788028,11.4503305524748,-1.));
#11480=CARTESIAN_POINT('',(346.082530788028,11.450330552475,-1.));
#11481=CARTESIAN_POINT('Origin',(346.082530788028,32.0319678775921,-1.));
#11482=CARTESIAN_POINT('',(346.082530788028,32.0319678775921,-1.));
#11483=CARTESIAN_POINT('Origin',(344.582530788028,32.0319678775921,-1.));
#11484=CARTESIAN_POINT('Origin',(346.082530788028,105.650330552472,-1.));
#11485=CARTESIAN_POINT('',(346.082530788028,105.650330552472,-3.1));
#11486=CARTESIAN_POINT('',(346.082530788028,105.650330552472,-1.));
#11487=CARTESIAN_POINT('',(346.082530788028,66.0186932273519,-3.1));
#11488=CARTESIAN_POINT('Origin',(343.582530788028,105.650330552472,-1.));
#11489=CARTESIAN_POINT('Origin',(343.582530788028,105.650330552472,-3.1));
#11490=CARTESIAN_POINT('Origin',(338.368192920093,86.334511889912,-3.1));
#11491=CARTESIAN_POINT('Origin',(348.707530788028,112.775330552472,-1.));
#11492=CARTESIAN_POINT('',(348.707530788028,112.775330552472,-1.));
#11493=CARTESIAN_POINT('Origin',(345.907530788028,112.775330552472,-1.));
#11494=CARTESIAN_POINT('Origin',(8.93253078803064,112.775330552472,-1.));
#11495=CARTESIAN_POINT('',(6.13253078803063,112.775330552472,-1.));
#11496=CARTESIAN_POINT('Origin',(6.13253078803063,4.32533055247131,-1.));
#11497=CARTESIAN_POINT('',(6.13253078803063,4.32533055247131,-1.));
#11498=CARTESIAN_POINT('Origin',(8.93253078803063,4.32533055247132,-1.));
#11499=CARTESIAN_POINT('',(8.93253078803063,1.52533055247131,-1.));
#11500=CARTESIAN_POINT('Origin',(345.907530788028,1.52533055247129,-1.));
#11501=CARTESIAN_POINT('',(345.907530788028,1.52533055247128,-1.));
#11502=CARTESIAN_POINT('Origin',(345.907530788028,4.32533055247129,-1.));
#11503=CARTESIAN_POINT('',(348.707530788028,4.32533055247132,-1.));
#11504=CARTESIAN_POINT('Origin',(348.707530788028,34.9058404766934,-1.));
#11505=CARTESIAN_POINT('Origin',(8.93253078803063,4.32533055247132,-1.));
#11506=CARTESIAN_POINT('',(8.93253078803063,-0.974669447528685,-1.));
#11507=CARTESIAN_POINT('Origin',(345.907530788028,-0.974669447528721,-1.));
#11508=CARTESIAN_POINT('',(345.907530788028,-0.974669447528721,-1.));
#11509=CARTESIAN_POINT('Origin',(345.907530788028,4.32533055247129,-1.));
#11510=UNCERTAINTY_MEASURE_WITH_UNIT(LENGTH_MEASURE(0.01),#11514,
'DISTANCE_ACCURACY_VALUE',
'Maximum model space distance between geometric entities at asserted c
onnectivities');
#11511=UNCERTAINTY_MEASURE_WITH_UNIT(LENGTH_MEASURE(0.01),#11514,
'DISTANCE_ACCURACY_VALUE',
'Maximum model space distance between geometric entities at asserted c
onnectivities');
#11512=(
GEOMETRIC_REPRESENTATION_CONTEXT(3)
GLOBAL_UNCERTAINTY_ASSIGNED_CONTEXT((#11510))
GLOBAL_UNIT_ASSIGNED_CONTEXT((#11514,#11516,#11517))
REPRESENTATION_CONTEXT('','3D')
);
#11513=(
GEOMETRIC_REPRESENTATION_CONTEXT(3)
GLOBAL_UNCERTAINTY_ASSIGNED_CONTEXT((#11511))
GLOBAL_UNIT_ASSIGNED_CONTEXT((#11514,#11516,#11517))
REPRESENTATION_CONTEXT('','3D')
);
#11514=(
LENGTH_UNIT()
NAMED_UNIT(*)
SI_UNIT(.MILLI.,.METRE.)
);
#11515=(
LENGTH_UNIT()
NAMED_UNIT(*)
SI_UNIT($,.METRE.)
);
#11516=(
NAMED_UNIT(*)
PLANE_ANGLE_UNIT()
SI_UNIT($,.RADIAN.)
);
#11517=(
NAMED_UNIT(*)
SI_UNIT($,.STERADIAN.)
SOLID_ANGLE_UNIT()
);
#11518=SHAPE_DEFINITION_REPRESENTATION(#11519,#11520);
#11519=PRODUCT_DEFINITION_SHAPE('',$,#11522);
#11520=SHAPE_REPRESENTATION('',(#6572),#11512);
#11521=PRODUCT_DEFINITION_CONTEXT('part definition',#11526,'design');
#11522=PRODUCT_DEFINITION('2026-02-09-10-52-06-227','CL70_EDU',#11523,#11521);
#11523=PRODUCT_DEFINITION_FORMATION('',$,#11528);
#11524=PRODUCT_RELATED_PRODUCT_CATEGORY('CL70_EDU','CL70_EDU',(#11528));
#11525=APPLICATION_PROTOCOL_DEFINITION('international standard',
'automotive_design',2009,#11526);
#11526=APPLICATION_CONTEXT(
'Core Data for Automotive Mechanical Design Process');
#11527=PRODUCT_CONTEXT('part definition',#11526,'mechanical');
#11528=PRODUCT('2026-02-09-10-52-06-227','CL70_EDU',$,(#11527));
#11529=PRESENTATION_STYLE_ASSIGNMENT((#11533));
#11530=PRESENTATION_STYLE_ASSIGNMENT((#11534));
#11531=PRESENTATION_STYLE_ASSIGNMENT((#11535));
#11532=PRESENTATION_STYLE_ASSIGNMENT((#11536));
#11533=SURFACE_STYLE_USAGE(.BOTH.,#11537);
#11534=SURFACE_STYLE_USAGE(.BOTH.,#11538);
#11535=SURFACE_STYLE_USAGE(.BOTH.,#11539);
#11536=SURFACE_STYLE_USAGE(.BOTH.,#11540);
#11537=SURFACE_SIDE_STYLE('',(#11541));
#11538=SURFACE_SIDE_STYLE('',(#11542));
#11539=SURFACE_SIDE_STYLE('',(#11543));
#11540=SURFACE_SIDE_STYLE('',(#11544));
#11541=SURFACE_STYLE_FILL_AREA(#11545);
#11542=SURFACE_STYLE_FILL_AREA(#11546);
#11543=SURFACE_STYLE_FILL_AREA(#11547);
#11544=SURFACE_STYLE_FILL_AREA(#11548);
#11545=FILL_AREA_STYLE('\X2\AC15CCA0\X0\ - \X2\C0C8D2F4\X0\',(#11549));
#11546=FILL_AREA_STYLE('\X2\D3F4B9ACCE74BCF4B124C774D2B8\X0\(\X2\C120BA85\X0\)',
(#11550));
#11547=FILL_AREA_STYLE('\X2\C54CB8E8BBF8B284\X0\ - \X2\C0C8D2F4\X0\',(#11551));
#11548=FILL_AREA_STYLE('FR4',(#11552));
#11549=FILL_AREA_STYLE_COLOUR('\X2\AC15CCA0\X0\ - \X2\C0C8D2F4\X0\',#11553);
#11550=FILL_AREA_STYLE_COLOUR('\X2\D3F4B9ACCE74BCF4B124C774D2B8\X0\(\X2\C120BA85\X0\)',
#11554);
#11551=FILL_AREA_STYLE_COLOUR('\X2\C54CB8E8BBF8B284\X0\ - \X2\C0C8D2F4\X0\',
#11555);
#11552=FILL_AREA_STYLE_COLOUR('FR4',#11556);
#11553=COLOUR_RGB('\X2\AC15CCA0\X0\ - \X2\C0C8D2F4\X0\',0.627450980392157,
0.627450980392157,0.627450980392157);
#11554=COLOUR_RGB('\X2\D3F4B9ACCE74BCF4B124C774D2B8\X0\(\X2\C120BA85\X0\)',
0.964705882352941,0.964705882352941,0.952941176470588);
#11555=COLOUR_RGB('\X2\C54CB8E8BBF8B284\X0\ - \X2\C0C8D2F4\X0\',0.96078431372549,
0.96078431372549,0.964705882352941);
#11556=COLOUR_RGB('FR4',0.266666666666667,0.466666666666667,0.4);
ENDSEC;
END-ISO-10303-21;
