  0
SECTION
  2
HEADER
  9
$ACADVER
  1
AC1032
  9
$ACADMAINTVER
 90
      174
  9
$DWGCODEPAGE
  3
ANSI_949
  9
$LASTSAVEDBY
  1
User
  9
$REQUIREDVERSIONS
160
                 0
  9
$INSBASE
 10
0.0
 20
0.0
 30
0.0
  9
$EXTMIN
 10
9.257530788030617
 20
0.6325979513300127
 30
0.0
  9
$EXTMAX
 10
345.5825307880278
 20
118.4523521805732
 30
0.0
  9
$LIMMIN
 10
0.0
 20
0.0
  9
$LIMMAX
 10
420.0
 20
297.0
  9
$ORTHOMODE
 70
     0
  9
$REGENMODE
 70
     1
  9
$FILLMODE
 70
     1
  9
$QTEXTMODE
 70
     0
  9
$MIRRTEXT
 70
     0
  9
$LTSCALE
 40
1.0
  9
$ATTMODE
 70
     1
  9
$TEXTSIZE
 40
2.5
  9
$TRACEWID
 40
1.0
  9
$TEXTSTYLE
  7
Standard
  9
$CLAYER
  8
0
  9
$CELTYPE
  6
ByLayer
  9
$CECOLOR
 62
   256
  9
$CELTSCALE
 40
1.0
  9
$DISPSILH
 70
     0
  9
$DIMSCALE
 40
1.0
  9
$DIMASZ
 40
2.5
  9
$DIMEXO
 40
0.625
  9
$DIMDLI
 40
3.75
  9
$DIMRND
 40
0.0
  9
$DIMDLE
 40
0.0
  9
$DIMEXE
 40
1.25
  9
$DIMTP
 40
0.0
  9
$DIMTM
 40
0.0
  9
$DIMTXT
 40
2.5
  9
$DIMCEN
 40
2.5
  9
$DIMTSZ
 40
0.0
  9
$DIMTOL
 70
     0
  9
$DIMLIM
 70
     0
  9
$DIMTIH
 70
     0
  9
$DIMTOH
 70
     0
  9
$DIMSE1
 70
     0
  9
$DIMSE2
 70
     0
  9
$DIMTAD
 70
     1
  9
$DIMZIN
 70
     8
  9
$DIMBLK
  1

  9
$DIMASO
 70
     1
  9
$DIMSHO
 70
     1
  9
$DIMPOST
  1

  9
$DIMAPOST
  1

  9
$DIMALT
 70
     0
  9
$DIMALTD
 70
     3
  9
$DIMALTF
 40
0.03937007874016
  9
$DIMLFAC
 40
1.0
  9
$DIMTOFL
 70
     1
  9
$DIMTVP
 40
0.0
  9
$DIMTIX
 70
     0
  9
$DIMSOXD
 70
     0
  9
$DIMSAH
 70
     0
  9
$DIMBLK1
  1

  9
$DIMBLK2
  1

  9
$DIMSTYLE
  2
ISO-25
  9
$DIMCLRD
 70
     0
  9
$DIMCLRE
 70
     0
  9
$DIMCLRT
 70
     0
  9
$DIMTFAC
 40
1.0
  9
$DIMGAP
 40
0.625
  9
$DIMJUST
 70
     0
  9
$DIMSD1
 70
     0
  9
$DIMSD2
 70
     0
  9
$DIMTOLJ
 70
     0
  9
$DIMTZIN
 70
     8
  9
$DIMALTZ
 70
     0
  9
$DIMALTTZ
 70
     0
  9
$DIMUPT
 70
     0
  9
$DIMDEC
 70
     8
  9
$DIMTDEC
 70
     8
  9
$DIMALTU
 70
     2
  9
$DIMALTTD
 70
     3
  9
$DIMTXSTY
  7
Standard
  9
$DIMAUNIT
 70
     0
  9
$DIMADEC
 70
     0
  9
$DIMALTRND
 40
0.0
  9
$DIMAZIN
 70
     0
  9
$DIMDSEP
 70
    44
  9
$DIMATFIT
 70
     3
  9
$DIMFRAC
 70
     0
  9
$DIMLDRBLK
  1

  9
$DIMLUNIT
 70
     2
  9
$DIMLWD
 70
    -2
  9
$DIMLWE
 70
    -2
  9
$DIMTMOVE
 70
     0
  9
$DIMFXL
 40
1.0
  9
$DIMFXLON
 70
     0
  9
$DIMJOGANG
 40
0.7853981633974483
  9
$DIMTFILL
 70
     0
  9
$DIMTFILLCLR
 70
     0
  9
$DIMARCSYM
 70
     0
  9
$DIMLTYPE
  6

  9
$DIMLTEX1
  6

  9
$DIMLTEX2
  6

  9
$DIMTXTDIRECTION
 70
     0
  9
$LUNITS
 70
     2
  9
$LUPREC
 70
     4
  9
$SKETCHINC
 40
1.0
  9
$FILLETRAD
 40
1.0
  9
$AUNITS
 70
     0
  9
$AUPREC
 70
     0
  9
$MENU
  1
.
  9
$ELEVATION
 40
0.0
  9
$PELEVATION
 40
0.0
  9
$THICKNESS
 40
0.0
  9
$LIMCHECK
 70
     0
  9
$CHAMFERA
 40
0.0
  9
$CHAMFERB
 40
0.0
  9
$CHAMFERC
 40
0.0
  9
$CHAMFERD
 40
0.0
  9
$SKPOLY
 70
     0
  9
$TDCREATE
 40
2460962.801736112
  9
$TDUCREATE
 40
2460962.426736111
  9
$TDUPDATE
 40
2461056.529629630
  9
$TDUUPDATE
 40
2461056.154629630
  9
$TDINDWG
 40
0.8668634259
  9
$TDUSRTIMER
 40
0.8668634259
  9
$USRTIMER
 70
     1
  9
$ANGBASE
 50
0.0
  9
$ANGDIR
 70
     0
  9
$PDMODE
 70
     0
  9
$PDSIZE
 40
0.0
  9
$PLINEWID
 40
0.0
  9
$SPLFRAME
 70
     0
  9
$SPLINETYPE
 70
     6
  9
$SPLINESEGS
 70
     8
  9
$HANDSEED
  5
EB1
  9
$SURFTAB1
 70
     6
  9
$SURFTAB2
 70
     6
  9
$SURFTYPE
 70
     6
  9
$SURFU
 70
     6
  9
$SURFV
 70
     6
  9
$UCSBASE
  2

  9
$UCSNAME
  2

  9
$UCSORG
 10
0.0
 20
0.0
 30
0.0
  9
$UCSXDIR
 10
1.0
 20
0.0
 30
0.0
  9
$UCSYDIR
 10
0.0
 20
1.0
 30
0.0
  9
$UCSORTHOREF
  2

  9
$UCSORTHOVIEW
 70
     0
  9
$UCSORGTOP
 10
0.0
 20
0.0
 30
0.0
  9
$UCSORGBOTTOM
 10
0.0
 20
0.0
 30
0.0
  9
$UCSORGLEFT
 10
0.0
 20
0.0
 30
0.0
  9
$UCSORGRIGHT
 10
0.0
 20
0.0
 30
0.0
  9
$UCSORGFRONT
 10
0.0
 20
0.0
 30
0.0
  9
$UCSORGBACK
 10
0.0
 20
0.0
 30
0.0
  9
$PUCSBASE
  2

  9
$PUCSNAME
  2

  9
$PUCSORG
 10
0.0
 20
0.0
 30
0.0
  9
$PUCSXDIR
 10
1.0
 20
0.0
 30
0.0
  9
$PUCSYDIR
 10
0.0
 20
1.0
 30
0.0
  9
$PUCSORTHOREF
  2

  9
$PUCSORTHOVIEW
 70
     0
  9
$PUCSORGTOP
 10
0.0
 20
0.0
 30
0.0
  9
$PUCSORGBOTTOM
 10
0.0
 20
0.0
 30
0.0
  9
$PUCSORGLEFT
 10
0.0
 20
0.0
 30
0.0
  9
$PUCSORGRIGHT
 10
0.0
 20
0.0
 30
0.0
  9
$PUCSORGFRONT
 10
0.0
 20
0.0
 30
0.0
  9
$PUCSORGBACK
 10
0.0
 20
0.0
 30
0.0
  9
$USERI1
 70
     0
  9
$USERI2
 70
     0
  9
$USERI3
 70
     0
  9
$USERI4
 70
     0
  9
$USERI5
 70
     0
  9
$USERR1
 40
0.0
  9
$USERR2
 40
0.0
  9
$USERR3
 40
0.0
  9
$USERR4
 40
0.0
  9
$USERR5
 40
0.0
  9
$WORLDVIEW
 70
     1
  9
$SHADEDGE
 70
     3
  9
$SHADEDIF
 70
    70
  9
$TILEMODE
 70
     1
  9
$MAXACTVP
 70
    64
  9
$PINSBASE
 10
0.0
 20
0.0
 30
0.0
  9
$PLIMCHECK
 70
     0
  9
$PEXTMIN
 10
0.0
 20
0.0
 30
0.0
  9
$PEXTMAX
 10
0.0
 20
0.0
 30
0.0
  9
$PLIMMIN
 10
0.0
 20
0.0
  9
$PLIMMAX
 10
12.0
 20
9.0
  9
$UNITMODE
 70
     0
  9
$VISRETAIN
 70
     1
  9
$PLINEGEN
 70
     0
  9
$PSLTSCALE
 70
     1
  9
$TREEDEPTH
 70
  3020
  9
$CMLSTYLE
  2
Standard
  9
$CMLJUST
 70
     0
  9
$CMLSCALE
 40
20.0
  9
$PROXYGRAPHICS
 70
     1
  9
$MEASUREMENT
 70
     1
  9
$CELWEIGHT
370
    -1
  9
$ENDCAPS
280
     0
  9
$JOINSTYLE
280
     0
  9
$LWDISPLAY
290
     0
  9
$INSUNITS
 70
     4
  9
$HYPERLINKBASE
  1

  9
$STYLESHEET
  1

  9
$XEDIT
290
     1
  9
$CEPSNTYPE
380
     0
  9
$PSTYLEMODE
290
     1
  9
$FINGERPRINTGUID
  2
{B2DC64E6-5EC4-3642-B4B9-6A7FF60DCBBA}
  9
$VERSIONGUID
  2
{69617620-539C-5A43-BF6A-390806637013}
  9
$EXTNAMES
290
     1
  9
$PSVPSCALE
 40
0.0
  9
$OLESTARTUP
290
     0
  9
$SORTENTS
280
   127
  9
$INDEXCTL
280
     0
  9
$HIDETEXT
280
     1
  9
$XCLIPFRAME
280
     2
  9
$HALOGAP
280
     0
  9
$OBSCOLOR
 70
   257
  9
$OBSLTYPE
280
     0
  9
$INTERSECTIONDISPLAY
280
     0
  9
$INTERSECTIONCOLOR
 70
   257
  9
$DIMASSOC
280
     2
  9
$PROJECTNAME
  1

  9
$CAMERADISPLAY
290
     0
  9
$LENSLENGTH
 40
50.0
  9
$CAMERAHEIGHT
 40
0.0
  9
$STEPSPERSEC
 40
2.0
  9
$STEPSIZE
 40
6.0
  9
$3DDWFPREC
 40
2.0
  9
$PSOLWIDTH
 40
5.0
  9
$PSOLHEIGHT
 40
80.0
  9
$LOFTANG1
 40
1.570796326794896
  9
$LOFTANG2
 40
1.570796326794896
  9
$LOFTMAG1
 40
0.0
  9
$LOFTMAG2
 40
0.0
  9
$LOFTPARAM
 70
     7
  9
$LOFTNORMALS
280
     1
  9
$LATITUDE
 40
37.795
  9
$LONGITUDE
 40
-122.394
  9
$NORTHDIRECTION
 40
0.0
  9
$TIMEZONE
 70
 -8000
  9
$LIGHTGLYPHDISPLAY
280
     1
  9
$TILEMODELIGHTSYNCH
280
     1
  9
$CMATERIAL
347
EC
  9
$SOLIDHIST
280
     0
  9
$SHOWHIST
280
     1
  9
$DWFFRAME
280
     2
  9
$DGNFRAME
280
     0
  9
$REALWORLDSCALE
290
     1
  9
$INTERFERECOLOR
 62
     1
  9
$INTERFEREOBJVS
345
F9
  9
$INTERFEREVPVS
346
F6
  9
$CSHADOW
280
     0
  9
$SHADOWPLANELOCATION
 40
0.0
  0
ENDSEC
  0
SECTION
  2
CLASSES
  0
CLASS
  1
ACDBDICTIONARYWDFLT
  2
AcDbDictionaryWithDefault
  3
ObjectDBX Classes
 90
        0
 91
        1
280
     0
281
     0
  0
CLASS
  1
DICTIONARYVAR
  2
AcDbDictionaryVar
  3
ObjectDBX Classes
 90
        0
 91
       11
280
     0
281
     0
  0
CLASS
  1
TABLESTYLE
  2
AcDbTableStyle
  3
ObjectDBX Classes
 90
     4095
 91
        1
280
     0
281
     0
  0
CLASS
  1
MATERIAL
  2
AcDbMaterial
  3
ObjectDBX Classes
 90
     1153
 91
        3
280
     0
281
     0
  0
CLASS
  1
VISUALSTYLE
  2
AcDbVisualStyle
  3
ObjectDBX Classes
 90
     4095
 91
       24
280
     0
281
     0
  0
CLASS
  1
SCALE
  2
AcDbScale
  3
ObjectDBX Classes
 90
     1153
 91
       17
280
     0
281
     0
  0
CLASS
  1
MLEADERSTYLE
  2
AcDbMLeaderStyle
  3
ACDB_MLEADERSTYLE_CLASS
 90
     4095
 91
        2
280
     0
281
     0
  0
CLASS
  1
CELLSTYLEMAP
  2
AcDbCellStyleMap
  3
ObjectDBX Classes
 90
     1152
 91
        1
280
     0
281
     0
  0
CLASS
  1
EXACXREFPANELOBJECT
  2
ExAcXREFPanelObject
  3
EXAC_ESW
 90
     1025
 91
        0
280
     0
281
     0
  0
CLASS
  1
NPOCOLLECTION
  2
AcDbImpNonPersistentObjectsCollection
  3
ObjectDBX Classes
 90
     1153
 91
        0
280
     0
281
     0
  0
CLASS
  1
LAYER_INDEX
  2
AcDbLayerIndex
  3
ObjectDBX Classes
 90
        0
 91
        0
280
     0
281
     0
  0
CLASS
  1
SPATIAL_INDEX
  2
AcDbSpatialIndex
  3
ObjectDBX Classes
 90
        0
 91
        0
280
     0
281
     0
  0
CLASS
  1
IDBUFFER
  2
AcDbIdBuffer
  3
ObjectDBX Classes
 90
        0
 91
        0
280
     0
281
     0
  0
CLASS
  1
ACDBSECTIONVIEWSTYLE
  2
AcDbSectionViewStyle
  3
ObjectDBX Classes
 90
     1025
 91
        1
280
     0
281
     0
  0
CLASS
  1
ACDBDETAILVIEWSTYLE
  2
AcDbDetailViewStyle
  3
ObjectDBX Classes
 90
     1025
 91
        1
280
     0
281
     0
  0
CLASS
  1
DIMASSOC
  2
AcDbDimAssoc
  3
"AcDbDimAssoc|Product Desc:     AcDim ARX App For Dimension|Company:          Autodesk, Inc.|WEB Address:      www.autodesk.com"
 90
        0
 91
        0
280
     0
281
     0
  0
CLASS
  1
SORTENTSTABLE
  2
AcDbSortentsTable
  3
ObjectDBX Classes
 90
        0
 91
        1
280
     0
281
     0
  0
ENDSEC
  0
SECTION
  2
TABLES
  0
TABLE
  2
VPORT
  5
8
330
0
100
AcDbSymbolTable
 70
     1
  0
VPORT
  5
EA
330
8
100
AcDbSymbolTableRecord
100
AcDbViewportTableRecord
  2
*Active
 70
     0
 10
0.0
 20
0.0
 11
1.0
 21
1.0
 12
186.8058303837104
 22
40.84204073787385
 13
0.0
 23
0.0
 14
10.0
 24
10.0
 15
10.0
 25
10.0
 16
0.0
 26
0.0
 36
1.0
 17
0.0
 27
0.0
 37
0.0
 40
206.9441177478482
 41
2.135833333333333
 42
50.0
 43
0.0
 44
0.0
 50
0.0
 51
0.0
 71
     0
 72
  1000
 73
     1
 74
     3
 75
     0
 76
     1
 77
     0
 78
     0
281
     0
 65
     1
110
0.0
120
0.0
130
0.0
111
1.0
121
0.0
131
0.0
112
0.0
122
1.0
132
0.0
 79
     0
146
0.0
348
F5
 60
     3
 61
     5
292
     1
282
     1
141
0.0
142
0.0
 63
   250
421
  3355443
1001
ACAD_NAV_VCDISPLAY
1070
     3
  0
ENDTAB
  0
TABLE
  2
LTYPE
  5
5
330
0
100
AcDbSymbolTable
 70
     2
  0
LTYPE
  5
14
330
5
100
AcDbSymbolTableRecord
100
AcDbLinetypeTableRecord
  2
ByBlock
 70
     0
  3

 72
    65
 73
     0
 40
0.0
  0
LTYPE
  5
15
330
5
100
AcDbSymbolTableRecord
100
AcDbLinetypeTableRecord
  2
ByLayer
 70
     0
  3

 72
    65
 73
     0
 40
0.0
  0
LTYPE
  5
16
330
5
100
AcDbSymbolTableRecord
100
AcDbLinetypeTableRecord
  2
Continuous
 70
     0
  3
Solid line
 72
    65
 73
     0
 40
0.0
  0
ENDTAB
  0
TABLE
  2
LAYER
  5
2
102
{ACAD_XDICTIONARY
360
1FF
102
}
330
0
100
AcDbSymbolTable
 70
     2
  0
LAYER
  5
10
102
{ACAD_XDICTIONARY
360
13C
102
}
330
2
100
AcDbSymbolTableRecord
100
AcDbLayerTableRecord
  2
0
 70
     0
 62
     7
  6
Continuous
370
    -3
390
F
347
EE
348
0
  0
LAYER
  5
2A1
330
2
100
AcDbSymbolTableRecord
100
AcDbLayerTableRecord
  2
Defpoints
 70
     0
 62
     7
  6
Continuous
290
     0
370
    -3
390
F
347
EE
348
0
  0
ENDTAB
  0
TABLE
  2
STYLE
  5
3
330
0
100
AcDbSymbolTable
 70
     2
  0
STYLE
  5
11
330
3
100
AcDbSymbolTableRecord
100
AcDbTextStyleTableRecord
  2
Standard
 70
     0
 40
0.0
 41
1.0
 50
0.0
 71
     0
 42
2.5
  3
arial.ttf
  4

1001
ACAD
1000
Arial
1071
       34
  0
STYLE
  5
132
330
3
100
AcDbSymbolTableRecord
100
AcDbTextStyleTableRecord
  2
주석
 70
     0
 40
0.0
 41
1.0
 50
0.0
 71
     0
 42
2.5
  3
arial.ttf
  4

1001
AcadAnnotative
1000
AnnotativeData
1002
{
1070
     1
1070
     1
1002
}
1001
ACAD
1000
Arial
1071
       34
  0
ENDTAB
  0
TABLE
  2
VIEW
  5
6
330
0
100
AcDbSymbolTable
 70
    17
  0
ENDTAB
  0
TABLE
  2
UCS
  5
7
330
0
100
AcDbSymbolTable
 70
     0
  0
ENDTAB
  0
TABLE
  2
APPID
  5
9
330
0
100
AcDbSymbolTable
 70
    10
  0
APPID
  5
12
330
9
100
AcDbSymbolTableRecord
100
AcDbRegAppTableRecord
  2
ACAD
 70
     0
  0
APPID
  5
9E
330
9
100
AcDbSymbolTableRecord
100
AcDbRegAppTableRecord
  2
ACAD_PSEXT
 70
     0
  0
APPID
  5
133
330
9
100
AcDbSymbolTableRecord
100
AcDbRegAppTableRecord
  2
AcadAnnoPO
 70
     0
  0
APPID
  5
134
330
9
100
AcDbSymbolTableRecord
100
AcDbRegAppTableRecord
  2
AcadAnnotative
 70
     0
  0
APPID
  5
135
330
9
100
AcDbSymbolTableRecord
100
AcDbRegAppTableRecord
  2
ACAD_DSTYLE_DIMJAG
 70
     0
  0
APPID
  5
136
330
9
100
AcDbSymbolTableRecord
100
AcDbRegAppTableRecord
  2
ACAD_DSTYLE_DIMTALN
 70
     0
  0
APPID
  5
165
330
9
100
AcDbSymbolTableRecord
100
AcDbRegAppTableRecord
  2
ACAD_MLEADERVER
 70
     0
  0
APPID
  5
217
330
9
100
AcDbSymbolTableRecord
100
AcDbRegAppTableRecord
  2
ACAD_NAV_VCDISPLAY
 70
     0
  0
APPID
  5
297
330
9
100
AcDbSymbolTableRecord
100
AcDbRegAppTableRecord
  2
ACAD_EXEMPT_FROM_CAD_STANDARDS
 70
     0
  0
APPID
  5
D46
330
9
100
AcDbSymbolTableRecord
100
AcDbRegAppTableRecord
  2
ACAD_DSTYLE_DIMRADIAL_EXTENSION
 70
     0
  0
ENDTAB
  0
TABLE
  2
DIMSTYLE
  5
A
330
0
100
AcDbSymbolTable
 70
     4
100
AcDbDimStyleTable
 71
     2
340
27
340
137
  0
DIMSTYLE
105
1B0
330
A
100
AcDbSymbolTableRecord
100
AcDbDimStyleTableRecord
  2
Standard
 70
     0
340
11
  0
DIMSTYLE
105
137
330
A
100
AcDbSymbolTableRecord
100
AcDbDimStyleTableRecord
  2
주석
 70
     0
 40
0.0
 41
2.5
 42
0.625
 43
3.75
 44
1.25
 73
     0
 74
     0
 77
     1
 78
     8
140
2.5
141
2.5
143
0.03937007874016
147
0.625
171
     3
172
     1
271
     2
272
     2
274
     3
278
    44
283
     0
284
     8
340
11
1001
AcadAnnotative
1000
AnnotativeData
1002
{
1070
     1
1070
     1
1002
}
1001
ACAD_DSTYLE_DIMJAG
1070
   388
1040
1.5
1001
ACAD_DSTYLE_DIMTALN
1070
   392
1070
     0
  0
DIMSTYLE
105
27
330
A
100
AcDbSymbolTableRecord
100
AcDbDimStyleTableRecord
  2
ISO-25
 70
     0
 41
2.5
 42
0.625
 43
3.75
 44
1.25
 73
     0
 74
     0
 77
     1
 78
     8
140
2.5
141
2.5
143
0.03937007874016
147
0.625
171
     3
172
     1
271
     8
272
     8
274
     3
278
    44
283
     0
284
     8
340
11
1001
ACAD_DSTYLE_DIMJAG
1070
   388
1040
1.5
1001
ACAD_DSTYLE_DIMTALN
1070
   392
1070
     0
  0
ENDTAB
  0
TABLE
  2
BLOCK_RECORD
  5
1
330
0
100
AcDbSymbolTable
 70
     4
  0
BLOCK_RECORD
  5
1F
102
{ACAD_XDICTIONARY
360
1CE
102
}
330
1
100
AcDbSymbolTableRecord
100
AcDbBlockTableRecord
  2
*Model_Space
340
22
 70
     0
280
     1
281
     0
  0
BLOCK_RECORD
  5
D2
330
1
100
AcDbSymbolTableRecord
100
AcDbBlockTableRecord
  2
*Paper_Space
340
D3
 70
     0
280
     1
281
     0
  0
BLOCK_RECORD
  5
D6
330
1
100
AcDbSymbolTableRecord
100
AcDbBlockTableRecord
  2
*Paper_Space0
340
D7
 70
     0
280
     1
281
     0
  0
ENDTAB
  0
ENDSEC
  0
SECTION
  2
BLOCKS
  0
BLOCK
  5
20
330
1F
100
AcDbEntity
  8
0
100
AcDbBlockBegin
  2
*Model_Space
 70
     0
 10
0.0
 20
0.0
 30
0.0
  3
*Model_Space
  1

  0
ENDBLK
  5
21
330
1F
100
AcDbEntity
  8
0
100
AcDbBlockEnd
  0
BLOCK
  5
D4
330
D2
100
AcDbEntity
 67
     1
  8
0
100
AcDbBlockBegin
  2
*Paper_Space
 70
     0
 10
0.0
 20
0.0
 30
0.0
  3
*Paper_Space
  1

  0
ENDBLK
  5
D5
330
D2
100
AcDbEntity
 67
     1
  8
0
100
AcDbBlockEnd
  0
BLOCK
  5
D8
330
D6
100
AcDbEntity
 67
     1
  8
0
100
AcDbBlockBegin
  2
*Paper_Space0
 70
     0
 10
0.0
 20
0.0
 30
0.0
  3
*Paper_Space0
  1

  0
ENDBLK
  5
D9
330
D6
100
AcDbEntity
 67
     1
  8
0
100
AcDbBlockEnd
  0
ENDSEC
  0
SECTION
  2
ENTITIES
  0
LWPOLYLINE
  5
7E0
330
1F
100
AcDbEntity
  8
0
100
AcDbPolyline
 90
        8
 70
     1
 43
0.0
 10
14.00753078803063
 20
103.650330552472
 10
26.50753078803063
 20
103.650330552472
 42
-0.4142135623730951
 10
27.25753078803064
 20
102.900330552472
 10
27.25753078803064
 20
90.40033055247205
 42
-0.4142135623730951
 10
26.50753078803063
 20
89.65033055247204
 10
14.00753078803063
 20
89.65033055247204
 42
-0.4142135623730951
 10
13.25753078803063
 20
90.40033055247205
 10
13.25753078803063
 20
102.900330552472
 42
-0.4142135623730951
  0
LWPOLYLINE
  5
7E4
330
1F
100
AcDbEntity
  8
0
100
AcDbPolyline
 90
        8
 70
     1
 43
0.0
 10
37.82003078803064
 20
103.650330552472
 10
50.32003078803064
 20
103.650330552472
 42
-0.4142135623730951
 10
51.07003078803064
 20
102.900330552472
 10
51.07003078803064
 20
90.40033055247205
 42
-0.4142135623730951
 10
50.32003078803064
 20
89.65033055247204
 10
37.82003078803064
 20
89.65033055247204
 42
-0.4142135623730951
 10
37.07003078803064
 20
90.40033055247205
 10
37.07003078803064
 20
102.900330552472
 42
-0.4142135623730951
  0
LWPOLYLINE
  5
7E6
330
1F
100
AcDbEntity
  8
0
100
AcDbPolyline
 90
        8
 70
     1
 43
0.0
 10
56.87003078803354
 20
103.650330552472
 10
69.37003078803354
 20
103.650330552472
 42
-0.4142135623730951
 10
70.12003078803354
 20
102.900330552472
 10
70.12003078803354
 20
90.40033055247205
 42
-0.4142135623730951
 10
69.37003078803354
 20
89.65033055247204
 10
56.87003078803354
 20
89.65033055247204
 42
-0.4142135623730951
 10
56.12003078803354
 20
90.40033055247205
 10
56.12003078803354
 20
102.900330552472
 42
-0.4142135623730951
  0
LWPOLYLINE
  5
7E8
330
1F
100
AcDbEntity
  8
0
100
AcDbPolyline
 90
        8
 70
     1
 43
0.0
 10
75.92003078803646
 20
103.650330552472
 10
88.42003078803646
 20
103.650330552472
 42
-0.4142135623730951
 10
89.17003078803645
 20
102.900330552472
 10
89.17003078803645
 20
90.40033055247205
 42
-0.4142135623730951
 10
88.42003078803646
 20
89.65033055247204
 10
75.92003078803646
 20
89.65033055247204
 42
-0.4142135623730951
 10
75.17003078803646
 20
90.40033055247205
 10
75.17003078803646
 20
102.900330552472
 42
-0.4142135623730951
  0
LWPOLYLINE
  5
7EA
330
1F
100
AcDbEntity
  8
0
100
AcDbPolyline
 90
        8
 70
     1
 43
0.0
 10
94.97003078803937
 20
103.650330552472
 10
107.4700307880393
 20
103.650330552472
 42
-0.4142135623730951
 10
108.2200307880393
 20
102.900330552472
 10
108.2200307880393
 20
90.40033055247205
 42
-0.4142135623730951
 10
107.4700307880393
 20
89.65033055247204
 10
94.97003078803937
 20
89.65033055247204
 42
-0.4142135623730951
 10
94.22003078803937
 20
90.40033055247205
 10
94.22003078803937
 20
102.900330552472
 42
-0.4142135623730951
  0
LWPOLYLINE
  5
7EC
330
1F
100
AcDbEntity
  8
0
100
AcDbPolyline
 90
        8
 70
     1
 43
0.0
 10
114.0200307880277
 20
103.650330552472
 10
126.5200307880277
 20
103.650330552472
 42
-0.4142135623730951
 10
127.2700307880277
 20
102.900330552472
 10
127.2700307880277
 20
90.40033055247205
 42
-0.4142135623730951
 10
126.5200307880277
 20
89.65033055247204
 10
114.0200307880277
 20
89.65033055247204
 42
-0.4142135623730951
 10
113.2700307880277
 20
90.40033055247205
 10
113.2700307880277
 20
102.900330552472
 42
-0.4142135623730951
  0
LWPOLYLINE
  5
7EE
330
1F
100
AcDbEntity
  8
0
100
AcDbPolyline
 90
        8
 70
     1
 43
0.0
 10
133.0700307880306
 20
103.650330552472
 10
145.5700307880306
 20
103.650330552472
 42
-0.4142135623730951
 10
146.3200307880306
 20
102.900330552472
 10
146.3200307880306
 20
90.40033055247205
 42
-0.4142135623730951
 10
145.5700307880306
 20
89.65033055247204
 10
133.0700307880306
 20
89.65033055247204
 42
-0.4142135623730951
 10
132.3200307880306
 20
90.40033055247205
 10
132.3200307880306
 20
102.900330552472
 42
-0.4142135623730951
  0
LWPOLYLINE
  5
7F0
330
1F
100
AcDbEntity
  8
0
100
AcDbPolyline
 90
        8
 70
     1
 43
0.0
 10
152.1200307880335
 20
103.650330552472
 10
164.6200307880335
 20
103.650330552472
 42
-0.4142135623730951
 10
165.3700307880335
 20
102.900330552472
 10
165.3700307880335
 20
90.40033055247205
 42
-0.4142135623730951
 10
164.6200307880335
 20
89.65033055247204
 10
152.1200307880335
 20
89.65033055247204
 42
-0.4142135623730951
 10
151.3700307880335
 20
90.40033055247205
 10
151.3700307880335
 20
102.900330552472
 42
-0.4142135623730951
  0
LWPOLYLINE
  5
7F2
330
1F
100
AcDbEntity
  8
0
100
AcDbPolyline
 90
        8
 70
     1
 43
0.0
 10
171.1700307880364
 20
103.650330552472
 10
183.6700307880364
 20
103.650330552472
 42
-0.4142135623730951
 10
184.4200307880364
 20
102.900330552472
 10
184.4200307880364
 20
90.40033055247205
 42
-0.4142135623730951
 10
183.6700307880364
 20
89.65033055247204
 10
171.1700307880364
 20
89.65033055247204
 42
-0.4142135623730951
 10
170.4200307880364
 20
90.40033055247205
 10
170.4200307880364
 20
102.900330552472
 42
-0.4142135623730951
  0
LWPOLYLINE
  5
7F4
330
1F
100
AcDbEntity
  8
0
100
AcDbPolyline
 90
        8
 70
     1
 43
0.0
 10
190.2200307880321
 20
103.650330552472
 10
202.7200307880321
 20
103.650330552472
 42
-0.4142135623730951
 10
203.4700307880321
 20
102.900330552472
 10
203.4700307880321
 20
90.40033055247205
 42
-0.4142135623730951
 10
202.7200307880321
 20
89.65033055247204
 10
190.2200307880321
 20
89.65033055247204
 42
-0.4142135623730951
 10
189.470030788032
 20
90.40033055247205
 10
189.470030788032
 20
102.900330552472
 42
-0.4142135623730951
  0
LWPOLYLINE
  5
7F6
330
1F
100
AcDbEntity
  8
0
100
AcDbPolyline
 90
        8
 70
     1
 43
0.0
 10
209.2700307880277
 20
103.650330552472
 10
221.7700307880277
 20
103.650330552472
 42
-0.4142135623730951
 10
222.5200307880277
 20
102.900330552472
 10
222.5200307880277
 20
90.40033055247205
 42
-0.4142135623730951
 10
221.7700307880277
 20
89.65033055247204
 10
209.2700307880277
 20
89.65033055247204
 42
-0.4142135623730951
 10
208.5200307880277
 20
90.40033055247205
 10
208.5200307880277
 20
102.900330552472
 42
-0.4142135623730951
  0
LWPOLYLINE
  5
7F8
330
1F
100
AcDbEntity
  8
0
100
AcDbPolyline
 90
        8
 70
     1
 43
0.0
 10
228.3200307880306
 20
103.650330552472
 10
240.8200307880306
 20
103.650330552472
 42
-0.4142135623730951
 10
241.5700307880306
 20
102.900330552472
 10
241.5700307880306
 20
90.40033055247205
 42
-0.4142135623730951
 10
240.8200307880306
 20
89.65033055247204
 10
228.3200307880306
 20
89.65033055247204
 42
-0.4142135623730951
 10
227.5700307880306
 20
90.40033055247205
 10
227.5700307880306
 20
102.900330552472
 42
-0.4142135623730951
  0
LWPOLYLINE
  5
7FA
330
1F
100
AcDbEntity
  8
0
100
AcDbPolyline
 90
        8
 70
     1
 43
0.0
 10
247.3700307880335
 20
103.650330552472
 10
259.8700307880335
 20
103.650330552472
 42
-0.4142135623730951
 10
260.6200307880335
 20
102.900330552472
 10
260.6200307880335
 20
90.40033055247205
 42
-0.4142135623730951
 10
259.8700307880335
 20
89.65033055247204
 10
247.3700307880335
 20
89.65033055247204
 42
-0.4142135623730951
 10
246.6200307880336
 20
90.40033055247205
 10
246.6200307880336
 20
102.900330552472
 42
-0.4142135623730951
  0
LWPOLYLINE
  5
7FC
330
1F
100
AcDbEntity
  8
0
100
AcDbPolyline
 90
        8
 70
     1
 43
0.0
 10
266.4200307880292
 20
103.6503305524647
 10
278.9200307880292
 20
103.6503305524647
 42
-0.4142135623730951
 10
279.6700307880292
 20
102.9003305524647
 10
279.6700307880292
 20
90.40033055246476
 42
-0.4142135623730951
 10
278.9200307880292
 20
89.65033055246477
 10
266.4200307880292
 20
89.65033055246477
 42
-0.4142135623730951
 10
265.6700307880292
 20
90.40033055246476
 10
265.6700307880292
 20
102.9003305524647
 42
-0.4142135623730951
  0
LWPOLYLINE
  5
7FE
330
1F
100
AcDbEntity
  8
0
100
AcDbPolyline
 90
        8
 70
     1
 43
0.0
 10
285.4700307880321
 20
103.6503305524647
 10
297.9700307880321
 20
103.6503305524647
 42
-0.4142135623730951
 10
298.7200307880321
 20
102.9003305524647
 10
298.7200307880321
 20
90.40033055246476
 42
-0.4142135623730951
 10
297.9700307880321
 20
89.65033055246477
 10
285.4700307880321
 20
89.65033055246477
 42
-0.4142135623730951
 10
284.7200307880321
 20
90.40033055246476
 10
284.7200307880321
 20
102.9003305524647
 42
-0.4142135623730951
  0
LWPOLYLINE
  5
802
330
1F
100
AcDbEntity
  8
0
100
AcDbPolyline
 90
        8
 70
     1
 43
0.0
 10
304.5200307880277
 20
103.6503305524575
 10
317.0200307880277
 20
103.6503305524575
 42
-0.4142135623730951
 10
317.7700307880277
 20
102.9003305524575
 10
317.7700307880277
 20
90.40033055245748
 42
-0.4142135623730951
 10
317.0200307880277
 20
89.65033055245749
 10
304.5200307880277
 20
89.65033055245749
 42
-0.4142135623730951
 10
303.7700307880277
 20
90.40033055245748
 10
303.7700307880277
 20
102.9003305524575
 42
-0.4142135623730951
  0
LWPOLYLINE
  5
804
330
1F
100
AcDbEntity
  8
0
100
AcDbPolyline
 90
        8
 70
     1
 43
0.0
 10
328.3325307880277
 20
103.650330552472
 10
340.8325307880277
 20
103.650330552472
 42
-0.4142135623730951
 10
341.5825307880277
 20
102.900330552472
 10
341.5825307880277
 20
90.40033055247205
 42
-0.4142135623730951
 10
340.8325307880277
 20
89.65033055247204
 10
328.3325307880277
 20
89.65033055247204
 42
-0.4142135623730951
 10
327.5825307880277
 20
90.40033055247205
 10
327.5825307880277
 20
102.900330552472
 42
-0.4142135623730951
  0
LWPOLYLINE
  5
806
330
1F
100
AcDbEntity
  8
0
100
AcDbPolyline
 90
        8
 70
     1
 43
0.0
 10
14.00753078803063
 20
79.83783055247204
 10
26.50753078803063
 20
79.83783055247204
 42
-0.4142135623730951
 10
27.25753078803064
 20
79.08783055247204
 10
27.25753078803064
 20
66.58783055247204
 42
-0.4142135623730951
 10
26.50753078803063
 20
65.83783055247204
 10
14.00753078803063
 20
65.83783055247204
 42
-0.4142135623730951
 10
13.25753078803063
 20
66.58783055247204
 10
13.25753078803063
 20
79.08783055247204
 42
-0.4142135623730951
  0
LWPOLYLINE
  5
808
330
1F
100
AcDbEntity
  8
0
100
AcDbPolyline
 90
        8
 70
     1
 43
0.0
 10
14.00753078803063
 20
60.7878305524764
 10
26.50753078803063
 20
60.7878305524764
 42
-0.4142135623730951
 10
27.25753078803064
 20
60.03783055247641
 10
27.25753078803064
 20
47.5378305524764
 42
-0.4142135623730951
 10
26.50753078803063
 20
46.78783055247641
 10
14.00753078803063
 20
46.78783055247641
 42
-0.4142135623730951
 10
13.25753078803063
 20
47.5378305524764
 10
13.25753078803063
 20
60.03783055247641
 42
-0.4142135623730951
  0
LWPOLYLINE
  5
80A
330
1F
100
AcDbEntity
  8
0
100
AcDbPolyline
 90
        8
 70
     1
 43
0.0
 10
42.58253078802773
 20
84.60033055247277
 10
55.08253078802773
 20
84.60033055247277
 42
-0.4142135623730951
 10
55.83253078802773
 20
83.85033055247276
 10
55.83253078802773
 20
71.35033055247276
 42
-0.4142135623730951
 10
55.08253078802773
 20
70.60033055247277
 10
42.58253078802773
 20
70.60033055247277
 42
-0.4142135623730951
 10
41.83253078802772
 20
71.35033055247276
 10
41.83253078802772
 20
83.85033055247276
 42
-0.4142135623730951
  0
LWPOLYLINE
  5
80C
330
1F
100
AcDbEntity
  8
0
100
AcDbPolyline
 90
        8
 70
     1
 43
0.0
 10
66.39503078803136
 20
84.6003305524764
 10
78.89503078803136
 20
84.6003305524764
 42
-0.4142135623730951
 10
79.64503078803137
 20
83.85033055247641
 10
79.64503078803137
 20
71.35033055247641
 42
-0.4142135623730951
 10
78.89503078803136
 20
70.6003305524764
 10
66.39503078803136
 20
70.6003305524764
 42
-0.4142135623730951
 10
65.64503078803136
 20
71.35033055247641
 10
65.64503078803136
 20
83.85033055247641
 42
-0.4142135623730951
  0
LWPOLYLINE
  5
80E
330
1F
100
AcDbEntity
  8
0
100
AcDbPolyline
 90
        8
 70
     1
 43
0.0
 10
85.44503078803064
 20
84.60033055247277
 10
97.94503078803064
 20
84.60033055247277
 42
-0.4142135623730951
 10
98.69503078803063
 20
83.85033055247276
 10
98.69503078803063
 20
71.35033055247276
 42
-0.4142135623730951
 10
97.94503078803064
 20
70.60033055247277
 10
85.44503078803064
 20
70.60033055247277
 42
-0.4142135623730951
 10
84.69503078803063
 20
71.35033055247276
 10
84.69503078803063
 20
83.85033055247276
 42
-0.4142135623730951
  0
LWPOLYLINE
  5
810
330
1F
100
AcDbEntity
  8
0
100
AcDbPolyline
 90
        8
 70
     1
 43
0.0
 10
104.4950307880335
 20
84.6003305524764
 10
116.9950307880335
 20
84.6003305524764
 42
-0.4142135623730951
 10
117.7450307880335
 20
83.85033055247641
 10
117.7450307880335
 20
71.35033055247641
 42
-0.4142135623730951
 10
116.9950307880335
 20
70.6003305524764
 10
104.4950307880335
 20
70.6003305524764
 42
-0.4142135623730951
 10
103.7450307880335
 20
71.35033055247641
 10
103.7450307880335
 20
83.85033055247641
 42
-0.4142135623730951
  0
LWPOLYLINE
  5
812
330
1F
100
AcDbEntity
  8
0
100
AcDbPolyline
 90
        8
 70
     1
 43
0.0
 10
123.5450307880292
 20
84.6003305524764
 10
136.0450307880292
 20
84.6003305524764
 42
-0.4142135623730951
 10
136.7950307880292
 20
83.85033055247641
 10
136.7950307880292
 20
71.35033055247641
 42
-0.4142135623730951
 10
136.0450307880292
 20
70.6003305524764
 10
123.5450307880292
 20
70.6003305524764
 42
-0.4142135623730951
 10
122.7950307880292
 20
71.35033055247641
 10
122.7950307880292
 20
83.85033055247641
 42
-0.4142135623730951
  0
LWPOLYLINE
  5
814
330
1F
100
AcDbEntity
  8
0
100
AcDbPolyline
 90
        8
 70
     1
 43
0.0
 10
142.5950307880321
 20
84.6003305524764
 10
155.0950307880321
 20
84.6003305524764
 42
-0.4142135623730951
 10
155.8450307880321
 20
83.85033055247641
 10
155.8450307880321
 20
71.35033055247641
 42
-0.4142135623730951
 10
155.0950307880321
 20
70.6003305524764
 10
142.5950307880321
 20
70.6003305524764
 42
-0.4142135623730951
 10
141.8450307880321
 20
71.35033055247641
 10
141.8450307880321
 20
83.85033055247641
 42
-0.4142135623730951
  0
LWPOLYLINE
  5
816
330
1F
100
AcDbEntity
  8
0
100
AcDbPolyline
 90
        8
 70
     1
 43
0.0
 10
161.6450307880313
 20
84.6003305524764
 10
174.1450307880313
 20
84.6003305524764
 42
-0.4142135623730951
 10
174.8950307880313
 20
83.85033055247641
 10
174.8950307880313
 20
71.35033055247641
 42
-0.4142135623730951
 10
174.1450307880313
 20
70.6003305524764
 10
161.6450307880313
 20
70.6003305524764
 42
-0.4142135623730951
 10
160.8950307880313
 20
71.35033055247641
 10
160.8950307880313
 20
83.85033055247641
 42
-0.4142135623730951
  0
LWPOLYLINE
  5
818
330
1F
100
AcDbEntity
  8
0
100
AcDbPolyline
 90
        8
 70
     1
 43
0.0
 10
180.6950307880306
 20
84.6003305524764
 10
193.1950307880306
 20
84.6003305524764
 42
-0.4142135623730951
 10
193.9450307880306
 20
83.85033055247641
 10
193.9450307880306
 20
71.35033055247641
 42
-0.4142135623730951
 10
193.1950307880306
 20
70.6003305524764
 10
180.6950307880306
 20
70.6003305524764
 42
-0.4142135623730951
 10
179.9450307880306
 20
71.35033055247641
 10
179.9450307880306
 20
83.85033055247641
 42
-0.4142135623730951
  0
LWPOLYLINE
  5
81A
330
1F
100
AcDbEntity
  8
0
100
AcDbPolyline
 90
        8
 70
     1
 43
0.0
 10
199.7450307880335
 20
84.6003305524764
 10
212.2450307880336
 20
84.6003305524764
 42
-0.4142135623730951
 10
212.9950307880335
 20
83.85033055247641
 10
212.9950307880335
 20
71.35033055247641
 42
-0.4142135623730951
 10
212.2450307880336
 20
70.6003305524764
 10
199.7450307880335
 20
70.6003305524764
 42
-0.4142135623730951
 10
198.9950307880335
 20
71.35033055247641
 10
198.9950307880335
 20
83.85033055247641
 42
-0.4142135623730951
  0
LWPOLYLINE
  5
81C
330
1F
100
AcDbEntity
  8
0
100
AcDbPolyline
 90
        8
 70
     1
 43
0.0
 10
218.7950307880292
 20
84.60033055246913
 10
231.2950307880292
 20
84.60033055246913
 42
-0.4142135623730951
 10
232.0450307880292
 20
83.85033055246912
 10
232.0450307880292
 20
71.35033055246913
 42
-0.4142135623730951
 10
231.2950307880292
 20
70.60033055246913
 10
218.7950307880292
 20
70.60033055246913
 42
-0.4142135623730951
 10
218.0450307880292
 20
71.35033055246913
 10
218.0450307880292
 20
83.85033055246912
 42
-0.4142135623730951
  0
LWPOLYLINE
  5
81E
330
1F
100
AcDbEntity
  8
0
100
AcDbPolyline
 90
        8
 70
     1
 43
0.0
 10
237.8450307880321
 20
84.60033055246913
 10
250.3450307880321
 20
84.60033055246913
 42
-0.4142135623730951
 10
251.0950307880321
 20
83.85033055246912
 10
251.0950307880321
 20
71.35033055246913
 42
-0.4142135623730951
 10
250.3450307880321
 20
70.60033055246913
 10
237.8450307880321
 20
70.60033055246913
 42
-0.4142135623730951
 10
237.0950307880321
 20
71.35033055246913
 10
237.0950307880321
 20
83.85033055246912
 42
-0.4142135623730951
  0
LWPOLYLINE
  5
820
330
1F
100
AcDbEntity
  8
0
100
AcDbPolyline
 90
        8
 70
     1
 43
0.0
 10
256.8950307880277
 20
84.6003305524764
 10
269.3950307880277
 20
84.6003305524764
 42
-0.4142135623730951
 10
270.1450307880277
 20
83.85033055247641
 10
270.1450307880277
 20
71.35033055247641
 42
-0.4142135623730951
 10
269.3950307880277
 20
70.6003305524764
 10
256.8950307880277
 20
70.6003305524764
 42
-0.4142135623730951
 10
256.1450307880277
 20
71.35033055247641
 10
256.1450307880277
 20
83.85033055247641
 42
-0.4142135623730951
  0
LWPOLYLINE
  5
822
330
1F
100
AcDbEntity
  8
0
100
AcDbPolyline
 90
        8
 70
     1
 43
0.0
 10
275.9450307880306
 20
84.6003305524764
 10
288.4450307880306
 20
84.6003305524764
 42
-0.4142135623730951
 10
289.1950307880307
 20
83.85033055247641
 10
289.1950307880307
 20
71.35033055247641
 42
-0.4142135623730951
 10
288.4450307880306
 20
70.6003305524764
 10
275.9450307880306
 20
70.6003305524764
 42
-0.4142135623730951
 10
275.1950307880306
 20
71.35033055247641
 10
275.1950307880306
 20
83.85033055247641
 42
-0.4142135623730951
  0
LWPOLYLINE
  5
824
330
1F
100
AcDbEntity
  8
0
100
AcDbPolyline
 90
        8
 70
     1
 43
0.0
 10
299.7575307880306
 20
84.60033055247277
 10
312.2575307880306
 20
84.60033055247277
 42
-0.4142135623730951
 10
313.0075307880306
 20
83.85033055247276
 10
313.0075307880306
 20
71.35033055247276
 42
-0.4142135623730951
 10
312.2575307880306
 20
70.60033055247277
 10
299.7575307880306
 20
70.60033055247277
 42
-0.4142135623730951
 10
299.0075307880307
 20
71.35033055247276
 10
299.0075307880307
 20
83.85033055247276
 42
-0.4142135623730951
  0
LWPOLYLINE
  5
826
330
1F
100
AcDbEntity
  8
0
100
AcDbPolyline
 90
        8
 70
     1
 43
0.0
 10
328.3325307880277
 20
84.6003305524764
 10
340.8325307880277
 20
84.6003305524764
 42
-0.4142135623730951
 10
341.5825307880277
 20
83.85033055247641
 10
341.5825307880277
 20
71.35033055247641
 42
-0.4142135623730951
 10
340.8325307880277
 20
70.6003305524764
 10
328.3325307880277
 20
70.6003305524764
 42
-0.4142135623730951
 10
327.5825307880277
 20
71.35033055247641
 10
327.5825307880277
 20
83.85033055247641
 42
-0.4142135623730951
  0
LWPOLYLINE
  5
828
330
1F
100
AcDbEntity
  8
0
100
AcDbPolyline
 90
        8
 70
     1
 43
0.0
 10
44.9637807880299
 20
65.55033055246986
 10
57.4637807880299
 20
65.55033055246986
 42
-0.4142135623730951
 10
58.2137807880299
 20
64.80033055246986
 10
58.2137807880299
 20
52.30033055246986
 42
-0.4142135623730951
 10
57.4637807880299
 20
51.55033055246986
 10
44.9637807880299
 20
51.55033055246986
 42
-0.4142135623730951
 10
44.2137807880299
 20
52.30033055246986
 10
44.2137807880299
 20
64.80033055246986
 42
-0.4142135623730951
  0
LWPOLYLINE
  5
82A
330
1F
100
AcDbEntity
  8
0
100
AcDbPolyline
 90
        8
 70
     1
 43
0.0
 10
71.15753078803209
 20
65.55033055247349
 10
83.65753078803209
 20
65.55033055247349
 42
-0.4142135623730951
 10
84.4075307880321
 20
64.8003305524735
 10
84.4075307880321
 20
52.3003305524735
 42
-0.4142135623730951
 10
83.65753078803209
 20
51.5503305524735
 10
71.15753078803209
 20
51.5503305524735
 42
-0.4142135623730951
 10
70.40753078803209
 20
52.3003305524735
 10
70.40753078803209
 20
64.8003305524735
 42
-0.4142135623730951
  0
LWPOLYLINE
  5
82C
330
1F
100
AcDbEntity
  8
0
100
AcDbPolyline
 90
        8
 70
     1
 43
0.0
 10
90.20753078802773
 20
65.55033055247349
 10
102.7075307880277
 20
65.55033055247349
 42
-0.4142135623730951
 10
103.4575307880277
 20
64.8003305524735
 10
103.4575307880277
 20
52.3003305524735
 42
-0.4142135623730951
 10
102.7075307880277
 20
51.5503305524735
 10
90.20753078802773
 20
51.5503305524735
 42
-0.4142135623730951
 10
89.45753078802772
 20
52.3003305524735
 10
89.45753078802772
 20
64.8003305524735
 42
-0.4142135623730951
  0
LWPOLYLINE
  5
82E
330
1F
100
AcDbEntity
  8
0
100
AcDbPolyline
 90
        8
 70
     1
 43
0.0
 10
109.2575307880306
 20
65.55033055247349
 10
121.7575307880306
 20
65.55033055247349
 42
-0.4142135623730951
 10
122.5075307880306
 20
64.8003305524735
 10
122.5075307880306
 20
52.3003305524735
 42
-0.4142135623730951
 10
121.7575307880306
 20
51.5503305524735
 10
109.2575307880306
 20
51.5503305524735
 42
-0.4142135623730951
 10
108.5075307880306
 20
52.3003305524735
 10
108.5075307880306
 20
64.8003305524735
 42
-0.4142135623730951
  0
LWPOLYLINE
  5
830
330
1F
100
AcDbEntity
  8
0
100
AcDbPolyline
 90
        8
 70
     1
 43
0.0
 10
128.3075307880335
 20
65.55033055247349
 10
140.8075307880335
 20
65.55033055247349
 42
-0.4142135623730951
 10
141.5575307880335
 20
64.8003305524735
 10
141.5575307880335
 20
52.3003305524735
 42
-0.4142135623730951
 10
140.8075307880335
 20
51.5503305524735
 10
128.3075307880335
 20
51.5503305524735
 42
-0.4142135623730951
 10
127.5575307880335
 20
52.3003305524735
 10
127.5575307880335
 20
64.8003305524735
 42
-0.4142135623730951
  0
LWPOLYLINE
  5
832
330
1F
100
AcDbEntity
  8
0
100
AcDbPolyline
 90
        8
 70
     1
 43
0.0
 10
147.3575307880364
 20
65.55033055247349
 10
159.8575307880364
 20
65.55033055247349
 42
-0.4142135623730951
 10
160.6075307880364
 20
64.8003305524735
 10
160.6075307880364
 20
52.3003305524735
 42
-0.4142135623730951
 10
159.8575307880364
 20
51.5503305524735
 10
147.3575307880364
 20
51.5503305524735
 42
-0.4142135623730951
 10
146.6075307880364
 20
52.3003305524735
 10
146.6075307880364
 20
64.8003305524735
 42
-0.4142135623730951
  0
LWPOLYLINE
  5
834
330
1F
100
AcDbEntity
  8
0
100
AcDbPolyline
 90
        8
 70
     1
 43
0.0
 10
166.4075307880393
 20
65.55033055247349
 10
178.9075307880393
 20
65.55033055247349
 42
-0.4142135623730951
 10
179.6575307880393
 20
64.8003305524735
 10
179.6575307880393
 20
52.3003305524735
 42
-0.4142135623730951
 10
178.9075307880393
 20
51.5503305524735
 10
166.4075307880393
 20
51.5503305524735
 42
-0.4142135623730951
 10
165.6575307880394
 20
52.3003305524735
 10
165.6575307880394
 20
64.8003305524735
 42
-0.4142135623730951
  0
LWPOLYLINE
  5
836
330
1F
100
AcDbEntity
  8
0
100
AcDbPolyline
 90
        8
 70
     1
 43
0.0
 10
185.4575307880277
 20
65.55033055247349
 10
197.9575307880277
 20
65.55033055247349
 42
-0.4142135623730951
 10
198.7075307880277
 20
64.8003305524735
 10
198.7075307880277
 20
52.3003305524735
 42
-0.4142135623730951
 10
197.9575307880277
 20
51.5503305524735
 10
185.4575307880277
 20
51.5503305524735
 42
-0.4142135623730951
 10
184.7075307880277
 20
52.3003305524735
 10
184.7075307880277
 20
64.8003305524735
 42
-0.4142135623730951
  0
LWPOLYLINE
  5
838
330
1F
100
AcDbEntity
  8
0
100
AcDbPolyline
 90
        8
 70
     1
 43
0.0
 10
204.5075307880306
 20
65.55033055247349
 10
217.0075307880306
 20
65.55033055247349
 42
-0.4142135623730951
 10
217.7575307880307
 20
64.8003305524735
 10
217.7575307880307
 20
52.3003305524735
 42
-0.4142135623730951
 10
217.0075307880306
 20
51.5503305524735
 10
204.5075307880306
 20
51.5503305524735
 42
-0.4142135623730951
 10
203.7575307880306
 20
52.3003305524735
 10
203.7575307880306
 20
64.8003305524735
 42
-0.4142135623730951
  0
LWPOLYLINE
  5
83A
330
1F
100
AcDbEntity
  8
0
100
AcDbPolyline
 90
        8
 70
     1
 43
0.0
 10
223.5575307880335
 20
65.55033055247349
 10
236.0575307880335
 20
65.55033055247349
 42
-0.4142135623730951
 10
236.8075307880336
 20
64.8003305524735
 10
236.8075307880336
 20
52.3003305524735
 42
-0.4142135623730951
 10
236.0575307880335
 20
51.5503305524735
 10
223.5575307880335
 20
51.5503305524735
 42
-0.4142135623730951
 10
222.8075307880335
 20
52.3003305524735
 10
222.8075307880335
 20
64.8003305524735
 42
-0.4142135623730951
  0
LWPOLYLINE
  5
83C
330
1F
100
AcDbEntity
  8
0
100
AcDbPolyline
 90
        8
 70
     1
 43
0.0
 10
242.6075307880292
 20
65.55033055247349
 10
255.1075307880292
 20
65.55033055247349
 42
-0.4142135623730951
 10
255.8575307880292
 20
64.8003305524735
 10
255.8575307880292
 20
52.3003305524735
 42
-0.4142135623730951
 10
255.1075307880292
 20
51.5503305524735
 10
242.6075307880292
 20
51.5503305524735
 42
-0.4142135623730951
 10
241.8575307880292
 20
52.3003305524735
 10
241.8575307880292
 20
64.8003305524735
 42
-0.4142135623730951
  0
LWPOLYLINE
  5
83E
330
1F
100
AcDbEntity
  8
0
100
AcDbPolyline
 90
        8
 70
     1
 43
0.0
 10
261.6575307880321
 20
65.55033055247349
 10
274.1575307880321
 20
65.55033055247349
 42
-0.4142135623730951
 10
274.9075307880321
 20
64.8003305524735
 10
274.9075307880321
 20
52.3003305524735
 42
-0.4142135623730951
 10
274.1575307880321
 20
51.5503305524735
 10
261.6575307880321
 20
51.5503305524735
 42
-0.4142135623730951
 10
260.9075307880321
 20
52.3003305524735
 10
260.9075307880321
 20
64.8003305524735
 42
-0.4142135623730951
  0
LWPOLYLINE
  5
844
330
1F
100
AcDbEntity
  8
0
100
AcDbPolyline
 90
        8
 70
     1
 43
0.0
 10
80.68253078803355
 20
46.50033055247059
 10
93.18253078803355
 20
46.50033055247059
 42
-0.4142135623730951
 10
93.93253078803354
 20
45.75033055247058
 10
93.93253078803354
 20
33.25033055247059
 42
-0.4142135623730951
 10
93.18253078803355
 20
32.50033055247059
 10
80.68253078803355
 20
32.50033055247059
 42
-0.4142135623730951
 10
79.93253078803355
 20
33.25033055247059
 10
79.93253078803355
 20
45.75033055247058
 42
-0.4142135623730951
  0
LWPOLYLINE
  5
846
330
1F
100
AcDbEntity
  8
0
100
AcDbPolyline
 90
        8
 70
     1
 43
0.0
 10
99.73253078802919
 20
46.50033055247059
 10
112.2325307880291
 20
46.50033055247059
 42
-0.4142135623730951
 10
112.9825307880292
 20
45.75033055247058
 10
112.9825307880292
 20
33.25033055247059
 42
-0.4142135623730951
 10
112.2325307880291
 20
32.50033055247059
 10
99.73253078802919
 20
32.50033055247059
 42
-0.4142135623730951
 10
98.98253078802918
 20
33.25033055247059
 10
98.98253078802918
 20
45.75033055247058
 42
-0.4142135623730951
  0
LWPOLYLINE
  5
848
330
1F
100
AcDbEntity
  8
0
100
AcDbPolyline
 90
        8
 70
     1
 43
0.0
 10
118.7825307880321
 20
46.50033055247059
 10
131.2825307880321
 20
46.50033055247059
 42
-0.4142135623730951
 10
132.0325307880321
 20
45.75033055247058
 10
132.0325307880321
 20
33.25033055247059
 42
-0.4142135623730951
 10
131.2825307880321
 20
32.50033055247059
 10
118.7825307880321
 20
32.50033055247059
 42
-0.4142135623730951
 10
118.0325307880321
 20
33.25033055247059
 10
118.0325307880321
 20
45.75033055247058
 42
-0.4142135623730951
  0
LWPOLYLINE
  5
84A
330
1F
100
AcDbEntity
  8
0
100
AcDbPolyline
 90
        8
 70
     1
 43
0.0
 10
137.8325307880277
 20
46.50033055246331
 10
150.3325307880277
 20
46.50033055246331
 42
-0.4142135623730951
 10
151.0825307880277
 20
45.75033055246331
 10
151.0825307880277
 20
33.25033055246331
 42
-0.4142135623730951
 10
150.3325307880277
 20
32.50033055246331
 10
137.8325307880277
 20
32.50033055246331
 42
-0.4142135623730951
 10
137.0825307880277
 20
33.25033055246331
 10
137.0825307880277
 20
45.75033055246331
 42
-0.4142135623730951
  0
LWPOLYLINE
  5
84C
330
1F
100
AcDbEntity
  8
0
100
AcDbPolyline
 90
        8
 70
     1
 43
0.0
 10
156.8825307880306
 20
46.50033055247059
 10
169.3825307880306
 20
46.50033055247059
 42
-0.4142135623730951
 10
170.1325307880306
 20
45.75033055247058
 10
170.1325307880306
 20
33.25033055247059
 42
-0.4142135623730951
 10
169.3825307880306
 20
32.50033055247059
 10
156.8825307880306
 20
32.50033055247059
 42
-0.4142135623730951
 10
156.1325307880306
 20
33.25033055247059
 10
156.1325307880306
 20
45.75033055247058
 42
-0.4142135623730951
  0
LWPOLYLINE
  5
84E
330
1F
100
AcDbEntity
  8
0
100
AcDbPolyline
 90
        8
 70
     1
 43
0.0
 10
175.9325307880335
 20
46.50033055247059
 10
188.4325307880335
 20
46.50033055247059
 42
-0.4142135623730951
 10
189.1825307880335
 20
45.75033055247058
 10
189.1825307880335
 20
33.25033055247059
 42
-0.4142135623730951
 10
188.4325307880335
 20
32.50033055247059
 10
175.9325307880335
 20
32.50033055247059
 42
-0.4142135623730951
 10
175.1825307880335
 20
33.25033055247059
 10
175.1825307880335
 20
45.75033055247058
 42
-0.4142135623730951
  0
LWPOLYLINE
  5
850
330
1F
100
AcDbEntity
  8
0
100
AcDbPolyline
 90
        8
 70
     1
 43
0.0
 10
194.9825307880292
 20
46.50033055247059
 10
207.4825307880292
 20
46.50033055247059
 42
-0.4142135623730951
 10
208.2325307880292
 20
45.75033055247058
 10
208.2325307880292
 20
33.25033055247059
 42
-0.4142135623730951
 10
207.4825307880292
 20
32.50033055247059
 10
194.9825307880292
 20
32.50033055247059
 42
-0.4142135623730951
 10
194.2325307880292
 20
33.25033055247059
 10
194.2325307880292
 20
45.75033055247058
 42
-0.4142135623730951
  0
LWPOLYLINE
  5
852
330
1F
100
AcDbEntity
  8
0
100
AcDbPolyline
 90
        8
 70
     1
 43
0.0
 10
214.0325307880321
 20
46.50033055247059
 10
226.5325307880321
 20
46.50033055247059
 42
-0.4142135623730951
 10
227.2825307880321
 20
45.75033055247058
 10
227.2825307880321
 20
33.25033055247059
 42
-0.4142135623730951
 10
226.5325307880321
 20
32.50033055247059
 10
214.0325307880321
 20
32.50033055247059
 42
-0.4142135623730951
 10
213.2825307880321
 20
33.25033055247059
 10
213.2825307880321
 20
45.75033055247058
 42
-0.4142135623730951
  0
LWPOLYLINE
  5
854
330
1F
100
AcDbEntity
  8
0
100
AcDbPolyline
 90
        8
 70
     1
 43
0.0
 10
233.0825307880277
 20
46.50033055246331
 10
245.5825307880277
 20
46.50033055246331
 42
-0.4142135623730951
 10
246.3325307880277
 20
45.75033055246331
 10
246.3325307880277
 20
33.25033055246331
 42
-0.4142135623730951
 10
245.5825307880277
 20
32.50033055246331
 10
233.0825307880277
 20
32.50033055246331
 42
-0.4142135623730951
 10
232.3325307880277
 20
33.25033055246331
 10
232.3325307880277
 20
45.75033055246331
 42
-0.4142135623730951
  0
LWPOLYLINE
  5
856
330
1F
100
AcDbEntity
  8
0
100
AcDbPolyline
 90
        8
 70
     1
 43
0.0
 10
252.1325307880379
 20
46.50033055247059
 10
264.6325307880379
 20
46.50033055247059
 42
-0.4142135623730951
 10
265.3825307880379
 20
45.75033055247058
 10
265.3825307880379
 20
33.25033055247059
 42
-0.4142135623730951
 10
264.6325307880379
 20
32.50033055247059
 10
252.1325307880379
 20
32.50033055247059
 42
-0.4142135623730951
 10
251.3825307880379
 20
33.25033055247059
 10
251.3825307880379
 20
45.75033055247058
 42
-0.4142135623730951
  0
LWPOLYLINE
  5
85A
330
1F
100
AcDbEntity
  8
0
100
AcDbPolyline
 90
        8
 70
     1
 43
0.0
 10
309.2825307880321
 20
46.50033055247059
 10
321.7825307880321
 20
46.50033055247059
 42
-0.4142135623730951
 10
322.5325307880321
 20
45.75033055247058
 10
322.5325307880321
 20
33.25033055247059
 42
-0.4142135623730951
 10
321.7825307880321
 20
32.50033055247059
 10
309.2825307880321
 20
32.50033055247059
 42
-0.4142135623730951
 10
308.5325307880321
 20
33.25033055247059
 10
308.5325307880321
 20
45.75033055247058
 42
-0.4142135623730951
  0
LWPOLYLINE
  5
85C
330
1F
100
AcDbEntity
  8
0
100
AcDbPolyline
 90
        8
 70
     1
 43
0.0
 10
40.20128078802918
 20
27.45033055247132
 10
52.70128078802918
 20
27.45033055247132
 42
-0.4142135623730951
 10
53.45128078802918
 20
26.70033055247131
 10
53.45128078802918
 20
14.20033055247131
 42
-0.4142135623730951
 10
52.70128078802918
 20
13.45033055247131
 10
40.20128078802918
 20
13.45033055247131
 42
-0.4142135623730951
 10
39.45128078802918
 20
14.20033055247131
 10
39.45128078802918
 20
26.70033055247131
 42
-0.4142135623730951
  0
LWPOLYLINE
  5
85E
330
1F
100
AcDbEntity
  8
0
100
AcDbPolyline
 90
        8
 70
     1
 43
0.0
 10
64.01378078802918
 20
27.45033055247132
 10
76.51378078802918
 20
27.45033055247132
 42
-0.4142135623730951
 10
77.26378078802918
 20
26.70033055247131
 10
77.26378078802918
 20
14.20033055247131
 42
-0.4142135623730951
 10
76.51378078802918
 20
13.45033055247131
 10
64.01378078802918
 20
13.45033055247131
 42
-0.4142135623730951
 10
63.26378078802918
 20
14.20033055247131
 10
63.26378078802918
 20
26.70033055247131
 42
-0.4142135623730951
  0
LWPOLYLINE
  5
860
330
1F
100
AcDbEntity
  8
0
100
AcDbPolyline
 90
        8
 70
     1
 43
0.0
 10
90.20753078802773
 20
27.45033055247132
 10
102.7075307880277
 20
27.45033055247132
 42
-0.4142135623730951
 10
103.4575307880277
 20
26.70033055247131
 10
103.4575307880277
 20
14.20033055247131
 42
-0.4142135623730951
 10
102.7075307880277
 20
13.45033055247131
 10
90.20753078802773
 20
13.45033055247131
 42
-0.4142135623730951
 10
89.45753078802772
 20
14.20033055247131
 10
89.45753078802772
 20
26.70033055247131
 42
-0.4142135623730951
  0
LWPOLYLINE
  5
866
330
1F
100
AcDbEntity
  8
0
100
AcDbPolyline
 90
        8
 70
     1
 43
0.0
 10
233.0825307880277
 20
27.45033055247132
 10
245.5825307880277
 20
27.45033055247132
 42
-0.4142135623730951
 10
246.3325307880277
 20
26.70033055247131
 10
246.3325307880277
 20
14.20033055247131
 42
-0.4142135623730951
 10
245.5825307880277
 20
13.45033055247131
 10
233.0825307880277
 20
13.45033055247131
 42
-0.4142135623730951
 10
232.3325307880277
 20
14.20033055247131
 10
232.3325307880277
 20
26.70033055247131
 42
-0.4142135623730951
  0
LWPOLYLINE
  5
868
330
1F
100
AcDbEntity
  8
0
100
AcDbPolyline
 90
        8
 70
     1
 43
0.0
 10
259.2762807880263
 20
27.45033055247132
 10
271.7762807880263
 20
27.45033055247132
 42
-0.4142135623730951
 10
272.5262807880262
 20
26.70033055247131
 10
272.5262807880262
 20
14.20033055247131
 42
-0.4142135623730951
 10
271.7762807880263
 20
13.45033055247131
 10
259.2762807880263
 20
13.45033055247131
 42
-0.4142135623730951
 10
258.5262807880263
 20
14.20033055247131
 10
258.5262807880263
 20
26.70033055247131
 42
-0.4142135623730951
  0
LWPOLYLINE
  5
86A
330
1F
100
AcDbEntity
  8
0
100
AcDbPolyline
 90
        8
 70
     1
 43
0.0
 10
290.2325307880328
 20
27.45033055247495
 10
302.7325307880328
 20
27.45033055247495
 42
-0.4142135623730951
 10
303.4825307880328
 20
26.70033055247496
 10
303.4825307880328
 20
14.20033055247495
 42
-0.4142135623730951
 10
302.7325307880328
 20
13.45033055247495
 10
290.2325307880328
 20
13.45033055247495
 42
-0.4142135623730951
 10
289.4825307880328
 20
14.20033055247495
 10
289.4825307880328
 20
26.70033055247496
 42
-0.4142135623730951
  0
LWPOLYLINE
  5
86C
330
1F
100
AcDbEntity
  8
0
100
AcDbPolyline
 90
        8
 70
     1
 43
0.0
 10
309.2825307880321
 20
27.45033055247495
 10
321.7825307880321
 20
27.45033055247495
 42
-0.4142135623730951
 10
322.5325307880321
 20
26.70033055247496
 10
322.5325307880321
 20
14.20033055247495
 42
-0.4142135623730951
 10
321.7825307880321
 20
13.45033055247495
 10
309.2825307880321
 20
13.45033055247495
 42
-0.4142135623730951
 10
308.5325307880321
 20
14.20033055247495
 10
308.5325307880321
 20
26.70033055247496
 42
-0.4142135623730951
  0
LWPOLYLINE
  5
86E
330
1F
100
AcDbEntity
  8
0
100
AcDbPolyline
 90
        8
 70
     1
 43
0.0
 10
328.3325307880277
 20
27.45033055247495
 10
340.8325307880277
 20
27.45033055247495
 42
-0.4142135623730951
 10
341.5825307880277
 20
26.70033055247496
 10
341.5825307880277
 20
14.20033055247495
 42
-0.4142135623730951
 10
340.8325307880277
 20
13.45033055247495
 10
328.3325307880277
 20
13.45033055247495
 42
-0.4142135623730951
 10
327.5825307880277
 20
14.20033055247495
 10
327.5825307880277
 20
26.70033055247496
 42
-0.4142135623730951
  0
LWPOLYLINE
  5
D19
330
1F
100
AcDbEntity
  8
0
100
AcDbPolyline
 90
        8
 70
     1
 43
0.0
 10
17.50753078803063
 20
35.63793055247152
 10
23.00753078803063
 20
35.63793055247152
 42
-0.4142135623730951
 10
23.75753078803064
 20
34.88793055247152
 10
23.75753078803064
 20
31.38793055247152
 42
-0.4142135623730951
 10
23.00753078803063
 20
30.63793055247152
 10
17.50753078803063
 20
30.63793055247152
 42
-0.4142135623730951
 10
16.75753078803063
 20
31.38793055247152
 10
16.75753078803063
 20
34.88793055247152
 42
-0.4142135623730951
  0
LWPOLYLINE
  5
D1B
330
1F
100
AcDbEntity
  8
0
100
AcDbPolyline
 90
        8
 70
     1
 43
0.0
 10
17.50753078803063
 20
29.29413055247142
 10
23.00753078803063
 20
29.29413055247142
 42
-0.4142135623730951
 10
23.75753078803064
 20
28.54413055247142
 10
23.75753078803064
 20
25.04413055247141
 42
-0.4142135623730951
 10
23.00753078803063
 20
24.29413055247142
 10
17.50753078803063
 20
24.29413055247142
 42
-0.4142135623730951
 10
16.75753078803063
 20
25.04413055247141
 10
16.75753078803063
 20
28.54413055247142
 42
-0.4142135623730951
  0
LWPOLYLINE
  5
D1D
330
1F
100
AcDbEntity
  8
0
100
AcDbPolyline
 90
        8
 70
     1
 43
0.0
 10
17.50753078803063
 20
22.95033055247131
 10
23.00753078803063
 20
22.95033055247131
 42
-0.4142135623730951
 10
23.75753078803064
 20
22.20033055247132
 10
23.75753078803064
 20
18.70033055247131
 42
-0.4142135623730951
 10
23.00753078803063
 20
17.95033055247131
 10
17.50753078803063
 20
17.95033055247131
 42
-0.4142135623730951
 10
16.75753078803063
 20
18.70033055247131
 10
16.75753078803063
 20
22.20033055247132
 42
-0.4142135623730951
  0
CIRCLE
  5
D93
330
1F
100
AcDbEntity
  8
0
100
AcDbCircle
 10
47.57003078803063
 20
109.650330552472
 30
0.0
 40
1.5
  0
CIRCLE
  5
D95
330
1F
100
AcDbEntity
  8
0
100
AcDbCircle
 10
129.7950307880292
 20
109.650330552472
 30
0.0
 40
1.5
  0
CIRCLE
  5
D97
330
1F
100
AcDbEntity
  8
0
100
AcDbCircle
 10
225.0450307880292
 20
109.650330552472
 30
0.0
 40
1.5
  0
CIRCLE
  5
D99
330
1F
100
AcDbEntity
  8
0
100
AcDbCircle
 10
307.2700307880277
 20
109.6503305524575
 30
0.0
 40
1.5
  0
CIRCLE
  5
D9B
330
1F
100
AcDbEntity
  8
0
100
AcDbCircle
 10
315.5325307880321
 20
7.450330552474952
 30
0.0
 40
1.5
  0
CIRCLE
  5
D9D
330
1F
100
AcDbEntity
  8
0
100
AcDbCircle
 10
229.1771557880279
 20
7.450330552471314
 30
0.0
 40
1.5
  0
CIRCLE
  5
D9F
330
1F
100
AcDbEntity
  8
0
100
AcDbCircle
 10
106.6129057880275
 20
7.450330552471314
 30
0.0
 40
1.5
  0
CIRCLE
  5
DA1
330
1F
100
AcDbEntity
  8
0
100
AcDbCircle
 10
39.30753078802633
 20
7.450330552474952
 30
0.0
 40
1.5
  0
LWPOLYLINE
  5
EA2
330
1F
100
AcDbEntity
  8
0
100
AcDbPolyline
 90
      100
 70
     1
 43
0.0
 10
43.69704744182321
 20
107.650330552472
 10
11.25753078803064
 20
107.650330552472
 42
0.4142135623730951
 10
9.257530788030637
 20
105.650330552472
 10
9.257530788030619
 20
11.45033055247499
 42
0.4142135623730951
 10
11.25753078803062
 20
9.450330552474991
 10
21.34331722565757
 20
9.450330552474987
 42
-0.1989123673796582
 10
22.05042400684412
 20
9.157437333661533
 10
23.46463756921724
 20
7.743223771288407
 42
0.1989123673796583
 10
24.17174435040379
 20
7.450330552474953
 10
34.72495509307048
 20
7.450330552474952
 42
-0.2982166266986069
 10
36.55798537105282
 20
6.250330552474953
 42
0.6546536707079776
 10
42.05707620499983
 20
6.250330552474951
 42
-0.2982166266986072
 10
43.89010648298216
 20
7.450330552474952
 10
54.44331722565251
 20
7.450330552474952
 42
0.1989123673796582
 10
55.15042400683905
 20
7.743223771288405
 10
56.56463756921217
 20
9.157437333661528
 42
-0.1989123673796581
 10
57.27174435039872
 20
9.450330552474984
 10
83.99487972565131
 20
9.450330552474982
 42
-0.1989123673796578
 10
84.70198650683787
 20
9.15743733366153
 10
86.11620006921464
 20
7.743223771284762
 42
0.198912367379658
 10
86.82330685040119
 20
7.450330552471315
 10
102.0303300930717
 20
7.450330552471314
 42
-0.2982166266986068
 10
103.863360371054
 20
6.250330552471315
 42
0.6546536707079771
 10
109.362451205001
 20
6.250330552471311
 42
-0.2982166266986072
 10
111.1954814829834
 20
7.450330552471314
 10
135.4058172256539
 20
7.450330552471314
 42
0.1989123673796596
 10
136.1129240068404
 20
7.74322377128477
 10
137.5271375692172
 20
9.157437333661523
 42
-0.1989123673796594
 10
138.2342443504037
 20
9.450330552474976
 10
197.5558172256517
 20
9.450330552474969
 42
-0.1989123673796591
 10
198.2629240068382
 20
9.157437333661514
 10
199.677137569215
 20
7.743223771284766
 42
0.1989123673796589
 10
200.3842443504015
 20
7.450330552471315
 10
224.5945800930721
 20
7.450330552471314
 42
-0.2982166266986075
 10
226.4276103710544
 20
6.25033055247131
 42
0.6546536707079757
 10
231.9267012050014
 20
6.250330552471306
 42
-0.2982166266986079
 10
233.7597314829837
 20
7.450330552471314
 10
248.9667547256543
 20
7.450330552471314
 42
0.1989123673796571
 10
249.6738615068408
 20
7.743223771284764
 10
251.0880750692176
 20
9.157437333661523
 42
-0.1989123673796572
 10
251.7951818504041
 20
9.450330552474966
 10
297.5683172256597
 20
9.450330552474959
 42
-0.1989123673796584
 10
298.2754240068463
 20
9.157437333661505
 10
299.6896375692194
 20
7.743223771288402
 42
0.1989123673796583
 10
300.3967443504059
 20
7.450330552474953
 10
310.9499550930763
 20
7.450330552474952
 42
-0.2982166266986077
 10
312.7829853710586
 20
6.250330552474948
 42
0.654653670707976
 10
318.2820762050056
 20
6.250330552474947
 42
-0.2982166266986077
 10
320.1151064829879
 20
7.450330552474953
 10
330.6683172256546
 20
7.45033055247495
 42
0.1989123673796621
 10
331.3754240068412
 20
7.743223771288413
 10
332.7896375692142
 20
9.157437333661496
 42
-0.1989123673796617
 10
333.4967443504008
 20
9.450330552474957
 10
343.5825307880278
 20
9.450330552474953
 42
0.4142135623730959
 10
345.5825307880278
 20
11.45033055247496
 10
345.5825307880277
 20
32.03196787759214
 42
0.422422296540966
 10
344.5545896115572
 20
33.03157744670272
 42
-1.02834267321503
 10
344.5545896115572
 20
65.01908365824135
 42
0.4224222965409683
 10
345.5825307880277
 20
66.01869322735194
 10
345.5825307880277
 20
105.650330552472
 42
0.4142135623730944
 10
343.5825307880277
 20
107.650330552472
 10
311.1430141342389
 20
107.650330552472
 42
-0.490314394824703
 10
310.1747682976861
 20
108.9003305524684
 42
0.9235762534162127
 10
304.5204853710542
 20
110.8503305524575
 42
-0.2982166266986078
 10
302.6874550930719
 20
109.6503305524575
 10
276.5842443504023
 20
109.6503305524575
 42
0.1989123673796568
 10
275.8771375692157
 20
109.357437333644
 10
274.4629240068572
 20
107.9432237712855
 42
-0.1989123673796566
 10
273.7558172256706
 20
107.650330552472
 10
252.5342443504067
 20
107.650330552472
 42
-0.1989123673796574
 10
251.8271375692201
 20
107.9432237712855
 10
250.412924006847
 20
109.3574373336586
 42
0.1989123673796571
 10
249.7058172256604
 20
109.650330552472
 10
229.627606482985
 20
109.650330552472
 42
-0.2982166266986079
 10
227.7945762050027
 20
110.850330552472
 42
0.6546536707079752
 10
222.2954853710557
 20
110.850330552472
 42
-0.2982166266986078
 10
220.4624550930733
 20
109.650330552472
 10
200.3842443504052
 20
109.650330552472
 42
0.198912367379659
 10
199.6771375692186
 20
109.3574373336586
 10
198.2629240068455
 20
107.9432237712855
 42
-0.1989123673796589
 10
197.555817225659
 20
107.650330552472
 10
157.2842443504065
 20
107.650330552472
 42
-0.1989123673796624
 10
156.57713756922
 20
107.9432237712855
 10
155.162924006847
 20
109.3574373336586
 42
0.1989123673796626
 10
154.4558172256604
 20
109.650330552472
 10
134.377606482985
 20
109.650330552472
 42
-0.2982166266986079
 10
132.5445762050026
 20
110.850330552472
 42
0.6546536707079758
 10
127.0454853710557
 20
110.850330552472
 42
-0.298216626698607
 10
125.2124550930733
 20
109.650330552472
 10
105.1342443504124
 20
109.650330552472
 42
0.1989123673796568
 10
104.4271375692259
 20
109.3574373336586
 10
103.0129240068528
 20
107.9432237712855
 42
-0.1989123673796571
 10
102.3058172256662
 20
107.650330552472
 10
81.08424435040955
 20
107.650330552472
 42
-0.1989123673796567
 10
80.377137569223
 20
107.9432237712855
 10
78.9629240068499
 20
109.3574373336586
 42
0.1989123673796571
 10
78.25581722566337
 20
109.650330552472
 10
52.15260648298648
 20
109.650330552472
 42
-0.2982166266986075
 10
50.31957620500413
 20
110.850330552472
 42
0.9235762534179569
 10
44.66529327837507
 20
108.900330552472
 42
-0.4903143948258682
  0
LWPOLYLINE
  5
EA3
330
1F
100
AcDbEntity
  8
0
100
AcDbPolyline
 90
       72
 70
     1
 43
0.0
 10
213.9960307880284
 20
28.01913055247128
 10
213.9960307880284
 20
27.25433055247129
 42
-0.4142135623730951
 10
213.7960307880284
 20
27.05433055247129
 10
212.3926307880284
 20
27.05433055247128
 42
0.4142135623730951
 10
212.1926307880284
 20
26.85433055247128
 10
212.1926307880284
 20
22.95026555247129
 42
-0.4142135623730951
 10
211.9926307880284
 20
22.75026555247128
 10
203.6700307880284
 20
22.75026555247128
 42
-0.4142135623730773
 10
203.4700307880285
 20
22.95026555247128
 10
203.4700307880285
 20
26.70033055247131
 42
0.4142135623730951
 10
202.7200307880284
 20
27.45033055247132
 10
190.2200307880284
 20
27.45033055247132
 42
0.4142135623730951
 10
189.4700307880284
 20
26.70033055247131
 10
189.4700307880284
 20
22.95026555247132
 42
-0.4142135623730773
 10
189.2700307880284
 20
22.75026555247132
 10
180.9474307880284
 20
22.75026555247134
 42
-0.4142135623730909
 10
180.7474307880284
 20
22.95026555247133
 10
180.7474307880284
 20
26.85433055247133
 42
0.4142135623730909
 10
180.5474307880284
 20
27.05433055247133
 10
179.1440307880284
 20
27.05433055247131
 42
-0.4142135623730951
 10
178.9440307880284
 20
27.25433055247132
 10
178.9440307880284
 20
28.01913055247131
 42
0.4142135623730951
 10
178.7440307880284
 20
28.21913055247131
 10
176.0960307880284
 20
28.21913055247128
 42
0.4142135623730951
 10
175.8960307880284
 20
28.01913055247128
 10
175.8960307880284
 20
27.25433055247127
 42
-0.4142135623730951
 10
175.6960307880284
 20
27.05433055247128
 10
174.2926307880284
 20
27.05433055247125
 42
0.4142135623730992
 10
174.0926307880284
 20
26.85433055247124
 10
174.0926307880284
 20
21.15833055247125
 42
-0.4142135623730992
 10
173.8926307880285
 20
20.95833055247125
 10
173.4290307880284
 20
20.95833055247124
 42
0.4142135623730992
 10
173.2290307880284
 20
20.75833055247124
 10
173.2290307880285
 20
18.36433055247124
 42
0.414213562373093
 10
173.4290307880285
 20
18.16433055247124
 10
173.8926307880285
 20
18.16433055247125
 42
-0.414213562373093
 10
174.0926307880285
 20
17.96433055247125
 10
174.0926307880285
 20
14.96073055247125
 42
0.414213562373093
 10
174.2926307880285
 20
14.76073055247126
 10
180.5474307880285
 20
14.76073055247133
 42
0.4142135623730971
 10
180.7474307880285
 20
14.96073055247133
 10
180.7474307880285
 20
17.95039555247133
 42
-0.4142135623730971
 10
180.9474307880285
 20
18.15039555247133
 10
189.2700307880284
 20
18.15039555247132
 42
-0.4142135623730773
 10
189.4700307880284
 20
17.95039555247132
 10
189.4700307880284
 20
14.20033055247131
 42
0.4142135623730951
 10
190.2200307880284
 20
13.45033055247131
 10
202.7200307880284
 20
13.45033055247131
 42
0.4142135623730951
 10
203.4700307880285
 20
14.20033055247131
 10
203.4700307880285
 20
17.95039555247129
 42
-0.4142135623730773
 10
203.6700307880284
 20
18.15039555247128
 10
211.9926307880284
 20
18.15039555247128
 42
-0.4142135623730951
 10
212.1926307880284
 20
17.95039555247129
 10
212.1926307880284
 20
14.96073055247129
 42
0.4142135623730951
 10
212.3926307880284
 20
14.76073055247129
 10
218.6474307880284
 20
14.76073055247129
 42
0.4142135623730951
 10
218.8474307880284
 20
14.96073055247129
 10
218.8474307880284
 20
17.96433055247129
 42
-0.4142135623730951
 10
219.0474307880284
 20
18.16433055247129
 10
219.5110307880284
 20
18.16433055247129
 42
0.4142135623730951
 10
219.7110307880284
 20
18.36433055247129
 10
219.7110307880284
 20
20.75833055247129
 42
0.4142135623730951
 10
219.5110307880284
 20
20.95833055247129
 10
219.0474307880284
 20
20.95833055247129
 42
-0.4142135623730951
 10
218.8474307880284
 20
21.15833055247129
 10
218.8474307880284
 20
26.85433055247128
 42
0.4142135623730951
 10
218.6474307880284
 20
27.05433055247128
 10
217.2440307880284
 20
27.05433055247129
 42
-0.4142135623730951
 10
217.0440307880284
 20
27.25433055247129
 10
217.0440307880284
 20
28.01913055247128
 42
0.4142135623730951
 10
216.8440307880284
 20
28.21913055247128
 10
214.1960307880284
 20
28.21913055247128
 42
0.4142135623730951
  0
LWPOLYLINE
  5
EA4
330
1F
100
AcDbEntity
  8
0
100
AcDbPolyline
 90
       72
 70
     1
 43
0.0
 10
156.8460307880269
 20
28.01913055247128
 10
156.8460307880269
 20
27.25433055247129
 42
-0.4142135623730951
 10
156.6460307880269
 20
27.05433055247129
 10
155.2426307880269
 20
27.05433055247128
 42
0.4142135623730951
 10
155.042630788027
 20
26.85433055247128
 10
155.042630788027
 20
22.95026555247129
 42
-0.4142135623730951
 10
154.8426307880269
 20
22.75026555247128
 10
146.520030788027
 20
22.75026555247128
 42
-0.4142135623730773
 10
146.320030788027
 20
22.95026555247128
 10
146.320030788027
 20
26.70033055247131
 42
0.4142135623730951
 10
145.570030788027
 20
27.45033055247132
 10
133.070030788027
 20
27.45033055247132
 42
0.4142135623730951
 10
132.320030788027
 20
26.70033055247131
 10
132.320030788027
 20
22.95026555247132
 42
-0.4142135623730773
 10
132.120030788027
 20
22.75026555247132
 10
123.797430788027
 20
22.75026555247134
 42
-0.4142135623730909
 10
123.597430788027
 20
22.95026555247133
 10
123.5974307880269
 20
26.85433055247133
 42
0.4142135623730909
 10
123.3974307880269
 20
27.05433055247133
 10
121.9940307880269
 20
27.05433055247131
 42
-0.4142135623730951
 10
121.7940307880269
 20
27.25433055247132
 10
121.7940307880269
 20
28.01913055247131
 42
0.4142135623730951
 10
121.5940307880269
 20
28.21913055247131
 10
118.9460307880269
 20
28.21913055247128
 42
0.4142135623730951
 10
118.7460307880269
 20
28.01913055247128
 10
118.7460307880269
 20
27.25433055247127
 42
-0.4142135623730951
 10
118.5460307880269
 20
27.05433055247128
 10
117.1426307880269
 20
27.05433055247125
 42
0.4142135623730992
 10
116.9426307880269
 20
26.85433055247124
 10
116.942630788027
 20
21.15833055247125
 42
-0.4142135623730992
 10
116.742630788027
 20
20.95833055247125
 10
116.279030788027
 20
20.95833055247124
 42
0.4142135623730992
 10
116.079030788027
 20
20.75833055247124
 10
116.079030788027
 20
18.36433055247124
 42
0.414213562373093
 10
116.279030788027
 20
18.16433055247124
 10
116.742630788027
 20
18.16433055247125
 42
-0.414213562373093
 10
116.942630788027
 20
17.96433055247125
 10
116.942630788027
 20
14.96073055247125
 42
0.414213562373093
 10
117.142630788027
 20
14.76073055247126
 10
123.3974307880271
 20
14.76073055247133
 42
0.4142135623730971
 10
123.5974307880271
 20
14.96073055247133
 10
123.597430788027
 20
17.95039555247133
 42
-0.4142135623730971
 10
123.797430788027
 20
18.15039555247133
 10
132.120030788027
 20
18.15039555247132
 42
-0.4142135623730773
 10
132.320030788027
 20
17.95039555247132
 10
132.320030788027
 20
14.20033055247131
 42
0.4142135623730951
 10
133.070030788027
 20
13.45033055247131
 10
145.570030788027
 20
13.45033055247131
 42
0.4142135623730951
 10
146.320030788027
 20
14.20033055247131
 10
146.320030788027
 20
17.95039555247129
 42
-0.4142135623730773
 10
146.520030788027
 20
18.15039555247128
 10
154.8426307880269
 20
18.15039555247128
 42
-0.4142135623730951
 10
155.042630788027
 20
17.95039555247129
 10
155.042630788027
 20
14.96073055247129
 42
0.4142135623730951
 10
155.2426307880269
 20
14.76073055247129
 10
161.497430788027
 20
14.76073055247129
 42
0.4142135623730951
 10
161.6974307880269
 20
14.96073055247129
 10
161.6974307880269
 20
17.96433055247129
 42
-0.4142135623730951
 10
161.8974307880269
 20
18.16433055247129
 10
162.361030788027
 20
18.16433055247129
 42
0.4142135623730951
 10
162.561030788027
 20
18.36433055247129
 10
162.561030788027
 20
20.75833055247129
 42
0.4142135623730951
 10
162.361030788027
 20
20.95833055247129
 10
161.8974307880269
 20
20.95833055247129
 42
-0.4142135623730951
 10
161.6974307880269
 20
21.15833055247129
 10
161.6974307880269
 20
26.85433055247128
 42
0.4142135623730951
 10
161.497430788027
 20
27.05433055247128
 10
160.0940307880269
 20
27.05433055247129
 42
-0.4142135623730951
 10
159.8940307880269
 20
27.25433055247129
 10
159.8940307880269
 20
28.01913055247128
 42
0.4142135623730951
 10
159.6940307880269
 20
28.21913055247128
 10
157.0460307880269
 20
28.21913055247128
 42
0.4142135623730951
  0
LWPOLYLINE
  5
EA5
330
1F
100
AcDbEntity
  8
0
100
AcDbPolyline
 90
       72
 70
     1
 43
0.0
 10
314.1291807880277
 20
61.03633055247719
 10
314.1291807880277
 20
64.03993055247719
 42
0.4142135623730951
 10
313.9291807880277
 20
64.23993055247717
 10
307.6743807880276
 20
64.2399305524771
 42
0.4142135623730951
 10
307.4743807880277
 20
64.0399305524771
 10
307.4743807880277
 20
61.05026555247711
 42
-0.4142135623730951
 10
307.2743807880276
 20
60.8502655524771
 10
306.0637807880277
 20
60.85026555247711
 42
-0.4142135623730827
 10
305.8637807880277
 20
61.05026555247711
 10
305.8637807880277
 20
64.80033055247713
 42
0.4142135623730951
 10
305.1137807880277
 20
65.55033055247713
 10
292.6137807880277
 20
65.55033055247713
 42
0.4142135623730951
 10
291.8637807880277
 20
64.80033055247713
 10
291.8637807880277
 20
61.05026555247714
 42
-0.4142135623730827
 10
291.6637807880277
 20
60.85026555247714
 10
290.4531807880277
 20
60.85026555247715
 42
-0.4142135623730951
 10
290.2531807880277
 20
61.05026555247714
 10
290.2531807880277
 20
64.03993055247714
 42
0.4142135623730951
 10
290.0531807880278
 20
64.23993055247715
 10
283.7983807880278
 20
64.23993055247715
 42
0.4142135623730951
 10
283.5983807880278
 20
64.03993055247714
 10
283.5983807880277
 20
61.03633055247716
 42
-0.4142135623730951
 10
283.3983807880278
 20
60.83633055247715
 10
282.9347807880278
 20
60.83633055247715
 42
0.4142135623730951
 10
282.7347807880278
 20
60.63633055247715
 10
282.7347807880277
 20
58.24233055247715
 42
0.4142135623730951
 10
282.9347807880278
 20
58.04233055247714
 10
283.3983807880278
 20
58.04233055247715
 42
-0.4142135623730951
 10
283.5983807880278
 20
57.84233055247715
 10
283.5983807880277
 20
52.14633055247715
 42
0.4142135623730951
 10
283.7983807880278
 20
51.94633055247715
 10
285.2017807880278
 20
51.94633055247715
 42
-0.4142135623730951
 10
285.4017807880278
 20
51.74633055247714
 10
285.4017807880278
 20
50.98153055247715
 42
0.4142135623730951
 10
285.6017807880278
 20
50.78153055247715
 10
288.2497807880278
 20
50.78153055247715
 42
0.4142135623730951
 10
288.4497807880277
 20
50.98153055247715
 10
288.4497807880278
 20
51.74633055247714
 42
-0.4142135623730951
 10
288.6497807880278
 20
51.94633055247715
 10
290.0531807880278
 20
51.94633055247715
 42
0.4142135623730951
 10
290.2531807880277
 20
52.14633055247715
 10
290.2531807880277
 20
56.05039555247715
 42
-0.4142135623730951
 10
290.4531807880277
 20
56.25039555247715
 10
291.6637807880277
 20
56.25039555247714
 42
-0.4142135623730827
 10
291.8637807880277
 20
56.05039555247714
 10
291.8637807880277
 20
52.30033055247713
 42
0.4142135623730951
 10
292.6137807880277
 20
51.55033055247713
 10
305.1137807880277
 20
51.55033055247713
 42
0.4142135623730951
 10
305.8637807880277
 20
52.30033055247713
 10
305.8637807880277
 20
56.05039555247711
 42
-0.4142135623730827
 10
306.0637807880277
 20
56.25039555247711
 10
307.2743807880278
 20
56.25039555247711
 42
-0.4142135623730909
 10
307.4743807880278
 20
56.0503955524771
 10
307.4743807880278
 20
52.14633055247711
 42
0.4142135623730909
 10
307.6743807880277
 20
51.9463305524771
 10
309.0777807880278
 20
51.94633055247713
 42
-0.4142135623730951
 10
309.2777807880278
 20
51.74633055247713
 10
309.2777807880278
 20
50.98153055247713
 42
0.4142135623730951
 10
309.4777807880277
 20
50.78153055247713
 10
312.1257807880278
 20
50.78153055247716
 42
0.4142135623730951
 10
312.3257807880278
 20
50.98153055247717
 10
312.3257807880278
 20
51.74633055247717
 42
-0.4142135623730868
 10
312.5257807880278
 20
51.94633055247717
 10
313.9291807880278
 20
51.94633055247719
 42
0.4142135623730909
 10
314.1291807880278
 20
52.1463305524772
 10
314.1291807880277
 20
57.84233055247719
 42
-0.4142135623730992
 10
314.3291807880276
 20
58.0423305524772
 10
314.7927807880277
 20
58.0423305524772
 42
0.4142135623730992
 10
314.9927807880277
 20
58.2423305524772
 10
314.9927807880277
 20
60.6363305524772
 42
0.4142135623730909
 10
314.7927807880277
 20
60.8363305524772
 10
314.3291807880276
 20
60.8363305524772
 42
-0.4142135623730951
  0
LWPOLYLINE
  5
EA6
330
1F
100
AcDbEntity
  8
0
100
AcDbPolyline
 90
       72
 70
     1
 43
0.0
 10
302.2229307880295
 20
41.98633055246791
 10
302.2229307880295
 20
44.98993055246791
 42
0.4142135623730951
 10
302.0229307880295
 20
45.18993055246791
 10
295.7681307880294
 20
45.18993055246784
 42
0.4142135623730951
 10
295.5681307880295
 20
44.98993055246783
 10
295.5681307880295
 20
42.00026555246783
 42
-0.4142135623730951
 10
295.3681307880295
 20
41.80026555246782
 10
294.1575307880295
 20
41.80026555246783
 42
-0.4142135623730827
 10
293.9575307880295
 20
42.00026555246783
 10
293.9575307880295
 20
45.75033055246786
 42
0.4142135623730951
 10
293.2075307880296
 20
46.50033055246786
 10
280.7075307880296
 20
46.50033055246786
 42
0.4142135623730951
 10
279.9575307880295
 20
45.75033055246786
 10
279.9575307880295
 20
42.00026555246786
 42
-0.4142135623730827
 10
279.7575307880296
 20
41.80026555246786
 10
278.5469307880295
 20
41.80026555246787
 42
-0.4142135623730951
 10
278.3469307880296
 20
42.00026555246787
 10
278.3469307880296
 20
44.98993055246787
 42
0.4142135623730951
 10
278.1469307880296
 20
45.18993055246787
 10
271.8921307880296
 20
45.18993055246787
 42
0.4142135623730951
 10
271.6921307880296
 20
44.98993055246787
 10
271.6921307880296
 20
41.98633055246787
 42
-0.4142135623730951
 10
271.4921307880296
 20
41.78633055246787
 10
271.0285307880296
 20
41.78633055246787
 42
0.4142135623730951
 10
270.8285307880296
 20
41.58633055246787
 10
270.8285307880295
 20
39.19233055246787
 42
0.4142135623730951
 10
271.0285307880296
 20
38.99233055246787
 10
271.4921307880296
 20
38.99233055246788
 42
-0.4142135623730951
 10
271.6921307880296
 20
38.79233055246788
 10
271.6921307880296
 20
33.09633055246788
 42
0.4142135623730951
 10
271.8921307880296
 20
32.89633055246787
 10
273.2955307880296
 20
32.89633055246787
 42
-0.4142135623730951
 10
273.4955307880296
 20
32.69633055246787
 10
273.4955307880296
 20
31.93153055246788
 42
0.4142135623730951
 10
273.6955307880296
 20
31.73153055246788
 10
276.3435307880296
 20
31.73153055246788
 42
0.4142135623730951
 10
276.5435307880296
 20
31.93153055246788
 10
276.5435307880296
 20
32.69633055246787
 42
-0.4142135623730951
 10
276.7435307880296
 20
32.89633055246787
 10
278.1469307880296
 20
32.89633055246787
 42
0.4142135623730951
 10
278.3469307880296
 20
33.09633055246788
 10
278.3469307880296
 20
37.00039555246787
 42
-0.4142135623730951
 10
278.5469307880295
 20
37.20039555246787
 10
279.7575307880296
 20
37.20039555246787
 42
-0.4142135623730827
 10
279.9575307880295
 20
37.00039555246787
 10
279.9575307880295
 20
33.25033055246786
 42
0.4142135623730951
 10
280.7075307880296
 20
32.50033055246786
 10
293.2075307880296
 20
32.50033055246786
 42
0.4142135623730951
 10
293.9575307880295
 20
33.25033055246786
 10
293.9575307880295
 20
37.00039555246784
 42
-0.4142135623730827
 10
294.1575307880295
 20
37.20039555246784
 10
295.3681307880296
 20
37.20039555246783
 42
-0.4142135623730909
 10
295.5681307880296
 20
37.00039555246783
 10
295.5681307880297
 20
33.09633055246783
 42
0.4142135623730909
 10
295.7681307880296
 20
32.89633055246783
 10
297.1715307880296
 20
32.89633055246785
 42
-0.4142135623730951
 10
297.3715307880296
 20
32.69633055246785
 10
297.3715307880296
 20
31.93153055246785
 42
0.4142135623730951
 10
297.5715307880296
 20
31.73153055246786
 10
300.2195307880296
 20
31.73153055246789
 42
0.4142135623730951
 10
300.4195307880296
 20
31.93153055246789
 10
300.4195307880296
 20
32.69633055246789
 42
-0.4142135623730868
 10
300.6195307880296
 20
32.89633055246789
 10
302.0229307880296
 20
32.89633055246792
 42
0.4142135623730909
 10
302.2229307880296
 20
33.09633055246792
 10
302.2229307880295
 20
38.79233055246792
 42
-0.4142135623730992
 10
302.4229307880295
 20
38.99233055246792
 10
302.8865307880295
 20
38.99233055246792
 42
0.4142135623730992
 10
303.0865307880295
 20
39.19233055246792
 10
303.0865307880295
 20
41.58633055246792
 42
0.4142135623730909
 10
302.8865307880295
 20
41.78633055246792
 10
302.4229307880295
 20
41.78633055246791
 42
-0.4142135623730951
  0
LWPOLYLINE
  5
EA7
330
1F
100
AcDbEntity
  8
0
100
AcDbPolyline
 90
       72
 70
     1
 43
0.0
 10
71.24168078803058
 20
41.98633055247063
 10
71.24168078803056
 20
44.98993055247064
 42
0.4142135623730992
 10
71.04168078803056
 20
45.18993055247063
 10
64.78688078803054
 20
45.18993055247056
 42
0.4142135623730909
 10
64.58688078803056
 20
44.98993055247056
 10
64.5868807880306
 20
42.00026555247055
 42
-0.4142135623730951
 10
64.3868807880306
 20
41.80026555247056
 10
63.17628078803064
 20
41.80026555247056
 42
-0.4142135623731034
 10
62.97628078803064
 20
42.00026555247056
 10
62.97628078803064
 20
45.75033055247058
 42
0.4142135623730951
 10
62.22628078803063
 20
46.50033055247059
 10
49.72628078803063
 20
46.50033055247059
 42
0.4142135623730951
 10
48.97628078803063
 20
45.75033055247058
 10
48.97628078803063
 20
42.00026555247059
 42
-0.4142135623731034
 10
48.77628078803063
 20
41.80026555247059
 10
47.56568078803065
 20
41.80026555247059
 42
-0.4142135623730951
 10
47.36568078803064
 20
42.0002655524706
 10
47.36568078803066
 20
44.98993055247059
 42
0.4142135623730951
 10
47.16568078803066
 20
45.1899305524706
 10
40.91088078803065
 20
45.1899305524706
 42
0.4142135623730951
 10
40.71088078803065
 20
44.98993055247059
 10
40.71088078803066
 20
41.9863305524706
 42
-0.4142135623730951
 10
40.51088078803068
 20
41.7863305524706
 10
40.04728078803063
 20
41.7863305524706
 42
0.4142135623730951
 10
39.84728078803063
 20
41.5863305524706
 10
39.84728078803065
 20
39.1923305524706
 42
0.4142135623730951
 10
40.04728078803063
 20
38.9923305524706
 10
40.51088078803068
 20
38.99233055247061
 42
-0.4142135623730951
 10
40.71088078803067
 20
38.7923305524706
 10
40.71088078803066
 20
33.0963305524706
 42
0.4142135623730951
 10
40.91088078803065
 20
32.8963305524706
 10
42.31428078803069
 20
32.8963305524706
 42
-0.4142135623730951
 10
42.51428078803068
 20
32.6963305524706
 10
42.51428078803067
 20
31.93153055247061
 42
0.4142135623730951
 10
42.71428078803066
 20
31.73153055247061
 10
45.36228078803069
 20
31.7315305524706
 42
0.4142135623730951
 10
45.56228078803068
 20
31.93153055247061
 10
45.56228078803066
 20
32.6963305524706
 42
-0.4142135623730951
 10
45.76228078803066
 20
32.8963305524706
 10
47.16568078803066
 20
32.8963305524706
 42
0.4142135623730951
 10
47.36568078803066
 20
33.0963305524706
 10
47.36568078803064
 20
37.0003955524706
 42
-0.4142135623730951
 10
47.56568078803065
 20
37.20039555247061
 10
48.77628078803063
 20
37.2003955524706
 42
-0.4142135623731034
 10
48.97628078803063
 20
37.00039555247059
 10
48.97628078803063
 20
33.25033055247059
 42
0.4142135623730951
 10
49.72628078803063
 20
32.50033055247059
 10
62.22628078803063
 20
32.50033055247059
 42
0.4142135623730951
 10
62.97628078803064
 20
33.25033055247059
 10
62.97628078803064
 20
37.00039555247057
 42
-0.4142135623731034
 10
63.17628078803064
 20
37.20039555247057
 10
64.38688078803065
 20
37.20039555247056
 42
-0.4142135623730909
 10
64.58688078803065
 20
37.00039555247056
 10
64.5868807880307
 20
33.09633055247056
 42
0.4142135623730951
 10
64.78688078803068
 20
32.89633055247056
 10
66.19028078803069
 20
32.89633055247058
 42
-0.4142135623730992
 10
66.39028078803069
 20
32.69633055247058
 10
66.39028078803068
 20
31.93153055247059
 42
0.4142135623730992
 10
66.59028078803067
 20
31.73153055247059
 10
69.23828078803069
 20
31.73153055247062
 42
0.4142135623730909
 10
69.43828078803069
 20
31.93153055247062
 10
69.43828078803068
 20
32.69633055247062
 42
-0.4142135623730909
 10
69.63828078803067
 20
32.89633055247062
 10
71.0416807880307
 20
32.89633055247064
 42
0.4142135623730951
 10
71.2416807880307
 20
33.09633055247065
 10
71.24168078803061
 20
38.79233055247065
 42
-0.4142135623730951
 10
71.44168078803059
 20
38.99233055247065
 10
71.90528078803064
 20
38.99233055247065
 42
0.4142135623730951
 10
72.10528078803064
 20
39.19233055247065
 10
72.1052807880306
 20
41.58633055247065
 42
0.4142135623730951
 10
71.90528078803061
 20
41.78633055247065
 10
71.44168078803057
 20
41.78633055247064
 42
-0.4142135623730992
  0
ENDSEC
  0
SECTION
  2
OBJECTS
  0
DICTIONARY
  5
C
330
0
100
AcDbDictionary
281
     1
  3
ACAD_CIP_PREVIOUS_PRODUCT_INFO
350
216
  3
ACAD_COLOR
350
6B
  3
ACAD_DETAILVIEWSTYLE
350
21B
  3
ACAD_GROUP
350
D
  3
ACAD_LAYOUT
350
1A
  3
ACAD_MATERIAL
350
6A
  3
ACAD_MLEADERSTYLE
350
12D
  3
ACAD_MLINESTYLE
350
17
  3
ACAD_PLOTSETTINGS
350
19
  3
ACAD_PLOTSTYLENAME
350
E
  3
ACAD_SCALELIST
350
10C
  3
ACAD_SECTIONVIEWSTYLE
350
219
  3
ACAD_TABLESTYLE
350
7E
  3
ACAD_VISUALSTYLE
350
EF
  3
ACDB_RECOMPOSE_DATA
350
EB0
  3
AcDbVariableDictionary
350
5E
  0
DICTIONARY
  5
1FF
330
2
100
AcDbDictionary
280
     1
281
     1
  3
ACAD_LAYERSTATES
360
200
  0
DICTIONARY
  5
13C
330
10
100
AcDbDictionary
280
     1
281
     1
  0
DICTIONARY
  5
1CE
330
1F
100
AcDbDictionary
280
     1
281
     1
  3
ACAD_SORTENTS
360
599
  0
XRECORD
  5
216
102
{ACAD_REACTORS
330
C
102
}
330
C
100
AcDbXrecord
280
     1
300
ACD
300
2021
300

  0
DICTIONARY
  5
6B
102
{ACAD_REACTORS
330
C
102
}
330
C
100
AcDbDictionary
281
     1
  0
DICTIONARY
  5
21B
102
{ACAD_REACTORS
330
C
102
}
330
C
100
AcDbDictionary
281
     1
  3
Metric50
350
21C
  0
DICTIONARY
  5
D
102
{ACAD_REACTORS
330
C
102
}
330
C
100
AcDbDictionary
281
     1
  0
DICTIONARY
  5
1A
102
{ACAD_REACTORS
330
C
102
}
330
C
100
AcDbDictionary
281
     1
  3
Model
350
22
  3
배치1
350
D3
  3
배치2
350
D7
  0
DICTIONARY
  5
6A
102
{ACAD_REACTORS
330
C
102
}
330
C
100
AcDbDictionary
281
     1
  3
ByBlock
350
ED
  3
ByLayer
350
EC
  3
Global
350
EE
  0
DICTIONARY
  5
12D
102
{ACAD_REACTORS
330
C
102
}
330
C
100
AcDbDictionary
281
     1
  3
Standard
350
12E
  3
주석
350
13B
  0
DICTIONARY
  5
17
102
{ACAD_REACTORS
330
C
102
}
330
C
100
AcDbDictionary
281
     1
  3
Standard
350
18
  0
DICTIONARY
  5
19
102
{ACAD_REACTORS
330
C
102
}
330
C
100
AcDbDictionary
281
     1
  0
ACDBDICTIONARYWDFLT
  5
E
102
{ACAD_REACTORS
330
C
102
}
330
C
100
AcDbDictionary
281
     1
  3
Normal
350
F
100
AcDbDictionaryWithDefault
340
F
  0
DICTIONARY
  5
10C
102
{ACAD_REACTORS
330
C
102
}
330
C
100
AcDbDictionary
281
     1
  3
A0
350
10D
  3
A1
350
1BE
  3
A2
350
1BF
  3
A3
350
1C0
  3
A4
350
1C1
  3
A5
350
1C2
  3
A6
350
1C3
  3
A7
350
1C4
  3
A8
350
1C5
  3
A9
350
1C6
  3
B0
350
1C7
  3
B1
350
1C8
  3
B2
350
1C9
  3
B3
350
1CA
  3
B4
350
1CB
  3
B5
350
1CC
  3
B6
350
1CD
  0
DICTIONARY
  5
219
102
{ACAD_REACTORS
330
C
102
}
330
C
100
AcDbDictionary
281
     1
  3
Metric50
350
21A
  0
DICTIONARY
  5
7E
102
{ACAD_REACTORS
330
C
102
}
330
C
100
AcDbDictionary
281
     1
  3
Standard
350
7F
  0
DICTIONARY
  5
EF
102
{ACAD_REACTORS
330
C
102
}
330
C
100
AcDbDictionary
281
     1
  3
2dWireframe
350
F5
  3
Basic
350
F4
  3
Brighten
350
FB
  3
ColorChange
350
FF
  3
Conceptual
350
F8
  3
Dim
350
FA
  3
EdgeColorOff
350
1E6
  3
Facepattern
350
FE
  3
Flat
350
F0
  3
FlatWithEdges
350
F1
  3
Gouraud
350
F2
  3
GouraudWithEdges
350
F3
  3
Hidden
350
F7
  3
JitterOff
350
1E4
  3
Linepattern
350
FD
  3
OverhangOff
350
1E5
  3
Realistic
350
F9
  3
Shaded
350
1F3
  3
Shaded with edges
350
1F2
  3
Shades of Gray
350
1EF
  3
Sketchy
350
1F0
  3
Thicken
350
FC
  3
Wireframe
350
F6
  3
X-Ray
350
1F1
  0
XRECORD
  5
EB0
102
{ACAD_REACTORS
330
C
102
}
330
C
100
AcDbXrecord
280
     1
 90
        1
330
7F
  0
DICTIONARY
  5
5E
102
{ACAD_REACTORS
330
C
102
}
330
C
100
AcDbDictionary
281
     1
  3
CANNOSCALE
350
146
  3
CENTEREXE
350
259
  3
CENTERLTYPEFILE
350
25A
  3
CMLEADERSTYLE
350
145
  3
CTABLESTYLE
350
84
  3
CVIEWDETAILSTYLE
350
227
  3
CVIEWSECTIONSTYLE
350
228
  3
DIMASSOC
350
5F
  3
HIDETEXT
350
63
  3
LAYEREVAL
350
1AE
  3
LAYERNOTIFY
350
1AF
  0
DICTIONARY
  5
200
102
{ACAD_REACTORS
330
1FF
102
}
330
1FF
100
AcDbDictionary
281
     1
  0
SORTENTSTABLE
  5
599
102
{ACAD_REACTORS
330
1CE
102
}
330
1CE
100
AcDbSortentsTable
330
1F
331
844
  5
848
331
846
  5
84A
331
848
  5
84C
331
84A
  5
84E
331
84C
  5
850
331
84E
  5
852
331
850
  5
854
331
852
  5
856
331
854
  5
858
331
856
  5
85A
331
85A
  5
860
331
85C
  5
862
331
85E
  5
864
331
860
  5
866
331
866
  5
B69
331
868
  5
B6A
331
86A
  5
B6B
331
86C
  5
B6C
331
86E
  5
B6D
331
D93
  5
DF3
331
D95
  5
E00
331
D97
  5
E05
331
D99
  5
E0A
331
D9B
  5
E23
331
D9D
  5
E2A
331
D9F
  5
E30
331
DA1
  5
E34
  0
ACDBDETAILVIEWSTYLE
  5
21C
102
{ACAD_REACTORS
330
21B
102
}
330
21B
100
AcDbModelDocViewStyle
 70
     0
  3
Metric50
290
     0
300
Metric50
 90
        0
100
AcDbDetailViewStyle
 70
     0
 71
     0
 90
        3
 71
     1
340
11
 62
   256
 40
5.0
340
0
 62
   256
 40
5.0
300

 40
0.0
280
     1
 71
     2
340
16
 90
       25
 62
   256
 71
     3
340
11
 62
   256
 40
5.0
 90
        0
 40
15.0
 90
        1
300
%<\AcVar ViewDetailId>% (%<\AcVar ViewScale \f "%sn">%)
 71
     4
340
16
 90
       25
 62
   256
340
16
 90
       25
 62
   256
280
     0
  0
LAYOUT
  5
22
102
{ACAD_XDICTIONARY
360
205
102
}
102
{ACAD_REACTORS
330
1A
102
}
330
1A
100
AcDbPlotSettings
  1

  2
none_device
  4
ISO_A4_(210.00_x_297.00_MM)
  6

 40
7.5
 41
20.0
 42
7.5
 43
20.0
 44
210.0
 45
297.0
 46
11.54999923706054
 47
-13.65000009536743
 48
0.0
 49
0.0
140
0.0
141
0.0
142
1.0
143
8.704084754739808
 70
 11952
 72
     1
 73
     0
 74
     0
  7

 75
     0
147
0.1148885871608098
 76
     0
 77
     2
 78
   300
148
0.0
149
0.0
100
AcDbLayout
  1
Model
 70
     1
 71
     0
 10
0.0
 20
0.0
 11
12.0
 21
9.0
 12
0.0
 22
0.0
 32
0.0
 14
0.0
 24
0.0
 34
0.0
 15
0.0
 25
0.0
 35
0.0
146
0.0
 13
0.0
 23
0.0
 33
0.0
 16
1.0
 26
0.0
 36
0.0
 17
0.0
 27
1.0
 37
0.0
 76
     0
330
1F
331
EA
1001
ACAD_PSEXT
1000
None
1000
None
1000
Not applicable
1000
The layout will not be plotted unless a new plotter configuration name is selected.
1070
     0
  0
LAYOUT
  5
D3
102
{ACAD_REACTORS
330
1A
102
}
330
1A
100
AcDbPlotSettings
  1

  2
C:\Documents and Settings\basas\Application Data\Autodesk\AutoCAD 2005\R16.1\enu\plotters\Default Windows System Printer.pc3
  4

  6

 40
0.0
 41
0.0
 42
0.0
 43
0.0
 44
0.0
 45
0.0
 46
0.0
 47
0.0
 48
0.0
 49
0.0
140
0.0
141
0.0
142
1.0
143
1.0
 70
   688
 72
     0
 73
     0
 74
     5
  7

 75
    16
147
1.0
 76
     0
 77
     2
 78
   300
148
0.0
149
0.0
100
AcDbLayout
  1
배치1
 70
     1
 71
     1
 10
0.0
 20
0.0
 11
12.0
 21
9.0
 12
0.0
 22
0.0
 32
0.0
 14
0.0
 24
0.0
 34
0.0
 15
0.0
 25
0.0
 35
0.0
146
0.0
 13
0.0
 23
0.0
 33
0.0
 16
1.0
 26
0.0
 36
0.0
 17
0.0
 27
1.0
 37
0.0
 76
     0
330
D2
  0
LAYOUT
  5
D7
102
{ACAD_REACTORS
330
1A
102
}
330
1A
100
AcDbPlotSettings
  1

  2
C:\Documents and Settings\basas\Application Data\Autodesk\AutoCAD 2005\R16.1\enu\plotters\Default Windows System Printer.pc3
  4

  6

 40
0.0
 41
0.0
 42
0.0
 43
0.0
 44
0.0
 45
0.0
 46
0.0
 47
0.0
 48
0.0
 49
0.0
140
0.0
141
0.0
142
1.0
143
1.0
 70
   688
 72
     0
 73
     0
 74
     5
  7

 75
    16
147
1.0
 76
     0
 77
     2
 78
   300
148
0.0
149
0.0
100
AcDbLayout
  1
배치2
 70
     1
 71
     2
 10
0.0
 20
0.0
 11
12.0
 21
9.0
 12
0.0
 22
0.0
 32
0.0
 14
0.0
 24
0.0
 34
0.0
 15
0.0
 25
0.0
 35
0.0
146
0.0
 13
0.0
 23
0.0
 33
0.0
 16
1.0
 26
0.0
 36
0.0
 17
0.0
 27
1.0
 37
0.0
 76
     0
330
D6
  0
MATERIAL
  5
ED
102
{ACAD_XDICTIONARY
360
1F9
102
}
102
{ACAD_REACTORS
330
6A
102
}
330
6A
100
AcDbMaterial
  1
ByBlock
 94
       63
  0
MATERIAL
  5
EC
102
{ACAD_XDICTIONARY
360
1F7
102
}
102
{ACAD_REACTORS
330
6A
102
}
330
6A
100
AcDbMaterial
  1
ByLayer
 94
       63
  0
MATERIAL
  5
EE
102
{ACAD_XDICTIONARY
360
173
102
}
102
{ACAD_REACTORS
330
6A
102
}
330
6A
100
AcDbMaterial
  1
Global
 43
0.0007999999797903
 43
0.0
 43
0.0
 43
0.0
 43
0.0
 43
0.0007999999797903
 43
0.0
 43
0.0
 43
0.0
 43
0.0
 43
1.0
 43
0.0
 43
0.0
 43
0.0
 43
0.0
 43
1.0
 49
0.0007999999797903
 49
0.0
 49
0.0
 49
0.0
 49
0.0
 49
0.0007999999797903
 49
0.0
 49
0.0
 49
0.0
 49
0.0
 49
1.0
 49
0.0
 49
0.0
 49
0.0
 49
0.0
 49
1.0
142
0.0007999999797903
142
0.0
142
0.0
142
0.0
142
0.0
142
0.0007999999797903
142
0.0
142
0.0
142
0.0
142
0.0
142
1.0
142
0.0
142
0.0
142
0.0
142
0.0
142
1.0
144
0.0007999999797903
144
0.0
144
0.0
144
0.0
144
0.0
144
0.0007999999797903
144
0.0
144
0.0
144
0.0
144
0.0
144
1.0
144
0.0
144
0.0
144
0.0
144
0.0
144
1.0
 94
       63
1001
ACAD
1070
    -1
1070
     3
1070
     0
1000

1071
        0
1070
     0
  0
MLEADERSTYLE
  5
12E
102
{ACAD_REACTORS
330
12D
102
}
330
12D
100
AcDbMLeaderStyle
179
     2
170
     2
171
     1
172
     0
 90
        2
 40
0.0
 41
0.0
173
     1
 91
-1056964608
340
14
 92
       -2
290
     1
 42
2.0
291
     1
 43
8.0
  3
Standard
 44
4.0
300

342
11
174
     1
178
     1
175
     1
176
     0
 93
-1056964608
 45
4.0
292
     0
297
     0
 46
4.0
 94
-1056964608
 47
1.0
 49
1.0
140
1.0
293
     1
141
0.0
294
     1
177
     0
142
1.0
295
     0
296
     0
143
3.75
271
     0
272
     9
273
     9
298
     0
  0
MLEADERSTYLE
  5
13B
102
{ACAD_REACTORS
330
12D
102
}
330
12D
100
AcDbMLeaderStyle
179
     2
170
     2
171
     1
172
     0
 90
        2
 40
0.0
 41
0.0
173
     1
 91
-1056964608
340
14
 92
       -2
290
     1
 42
2.0
291
     1
 43
8.0
  3
Standard
 44
4.0
300

342
11
174
     1
178
     1
175
     1
176
     0
 93
-1056964608
 45
4.0
292
     0
297
     0
 46
4.0
 94
-1056964608
 47
1.0
 49
1.0
140
1.0
293
     1
141
0.0
294
     1
177
     0
142
1.0
295
     0
296
     1
143
3.75
271
     0
272
     9
273
     9
298
     0
  0
MLINESTYLE
  5
18
102
{ACAD_REACTORS
330
17
102
}
330
17
100
AcDbMlineStyle
  2
STANDARD
 70
     0
  3

 62
   256
 51
90.0
 52
90.0
 71
     2
 49
0.5
 62
   256
  6
BYLAYER
 49
-0.5
 62
   256
  6
BYLAYER
  0
ACDBPLACEHOLDER
  5
F
102
{ACAD_REACTORS
330
E
102
}
330
E
  0
SCALE
  5
10D
102
{ACAD_REACTORS
330
10C
102
}
330
10C
100
AcDbScale
 70
     0
300
1:1
140
1.0
141
1.0
290
     1
  0
SCALE
  5
1BE
102
{ACAD_REACTORS
330
10C
102
}
330
10C
100
AcDbScale
 70
     0
300
1:2
140
1.0
141
2.0
290
     0
  0
SCALE
  5
1BF
102
{ACAD_REACTORS
330
10C
102
}
330
10C
100
AcDbScale
 70
     0
300
1:4
140
1.0
141
4.0
290
     0
  0
SCALE
  5
1C0
102
{ACAD_REACTORS
330
10C
102
}
330
10C
100
AcDbScale
 70
     0
300
1:5
140
1.0
141
5.0
290
     0
  0
SCALE
  5
1C1
102
{ACAD_REACTORS
330
10C
102
}
330
10C
100
AcDbScale
 70
     0
300
1:8
140
1.0
141
8.0
290
     0
  0
SCALE
  5
1C2
102
{ACAD_REACTORS
330
10C
102
}
330
10C
100
AcDbScale
 70
     0
300
1:10
140
1.0
141
10.0
290
     0
  0
SCALE
  5
1C3
102
{ACAD_REACTORS
330
10C
102
}
330
10C
100
AcDbScale
 70
     0
300
1:16
140
1.0
141
16.0
290
     0
  0
SCALE
  5
1C4
102
{ACAD_REACTORS
330
10C
102
}
330
10C
100
AcDbScale
 70
     0
300
1:20
140
1.0
141
20.0
290
     0
  0
SCALE
  5
1C5
102
{ACAD_REACTORS
330
10C
102
}
330
10C
100
AcDbScale
 70
     0
300
1:30
140
1.0
141
30.0
290
     0
  0
SCALE
  5
1C6
102
{ACAD_REACTORS
330
10C
102
}
330
10C
100
AcDbScale
 70
     0
300
1:40
140
1.0
141
40.0
290
     0
  0
SCALE
  5
1C7
102
{ACAD_REACTORS
330
10C
102
}
330
10C
100
AcDbScale
 70
     0
300
1:50
140
1.0
141
50.0
290
     0
  0
SCALE
  5
1C8
102
{ACAD_REACTORS
330
10C
102
}
330
10C
100
AcDbScale
 70
     0
300
1:100
140
1.0
141
100.0
290
     0
  0
SCALE
  5
1C9
102
{ACAD_REACTORS
330
10C
102
}
330
10C
100
AcDbScale
 70
     0
300
2:1
140
2.0
141
1.0
290
     0
  0
SCALE
  5
1CA
102
{ACAD_REACTORS
330
10C
102
}
330
10C
100
AcDbScale
 70
     0
300
4:1
140
4.0
141
1.0
290
     0
  0
SCALE
  5
1CB
102
{ACAD_REACTORS
330
10C
102
}
330
10C
100
AcDbScale
 70
     0
300
8:1
140
8.0
141
1.0
290
     0
  0
SCALE
  5
1CC
102
{ACAD_REACTORS
330
10C
102
}
330
10C
100
AcDbScale
 70
     0
300
10:1
140
10.0
141
1.0
290
     0
  0
SCALE
  5
1CD
102
{ACAD_REACTORS
330
10C
102
}
330
10C
100
AcDbScale
 70
     0
300
100:1
140
100.0
141
1.0
290
     0
  0
ACDBSECTIONVIEWSTYLE
  5
21A
102
{ACAD_REACTORS
330
219
102
}
330
219
100
AcDbModelDocViewStyle
 70
     0
  3
Metric50
290
     0
300
Metric50
 90
        0
100
AcDbSectionViewStyle
 70
     0
 71
     0
 90
      102
 71
     1
340
11
 62
   256
 40
5.0
340
0
340
0
 62
   256
 40
5.0
300
I, O, Q, S, X, Z
 40
10.0
 90
        0
 40
2.5
 90
        0
 71
     2
340
16
 90
       25
 62
   256
340
16
 90
       50
 62
   256
 40
5.0
 40
2.5
 40
5.0
 71
     3
340
11
 62
   256
 40
5.0
 90
        0
 40
15.0
 90
        1
300
%<\AcVar ViewSectionStartId>%-%<\AcVar ViewSectionEndId>% (%<\AcVar ViewScale \f "%sn">%)
 71
     4
 62
   256
 62
   257
300
ANSI31
 40
1.0
 90
        0
290
     0
290
     0
 90
        6
 40
0.0
 40
1.570796326794896
 40
0.2617993877991494
 40
1.308996938995747
 40
-0.2617993877991494
 40
1.832595714594046
  0
TABLESTYLE
  5
7F
102
{ACAD_XDICTIONARY
360
162
102
}
102
{ACAD_REACTORS
330
7E
102
}
330
7E
100
AcDbTableStyle
280
     0
  3
Standard
 70
     0
 71
     0
 40
1.5
 41
1.5
280
     0
281
     0
  7
Standard
140
4.5
170
     2
 62
     0
 63
     7
283
     0
 90
      512
 91
        0
  1

274
    -2
284
     1
 64
     0
275
    -2
285
     1
 65
     0
276
    -2
286
     1
 66
     0
277
    -2
287
     1
 67
     0
278
    -2
288
     1
 68
     0
279
    -2
289
     1
 69
     0
  7
Standard
140
6.0
170
     5
 62
     0
 63
     7
283
     0
 90
      512
 91
        0
  1

274
    -2
284
     1
 64
     0
275
    -2
285
     1
 65
     0
276
    -2
286
     1
 66
     0
277
    -2
287
     1
 67
     0
278
    -2
288
     1
 68
     0
279
    -2
289
     1
 69
     0
  7
Standard
140
4.5
170
     5
 62
     0
 63
     7
283
     0
 90
      512
 91
        0
  1

274
    -2
284
     1
 64
     0
275
    -2
285
     1
 65
     0
276
    -2
286
     1
 66
     0
277
    -2
287
     1
 67
     0
278
    -2
288
     1
 68
     0
279
    -2
289
     1
 69
     0
  0
VISUALSTYLE
  5
F5
102
{ACAD_REACTORS
330
EF
102
}
330
EF
100
AcDbVisualStyle
  2
2dWireframe
 70
     4
177
     3
291
     0
 70
    58
 90
        0
176
     1
 90
        2
176
     1
 90
        1
176
     1
 90
        0
176
     1
 40
0.6
176
     1
 40
30.0
176
     1
 62
     7
420
 16777215
176
     1
 90
        1
176
     1
 90
        4
176
     1
 62
     7
176
     1
 62
   257
176
     1
 90
        1
176
     1
 90
        1
176
     1
 40
1.0
176
     1
 90
        0
176
     1
 62
   257
176
     1
 40
1.0
176
     1
 90
        1
176
     1
 90
        6
176
     1
 90
        2
176
     1
 62
     7
176
     1
 90
        5
176
     1
 90
        0
176
     1
 90
        0
176
     1
290
     0
176
     1
 90
        1
176
     1
 40
0.0
176
     1
 90
        0
176
     1
290
     1
176
     1
290
     1
176
     1
290
     0
176
     1
290
     0
176
     1
290
     0
176
     1
290
     0
176
     1
290
     0
176
     1
290
     0
176
     1
290
     0
176
     1
 90
       50
176
     1
 40
0.0
176
     1
 40
1.0
176
     1
 90
        0
176
     1
 62
    18
420
        0
176
     1
 90
       50
176
     1
 90
        3
176
     1
 62
     5
420
      255
176
     1
290
     0
176
     1
 90
       50
176
     1
 90
       50
176
     1
 90
       50
176
     1
290
     0
176
     1
 90
       50
176
     1
 62
   256
176
     0
 40
1.0
176
     0
 90
        2
176
     1
  1
strokes_ogs.tif
176
     1
290
     0
176
     1
 40
1.0
176
     1
 40
1.0
176
     1
  0
VISUALSTYLE
  5
F4
102
{ACAD_REACTORS
330
EF
102
}
330
EF
100
AcDbVisualStyle
  2
Basic
 70
     7
177
     3
291
     1
 70
    58
 90
        1
176
     1
 90
        0
176
     1
 90
        1
176
     1
 90
        0
176
     1
 40
0.6
176
     1
 40
30.0
176
     1
 62
     7
420
 16777215
176
     1
 90
        0
176
     1
 90
        4
176
     1
 62
     7
176
     1
 62
   257
176
     1
 90
        1
176
     1
 90
        1
176
     1
 40
1.0
176
     1
 90
        8
176
     1
 62
     7
176
     1
 40
1.0
176
     1
 90
        1
176
     1
 90
        6
176
     1
 90
        2
176
     1
 62
     7
176
     1
 90
        5
176
     1
 90
        0
176
     1
 90
        0
176
     1
290
     0
176
     1
 90
        1
176
     1
 40
0.0
176
     1
 90
        0
176
     1
290
     0
176
     1
290
     1
176
     1
290
     1
176
     1
290
     0
176
     1
290
     0
176
     1
290
     0
176
     1
290
     0
176
     1
290
     0
176
     1
290
     0
176
     1
 90
       50
176
     1
 40
0.0
176
     1
 40
1.0
176
     1
 90
        0
176
     1
 62
    18
420
        0
176
     1
 90
       50
176
     1
 90
        3
176
     1
 62
     5
420
      255
176
     1
290
     0
176
     1
 90
       50
176
     1
 90
       50
176
     1
 90
       50
176
     1
290
     0
176
     1
 90
       50
176
     1
 62
   256
176
     0
 40
1.0
176
     0
 90
        2
176
     1
  1
strokes_ogs.tif
176
     1
290
     0
176
     1
 40
1.0
176
     1
 40
1.0
176
     1
  0
VISUALSTYLE
  5
FB
102
{ACAD_REACTORS
330
EF
102
}
330
EF
100
AcDbVisualStyle
  2
Brighten
 70
    12
177
     3
291
     1
 70
    58
 90
        2
176
     1
 90
        2
176
     1
 90
        1
176
     1
 90
        0
176
     1
 40
0.6
176
     1
 40
30.0
176
     1
 62
     7
420
 16777215
176
     1
 90
        1
176
     1
 90
        4
176
     1
 62
     7
176
     1
 62
   257
176
     1
 90
        1
176
     1
 90
        1
176
     1
 40
1.0
176
     1
 90
        8
176
     1
 62
     7
176
     1
 40
1.0
176
     1
 90
        1
176
     1
 90
        6
176
     1
 90
        2
176
     1
 62
     7
176
     1
 90
        5
176
     1
 90
        0
176
     1
 90
        0
176
     1
290
     0
176
     1
 90
        1
176
     1
 40
50.0
176
     1
 90
        0
176
     1
290
     0
176
     1
290
     1
176
     1
290
     1
176
     1
290
     0
176
     1
290
     0
176
     1
290
     0
176
     1
290
     0
176
     1
290
     0
176
     1
290
     0
176
     1
 90
       50
176
     1
 40
0.0
176
     1
 40
1.0
176
     1
 90
        0
176
     1
 62
    18
420
        0
176
     1
 90
       50
176
     1
 90
        3
176
     1
 62
     5
420
      255
176
     1
290
     0
176
     1
 90
       50
176
     1
 90
       50
176
     1
 90
       50
176
     1
290
     0
176
     1
 90
       50
176
     1
 62
   256
176
     0
 40
1.0
176
     0
 90
        2
176
     1
  1
strokes_ogs.tif
176
     1
290
     0
176
     1
 40
1.0
176
     1
 40
1.0
176
     1
  0
VISUALSTYLE
  5
FF
102
{ACAD_REACTORS
330
EF
102
}
330
EF
100
AcDbVisualStyle
  2
ColorChange
 70
    16
177
     3
291
     1
 70
    58
 90
        2
176
     1
 90
        2
176
     1
 90
        3
176
     1
 90
        0
176
     1
 40
0.6
176
     1
 40
30.0
176
     1
 62
     8
420
  8421504
176
     1
 90
        1
176
     1
 90
        4
176
     1
 62
     7
176
     1
 62
   257
176
     1
 90
        1
176
     1
 90
        1
176
     1
 40
1.0
176
     1
 90
        8
176
     1
 62
     8
420
  8421504
176
     1
 40
1.0
176
     1
 90
        1
176
     1
 90
        6
176
     1
 90
        2
176
     1
 62
     7
176
     1
 90
        5
176
     1
 90
        0
176
     1
 90
        0
176
     1
290
     0
176
     1
 90
        1
176
     1
 40
0.0
176
     1
 90
        0
176
     1
290
     0
176
     1
290
     1
176
     1
290
     1
176
     1
290
     0
176
     1
290
     0
176
     1
290
     0
176
     1
290
     0
176
     1
290
     0
176
     1
290
     0
176
     1
 90
       50
176
     1
 40
0.0
176
     1
 40
1.0
176
     1
 90
        0
176
     1
 62
    18
420
        0
176
     1
 90
       50
176
     1
 90
        3
176
     1
 62
     5
420
      255
176
     1
290
     0
176
     1
 90
       50
176
     1
 90
       50
176
     1
 90
       50
176
     1
290
     0
176
     1
 90
       50
176
     1
 62
   256
176
     0
 40
1.0
176
     0
 90
        2
176
     1
  1
strokes_ogs.tif
176
     1
290
     0
176
     1
 40
1.0
176
     1
 40
1.0
176
     1
  0
VISUALSTYLE
  5
F8
102
{ACAD_REACTORS
330
EF
102
}
330
EF
100
AcDbVisualStyle
  2
Conceptual
 70
     9
177
     3
291
     0
 70
    58
 90
        3
176
     1
 90
        2
176
     1
 90
        1
176
     1
 90
        0
176
     1
 40
0.6
176
     1
 40
30.0
176
     1
 62
     7
420
 16777215
176
     1
 90
        2
176
     1
 90
        2
176
     1
 62
     7
176
     1
 62
   257
176
     1
 90
        1
176
     1
 90
        1
176
     1
 40
40.0
176
     1
 90
        8
176
     1
 62
     7
176
     1
 40
1.0
176
     1
 90
        1
176
     1
 90
        6
176
     1
 90
        2
176
     1
 62
     7
176
     1
 90
        3
176
     1
 90
        0
176
     1
 90
        0
176
     1
290
     0
176
     1
 90
        1
176
     1
 40
0.0
176
     1
 90
        0
176
     1
290
     0
176
     1
290
     1
176
     1
290
     1
176
     1
290
     0
176
     1
290
     0
176
     1
290
     0
176
     1
290
     0
176
     1
290
     0
176
     1
290
     0
176
     1
 90
       50
176
     1
 40
0.0
176
     1
 40
1.0
176
     1
 90
        0
176
     1
 62
    18
420
        0
176
     1
 90
       50
176
     1
 90
        3
176
     1
 62
     5
420
      255
176
     1
290
     0
176
     1
 90
       50
176
     1
 90
       50
176
     1
 90
       50
176
     1
290
     0
176
     1
 90
       50
176
     1
 62
   256
176
     0
 40
1.0
176
     0
 90
        2
176
     1
  1
strokes_ogs.tif
176
     1
290
     0
176
     1
 40
1.0
176
     1
 40
1.0
176
     1
  0
VISUALSTYLE
  5
FA
102
{ACAD_REACTORS
330
EF
102
}
330
EF
100
AcDbVisualStyle
  2
Dim
 70
    11
177
     3
291
     1
 70
    58
 90
        2
176
     1
 90
        2
176
     1
 90
        1
176
     1
 90
        0
176
     1
 40
0.6
176
     1
 40
30.0
176
     1
 62
     7
420
 16777215
176
     1
 90
        1
176
     1
 90
        4
176
     1
 62
     7
176
     1
 62
   257
176
     1
 90
        1
176
     1
 90
        1
176
     1
 40
1.0
176
     1
 90
        8
176
     1
 62
     7
176
     1
 40
1.0
176
     1
 90
        1
176
     1
 90
        6
176
     1
 90
        2
176
     1
 62
     7
176
     1
 90
        5
176
     1
 90
        0
176
     1
 90
        0
176
     1
290
     0
176
     1
 90
        1
176
     1
 40
-50.0
176
     1
 90
        0
176
     1
290
     0
176
     1
290
     1
176
     1
290
     1
176
     1
290
     0
176
     1
290
     0
176
     1
290
     0
176
     1
290
     0
176
     1
290
     0
176
     1
290
     0
176
     1
 90
       50
176
     1
 40
0.0
176
     1
 40
1.0
176
     1
 90
        0
176
     1
 62
    18
420
        0
176
     1
 90
       50
176
     1
 90
        3
176
     1
 62
     5
420
      255
176
     1
290
     0
176
     1
 90
       50
176
     1
 90
       50
176
     1
 90
       50
176
     1
290
     0
176
     1
 90
       50
176
     1
 62
   256
176
     0
 40
1.0
176
     0
 90
        2
176
     1
  1
strokes_ogs.tif
176
     1
290
     0
176
     1
 40
1.0
176
     1
 40
1.0
176
     1
  0
VISUALSTYLE
  5
1E6
102
{ACAD_REACTORS
330
EF
102
}
330
EF
100
AcDbVisualStyle
  2
EdgeColorOff
 70
    22
177
     3
291
     1
 70
    58
 90
        2
176
     0
 90
        2
176
     0
 90
        0
176
     0
 90
        0
176
     0
 40
0.6
176
     0
 40
30.0
176
     0
 62
     7
420
 16777215
176
     0
 90
        1
176
     0
 90
        4
176
     0
 62
     7
176
     0
 62
   257
176
     0
 90
        1
176
     0
 90
        1
176
     0
 40
1.0
176
     0
 90
        8
176
     2
 62
     7
176
     0
 40
1.0
176
     0
 90
        1
176
     0
 90
        6
176
     0
 90
        2
176
     0
 62
     7
176
     0
 90
        5
176
     0
 90
        0
176
     0
 90
        0
176
     0
290
     0
176
     0
 90
        1
176
     0
 40
0.0
176
     0
 90
        0
176
     0
290
     0
176
     1
290
     1
176
     1
290
     1
176
     1
290
     0
176
     1
290
     0
176
     1
290
     0
176
     1
290
     0
176
     1
290
     0
176
     1
290
     0
176
     1
 90
       50
176
     1
 40
0.0
176
     1
 40
1.0
176
     1
 90
        0
176
     1
 62
    18
420
        0
176
     1
 90
       50
176
     1
 90
        3
176
     1
 62
     5
420
      255
176
     1
290
     0
176
     1
 90
       50
176
     1
 90
       50
176
     1
 90
       50
176
     1
290
     0
176
     1
 90
       50
176
     1
 62
   256
176
     0
 40
1.0
176
     0
 90
        2
176
     1
  1
strokes_ogs.tif
176
     1
290
     0
176
     1
 40
1.0
176
     1
 40
1.0
176
     1
  0
VISUALSTYLE
  5
FE
102
{ACAD_REACTORS
330
EF
102
}
330
EF
100
AcDbVisualStyle
  2
Facepattern
 70
    15
177
     3
291
     1
 70
    58
 90
        2
176
     1
 90
        2
176
     1
 90
        1
176
     1
 90
        0
176
     1
 40
0.6
176
     1
 40
30.0
176
     1
 62
     7
420
 16777215
176
     1
 90
        1
176
     1
 90
        4
176
     1
 62
     7
176
     1
 62
   257
176
     1
 90
        1
176
     1
 90
        1
176
     1
 40
1.0
176
     1
 90
        8
176
     1
 62
     7
176
     1
 40
1.0
176
     1
 90
        1
176
     1
 90
        6
176
     1
 90
        2
176
     1
 62
     7
176
     1
 90
        5
176
     1
 90
        0
176
     1
 90
        0
176
     1
290
     0
176
     1
 90
        1
176
     1
 40
0.0
176
     1
 90
        0
176
     1
290
     0
176
     1
290
     1
176
     1
290
     1
176
     1
290
     0
176
     1
290
     0
176
     1
290
     0
176
     1
290
     0
176
     1
290
     0
176
     1
290
     0
176
     1
 90
       50
176
     1
 40
0.0
176
     1
 40
1.0
176
     1
 90
        0
176
     1
 62
    18
420
        0
176
     1
 90
       50
176
     1
 90
        3
176
     1
 62
     5
420
      255
176
     1
290
     0
176
     1
 90
       50
176
     1
 90
       50
176
     1
 90
       50
176
     1
290
     0
176
     1
 90
       50
176
     1
 62
   256
176
     0
 40
1.0
176
     0
 90
        2
176
     1
  1
strokes_ogs.tif
176
     1
290
     0
176
     1
 40
1.0
176
     1
 40
1.0
176
     1
  0
VISUALSTYLE
  5
F0
102
{ACAD_REACTORS
330
EF
102
}
330
EF
100
AcDbVisualStyle
  2
Flat
 70
     0
177
     3
291
     1
 70
    58
 90
        2
176
     1
 90
        1
176
     1
 90
        1
176
     1
 90
        2
176
     1
 40
0.6
176
     1
 40
30.0
176
     1
 62
     7
420
 16777215
176
     1
 90
        0
176
     1
 90
        0
176
     1
 62
     7
176
     1
 62
   257
176
     1
 90
        1
176
     1
 90
        1
176
     1
 40
1.0
176
     1
 90
        8
176
     1
 62
     7
176
     1
 40
1.0
176
     1
 90
        1
176
     1
 90
        6
176
     1
 90
        2
176
     1
 62
     7
176
     1
 90
        5
176
     1
 90
        0
176
     1
 90
        0
176
     1
290
     0
176
     1
 90
       13
176
     1
 40
0.0
176
     1
 90
        0
176
     1
290
     0
176
     1
290
     1
176
     1
290
     1
176
     1
290
     0
176
     1
290
     0
176
     1
290
     0
176
     1
290
     0
176
     1
290
     0
176
     1
290
     0
176
     1
 90
       50
176
     1
 40
0.0
176
     1
 40
1.0
176
     1
 90
        0
176
     1
 62
    18
420
        0
176
     1
 90
       50
176
     1
 90
        3
176
     1
 62
     5
420
      255
176
     1
290
     0
176
     1
 90
       50
176
     1
 90
       50
176
     1
 90
       50
176
     1
290
     0
176
     1
 90
       50
176
     1
 62
   256
176
     0
 40
1.0
176
     0
 90
        2
176
     1
  1
strokes_ogs.tif
176
     1
290
     0
176
     1
 40
1.0
176
     1
 40
1.0
176
     1
  0
VISUALSTYLE
  5
F1
102
{ACAD_REACTORS
330
EF
102
}
330
EF
100
AcDbVisualStyle
  2
FlatWithEdges
 70
     1
177
     3
291
     1
 70
    58
 90
        2
176
     1
 90
        1
176
     1
 90
        1
176
     1
 90
        2
176
     1
 40
0.6
176
     1
 40
30.0
176
     1
 62
     7
420
 16777215
176
     1
 90
        1
176
     1
 90
        0
176
     1
 62
     7
176
     1
 62
   257
176
     1
 90
        1
176
     1
 90
        1
176
     1
 40
1.0
176
     1
 90
        0
176
     1
 62
   257
176
     1
 40
1.0
176
     1
 90
        1
176
     1
 90
        6
176
     1
 90
        2
176
     1
 62
     7
176
     1
 90
        5
176
     1
 90
        0
176
     1
 90
        0
176
     1
290
     0
176
     1
 90
       13
176
     1
 40
0.0
176
     1
 90
        0
176
     1
290
     0
176
     1
290
     1
176
     1
290
     1
176
     1
290
     0
176
     1
290
     0
176
     1
290
     0
176
     1
290
     0
176
     1
290
     0
176
     1
290
     0
176
     1
 90
       50
176
     1
 40
0.0
176
     1
 40
1.0
176
     1
 90
        0
176
     1
 62
    18
420
        0
176
     1
 90
       50
176
     1
 90
        3
176
     1
 62
     5
420
      255
176
     1
290
     0
176
     1
 90
       50
176
     1
 90
       50
176
     1
 90
       50
176
     1
290
     0
176
     1
 90
       50
176
     1
 62
   256
176
     0
 40
1.0
176
     0
 90
        2
176
     1
  1
strokes_ogs.tif
176
     1
290
     0
176
     1
 40
1.0
176
     1
 40
1.0
176
     1
  0
VISUALSTYLE
  5
F2
102
{ACAD_REACTORS
330
EF
102
}
330
EF
100
AcDbVisualStyle
  2
Gouraud
 70
     2
177
     3
291
     1
 70
    58
 90
        2
176
     1
 90
        2
176
     1
 90
        1
176
     1
 90
        2
176
     1
 40
0.6
176
     1
 40
30.0
176
     1
 62
     7
420
 16777215
176
     1
 90
        0
176
     1
 90
        0
176
     1
 62
     7
176
     1
 62
   257
176
     1
 90
        1
176
     1
 90
        1
176
     1
 40
1.0
176
     1
 90
        0
176
     1
 62
     7
176
     1
 40
1.0
176
     1
 90
        1
176
     1
 90
        6
176
     1
 90
        2
176
     1
 62
     7
176
     1
 90
        5
176
     1
 90
        0
176
     1
 90
        0
176
     1
290
     0
176
     1
 90
       13
176
     1
 40
0.0
176
     1
 90
        0
176
     1
290
     0
176
     1
290
     1
176
     1
290
     1
176
     1
290
     0
176
     1
290
     0
176
     1
290
     0
176
     1
290
     0
176
     1
290
     0
176
     1
290
     0
176
     1
 90
       50
176
     1
 40
0.0
176
     1
 40
1.0
176
     1
 90
        0
176
     1
 62
    18
420
        0
176
     1
 90
       50
176
     1
 90
        3
176
     1
 62
     5
420
      255
176
     1
290
     0
176
     1
 90
       50
176
     1
 90
       50
176
     1
 90
       50
176
     1
290
     0
176
     1
 90
       50
176
     1
 62
   256
176
     0
 40
1.0
176
     0
 90
        2
176
     1
  1
strokes_ogs.tif
176
     1
290
     0
176
     1
 40
1.0
176
     1
 40
1.0
176
     1
  0
VISUALSTYLE
  5
F3
102
{ACAD_REACTORS
330
EF
102
}
330
EF
100
AcDbVisualStyle
  2
GouraudWithEdges
 70
     3
177
     3
291
     1
 70
    58
 90
        2
176
     1
 90
        2
176
     1
 90
        1
176
     1
 90
        2
176
     1
 40
0.6
176
     1
 40
30.0
176
     1
 62
     7
420
 16777215
176
     1
 90
        1
176
     1
 90
        0
176
     1
 62
     7
176
     1
 62
   257
176
     1
 90
        1
176
     1
 90
        1
176
     1
 40
1.0
176
     1
 90
        0
176
     1
 62
   257
176
     1
 40
1.0
176
     1
 90
        1
176
     1
 90
        6
176
     1
 90
        2
176
     1
 62
     7
176
     1
 90
        5
176
     1
 90
        0
176
     1
 90
        0
176
     1
290
     0
176
     1
 90
       13
176
     1
 40
0.0
176
     1
 90
        0
176
     1
290
     0
176
     1
290
     1
176
     1
290
     1
176
     1
290
     0
176
     1
290
     0
176
     1
290
     0
176
     1
290
     0
176
     1
290
     0
176
     1
290
     0
176
     1
 90
       50
176
     1
 40
0.0
176
     1
 40
1.0
176
     1
 90
        0
176
     1
 62
    18
420
        0
176
     1
 90
       50
176
     1
 90
        3
176
     1
 62
     5
420
      255
176
     1
290
     0
176
     1
 90
       50
176
     1
 90
       50
176
     1
 90
       50
176
     1
290
     0
176
     1
 90
       50
176
     1
 62
   256
176
     0
 40
1.0
176
     0
 90
        2
176
     1
  1
strokes_ogs.tif
176
     1
290
     0
176
     1
 40
1.0
176
     1
 40
1.0
176
     1
  0
VISUALSTYLE
  5
F7
102
{ACAD_REACTORS
330
EF
102
}
330
EF
100
AcDbVisualStyle
  2
Hidden
 70
     6
177
     3
291
     0
 70
    58
 90
        1
176
     1
 90
        2
176
     1
 90
        2
176
     1
 90
        0
176
     1
 40
0.6
176
     1
 40
30.0
176
     1
 62
     7
420
 16777215
176
     1
 90
        2
176
     1
 90
        2
176
     1
 62
     7
176
     1
 62
   257
176
     1
 90
        2
176
     1
 90
        1
176
     1
 40
40.0
176
     1
 90
        0
176
     1
 62
   257
176
     1
 40
1.0
176
     1
 90
        1
176
     1
 90
        6
176
     1
 90
        2
176
     1
 62
     7
176
     1
 90
        3
176
     1
 90
        0
176
     1
 90
        0
176
     1
290
     0
176
     1
 90
        1
176
     1
 40
0.0
176
     1
 90
        0
176
     1
290
     0
176
     1
290
     1
176
     1
290
     1
176
     1
290
     0
176
     1
290
     0
176
     1
290
     0
176
     1
290
     0
176
     1
290
     0
176
     1
290
     0
176
     1
 90
       50
176
     1
 40
0.0
176
     1
 40
1.0
176
     1
 90
        0
176
     1
 62
    18
420
        0
176
     1
 90
       50
176
     1
 90
        3
176
     1
 62
     5
420
      255
176
     1
290
     0
176
     1
 90
       50
176
     1
 90
       50
176
     1
 90
       50
176
     1
290
     0
176
     1
 90
       50
176
     1
 62
   256
176
     0
 40
1.0
176
     0
 90
        2
176
     1
  1
strokes_ogs.tif
176
     1
290
     0
176
     1
 40
1.0
176
     1
 40
1.0
176
     1
  0
VISUALSTYLE
  5
1E4
102
{ACAD_REACTORS
330
EF
102
}
330
EF
100
AcDbVisualStyle
  2
JitterOff
 70
    20
177
     3
291
     1
 70
    58
 90
        2
176
     0
 90
        2
176
     0
 90
        0
176
     0
 90
        0
176
     0
 40
0.6
176
     0
 40
30.0
176
     0
 62
     7
420
 16777215
176
     0
 90
        1
176
     0
 90
        4
176
     0
 62
     7
176
     0
 62
   257
176
     0
 90
        1
176
     0
 90
        1
176
     0
 40
1.0
176
     0
 90
       10
176
     2
 62
     7
176
     0
 40
1.0
176
     0
 90
        1
176
     0
 90
        6
176
     0
 90
        2
176
     0
 62
     7
176
     0
 90
        5
176
     0
 90
        0
176
     0
 90
        0
176
     0
290
     0
176
     0
 90
        1
176
     0
 40
0.0
176
     0
 90
        0
176
     0
290
     0
176
     1
290
     1
176
     1
290
     1
176
     1
290
     0
176
     1
290
     0
176
     1
290
     0
176
     1
290
     0
176
     1
290
     0
176
     1
290
     0
176
     1
 90
       50
176
     1
 40
0.0
176
     1
 40
1.0
176
     1
 90
        0
176
     1
 62
    18
420
        0
176
     1
 90
       50
176
     1
 90
        3
176
     1
 62
     5
420
      255
176
     1
290
     0
176
     1
 90
       50
176
     1
 90
       50
176
     1
 90
       50
176
     1
290
     0
176
     1
 90
       50
176
     1
 62
   256
176
     0
 40
1.0
176
     0
 90
        2
176
     1
  1
strokes_ogs.tif
176
     1
290
     0
176
     1
 40
1.0
176
     1
 40
1.0
176
     1
  0
VISUALSTYLE
  5
FD
102
{ACAD_REACTORS
330
EF
102
}
330
EF
100
AcDbVisualStyle
  2
Linepattern
 70
    14
177
     3
291
     1
 70
    58
 90
        2
176
     1
 90
        2
176
     1
 90
        1
176
     1
 90
        0
176
     1
 40
0.6
176
     1
 40
30.0
176
     1
 62
     7
420
 16777215
176
     1
 90
        1
176
     1
 90
        4
176
     1
 62
     7
176
     1
 62
   257
176
     1
 90
        7
176
     1
 90
        7
176
     1
 40
1.0
176
     1
 90
        8
176
     1
 62
     7
176
     1
 40
1.0
176
     1
 90
        1
176
     1
 90
        6
176
     1
 90
        2
176
     1
 62
     7
176
     1
 90
        5
176
     1
 90
        0
176
     1
 90
        0
176
     1
290
     0
176
     1
 90
        1
176
     1
 40
0.0
176
     1
 90
        0
176
     1
290
     0
176
     1
290
     1
176
     1
290
     1
176
     1
290
     0
176
     1
290
     0
176
     1
290
     0
176
     1
290
     0
176
     1
290
     0
176
     1
290
     0
176
     1
 90
       50
176
     1
 40
0.0
176
     1
 40
1.0
176
     1
 90
        0
176
     1
 62
    18
420
        0
176
     1
 90
       50
176
     1
 90
        3
176
     1
 62
     5
420
      255
176
     1
290
     0
176
     1
 90
       50
176
     1
 90
       50
176
     1
 90
       50
176
     1
290
     0
176
     1
 90
       50
176
     1
 62
   256
176
     0
 40
1.0
176
     0
 90
        2
176
     1
  1
strokes_ogs.tif
176
     1
290
     0
176
     1
 40
1.0
176
     1
 40
1.0
176
     1
  0
VISUALSTYLE
  5
1E5
102
{ACAD_REACTORS
330
EF
102
}
330
EF
100
AcDbVisualStyle
  2
OverhangOff
 70
    21
177
     3
291
     1
 70
    58
 90
        2
176
     0
 90
        2
176
     0
 90
        0
176
     0
 90
        0
176
     0
 40
0.6
176
     0
 40
30.0
176
     0
 62
     7
420
 16777215
176
     0
 90
        1
176
     0
 90
        4
176
     0
 62
     7
176
     0
 62
   257
176
     0
 90
        1
176
     0
 90
        1
176
     0
 40
1.0
176
     0
 90
        9
176
     2
 62
     7
176
     0
 40
1.0
176
     0
 90
        1
176
     0
 90
        6
176
     0
 90
        2
176
     0
 62
     7
176
     0
 90
        5
176
     0
 90
        0
176
     0
 90
        0
176
     0
290
     0
176
     0
 90
        1
176
     0
 40
0.0
176
     0
 90
        0
176
     0
290
     0
176
     1
290
     1
176
     1
290
     1
176
     1
290
     0
176
     1
290
     0
176
     1
290
     0
176
     1
290
     0
176
     1
290
     0
176
     1
290
     0
176
     1
 90
       50
176
     1
 40
0.0
176
     1
 40
1.0
176
     1
 90
        0
176
     1
 62
    18
420
        0
176
     1
 90
       50
176
     1
 90
        3
176
     1
 62
     5
420
      255
176
     1
290
     0
176
     1
 90
       50
176
     1
 90
       50
176
     1
 90
       50
176
     1
290
     0
176
     1
 90
       50
176
     1
 62
   256
176
     0
 40
1.0
176
     0
 90
        2
176
     1
  1
strokes_ogs.tif
176
     1
290
     0
176
     1
 40
1.0
176
     1
 40
1.0
176
     1
  0
VISUALSTYLE
  5
F9
102
{ACAD_REACTORS
330
EF
102
}
330
EF
100
AcDbVisualStyle
  2
Realistic
 70
     8
177
     3
291
     0
 70
    58
 90
        2
176
     1
 90
        3
176
     1
 90
        0
176
     1
 90
        2
176
     1
 40
0.6
176
     1
 40
30.0
176
     1
 62
     7
420
 16777215
176
     1
 90
        0
176
     1
 90
        0
176
     1
 62
     7
176
     1
 62
   257
176
     1
 90
        1
176
     1
 90
        1
176
     1
 40
1.0
176
     1
 90
        8
176
     1
 62
   257
176
     1
 40
1.0
176
     1
 90
        1
176
     1
 90
        6
176
     1
 90
        2
176
     1
 62
     7
176
     1
 90
        3
176
     1
 90
        0
176
     1
 90
        0
176
     1
290
     0
176
     1
 90
       13
176
     1
 40
0.0
176
     1
 90
        0
176
     1
290
     0
176
     1
290
     1
176
     1
290
     1
176
     1
290
     0
176
     1
290
     0
176
     1
290
     0
176
     1
290
     0
176
     1
290
     0
176
     1
290
     0
176
     1
 90
       50
176
     1
 40
0.0
176
     1
 40
1.0
176
     1
 90
        0
176
     1
 62
    18
420
        0
176
     1
 90
       50
176
     1
 90
        3
176
     1
 62
     5
420
      255
176
     1
290
     0
176
     1
 90
       50
176
     1
 90
       50
176
     1
 90
       50
176
     1
290
     0
176
     1
 90
       50
176
     1
 62
   256
176
     0
 40
1.0
176
     0
 90
        2
176
     1
  1
strokes_ogs.tif
176
     1
290
     0
176
     1
 40
1.0
176
     1
 40
1.0
176
     1
  0
VISUALSTYLE
  5
1F3
102
{ACAD_REACTORS
330
EF
102
}
330
EF
100
AcDbVisualStyle
  2
Shaded
 70
    27
177
     3
291
     0
 70
    58
 90
        2
176
     1
 90
        2
176
     1
 90
        1
176
     1
 90
        2
176
     1
 40
0.6
176
     1
 40
30.0
176
     1
 62
     7
420
 16777215
176
     1
 90
        0
176
     1
 90
        4
176
     1
 62
     7
176
     1
 62
   257
176
     1
 90
        1
176
     1
 90
        1
176
     1
 40
1.0
176
     1
 90
        8
176
     1
 62
   257
176
     1
 40
1.0
176
     1
 90
        1
176
     1
 90
        6
176
     1
 90
        2
176
     1
 62
     8
420
  7895160
176
     1
 90
        3
176
     1
 90
        0
176
     1
 90
        0
176
     1
290
     0
176
     1
 90
        5
176
     1
 40
0.0
176
     1
 90
        0
176
     1
290
     0
176
     1
290
     1
176
     1
290
     1
176
     1
290
     0
176
     1
290
     0
176
     1
290
     0
176
     1
290
     0
176
     1
290
     0
176
     1
290
     0
176
     1
 90
       50
176
     1
 40
0.0
176
     1
 40
1.0
176
     1
 90
        0
176
     1
 62
    18
420
        0
176
     1
 90
       50
176
     1
 90
        3
176
     1
 62
     5
420
      255
176
     1
290
     0
176
     1
 90
       50
176
     1
 90
       50
176
     1
 90
       50
176
     1
290
     0
176
     1
 90
       50
176
     1
 62
   256
176
     0
 40
1.0
176
     0
 90
        2
176
     1
  1
strokes_ogs.tif
176
     1
290
     0
176
     1
 40
1.0
176
     1
 40
1.0
176
     1
  0
VISUALSTYLE
  5
1F2
102
{ACAD_REACTORS
330
EF
102
}
330
EF
100
AcDbVisualStyle
  2
Shaded with edges
 70
    26
177
     3
291
     0
 70
    58
 90
        2
176
     1
 90
        2
176
     1
 90
        1
176
     1
 90
        2
176
     1
 40
0.6
176
     1
 40
30.0
176
     1
 62
     7
420
 16777215
176
     1
 90
        1
176
     1
 90
        2
176
     1
 62
     7
176
     1
 62
   257
176
     1
 90
        2
176
     1
 90
        1
176
     1
 40
1.0
176
     1
 90
        8
176
     1
 62
   257
176
     1
 40
1.0
176
     1
 90
        1
176
     1
 90
        6
176
     1
 90
        2
176
     1
 62
     7
176
     1
 90
        3
176
     1
 90
        0
176
     1
 90
        0
176
     1
290
     0
176
     1
 90
        5
176
     1
 40
0.0
176
     1
 90
        0
176
     1
290
     0
176
     1
290
     1
176
     1
290
     1
176
     1
290
     0
176
     1
290
     0
176
     1
290
     0
176
     1
290
     0
176
     1
290
     0
176
     1
290
     0
176
     1
 90
       50
176
     1
 40
0.0
176
     1
 40
1.0
176
     1
 90
        0
176
     1
 62
    18
420
        0
176
     1
 90
       50
176
     1
 90
        3
176
     1
 62
     5
420
      255
176
     1
290
     0
176
     1
 90
       50
176
     1
 90
       50
176
     1
 90
       50
176
     1
290
     0
176
     1
 90
       50
176
     1
 62
   256
176
     0
 40
1.0
176
     0
 90
        2
176
     1
  1
strokes_ogs.tif
176
     1
290
     0
176
     1
 40
1.0
176
     1
 40
1.0
176
     1
  0
VISUALSTYLE
  5
1EF
102
{ACAD_REACTORS
330
EF
102
}
330
EF
100
AcDbVisualStyle
  2
Shades of Gray
 70
    23
177
     3
291
     0
 70
    58
 90
        2
176
     1
 90
        2
176
     1
 90
        3
176
     1
 90
        0
176
     1
 40
0.6
176
     1
 40
30.0
176
     1
 62
     7
420
 16777215
176
     1
 90
        2
176
     1
 90
        2
176
     1
 62
     7
176
     1
 62
     7
176
     1
 90
        1
176
     1
 90
        1
176
     1
 40
40.0
176
     1
 90
        8
176
     1
 62
     7
176
     1
 40
1.0
176
     1
 90
        1
176
     1
 90
        6
176
     1
 90
        2
176
     1
 62
     7
176
     1
 90
        3
176
     1
 90
        0
176
     1
 90
        0
176
     1
290
     0
176
     1
 90
        1
176
     1
 40
0.0
176
     1
 90
        0
176
     1
290
     0
176
     1
290
     1
176
     1
290
     1
176
     1
290
     0
176
     1
290
     0
176
     1
290
     0
176
     1
290
     0
176
     1
290
     0
176
     1
290
     0
176
     1
 90
       50
176
     1
 40
0.0
176
     1
 40
1.0
176
     1
 90
        0
176
     1
 62
    18
420
        0
176
     1
 90
       50
176
     1
 90
        3
176
     1
 62
     5
420
      255
176
     1
290
     0
176
     1
 90
       50
176
     1
 90
       50
176
     1
 90
       50
176
     1
290
     0
176
     1
 90
       50
176
     1
 62
   256
176
     0
 40
1.0
176
     0
 90
        2
176
     1
  1
strokes_ogs.tif
176
     1
290
     0
176
     1
 40
1.0
176
     1
 40
1.0
176
     1
  0
VISUALSTYLE
  5
1F0
102
{ACAD_REACTORS
330
EF
102
}
330
EF
100
AcDbVisualStyle
  2
Sketchy
 70
    24
177
     3
291
     0
 70
    58
 90
        1
176
     1
 90
        2
176
     1
 90
        2
176
     1
 90
        0
176
     1
 40
0.6
176
     1
 40
30.0
176
     1
 62
     7
420
 16777215
176
     1
 90
        2
176
     1
 90
        2
176
     1
 62
     7
176
     1
 62
     7
176
     1
 90
        1
176
     1
 90
        1
176
     1
 40
40.0
176
     1
 90
       11
176
     1
 62
     7
176
     1
 40
1.0
176
     1
 90
        1
176
     1
 90
        6
176
     1
 90
        2
176
     1
 62
     7
176
     1
 90
        6
176
     1
 90
        0
176
     1
 90
        0
176
     1
290
     0
176
     1
 90
        1
176
     1
 40
0.0
176
     1
 90
        0
176
     1
290
     0
176
     1
290
     1
176
     1
290
     1
176
     1
290
     0
176
     1
290
     0
176
     1
290
     0
176
     1
290
     0
176
     1
290
     0
176
     1
290
     0
176
     1
 90
       50
176
     1
 40
0.0
176
     1
 40
1.0
176
     1
 90
        0
176
     1
 62
    18
420
        0
176
     1
 90
       50
176
     1
 90
        3
176
     1
 62
     5
420
      255
176
     1
290
     0
176
     1
 90
       50
176
     1
 90
       50
176
     1
 90
       50
176
     1
290
     0
176
     1
 90
       50
176
     1
 62
   256
176
     0
 40
1.0
176
     0
 90
        2
176
     1
  1
strokes_ogs.tif
176
     1
290
     0
176
     1
 40
1.0
176
     1
 40
1.0
176
     1
  0
VISUALSTYLE
  5
FC
102
{ACAD_REACTORS
330
EF
102
}
330
EF
100
AcDbVisualStyle
  2
Thicken
 70
    13
177
     3
291
     1
 70
    58
 90
        2
176
     1
 90
        2
176
     1
 90
        1
176
     1
 90
        0
176
     1
 40
0.6
176
     1
 40
30.0
176
     1
 62
     7
420
 16777215
176
     1
 90
        1
176
     1
 90
        4
176
     1
 62
     7
176
     1
 62
   257
176
     1
 90
        1
176
     1
 90
        1
176
     1
 40
1.0
176
     1
 90
       12
176
     1
 62
     7
176
     1
 40
1.0
176
     1
 90
        1
176
     1
 90
        6
176
     1
 90
        2
176
     1
 62
     7
176
     1
 90
        5
176
     1
 90
        0
176
     1
 90
        0
176
     1
290
     0
176
     1
 90
        1
176
     1
 40
0.0
176
     1
 90
        0
176
     1
290
     0
176
     1
290
     1
176
     1
290
     1
176
     1
290
     0
176
     1
290
     0
176
     1
290
     0
176
     1
290
     0
176
     1
290
     0
176
     1
290
     0
176
     1
 90
       50
176
     1
 40
0.0
176
     1
 40
1.0
176
     1
 90
        0
176
     1
 62
    18
420
        0
176
     1
 90
       50
176
     1
 90
        3
176
     1
 62
     5
420
      255
176
     1
290
     0
176
     1
 90
       50
176
     1
 90
       50
176
     1
 90
       50
176
     1
290
     0
176
     1
 90
       50
176
     1
 62
   256
176
     0
 40
1.0
176
     0
 90
        2
176
     1
  1
strokes_ogs.tif
176
     1
290
     0
176
     1
 40
1.0
176
     1
 40
1.0
176
     1
  0
VISUALSTYLE
  5
F6
102
{ACAD_REACTORS
330
EF
102
}
330
EF
100
AcDbVisualStyle
  2
Wireframe
 70
     5
177
     3
291
     0
 70
    58
 90
        0
176
     1
 90
        2
176
     1
 90
        0
176
     1
 90
        0
176
     1
 40
0.6
176
     1
 40
30.0
176
     1
 62
     7
420
 16777215
176
     1
 90
        1
176
     1
 90
        4
176
     1
 62
     7
176
     1
 62
   257
176
     1
 90
        1
176
     1
 90
        1
176
     1
 40
1.0
176
     1
 90
        0
176
     1
 62
   257
176
     1
 40
1.0
176
     1
 90
        1
176
     1
 90
        6
176
     1
 90
        2
176
     1
 62
     7
176
     1
 90
        3
176
     1
 90
        0
176
     1
 90
        0
176
     1
290
     0
176
     1
 90
        1
176
     1
 40
0.0
176
     1
 90
        0
176
     1
290
     0
176
     1
290
     1
176
     1
290
     1
176
     1
290
     0
176
     1
290
     0
176
     1
290
     0
176
     1
290
     0
176
     1
290
     0
176
     1
290
     0
176
     1
 90
       50
176
     1
 40
0.0
176
     1
 40
1.0
176
     1
 90
        0
176
     1
 62
    18
420
        0
176
     1
 90
       50
176
     1
 90
        3
176
     1
 62
     5
420
      255
176
     1
290
     0
176
     1
 90
       50
176
     1
 90
       50
176
     1
 90
       50
176
     1
290
     0
176
     1
 90
       50
176
     1
 62
   256
176
     0
 40
1.0
176
     0
 90
        2
176
     1
  1
strokes_ogs.tif
176
     1
290
     0
176
     1
 40
1.0
176
     1
 40
1.0
176
     1
  0
VISUALSTYLE
  5
1F1
102
{ACAD_REACTORS
330
EF
102
}
330
EF
100
AcDbVisualStyle
  2
X-Ray
 70
    25
177
     3
291
     0
 70
    58
 90
        2
176
     1
 90
        2
176
     1
 90
        1
176
     1
 90
        1
176
     1
 40
0.5
176
     1
 40
30.0
176
     1
 62
     7
420
 16777215
176
     1
 90
        1
176
     1
 90
        0
176
     1
 62
     7
176
     1
 62
   257
176
     1
 90
        1
176
     1
 90
        1
176
     1
 40
1.0
176
     1
 90
        8
176
     1
 62
     7
176
     1
 40
1.0
176
     1
 90
        1
176
     1
 90
        6
176
     1
 90
        2
176
     1
 62
     7
176
     1
 90
        3
176
     1
 90
        0
176
     1
 90
        0
176
     1
290
     0
176
     1
 90
       13
176
     1
 40
0.0
176
     1
 90
        0
176
     1
290
     0
176
     1
290
     1
176
     1
290
     1
176
     1
290
     0
176
     1
290
     0
176
     1
290
     0
176
     1
290
     0
176
     1
290
     0
176
     1
290
     0
176
     1
 90
       50
176
     1
 40
0.0
176
     1
 40
1.0
176
     1
 90
        0
176
     1
 62
    18
420
        0
176
     1
 90
       50
176
     1
 90
        3
176
     1
 62
     5
420
      255
176
     1
290
     0
176
     1
 90
       50
176
     1
 90
       50
176
     1
 90
       50
176
     1
290
     0
176
     1
 90
       50
176
     1
 62
   256
176
     0
 40
1.0
176
     0
 90
        2
176
     1
  1
strokes_ogs.tif
176
     1
290
     0
176
     1
 40
1.0
176
     1
 40
1.0
176
     1
  0
DICTIONARYVAR
  5
146
102
{ACAD_REACTORS
330
5E
102
}
330
5E
100
DictionaryVariables
280
     0
  1
1:1
  0
DICTIONARYVAR
  5
259
102
{ACAD_REACTORS
330
5E
102
}
330
5E
100
DictionaryVariables
280
     0
  1
3.500000
  0
DICTIONARYVAR
  5
25A
102
{ACAD_REACTORS
330
5E
102
}
330
5E
100
DictionaryVariables
280
     0
  1
acadiso.lin
  0
DICTIONARYVAR
  5
145
102
{ACAD_REACTORS
330
5E
102
}
330
5E
100
DictionaryVariables
280
     0
  1
STANDARD
  0
DICTIONARYVAR
  5
84
102
{ACAD_REACTORS
330
5E
102
}
330
5E
100
DictionaryVariables
280
     0
  1
STANDARD
  0
DICTIONARYVAR
  5
227
102
{ACAD_REACTORS
330
5E
102
}
330
5E
100
DictionaryVariables
280
     0
  1
Metric50
  0
DICTIONARYVAR
  5
228
102
{ACAD_REACTORS
330
5E
102
}
330
5E
100
DictionaryVariables
280
     0
  1
Metric50
  0
DICTIONARYVAR
  5
5F
102
{ACAD_REACTORS
330
5E
102
}
330
5E
100
DictionaryVariables
280
     0
  1
2
  0
DICTIONARYVAR
  5
63
102
{ACAD_REACTORS
330
5E
102
}
330
5E
100
DictionaryVariables
280
     0
  1
1
  0
DICTIONARYVAR
  5
1AE
102
{ACAD_REACTORS
330
5E
102
}
330
5E
100
DictionaryVariables
280
     0
  1
0
  0
DICTIONARYVAR
  5
1AF
102
{ACAD_REACTORS
330
5E
102
}
330
5E
100
DictionaryVariables
280
     0
  1
0
  0
DICTIONARY
  5
205
330
22
100
AcDbDictionary
280
     1
281
     1
  0
DICTIONARY
  5
1F9
330
ED
100
AcDbDictionary
280
     1
281
     1
  3
FBXASSET
360
1FA
  0
DICTIONARY
  5
1F7
330
EC
100
AcDbDictionary
280
     1
281
     1
  3
FBXASSET
360
1F8
  0
DICTIONARY
  5
173
330
EE
100
AcDbDictionary
280
     1
281
     1
  3
BUMPTILE
360
175
  3
DIFFUSETILE
360
174
  3
FBXASSET
360
1FB
  3
OPACITYTILE
360
176
  3
REFLECTIONTILE
360
177
  0
DICTIONARY
  5
162
330
7F
100
AcDbDictionary
280
     1
281
     1
  3
ACAD_ROUNDTRIP_2008_TABLESTYLE_CELLSTYLEMAP
360
EAF
  0
XRECORD
  5
1FA
102
{ACAD_REACTORS
330
1F9
102
}
330
1F9
100
AcDbXrecord
280
     1
 70
     1
 90
429727718
  1
D62C5603-E3A1-4AEA-B7FB-FE5D8D0755AF
310
504B03040A0000080000CC70623B3DEE336E79000000790000001B0000006175746F6465736B2D64657369676E2D7061636B6167652E786D6C3C3F786D6C2076657273696F6E3D22312E302220656E636F64696E673D227574662D3822203F3E3C666F726D6174733E3C666F726D61743E687474703A2F2F736368656D612E
310
6175746F6465736B2E636F6D2F64657369676E2D7061636B6167652F323030393C2F666F726D61743E3C2F666F726D6174733E504B0304140006080800CC70623BD486FD9CA0000000F4000000130000005B436F6E74656E745F54797065735D2E786D6C7D8EC10E82300C865F65E91D8A1E8C310C0EEA1BF002731658846E
310
D98AC1B77784ABF1D8FE5FBFBF75BBCE937A534CCEB38643598122B6FEE978D0B0485F9C41B54DDD7D022595594E1A469170414C76A4D9A4D207E29CF43ECE46F218070CC6BECC4078ACAA135ACF422C856C0E68EA1BF5669944DDD7BCDE7B1F8E415D77AECB980613C2E4AC91FC167A2B244592486606FC29C8FD7F045B9A
310
EF7053A7E60B504B0304140006080800CC70623B853B8169EB0000007C01000008000000636F72652E786D6C8D90416EC3201045AF62CDB6C206821CC7C244919D9CA01740401C94182C03558F5F9C3852BBEB6A467FFE9B197D7EFC9E1EC5975982F5AE035262288C535E5B377690E21535501C055FBC8FBF6C503839990E
310
5619041F179FE64D52DE45E362569DD7661365082642A11EB9E920A89B99642953CC8E702F67A9EE7234257977194EC9EAE275C4EABCCF5EAD5940D4AC6F0E35A568B8F43562CD7046CD199FD07E60174276A7BE677B5EADB0E0D14EEFFB6A31321A0D82627C4084204C3F096B71DD52F6819B16635EADF63F509AF53FA164
310
5DDCD1EDDD17164090FCC8732078B56691CB33A85CD7DCC40F504B0304140006080800CC70623B55019EA25F0000007C00000007000000636E782E786D6C4DCB3B0E80201045D1AD90E915ED2CF8AC45050C11660C8261F98AB1B07AC9C97D42D718D865D3E909258CFD00CCE24AC6E326A164D74DC0B4128928FF32603847
310
2BA13128B1252AC747C6BAB984FC68F0B87FE8960A5C09FE86CFB69FBA01504B0304140006080800CC70623BDBABAAF470010000D40300000C0000006662782F636F72652E786D6CC553D16E823014FD95A6AF4B694182CC941A83FA05FB810A9511A125A5257EFE2E82712ECEB8A7F100CD39F7F69E734AF9FADC366850B6
310
AF8DCE7018308C942E4C59EB2AC3DE1D498AD15A706B8CFB56869196ADCAF00863C12B6B7C374385D14E6907A836A59A41D9F7CA615434B0C8705F7CAA5606D23BA8E84F41278B93AC54100640439DE0BDB320004D43C63716C7C399D30917DCFBBA9CD9BA8469F5B156168B24CED3F7248AC8769F27244EB73B92EED8862C
310
B7F13E0C179B3C8F979C8ECD82BBBABDAA2BAC924E9558448CBD9330242CFA08E3154B5651FCC6D215639C8EE5774DBE2B5F6CF2B5768B68963BB5F5588420E442FC700B1139D4CB01F450C1E918227C2E09DF070D8140C84E1E9AAB8F1340832A9CB13130A5F1376A908D57309505ECF2A0DF179C4E9D30F5B239B87E3823
310
7A79C6F31DE1A8A5AEC08474B03C7837EAE4938639B44E5932B833D2C6B6B279CDC613877FA26EE21F4A2A4C63EC7F29A2F301D1F9F7A0E37D145F504B0304140006080800CC70623B9C113CC27E0000009D0000000B0000006662782F636E782E786D6C4DCCDF0A83201C86E15B91DFB94BFB330DD428C8FB886521330DA7
310
6397BF1A1DECE883878F57749FCDA1B7892F1BBC047A23808C7F84D9FA55424E0BE6803A256208E9EF06C84F9B91703228B1C690F78B66B34CD9A5439DF5CF0BFBF65E35BCA1B8D6A5C6F540381E886698B5741C695F9503EBA150A2F8958E3DC3EA0B504B0304140006080800CC70623B7DF2F77C2A010000120200003100
310
00006662782F41393633353835312D344632462D344230382D423046372D3739314545314133324237412F636F72652E786D6C8D51DB8EC22014FC15C2939B0D2DB4B45643319AE817EC0F6041255A68B86CFCFC856D4D76DF7CE190393373060EDB3DC707F856CE6B6B7A480A0C81328395DA5C7B18C3057510EC3873D686
310
3F34088C18550F330C39BB3A1BA7051AAC09CA84841A2BD5020AEF55806078A44B0FFD7053A328440C89E1EFC52486BBB8AA8214A99D789CF9E05200300FC927E4FB4D5B375D43103D5527440FB843077C5AA3F5861C8F645F5787F59E95B390B318B55CE45AA638FAA2957BD7248B390B7A7CC51F9C124149C82B8C378810
310
84AB2F42B7B8DD56F413775B8C5999E9FF4471926F8AA236A1AE96B8B3CC434E5839373893369E1FAF30EA395917409EB7F26AF8801C171837A4A6AC9C89E9F9C9B1A58BA30FD6A5EF5DDDCF894B9AD9B6A59C957943A9FCAE2FD5BC4DFE03504B0304140006080800CC70623BAD7543B64E01000033030000300000006662
310
782F41393633353835312D344632462D344230382D423046372D3739314545314133324237412F636E782E786D6CD593CD6EC32010845F0571AD6CE3D48AD20813A9873E410FBD12D82434182C7EAAE6EDBB2424CD25871E7B41D6EC30B3FA84F9E67BB2E40B4234DE8DB46F1925E094D7C6ED479AD3AE5951B2113C789FEE
310
6C943839C1488B4C05DF079FE72A69D8C96C13AAD6B8631503449F83828872B949AC57D26200B826A308D316B4064D6E46FCDA41C05550DC9E483A00797BFD207EFB092A45DE9514C1BBD22178396BD39D891265658C238DEA00936C654E5E433CB65A26D9F6EDB5EBC14EBF49A45CB856E66048291F6939A9A81BB5C89177
310
38143CA680F4AA299D66A042CEB3354A2684DC9D8D178FE0D9B8B41CAAD720F880EE7EF93C0C18769E099ECC04D5A102C8049A8A05632F4DDF376CF1DE0F6BB65C2F8627B65A33C6BB62177CEBBDAD973006829F89F22E814B54F4BC2BE347F8AA8F681390B50FA73F804400B5F542E796F19FF974E7F78DB802FE05E20750
310
4B0304140006080800CC70623BE75B7789680500003C100000340000006662782F41393633353835312D344632462D344230382D423046372D3739314545314133324237412F6F626A656374732E786D6CAD575B8F9B3818FD2B887D06C22499CB8AA1CA655245D5B455A356FB305264C061D8018C6C3393D95FBFC7600890
310
A4CD5EF210B0B1BFEBF98E3F7B1FF6596ABC522E1296DF9BAE3D320D9A872C4AF2F8DE2CE5CEBA358D0FBEC719939D65A691938CDE9B6ADAF4BD98B3B2D05311DD91329583D9D5FC0F438434A7A611A644887B5384CF34233629258BA878B12322891DEFF6B66BD70BFB62634E8AE781D082709A4B588AF91C528CDA28B73F
310
1C998EEF39EABBEFA97FBD6A7C7E9553F9D3D79FE442923C3C523610337627CB87ABE99D359D4CC6D6E4FACAB5E6ABF9D2726FC6A3C5F56271377BB88362213924694B38DD99FE47C48627A1E7D49F5A8BB5E1A74C0A599ED3B0F21F1E56366B89112D681E218F0915D0D6F17AD41FBA2A369DCF6335D62ABBD39779D5DDD1
310
11D4D8DE3CBB96B2E04FB8202E41051754A1AA8E8F76B4C6DFE810B580B1547F4B84911149794252234D024EF8BBE963A95AE27B3D310A9D5C215C7960FAEE415ED75694C6AFB17BCACA5D99A60A9AA65F217B0BFC53292ACB92BF283FAD0D3621576592CB5BED907C2FA8E9DF794E35E97BEA31BED21FEB401ABB94C44839
310
DCACBF0E1C5DA8DA5B2F4DFFD32AD86F543D9E565E7056502E157C00AD2671CD534549AB752FCA9CDA00677A313F04E51B22FF19E57B300579E3C97EB29F682D92935CEC18CF901B7B54FD8C51F362B56FC72FE0B3C1EAE335EDCCBF5AEC39ADB17DC238973F804BA5E6F6BFE7AF1FB32E523BE9F3BD571418E3631DCA4D48
310
5250CF639223210A9446CA30052EDF057BD35F8329C1ECD84552BF0DC8D18BE7BCE23BFE6BD960AB4A7DE79923A103BEBD80F911CBAA2C60DB19B01CF164A5583B772EE6D3FFA56666CBCDA74DC97724A48F9A58967497E489C4D979006FD7A05E227A1EBDD0F737C623387A9C844D3709995625106D157315F8B8392CD4E0
310
A0B9A720C4BE9829CEF37EA1E13111214D53925356365ADA634861B52519DD27A00AEB808EAF0628E6F435519D446F45CF2C9CF5214F0A15B2F6D06B79DA3EE3CBF7F56780D2F4E7EF73A0F5E5B02A38D07DC852C6B7C1FBB6664213E0C39E3EBA7FF4E1AD23EA2829407C85E586727488B751B2DB9502BC7B228A3FD68B6E
310
A65A22397E690AA8D158D7E404EC8CDA235CC3B7D1898680131CEC2CDF2638C65196279577750F15884AEE19F94199155B92B13297978469D4F8D358DF0AEF7631E28DC8F0D9F437D5D39A83B2231A1D52D543813A824EF8D44BCFF2FA6A31BD1E8DAD87F1CCB526B3879935BF59CDADD5C37479BB1CDD4CA7B3556B516589
310
EF352754B706114D9C885EC9131DE6EFEB43D99AFE2391C2F958179413D7CFEF6B1B6DB1E7600F00DE6E5C67454A339A4BA2E0FBA85ED26F045D454F463DBFCE484C2F90F2E5E3666003662ED8F755951A7D1BECD5B30B550B2785C8E7320B7292A4838DDA71BBC863ED7613CAF659337A3354231D4FF4A182A54904C2898C
310
98B28C4AD0CE056CCF332A80986E571EE9DBC305BB5FEB7E509220A58D25CF042D712A806AC0AD0C657FDEF80D2D9CEAA2EE4D1C76F60BFE74219A06527D6F82DF6412526107381E55E353090704D085B52408A8913C4ED159D79BDA71BB4BC506F4831350EB6F975CD22D69BF7AC49B91A2C0A9DDA3D5CA36AD20FC478E37
310
E61844E2352865EBCB61A275A65283CAAA9DD27703B4102F5AF51EF5F573B75CBB5AD38BC845F7A49F82A0966A49C2E3EA5EA0ECD326CD965F1DB402C6FA8B51A4658C5C5E2EC9E214602E55810345408596591009A82E7E7FFACA19EEA299B14A0081A705CB3296EBC14CDF658DCD336EA6D1136881AAEB87B81AB9EE53D5
310
F5EB8BC8362082DA24122F98680A4E7930C01A0079749CEA14382A0783E5EBA5A10F8C098456A03D6A4AEB6BB881E2513747552A5DB22C7EDAF83BD5528081A365F7FF06504B0304140006080000CC70623B000000000000000000000000350000006662782F41393633353835312D344632462D344230382D423046372D37
310
39314545314133324237412F76657274696365732E62696E504B0304140006080800CC70623BF270F1330600000004000000360000006662782F41393633353835312D344632462D344230382D423046372D3739314545314133324237412F747269616E676C65732E62696E636660600000504B0304140006080000CC7062
310
3B000000000000000000000000370000006662782F41393633353835312D344632462D344230382D423046372D3739314545314133324237412F617474726962757465732E62696E504B0304140006080800CC70623B08DA0BD19000000041010000360000006662782F41393633353835312D344632462D344230382D4230
310
46372D3739314545314133324237412F6469726563746F72792E786D6C858F410AC3201045AF22B36F53E9A60B35CBEEBAE80D244E44489C6234F4F835464A48035D0DF398FF9F8AF63D0E6CC63039F212F8F9020C7D47C6792B21C5FE7403D62A1188E2E60C98D7234A5830286103A55745067B9D86B8A3CF9C7F90C11DE6
310
07FB144396D7B6A82D282E9A152AD114D5EF2CB866EEE831B8EEA07A7BB5A8D7D61A2BAAEB7FD5F70921FF497D00504B0304140006080800CC70623BEDD1DC58FD000000A00100003B0000006662782F41393633353835312D344632462D344230382D423046372D3739314545314133324237412F7265736F75726365732F
310
636F72652E786D6C8D504B6E833010BD0A9A6D65B00922041947112427E8052C33A156828DFCA97AFC9A40A576D7CDCCE87D344F8F9FBFE667F689CE6B6B3A6039850C8DB2A336530731DC4903D95970676DF82583CCC8193B5861107C72362E3BA4AC096842428D1D7107A5F7182053CF7474E0D507CE32973124857FE48B
310
540F3961CEF244279DE03EB81420DB9EAC1384436FA353E879B1B182C7A8C75DA3C7F453DF353A1075D537A7BA6464B8F535A99AE14A9A2BBD90E350DD183B5CFABE3AF262350B1EF4FC9351399401471025A527C218A1E53BAB5A5AB765F5469B96525EACF23FA6B88CFF34456DC2A1DCE36E360F82A5202F42F062ED2BAD
310
579969AFDD8A6F504B010214000A0000080000CC70623B3DEE336E79000000790000001B00000000000000000000000000000000006175746F6465736B2D64657369676E2D7061636B6167652E786D6C504B01021400140006080800CC70623BD486FD9CA0000000F40000001300000000000000000000000000B20000005B
310
436F6E74656E745F54797065735D2E786D6C504B01021400140006080800CC70623B853B8169EB0000007C010000080000000000000000000000000083010000636F72652E786D6C504B01021400140006080800CC70623B55019EA25F0000007C000000070000000000000000000000000094020000636E782E786D6C504B
310
01021400140006080800CC70623BDBABAAF470010000D40300000C00000000000000000000000000180300006662782F636F72652E786D6C504B01021400140006080800CC70623B9C113CC27E0000009D0000000B00000000000000000000000000B20400006662782F636E782E786D6C504B01021400140006080800CC70
310
623B7DF2F77C2A010000120200003100000000000000000000000000590500006662782F41393633353835312D344632462D344230382D423046372D3739314545314133324237412F636F72652E786D6C504B01021400140006080800CC70623BAD7543B64E010000330300003000000000000000000000000000D2060000
310
6662782F41393633353835312D344632462D344230382D423046372D3739314545314133324237412F636E782E786D6C504B01021400140006080800CC70623BE75B7789680500003C10000034000000000000000000000000006E0800006662782F41393633353835312D344632462D344230382D423046372D3739314545
310
314133324237412F6F626A656374732E786D6C504B01021400140006080000CC70623B0000000000000000000000003500000000000000000000000000280E00006662782F41393633353835312D344632462D344230382D423046372D3739314545314133324237412F76657274696365732E62696E504B01021400140006
310
080800CC70623BF270F133060000000400000036000000000000000000000000007B0E00006662782F41393633353835312D344632462D344230382D423046372D3739314545314133324237412F747269616E676C65732E62696E504B01021400140006080000CC70623B0000000000000000000000003700000000000000
310
000000000000D50E00006662782F41393633353835312D344632462D344230382D423046372D3739314545314133324237412F617474726962757465732E62696E504B01021400140006080800CC70623B08DA0BD1900000004101000036000000000000000000000000002A0F00006662782F41393633353835312D344632
310
462D344230382D423046372D3739314545314133324237412F6469726563746F72792E786D6C504B01021400140006080800CC70623BEDD1DC58FD000000A00100003B000000000000000000000000000E1000006662782F41393633353835312D344632462D344230382D423046372D3739314545314133324237412F7265
310
736F75726365732F636F72652E786D6C504B0506000000000E000E0080040000641100000000
  0
XRECORD
  5
1F8
102
{ACAD_REACTORS
330
1F7
102
}
330
1F7
100
AcDbXrecord
280
     1
 70
     1
 90
429727718
  1
30362254-06B7-45E0-A893-8CFA70E3D6BC
310
504B03040A0000080000CC70623B3DEE336E79000000790000001B0000006175746F6465736B2D64657369676E2D7061636B6167652E786D6C3C3F786D6C2076657273696F6E3D22312E302220656E636F64696E673D227574662D3822203F3E3C666F726D6174733E3C666F726D61743E687474703A2F2F736368656D612E
310
6175746F6465736B2E636F6D2F64657369676E2D7061636B6167652F323030393C2F666F726D61743E3C2F666F726D6174733E504B0304140006080800CC70623BD486FD9CA0000000F4000000130000005B436F6E74656E745F54797065735D2E786D6C7D8EC10E82300C865F65E91D8A1E8C310C0EEA1BF002731658846E
310
D98AC1B77784ABF1D8FE5FBFBF75BBCE937A534CCEB38643598122B6FEE978D0B0485F9C41B54DDD7D022595594E1A469170414C76A4D9A4D207E29CF43ECE46F218070CC6BECC4078ACAA135ACF422C856C0E68EA1BF5669944DDD7BCDE7B1F8E415D77AECB980613C2E4AC91FC167A2B244592486606FC29C8FD7F045B9A
310
EF7053A7E60B504B0304140006080800CC70623B1EC5D7A3EB0000007C01000008000000636F72652E786D6C8D90416EC3201045AF82665B6103C6756C6122AB4D4ED00B204C5C94182C03558F5F9C3852BBEB6A467FFE9B197D71FC9E6FE8CBACC17AD7032D0820E3B41FAD9B7A48F1820F808E52ACDEC75F36404ECDA687
310
4D0629A6D5A76597B477D1B89855E747B38B2A041301E95B6E7A08FAD3CCAA50296647B8168BD2573599823EBB0CA76447F43862C7BCCF5EAC59410E4DDD9C7973C2755553CCCFA4C603E3040F1565ED3B1FDE4E432BCA0D9622DAF9795FAF464533826484B498524CD807E51D79ED187F21878E10516EF63F505AC67F42C9
310
BA58B1FDDD071640D2FCC87D2045B96591CB3DA85CB7DCE40F504B0304140006080800CC70623B55019EA25F0000007C00000007000000636E782E786D6C4DCB3B0E80201045D1AD90E915ED2CF8AC45050C11660C8261F98AB1B07AC9C97D42D718D865D3E909258CFD00CCE24AC6E326A164D74DC0B4128928FF32603847
310
2BA13128B1252AC747C6BAB984FC68F0B87FE8960A5C09FE86CFB69FBA01504B0304140006080800CC70623B8C9102E971010000D40300000C0000006662782F636F72652E786D6CC5535B6E833010BC8AE5DF0A6C08340F1947A84D4ED00B38C6A128602363A31CBFCB234A53A551FA553EC09AD9F5CE8C31DB9E9B1AF5CA
310
7695D1198E428A91D2D214952E33ECDD315861B4E5CC1AE3BE9561A445A3323CC098B3D21ADFCE9034DA29ED00D5A6503328BA4E398C640D8B0C77F253352214DE4145770A5B214FA2546114020D759C75CE8200340D19DE981F0F6746269C33EFAB6266AB02A655C74A59CCF365BADC27CB5D902ED22848F6340DF238A141
310
BE88E2F57B92BFEDF23523433367AE6A2EEAA455C2A902F398D2751045018D3FA264435F3771F242571B4A1919CA6F9A7C5B3CD9E42BED16F12C776AEB308F40C848FC700B1139D4891EF410CEC810227CC6846F8386402064270EF5C5C709A05E49676C024C61FC95EA45ED154CA5211D1FF4FB8291A913A68E9B83EBBB33
310
E2A7673CDE118E5AE8124C0807CB8377834E366998436B950D7A7746DAD846D4CFD978E0F04FD455FC5D49D2D4C6FE9722321F10997F0F32DC47FE05504B0304140006080800CC70623BFFEA85907E0000009D0000000B0000006662782F636E782E786D6C4DCCD10A83201886E15B91FFDC95D95A811AB6F23E625948A6C3
310
E9D8E5AF46073BFAE0E1E365ED67B3E8ADC3CB78C7815C7240DA3DFC64DCC221C519D7805AC182F7F1EF06C88D9BE6703008B6049F9E274D7A1E938DBB5AE3D6131B2589BA0D3D965551E0B2EA732C9B9A624AAEB41E3A557677029960D9AFB4EF11165F504B0304140006080800CC70623B4FEEA4082C0100001202000031
310
0000006662782F39464131463745442D413632322D343644302D413938332D3331353338454246344243312F636F72652E786D6C8D515B6EC32010BC0AE2AB55850DD871ED0813254D72825EC00192A2C460F1A872FC42ED48ED5F7E00CDCECCCEB26C731F6FE05B39AFADE921293004CA082BB5B9F43086336A21D870E6AC
310
0D7F68109861543DCC30E4ECE26C9C164858139409093556AA051CBC570102714B8F1E7AF1A5C6A11862480C7F2DA6415C878B2A4891CA89C7990F2E050073937C42DE1DB7E4F87ED8A36D4329AA9B3D46DBAEAD504556557BD81DEBDD0761E52CE42C462D17B996298E3E6BE59E35C962CE821E1FF18553435012728A7187
310
0841987E927A8D9B35ADDF70BBC6989599FE4F1427F9A4286A132ABAC49D651EF234CD5CE04CDA78BA3DC2A8FB645D00B9DF8B57E215725C60BCA2A463E54C4CE327C7A65E1C7DB02E7DEFCBF594B864C5CA6CDBD49C957943E9FA5D5FBAF336F90F504B0304140006080800CC70623BAD7543B64E01000033030000300000
310
006662782F39464131463745442D413632322D343644302D413938332D3331353338454246344243312F636E782E786D6CD593CD6EC32010845F0571AD6CE3D48AD20813A9873E410FBD12D82434182C7EAAE6EDBB2424CD25871E7B41D6EC30B3FA84F9E67BB2E40B4234DE8DB46F1925E094D7C6ED479AD3AE5951B2113C
310
789FEE6C943839C1488B4C05DF079FE72A69D8C96C13AAD6B8631503449F83828872B949AC57D26200B826A308D316B4064D6E46FCDA41C05550DC9E483A00797BFD207EFB092A45DE9514C1BBD22178396BD39D891265658C238DEA00936C654E5E433CB65A26D9F6EDB5EBC14EBF49A45CB856E66048291F6939A9A81BB5
310
C8917738143CA680F4AA299D66A042CEB3354A2684DC9D8D178FE0D9B8B41CAAD720F880EE7EF93C0C18769E099ECC04D5A102C8049A8A05632F4DDF376CF1DE0F6BB65C2F8627B65A33C6BB62177CEBBDAD973006829F89F22E814B54F4BC2BE347F8AA8F681390B50FA73F804400B5F542E796F19FF974E7F78DB802FE05
310
E207504B0304140006080800CC70623B16AB87BA640500003C100000340000006662782F39464131463745442D413632322D343644302D413938332D3331353338454246344243312F6F626A656374732E786D6CAD575B6FA33818FD2B887DE6924B3BED8A326A92B68A663B534DD4D13E548A0C38942D60649B369D5FBFC7
310
600890A493BDE42160637FD7F31D7FF63E6FB3D478A55C242CBF3247B66B1A340F5994E4F19559CA8D75611A9F7D8F33263BCB4C232719BD32D5B4E97B316765A1A722BA21652A07B3B7B33F0D11D29C9A46981221AE4C113ED38CD8A4942CA2E2C58E882476BCD9DA23BB5ED8171B73523C0F841684D35CC252CCE79062D4
310
468DFA43D7747CCF51DF7D4FFDEB5593E3AB9CCA9FBEFE241792E4E19EB28198C968BAB8199F5D5A67D3E9C49A9E8F47D6EC76B6B0469F26EEFC7C3EBFBCBEB98462213924694B38DD98FE1D62C393D073EA4FADC5DAF04326852CCF6958F90F0F2B9BB5C48816348F90C7840A68EB78EDF68723159BCEE7891A6B95DDE9D3
310
BCEAEEE8086A6C6F9E5D4B59F0175C10A7A0820BAA5055C7473B5AE3CFDD452D602CD5DF12616444529E90D448938013FE6EFA58AA96F85E4F8C42275708571E98FE6827AF6B2B4AE3D7D83D64E5A64C53054DD3AF90BD06FEA9149565C94FCA0F6B834DC85599E4F2423B24DF0B6AFA979E534DFA9E7A4CC6FA631D486393
310
921829879BF5D781A373557BCB85E97FB90DB62B558F8795179C15944B051F40AB495CF35451D26A4727654E6D8033BD98EF82F21D91FF8AF2DD9982BCF1643BDD4EB516C9492E368C67C88DED563FC36D5EACF66DFF057C3658BDBFA69DF9578B3DA735B64F18C7F20770A9D45CFCF7FCF563D6456A277DBEF78A02637CA2
310
43B90A490AEAB94F72244481D24819A6C0E59B606BFA4B3025981DBB48EAB701D97BF19C577CC77F2D1B6C55A9EF3C732474C0B727303F625995056C3B02963D9EAC146BE78EC5FCEC7FA999EBC5EACBAAE41B12D27B4D2C0BBA49F244E2ECDC81B76B502F113D8F5EE8FB1BE3111CDD4FC2AA9B844CAB1288B68AB90A7CDC
310
1C166AB0D3DC5310625FCC14E779BFD0709F8890A629C9292B1B2DED31A4B0DA928CEE135085754027E3018A397D4D5427D15BD1330B677DC8934285AC3DF45A9EB68FF8F2B8FC0A509AFEECFD0FF2DE25CC6047F7214B195F07EFEB9A094D800F7BFAE8FED187B78EA8A3A400F115961BCAD1215E47C966530AF0EE8128FE
310
58CEBB996A8964FFA529A046635D9353B0336A8F700DDF46271A024E70B0B37C9DE01847591E54DED53D54202AB947E4076556AC49C6CA5C9E1226B7F1A7B1BE15DEED62C41B91E1B3E9AFAAA735036547343A925075041DF0A9979E893B391F8FCFA6967B3EFB644DCF6E5CEBFAE272625DCC6FAF3FB93793C5F90CE1EF57
310
407342756B10D1C489E8953CD1617E5CEECAD6F4EF8914CE5D5D504E5C3F1F9736DA62CFC11E00BCDDB8CC8A9466349744C1F75EBDA4DF09BA8A9E8C7A7E9991989E20E5DBDD6A6003664ED8F7A04A8DBE0DF6EAD9B9AA858342E47399053949D2C146EDB85DE4B176BB0965FBAC19BD19AA918E27FA50C1D22402E144464C
310
59462568E704B6E71915404CB72B8FF4EDE184DDAF753F284990D2C6926782963815403548A70C657FDEF80D2D9CEAA2AE4C1C76F60BFE74219A06527D6582DF6412526107381E55E353090704D085B52408D0933C4ED159D79BDA71BB4BC506F4831350EB6F979CD22D69BF7AC49B91A2C0A9DDA3D5CA36AD20FC478E37E6
310
1844E2352865EBCB6EA275A652E3836BE04EFB400BF1A2556F515F1FBB35B2AB35BD889C744FFA1004B5544B121E57F70215746DD2F5E2C1412B602CBF19455AC6C8E5E9922C4E01E65215385004546899059180EAFCF7A707CE7017CD8CDB0410789AB32C63B91E5CEBBBACB17AC6CD347A022D5075FD106377347AAABA7E
310
7D11590744509B44E205134DC1290F06580320F78E537D3D73540E06CB970B431F185308AD40BBD794D6D77003C5A36E8EAA54BA64597CD8F83BD552A080A365F7FF06504B0304140006080000CC70623B000000000000000000000000350000006662782F39464131463745442D413632322D343644302D413938332D3331
310
353338454246344243312F76657274696365732E62696E504B0304140006080800CC70623BF270F1330600000004000000360000006662782F39464131463745442D413632322D343644302D413938332D3331353338454246344243312F747269616E676C65732E62696E636660600000504B0304140006080000CC70623B
310
000000000000000000000000370000006662782F39464131463745442D413632322D343644302D413938332D3331353338454246344243312F617474726962757465732E62696E504B0304140006080800CC70623B08DA0BD19000000041010000360000006662782F39464131463745442D413632322D343644302D413938
310
332D3331353338454246344243312F6469726563746F72792E786D6C858F410AC3201045AF22B36F53E9A60B35CBEEBAE80D244E44489C6234F4F835464A48035D0DF398FF9F8AF63D0E6CC63039F212F8F9020C7D47C6792B21C5FE7403D62A1188E2E60C98D7234A5830286103A55745067B9D86B8A3CF9C7F90C11DE607
310
FB144396D7B6A82D282E9A152AD114D5EF2CB866EEE831B8EEA07A7BB5A8D7D61A2BAAEB7FD5F70921FF497D00504B0304140006080800CC70623B0D6EF93BFE000000A00100003B0000006662782F39464131463745442D413632322D343644302D413938332D3331353338454246344243312F7265736F75726365732F63
310
6F72652E786D6C8D50596E833010BD0A9ADFCA60B334011947A8694ED00B586642AC041B79A97AFC9A40A5F6AF3F33A3B7689E1E3F7DCD8FEC139DD7D6F4C0720A191A65476DA61E62B892236427C19DB5E1970C322367EC618541F0C9D9B8EC90B226A009093576C41D94DE63804C3DD2D18357379C652E63480A7FCF17A9
310
EE72C29CE5894E3AC17D702940B63D59270887DE46A7D0F36263058F518FBB468FE9A7BE6A7420864373B8D4873369AA8691FA421B3294352543C5CAF65C0F6FEF43CB8BD52C78D0F34F46E550061C419494B6843142CB0F5677F4B52BEB177AEC28E5C52AFF638ACBF84F53D42654E51E77B379102C05791282176B5F693D
310
CB4C7BED567C03504B010214000A0000080000CC70623B3DEE336E79000000790000001B00000000000000000000000000000000006175746F6465736B2D64657369676E2D7061636B6167652E786D6C504B01021400140006080800CC70623BD486FD9CA0000000F40000001300000000000000000000000000B20000005B
310
436F6E74656E745F54797065735D2E786D6C504B01021400140006080800CC70623B1EC5D7A3EB0000007C010000080000000000000000000000000083010000636F72652E786D6C504B01021400140006080800CC70623B55019EA25F0000007C000000070000000000000000000000000094020000636E782E786D6C504B
310
01021400140006080800CC70623B8C9102E971010000D40300000C00000000000000000000000000180300006662782F636F72652E786D6C504B01021400140006080800CC70623BFFEA85907E0000009D0000000B00000000000000000000000000B30400006662782F636E782E786D6C504B01021400140006080800CC70
310
623B4FEEA4082C0100001202000031000000000000000000000000005A0500006662782F39464131463745442D413632322D343644302D413938332D3331353338454246344243312F636F72652E786D6C504B01021400140006080800CC70623BAD7543B64E010000330300003000000000000000000000000000D5060000
310
6662782F39464131463745442D413632322D343644302D413938332D3331353338454246344243312F636E782E786D6C504B01021400140006080800CC70623B16AB87BA640500003C1000003400000000000000000000000000710800006662782F39464131463745442D413632322D343644302D413938332D3331353338
310
454246344243312F6F626A656374732E786D6C504B01021400140006080000CC70623B0000000000000000000000003500000000000000000000000000270E00006662782F39464131463745442D413632322D343644302D413938332D3331353338454246344243312F76657274696365732E62696E504B01021400140006
310
080800CC70623BF270F133060000000400000036000000000000000000000000007A0E00006662782F39464131463745442D413632322D343644302D413938332D3331353338454246344243312F747269616E676C65732E62696E504B01021400140006080000CC70623B0000000000000000000000003700000000000000
310
000000000000D40E00006662782F39464131463745442D413632322D343644302D413938332D3331353338454246344243312F617474726962757465732E62696E504B01021400140006080800CC70623B08DA0BD190000000410100003600000000000000000000000000290F00006662782F39464131463745442D413632
310
322D343644302D413938332D3331353338454246344243312F6469726563746F72792E786D6C504B01021400140006080800CC70623B0D6EF93BFE000000A00100003B000000000000000000000000000D1000006662782F39464131463745442D413632322D343644302D413938332D3331353338454246344243312F7265
310
736F75726365732F636F72652E786D6C504B0506000000000E000E0080040000641100000000
  0
XRECORD
  5
175
102
{ACAD_REACTORS
330
173
102
}
330
173
100
AcDbXrecord
280
     1
270
     1
271
     1
  0
XRECORD
  5
174
102
{ACAD_REACTORS
330
173
102
}
330
173
100
AcDbXrecord
280
     1
270
     1
271
     1
  0
XRECORD
  5
1FB
102
{ACAD_REACTORS
330
173
102
}
330
173
100
AcDbXrecord
280
     1
 70
     0
 90
1673772943
  1
ECE7A1D2-D628-4531-984C-D00F80459256
310
504B03040A0000080000CC70623B3DEE336E79000000790000001B0000006175746F6465736B2D64657369676E2D7061636B6167652E786D6C3C3F786D6C2076657273696F6E3D22312E302220656E636F64696E673D227574662D3822203F3E3C666F726D6174733E3C666F726D61743E687474703A2F2F736368656D612E
310
6175746F6465736B2E636F6D2F64657369676E2D7061636B6167652F323030393C2F666F726D61743E3C2F666F726D6174733E504B0304140006080800CC70623BD486FD9CA0000000F4000000130000005B436F6E74656E745F54797065735D2E786D6C7D8EC10E82300C865F65E91D8A1E8C310C0EEA1BF002731658846E
310
D98AC1B77784ABF1D8FE5FBFBF75BBCE937A534CCEB38643598122B6FEE978D0B0485F9C41B54DDD7D022595594E1A469170414C76A4D9A4D207E29CF43ECE46F218070CC6BECC4078ACAA135ACF422C856C0E68EA1BF5669944DDD7BCDE7B1F8E415D77AECB980613C2E4AC91FC167A2B244592486606FC29C8FD7F045B9A
310
EF7053A7E60B504B0304140006080800CC70623BD9DDAED0EC0000007C01000008000000636F72652E786D6C8D90416EC3201045AF82665B61836D9CD8C2444DD39CA01740405C94182C03558F5F9C3852BBEB6A467FFE9B197D7EF89E6EE8CB2CC17A37002D0820E394D7D68D03A478C17B4007C117EFE32F1B20272733C0
310
2A83E0E3E2D3BC49CABB685CCCAAF3DA6CA20CC14440EA969B0182FA34932C648AD911AEC52CD5558EA6A0CF2EC329598D1E47ACCEFBECC59A050463A7EA5833865FEBDD0E37353BE3EE8DBDE3F6786A48D375FBF6CC78B9C282473B3DEFABC5C86834888A900E538A49F5419B9EB47DD5BC907D4F082F57FB1F28CDFA9F50
310
B22ED6D5F6EE030B20687EE43E10BC5CB3C8E51E54AE6B6EE207504B0304140006080800CC70623B55019EA25F0000007C00000007000000636E782E786D6C4DCB3B0E80201045D1AD90E915ED2CF8AC45050C11660C8261F98AB1B07AC9C97D42D718D865D3E909258CFD00CCE24AC6E326A164D74DC0B4128928FF326038
310
472BA13128B1252AC747C6BAB984FC68F0B87FE8960A5C09FE86CFB69FBA01504B0304140006080800CC70623BA24EB22D72010000D40300000C0000006662782F636F72652E786D6CC5535B6E833010BC8AE5DF0A6C5E49888CA3A6694ED00B38E05014B091B1518EDFE511A5A9D228FD2A1F60CDEC7A67C6986DCE4D8D7A
310
69BA4AAB0C073EC548AA5C17952A33ECECD15B61B4E1CC686DBF9561A44423333CC098B3D268D7CE50AE9595CA02AA74216750749DB418E5352C32DCE59FB211BE70162ABA93DF8AFC244AE9073ED050C759670D0840D390E18DF9F1706664C23973AE2A66B62A605A75ACA4C13C4976E1364A12EF355A2EBD384AF65EFA96
310
BC7B8BED2EA6719AAE16FB8491A199335B351775B991C2CA02F390D2D40B028F861F41BCA68B7518BFD0D59A524686F29B26D7164F36B94AD9289CE54E6D1DE6010819891F6E21228B3AD1831EC219194284CF98F06DD01008846CC5A1BEF83801D4CBDC6A1303536877A57A513B0953A94FC707FDBE6064EA84A9E3E6E0FA
310
EE8CF0E9198F7784A316AA0413C2C2F2E0ECA0934D1AE6D05A69BCDE9E91D2A611F573361E38FC1375157F5752AE6B6DFE4B11990F88CCBF0719EE23FF02504B0304140006080800CC70623B408A7D3B7C0000009D0000000B0000006662782F636E782E786D6C4DCCD10A83201886E15B91FFDC552A92A0064DBC8F581632
310
D3703A76F9ABD1C18E3E78F878E5F0D9027ABBFCF2292AE86E2D20171F69F6715550CB827B40839639A5F2770314A7CD293819B45C73AAFB45B35BA61ACAA1C1C7E7855C58C15BC331339661262CC762340413D68D77DA5B42298546CBE6573AF60CEB2F504B0304140006080800CC70623B449FB9BD290100001202000031
310
0000006662782F36394639363044362D344446342D343946362D394244322D3234314243333846323333332F636F72652E786D6C8D515B6EC32010BC0AE22B55850D98B871848994463E412FE002495162B07854397EA176A4F62F3F2C9A9D991D587EB84F37F0AD7D30CEF6905418026DA553C65E7A98E219ED203808EE9D
310
8B7F6810D871D23D2C3014FCE25D9A57483A1BB58D19B54EE9151C43D0110279CB971E06F9A5A7B11A53CC8C70ADE6515EC78BAE4895DB992778883E0700CB907242D17643D7E2538BD869608875438BBAE38922CAC8F1BDD90DB4691A5E2F42C153326A951B95E398B3D1FE599322163C9AE9115F7A3D46ADA0A018778810
310
84E907617BDCEE297BC5BB3DC6BC2EF47FA234AB2745C9D8D8D035EE220B50105E2F0DC1954B9FB747187D9F9D8FA0CCDB042D5FA0C015C65B42DF78BD10F3F3B363CB56C7109DCFDFBBB97E662ED92EB62D13BC2E1BCAE5777DB9966D8A1F504B0304140006080800CC70623BAD7543B64E01000033030000300000006662
310
782F36394639363044362D344446342D343946362D394244322D3234314243333846323333332F636E782E786D6CD593CD6EC32010845F0571AD6CE3D48AD20813A9873E410FBD12D82434182C7EAAE6EDBB2424CD25871E7B41D6EC30B3FA84F9E67BB2E40B4234DE8DB46F1925E094D7C6ED479AD3AE5951B2113C789FEE
310
6C943839C1488B4C05DF079FE72A69D8C96C13AAD6B8631503449F83828872B949AC57D26200B826A308D316B4064D6E46FCDA41C05550DC9E483A00797BFD207EFB092A45DE9514C1BBD22178396BD39D891265658C238DEA00936C654E5E433CB65A26D9F6EDB5EBC14EBF49A45CB856E66048291F6939A9A81BB5C89177
310
38143CA680F4AA299D66A042CEB3354A2684DC9D8D178FE0D9B8B41CAAD720F880EE7EF93C0C18769E099ECC04D5A102C8049A8A05632F4DDF376CF1DE0F6BB65C2F8627B65A33C6BB62177CEBBDAD973006829F89F22E814B54F4BC2BE347F8AA8F681390B50FA73F804400B5F542E796F19FF974E7F78DB802FE05E20750
310
4B0304140006080800CC70623B8D05915C650500003B100000340000006662782F36394639363044362D344446342D343946362D394244322D3234314243333846323333332F6F626A656374732E786D6CAD575B6FA33814FE2B887D06429276DA1565D4266D158D3A339A6846FB502932E050B66023DB74D2FDF5FB190C01
310
9276B2973C046C8ECFF53B17071F77456EBD502133CEAE6CDF9DD81665314F32965ED995DA3A17B6F5310C04E7AA47665B8C14F4CAD6DB7618A48257A5D94AE89654B91AEDDEDDFC61C998326A5B714EA4BCB265FC440BE2924AF184CA6737218AB8E976E7FA6E4338649B0A523E8D98964450A6A029F619B8588D52FE7039
310
B1BD30F0F4F730D0FF866AF6369557DB33949F31A9088B0F848DD8CCFCF9F2767A76E99CCDE733677E3EF59D9BBB9BA5E37F984D16E78BC5E5F5ED25044B25C0C96822E8D60EEFE11B91C581D77CEA34368A1F5329E68CD1B8B61F16D63A1B8E092D294B10C78C4A48EB593D192E7DED9BDEE7995E1B91FDEDD3ACEA9FE831
310
6A756F9F7D4D79F4274C90A7A04248AA51D5F8C718DAE06FB2F75AC4796EBE65D22A88A22223B995679120E2D50E41AA49C260C046A35368846B0BECD0DFF3EBEB8AD4F835768F69B9ADF25C43D30E6B646F807FAA64AD59F61715C7A54127C4AACA98BA3006A9D792DAE165E0D59B61A01FB3A9F9D838D2DAE62445C86166
310
F37564E842E7DE6A69879FEEA2DD5AE7E371E1A5E025154AC307D06A03D73EB5978C58FFA4C8E9033066E0F3BD53BEC1F39F91BE7B55103791EDE6BBB991A2046172CB4581D8B893FA674DDA17A77B3B7C413D1B511FD2743BFF8A38F03A658705E3ADF8015C3A3417FF3D7E439FF591DA0B5F18BC20C1B8981957AE6392A3
310
F43C640C01D1A0B4728E2DD4F26DB4B3C3152A252A3B4E913CEC1C72F012782FF88EFF8637AA552DBEF76408E8A8DE9E50F9E1CB3A2DA0DB1B6039A893B56063DC5B3E3FFB5F72E67AB9FEB4AEC496C4F4C1149625DD662C53E89D7BF0F6151A046260D1337DFDC94502430F83B0EE07A130A224BCAD7DAE1D9FB6CD422FF6
310
920702629C4BB9AE79C12F243C6432A6794E18E5552BA56B431AAB5D91317302B2B071E86C3A42B1A02F999E24061403B5D0EB639195DA655DD3EBEAB4FB862DDF579F014AD0E73C22F99E28DA57FB98E75C6CA2D74D53086D600F4786E0FE3144B771A8A7B900F03594DB8A633CBC49B2EDB69228BB479CF863B5E807AAAB
310
23872F6DFEB4129B949CA33823F58830E86D65621E10047D9DB34D862E8EAC3C2ABC2F7B2C40D67CDFE01F5545B92105AF983AC54D93D69E56FB8E797F88913F898A9FEC705D3F9D1B54EC8426FB500D40A03BD0119B06E1B95DDC7EB8F6975367793EBD70E66733DFB9BC982F9CE564727731999F5D4ECFCE3B8D6A4DC2A0
310
6D50FD148437D110834A64C6CDDF57FBACB5C307A2A477DFE4939736CFEF2B175371E0E10CF0DD1D5C15654E0BCA14D1E87DD02FF93782A162C0A3D95F1524A52770F972BF1EE9809D13CE7DD599467F8ECE9ADD85CE85A34CD45355448C64F9E8A031DC2D596ACC6E5DD93D9B82DE2EF5CAF81363A8E47996A0DE24564A79
310
4115AACE09C55E14540231FDA13C319787134EBF34E3A022514E5B4D9E0826E25C02D5805B15ABE1BEF51B26383D445DD9E875EE33FE4C22DA16427D65A3BCA92CA6D28DD01DF5DC53330704308475351050232CCD31583787BA75774AFB06E5070DD0C8EF484E19968C5D83BA5B90B244D31E54D55A372320FE4786B7EA58
310
44E135AA5467CB7EA333A61683CC6A8C3257034C10CF46F40EF9F5BE59BE5BD30C3C72D235E95D10345C1D45445A5F0BB47E46A5EBE5570F9380B5FA629579952296A773720405982B9DE04011506178964401AA8BDF1FBF0A8EAB6861DD6580C0E38217056766716DAEB2D6FA0917D3E4116581EADB879C4E7CFFB11EFACD
310
3D641311495D92C8676CB409A72D18610D803CE8A626049E8EC1887CB5B44CC39883690DDA8399B4B9855B481E7D71D4A9D22F96E5BB73BF5793020C02137BF837504B0304140006080000CC70623B000000000000000000000000350000006662782F36394639363044362D344446342D343946362D394244322D32343142
310
43333846323333332F76657274696365732E62696E504B0304140006080800CC70623BF270F1330600000004000000360000006662782F36394639363044362D344446342D343946362D394244322D3234314243333846323333332F747269616E676C65732E62696E636660600000504B0304140006080000CC70623B0000
310
00000000000000000000370000006662782F36394639363044362D344446342D343946362D394244322D3234314243333846323333332F617474726962757465732E62696E504B0304140006080800CC70623B08DA0BD19000000041010000360000006662782F36394639363044362D344446342D343946362D394244322D
310
3234314243333846323333332F6469726563746F72792E786D6C858F410AC3201045AF22B36F53E9A60B35CBEEBAE80D244E44489C6234F4F835464A48035D0DF398FF9F8AF63D0E6CC63039F212F8F9020C7D47C6792B21C5FE7403D62A1188E2E60C98D7234A5830286103A55745067B9D86B8A3CF9C7F90C11DE607FB14
310
4396D7B6A82D282E9A152AD114D5EF2CB866EEE831B8EEA07A7BB5A8D7D61A2BAAEB7FD5F70921FF497D00504B0304140006080800CC70623BCA768048FE000000A00100003B0000006662782F36394639363044362D344446342D343946362D394244322D3234314243333846323333332F7265736F75726365732F636F72
310
652E786D6C8D50596E833010BD0A9ADFCA60D600328E9AA639412F609909B1126CE4A5EAF16B0295DABFFECC8CDEA2797AECF8353F924FB44E193D409E5248504B332A3D0D10FC95B4901C39B3C6F85F3248B49871801506CE266BC2B243D2688FDA47549B11775038871E12F988C7004EDE7016A9083E2ADC3D5D84BC8B09
310
D33C8D74D471E6BC8D0192EDC93A815B742658898E651BCB59086ADC356A8C3FD555A1055ED7E7E254D615792D0F075295F585746FF53B694EE78A565DD736979A65AB9933AFE69F8CD2A2F038022F28ED489E135A7CE4554F9BBEA85E68DB53CAB255FEC71496F19FA6A0B42F8B3DEE6673C0F318E4497096AD7DC5F52C33
310
EEB55BFE0D504B010214000A0000080000CC70623B3DEE336E79000000790000001B00000000000000000000000000000000006175746F6465736B2D64657369676E2D7061636B6167652E786D6C504B01021400140006080800CC70623BD486FD9CA0000000F40000001300000000000000000000000000B20000005B436F
310
6E74656E745F54797065735D2E786D6C504B01021400140006080800CC70623BD9DDAED0EC0000007C010000080000000000000000000000000083010000636F72652E786D6C504B01021400140006080800CC70623B55019EA25F0000007C000000070000000000000000000000000095020000636E782E786D6C504B0102
310
1400140006080800CC70623BA24EB22D72010000D40300000C00000000000000000000000000190300006662782F636F72652E786D6C504B01021400140006080800CC70623B408A7D3B7C0000009D0000000B00000000000000000000000000B50400006662782F636E782E786D6C504B01021400140006080800CC70623B
310
449FB9BD290100001202000031000000000000000000000000005A0500006662782F36394639363044362D344446342D343946362D394244322D3234314243333846323333332F636F72652E786D6C504B01021400140006080800CC70623BAD7543B64E010000330300003000000000000000000000000000D20600006662
310
782F36394639363044362D344446342D343946362D394244322D3234314243333846323333332F636E782E786D6C504B01021400140006080800CC70623B8D05915C650500003B10000034000000000000000000000000006E0800006662782F36394639363044362D344446342D343946362D394244322D32343142433338
310
46323333332F6F626A656374732E786D6C504B01021400140006080000CC70623B0000000000000000000000003500000000000000000000000000250E00006662782F36394639363044362D344446342D343946362D394244322D3234314243333846323333332F76657274696365732E62696E504B010214001400060808
310
00CC70623BF270F13306000000040000003600000000000000000000000000780E00006662782F36394639363044362D344446342D343946362D394244322D3234314243333846323333332F747269616E676C65732E62696E504B01021400140006080000CC70623B00000000000000000000000037000000000000000000
310
00000000D20E00006662782F36394639363044362D344446342D343946362D394244322D3234314243333846323333332F617474726962757465732E62696E504B01021400140006080800CC70623B08DA0BD190000000410100003600000000000000000000000000270F00006662782F36394639363044362D344446342D
310
343946362D394244322D3234314243333846323333332F6469726563746F72792E786D6C504B01021400140006080800CC70623BCA768048FE000000A00100003B000000000000000000000000000B1000006662782F36394639363044362D344446342D343946362D394244322D3234314243333846323333332F7265736F
310
75726365732F636F72652E786D6C504B0506000000000E000E0080040000621100000000
  0
XRECORD
  5
176
102
{ACAD_REACTORS
330
173
102
}
330
173
100
AcDbXrecord
280
     1
270
     1
271
     1
  0
XRECORD
  5
177
102
{ACAD_REACTORS
330
173
102
}
330
173
100
AcDbXrecord
280
     1
270
     1
271
     1
  0
CELLSTYLEMAP
  5
EAF
102
{ACAD_REACTORS
330
162
102
}
330
162
100
AcDbCellStyleMap
 90
        3
300
CELLSTYLE
  1
TABLEFORMAT_BEGIN
 90
        5
170
     1
 91
        0
 92
    32768
 62
   257
 93
        1
300
CONTENTFORMAT
  1
CONTENTFORMAT_BEGIN
 90
        0
 91
        0
 92
      512
 93
        0
300

 40
0.0
140
1.0
 94
        5
 62
     0
340
11
144
6.0
309
CONTENTFORMAT_END
171
     1
301
MARGIN
  1
CELLMARGIN_BEGIN
 40
1.5
 40
1.5
 40
1.5
 40
1.5
 40
4.5
 40
4.5
309
CELLMARGIN_END
 94
        6
 95
        1
302
GRIDFORMAT
  1
GRIDFORMAT_BEGIN
 90
        0
 91
        1
 62
     0
 92
       -2
340
14
 93
        0
 40
1.125
309
GRIDFORMAT_END
 95
        2
302
GRIDFORMAT
  1
GRIDFORMAT_BEGIN
 90
        0
 91
        1
 62
     0
 92
       -2
340
14
 93
        0
 40
1.125
309
GRIDFORMAT_END
 95
        4
302
GRIDFORMAT
  1
GRIDFORMAT_BEGIN
 90
        0
 91
        1
 62
     0
 92
       -2
340
14
 93
        0
 40
1.125
309
GRIDFORMAT_END
 95
        8
302
GRIDFORMAT
  1
GRIDFORMAT_BEGIN
 90
        0
 91
        1
 62
     0
 92
       -2
340
14
 93
        0
 40
1.125
309
GRIDFORMAT_END
 95
       16
302
GRIDFORMAT
  1
GRIDFORMAT_BEGIN
 90
        0
 91
        1
 62
     0
 92
       -2
340
14
 93
        0
 40
1.125
309
GRIDFORMAT_END
 95
       32
302
GRIDFORMAT
  1
GRIDFORMAT_BEGIN
 90
        0
 91
        1
 62
     0
 92
       -2
340
14
 93
        0
 40
1.125
309
GRIDFORMAT_END
309
TABLEFORMAT_END
  1
CELLSTYLE_BEGIN
 90
        1
 91
        1
300
_TITLE
309
CELLSTYLE_END
300
CELLSTYLE
  1
TABLEFORMAT_BEGIN
 90
        5
170
     1
 91
        0
 92
        0
 62
   257
 93
        1
300
CONTENTFORMAT
  1
CONTENTFORMAT_BEGIN
 90
        0
 91
        0
 92
      512
 93
        0
300

 40
0.0
140
1.0
 94
        5
 62
     0
340
11
144
4.5
309
CONTENTFORMAT_END
171
     1
301
MARGIN
  1
CELLMARGIN_BEGIN
 40
1.5
 40
1.5
 40
1.5
 40
1.5
 40
4.5
 40
4.5
309
CELLMARGIN_END
 94
        6
 95
        1
302
GRIDFORMAT
  1
GRIDFORMAT_BEGIN
 90
        0
 91
        1
 62
     0
 92
       -2
340
14
 93
        0
 40
1.125
309
GRIDFORMAT_END
 95
        2
302
GRIDFORMAT
  1
GRIDFORMAT_BEGIN
 90
        0
 91
        1
 62
     0
 92
       -2
340
14
 93
        0
 40
1.125
309
GRIDFORMAT_END
 95
        4
302
GRIDFORMAT
  1
GRIDFORMAT_BEGIN
 90
        0
 91
        1
 62
     0
 92
       -2
340
14
 93
        0
 40
1.125
309
GRIDFORMAT_END
 95
        8
302
GRIDFORMAT
  1
GRIDFORMAT_BEGIN
 90
        0
 91
        1
 62
     0
 92
       -2
340
14
 93
        0
 40
1.125
309
GRIDFORMAT_END
 95
       16
302
GRIDFORMAT
  1
GRIDFORMAT_BEGIN
 90
        0
 91
        1
 62
     0
 92
       -2
340
14
 93
        0
 40
1.125
309
GRIDFORMAT_END
 95
       32
302
GRIDFORMAT
  1
GRIDFORMAT_BEGIN
 90
        0
 91
        1
 62
     0
 92
       -2
340
14
 93
        0
 40
1.125
309
GRIDFORMAT_END
309
TABLEFORMAT_END
  1
CELLSTYLE_BEGIN
 90
        2
 91
        1
300
_HEADER
309
CELLSTYLE_END
300
CELLSTYLE
  1
TABLEFORMAT_BEGIN
 90
        5
170
     1
 91
        0
 92
        0
 62
   257
 93
        1
300
CONTENTFORMAT
  1
CONTENTFORMAT_BEGIN
 90
        0
 91
        0
 92
      512
 93
        0
300

 40
0.0
140
1.0
 94
        2
 62
     0
340
11
144
4.5
309
CONTENTFORMAT_END
171
     1
301
MARGIN
  1
CELLMARGIN_BEGIN
 40
1.5
 40
1.5
 40
1.5
 40
1.5
 40
4.5
 40
4.5
309
CELLMARGIN_END
 94
        6
 95
        1
302
GRIDFORMAT
  1
GRIDFORMAT_BEGIN
 90
        0
 91
        1
 62
     0
 92
       -2
340
14
 93
        0
 40
1.125
309
GRIDFORMAT_END
 95
        2
302
GRIDFORMAT
  1
GRIDFORMAT_BEGIN
 90
        0
 91
        1
 62
     0
 92
       -2
340
14
 93
        0
 40
1.125
309
GRIDFORMAT_END
 95
        4
302
GRIDFORMAT
  1
GRIDFORMAT_BEGIN
 90
        0
 91
        1
 62
     0
 92
       -2
340
14
 93
        0
 40
1.125
309
GRIDFORMAT_END
 95
        8
302
GRIDFORMAT
  1
GRIDFORMAT_BEGIN
 90
        0
 91
        1
 62
     0
 92
       -2
340
14
 93
        0
 40
1.125
309
GRIDFORMAT_END
 95
       16
302
GRIDFORMAT
  1
GRIDFORMAT_BEGIN
 90
        0
 91
        1
 62
     0
 92
       -2
340
14
 93
        0
 40
1.125
309
GRIDFORMAT_END
 95
       32
302
GRIDFORMAT
  1
GRIDFORMAT_BEGIN
 90
        0
 91
        1
 62
     0
 92
       -2
340
14
 93
        0
 40
1.125
309
GRIDFORMAT_END
309
TABLEFORMAT_END
  1
CELLSTYLE_BEGIN
 90
        3
 91
        2
300
_DATA
309
CELLSTYLE_END
  0
ENDSEC
  0
SECTION
  2
ACDSDATA
 70
     2
 71
     8
  0
ACDSSCHEMA
 90
        0
  1
AcDb_Thumbnail_Schema
  2
AcDbDs::ID
280
    10
 91
        8
  2
Thumbnail_Data
280
    15
 91
        0
101
ACDSRECORD
 95
        0
 90
        1
  2
AcDbDs::TreatedAsObjectData
280
     1
291
     1
101
ACDSRECORD
 95
        0
 90
        2
  2
AcDbDs::Legacy
280
     1
291
     1
101
ACDSRECORD
  1
AcDbDs::ID
 90
        3
  2
AcDs:Indexable
280
     1
291
     1
101
ACDSRECORD
  1
AcDbDs::ID
 90
        4
  2
AcDbDs::HandleAttribute
280
     7
282
     1
  0
ACDSSCHEMA
 90
        1
  1
AcDbDs::TreatedAsObjectDataSchema
  2
AcDbDs::TreatedAsObjectData
280
     1
 91
        0
  0
ACDSSCHEMA
 90
        2
  1
AcDbDs::LegacySchema
  2
AcDbDs::Legacy
280
     1
 91
        0
  0
ACDSSCHEMA
 90
        3
  1
AcDbDs::IndexedPropertySchema
  2
AcDs:Indexable
280
     1
 91
        0
  0
ACDSSCHEMA
 90
        4
  1
AcDbDs::HandleAttributeSchema
  2
AcDbDs::HandleAttribute
280
     7
 91
        1
284
     1
  0
ACDSRECORD
 90
        0
  2
AcDbDs::ID
280
    10
320
22
  2
Thumbnail_Data
280
    15
 94
     1834
310
89504E470D0A1A0A0000000D4948445200000100000000770803000000DBFC6E9900000300504C5445212830FFFFFF2128300000000000000000000000000000000000000000000000000000330000660000990000CC0000FF0033000033330033660033990033CC0033FF0066000066330066660066990066CC0066FF0099
310
000099330099660099990099CC0099FF00CC0000CC3300CC6600CC9900CCCC00CCFF00FF0000FF3300FF6600FF9900FFCC00FFFF3300003300333300663300993300CC3300FF3333003333333333663333993333CC3333FF3366003366333366663366993366CC3366FF3399003399333399663399993399CC3399FF33CC00
310
33CC3333CC6633CC9933CCCC33CCFF33FF0033FF3333FF6633FF9933FFCC33FFFF6600006600336600666600996600CC6600FF6633006633336633666633996633CC6633FF6666006666336666666666996666CC6666FF6699006699336699666699996699CC6699FF66CC0066CC3366CC6666CC9966CCCC66CCFF66FF0066
310
FF3366FF6666FF9966FFCC66FFFF9900009900339900669900999900CC9900FF9933009933339933669933999933CC9933FF9966009966339966669966999966CC9966FF9999009999339999669999999999CC9999FF99CC0099CC3399CC6699CC9999CCCC99CCFF99FF0099FF3399FF6699FF9999FFCC99FFFFCC0000CC00
310
33CC0066CC0099CC00CCCC00FFCC3300CC3333CC3366CC3399CC33CCCC33FFCC6600CC6633CC6666CC6699CC66CCCC66FFCC9900CC9933CC9966CC9999CC99CCCC99FFCCCC00CCCC33CCCC66CCCC99CCCCCCCCCCFFCCFF00CCFF33CCFF66CCFF99CCFFCCCCFFFFFF0000FF0033FF0066FF0099FF00CCFF00FFFF3300FF3333
310
FF3366FF3399FF33CCFF33FFFF6600FF6633FF6666FF6699FF66CCFF66FFFF9900FF9933FF9966FF9999FF99CCFF99FFFFCC00FFCC33FFCC66FFCC99FFCCCCFFCCFFFFFF00FFFF33FFFF66FFFF99FFFFCCFFFFFF0000000D0D0D1A1A1A2828283535354343435050505D5D5D6B6B6B787878868686939393A1A1A1AEAEAEBB
310
BBBBC9C9C9D6D6D6E4E4E4F1F1F1FFFFFF0000000000000000000000000000000000000000000000000000000000002E4550F1000003224944415478DAED5BD97284300CF3FFFFAFDE3BD3D9E926B19C034C58BA521F1AD890431847B1C14C100441100441100441100441108410F8FDF3E78A2334BFD5C7881A5EB80C9818
310
D585F3F7287A27BFB527F8FCE72F031F413E03407FAE51BD96B3619BEB97B13B336E73FD763FFF813D7B79CD6471B450C4D662DD7592C37BB55C1C2D14EB615D5DAC477B9E0094A6541C2D156D67F16DF8C8208035BC7F52C7083011200244809CE06902CA0596EAD461712F9A619E174295A22AFE2D146FB3800C25189DC2
310
0942728BEEDFA504C4B67657B11E8659F623306701D85C04CAB800220BC8F701F621EB623D1C5838C8E455E02B09F8760B30112002C604FCE355C0F9BE6FD301734EF01F2BC13A26C87ABB73E246CF5C1915F6F676A7E933F377C23D3DAADE3C14474304A78B7F73B736345C8E345F0A33D3BF69D78B32490834370C19591D
310
6A73CF202027A94556810F23207A6493927A44083DC302B2929A9480CF7182E5FABC91805A191C4B172614FF2CA039733901AD323896304E281A893E27CF9F3AC1272093002F852DF68C5B4570BC01C824C088D02426778308EE6C01337D000F8BBB83CD7101AA811148C26402F8DABB5F0DF841940FE6B5049033F7C821BE
310
EF41AA127C2A01697B81B6C7873C0279BBC176A3DD27606370D46B6037F1040AE0C20A65DFA5207DBF97767DF1B512341AB87E93CFCCCB97A304188F40D1B8EC46116CD16B11CDAA9DE003806709E1DCA0A8D17810460162AB778C957FC64205AEBDE73538927D403721E1C5A935E913B8BCCEA842D0C1BC064FB6806E4A0A
310
E47EF9DC1DBB5951855ECB36959BCB7843844544695292192ADF3B60B2C2A887852C6AD22AB04C40D0EE48AD7D140160A1A67304D8B3083863018185E3418F80D5ABC0173A4112256DFEF900F1FB7E7AE98CA50AE58DACEBD99406BF2622443E21B2408C56AB75EC14075786F5869F2BA51080D0143A2798DBEF7786A900FD
310
D46FB09C68B653548577E97E3B19B5337ED39B1BE0E0E573EF2C93BE1BEC094E74E668473E60C4E0DBD16EF6227E8322776F35E75590F215EBBA0F833D78DF2A08822008822008822008822008822008822008822008822008822008D7E0070AEDA404F444A29B0000000049454E44AE426082799379FD36C05FD8E12F0882
310
200882200882200882200882200882200882200882200882C0C73F38F4ABAC20A19C5C0000000049454E44AE426082BAA7D8F1B757610000000049454E44AE4260825E28A9568D70587A14807F74A97769ECC41CEC34017F134B02AE25E08A3D9B990410044110044110044110044110044110044110044110044110044110
310
8FC40FBB6A08903049BF380000000049454E44AE426082608204411004411004413C173FDD7E273009AB399E0000000049454E44AE426082
  0
ENDSEC
  0
EOF
